time,session,city,stage,status,detail
2026-09-29T19:01:59,20260929T185938758866Z,Chennai_2015,label:verify,ok,file_url NRSC 2015 flood inundation zone (via Chennai SDSS; image date/sensor not stated): ok 5475 kB
2026-09-29T19:02:07,20260929T185938758866Z,Chennai_2015,label:verify,ok,file_url GCC water-stagnation locations 2015 (points): ok 513 kB
2026-09-29T19:02:08,20260929T185938758866Z,Chennai_2015,label:verify,ok,"file_url OSM-India crowdsourced flooded streets, 11:00 2 Dec 2015: ok 949 kB"
2026-09-29T19:02:08,20260929T185938758866Z,Chennai_2015,label:verify,ok,gfd Global Flood Database DFO 4309 (MODIS 250 m): ok 108 kB
2026-09-29T19:13:05,20260929T185938758866Z,Chennai_2023,label:verify,ok,ai4g_sar AI4G tile N12E078 (Sentinel-1 detections): ok 106787 kB
2026-09-29T19:13:06,20260929T185938758866Z,Valencia_2024,label:verify,ok,copernicus_ems EMSR773 (DEL images 30 Oct - 8 Nov 2024): ok 233 kB
2026-09-29T19:13:06,20260929T185938758866Z,EmiliaRomagna_2023a,label:verify,ok,copernicus_ems EMSR659 (DEL images 4 May 2023): ok 36 kB
2026-09-29T19:13:07,20260929T185938758866Z,Forli_2023b,label:verify,ok,copernicus_ems EMSR664 AOI01 Forlì (DEL images 17-21 May 2023): ok 42 kB
2026-09-29T19:13:08,20260929T185938758866Z,PortoAlegre_2024,label:verify,ok,arcgis_featureserver EMSN194 Extent Temporal Evolution layers: ok 3 kB
2026-09-29T19:13:09,20260929T185938758866Z,TaquariValley_2024,label:verify,ok,"copernicus_ems EMSR720 (AOIs Guaporé, Encantado, Roca Sales, Das Antas, Santa Tereza): ok 65 kB"
2026-09-29T19:13:09,20260929T185938758866Z,Carlisle_2015,label:verify,ok,file_url EA Recorded Flood Outline rec_out_id 4078182 'Carlisle (including Crosby-on-Eden) 05_12_2015': ok 53 kB
2026-09-29T19:13:25,20260929T185938758866Z,Carlisle_2015,label:verify,ok,copernicus_ems EMSR147 AOI01 Carlisle delineation: ok 1930 kB
2026-09-29T19:13:27,20260929T185938758866Z,York_2015,label:verify,ok,file_url EA Recorded Flood Outline rec_out_id 4084890 'December 2015 Flood Event' (Ouse/Derwent; clipped to York): ok 2878 kB
2026-09-29T19:13:49,20260929T185938758866Z,York_2015,label:verify,ok,copernicus_ems EMSR150 AOI01 York delineation: ok 2481 kB
2026-09-29T19:13:49,20260929T185938758866Z,NewYork_2021,label:verify,ok,usgs_sciencebase USGS 10.5066/P9JF4OWB depth rasters (within 250 m of the 83 HWM sites): ok 21 kB
2026-09-29T19:13:49,20260929T185938758866Z,NewYork_2021,label:verify,ok,"usgs_stn STN event 312 (2021 Ida), NYC counties: ok 57 kB"
2026-09-29T19:13:50,20260929T185938758866Z,Houston_SanJacinto_2017,label:verify,ok,"usgs_sciencebase USGS 10.5066/F7VH5N3N, San Jacinto child 5aa023ebe4b0b1c392e6881b: ok 20 kB"
2026-09-29T19:13:51,20260929T185938758866Z,Houston_SanJacinto_2017,label:verify,ok,"usgs_stn STN event 180 (2017 Harvey), Harris + Montgomery counties: ok 792 kB"
2026-09-29T19:13:52,20260929T185938758866Z,Jakarta_2020,label:verify,ok,petabencana reports archive (crowdsourced): ok 180 kB
2026-09-29T19:13:53,20260929T185938758866Z,Chennai_2015,label:assets,info,"already frozen (Chennai_2015_labels.gpkg, 2009 features, coverage polygons 0, sha256 3ef3d94f6435); set REFREEZE_LABEL_FILES=True to rebuild"
2026-09-29T19:13:53,20260929T185938758866Z,Bengaluru_2024,label:assets,info,"no vector label source in this chain (satellite labels are computed in Earth Engine, nothing to freeze)"
2026-09-29T19:13:53,20260929T185938758866Z,Chennai_2023,label:assets,info,"no vector label source in this chain (satellite labels are computed in Earth Engine, nothing to freeze)"
2026-09-29T19:13:54,20260929T185938758866Z,Valencia_2024,label:assets,info,"already frozen (Valencia_2024_labels.gpkg, 2220 features, coverage polygons 6, sha256 a7174d9b527b); set REFREEZE_LABEL_FILES=True to rebuild"
2026-09-29T19:13:56,20260929T185938758866Z,EmiliaRomagna_2023a,label:assets,info,"already frozen (EmiliaRomagna_2023a_labels.gpkg, 406 features, coverage polygons 4, sha256 a7f1d106afee); set REFREEZE_LABEL_FILES=True to rebuild"
2026-09-29T19:13:57,20260929T185938758866Z,Forli_2023b,label:assets,info,"already frozen (Forli_2023b_labels.gpkg, 1991 features, coverage polygons 4, sha256 3b9e9a15498b); set REFREEZE_LABEL_FILES=True to rebuild"
2026-09-29T19:13:58,20260929T185938758866Z,PortoAlegre_2024,label:assets,info,"already frozen (PortoAlegre_2024_labels.gpkg, 13011 features, coverage polygons 4, sha256 b1d2bd15f3b9); set REFREEZE_LABEL_FILES=True to rebuild"
2026-09-29T19:13:58,20260929T185938758866Z,TaquariValley_2024,label:assets,info,"already frozen (TaquariValley_2024_labels.gpkg, 641 features, coverage polygons 3, sha256 fd285474e6e9); set REFREEZE_LABEL_FILES=True to rebuild"
2026-09-29T19:13:59,20260929T185938758866Z,Carlisle_2015,label:assets,info,"already frozen (Carlisle_2015_labels.gpkg, 1 features, coverage polygons 0, sha256 7e6f1fba50dd); set REFREEZE_LABEL_FILES=True to rebuild"
2026-09-29T19:13:59,20260929T185938758866Z,York_2015,label:assets,info,"already frozen (York_2015_labels.gpkg, 1 features, coverage polygons 0, sha256 a649b08810b6); set REFREEZE_LABEL_FILES=True to rebuild"
2026-09-29T19:13:59,20260929T185938758866Z,NewYork_2021,label:usgs_sciencebase,info,"1 items in the release; 0 carry a bounding box, 0 intersect the study area; 1 without a bounding box are also searched"
2026-09-29T19:14:19,20260929T185938758866Z,NewYork_2021,label:usgs_sciencebase,info,"features by role: ignore=77 (coverage = mapped-area boundary, used as the valid mask; ignore = e.g. HWM points)"
2026-09-29T19:14:20,20260929T185938758866Z,NewYork_2021,label:usgs_stn,ok,159 HWMs for event 312; 83 distinct sites inside the study area (buffered 0 m) — sparse label
2026-09-29T19:14:21,20260929T185938758866Z,NewYork_2021,label:usgs_sciencebase,info,valid area = 250 m around 83 surveyed HWM sites (STN event 312)
2026-09-29T19:14:21,20260929T185938758866Z,NewYork_2021,label:usgs_sciencebase,ok,0 vector features and 195 depth raster(s) inside the study area
2026-09-29T19:14:21,20260929T185938758866Z,NewYork_2021,label:assets,warn,could not freeze usgs_sciencebase: source returned no vector features (raster-only products stay in the download cache and are read from there)
2026-09-29T19:14:22,20260929T185938758866Z,Houston_SanJacinto_2017,label:assets,info,"already frozen (Houston_SanJacinto_2017_labels.gpkg, 1 features, coverage polygons 1, sha256 d202af054a80); set REFREEZE_LABEL_FILES=True to rebuild"
2026-09-29T19:14:24,20260929T185938758866Z,Jakarta_2020,label:petabencana,ok,"289 reports in 2019-12-31..2020-01-04, 255 flood reports inside the study area (buffered 150 m)"
2026-09-29T19:14:24,20260929T185938758866Z,Jakarta_2020,label:assets,ok,"froze 255 features -> Jakarta_2020_labels.gpkg (0.14 MB, sha256 8fb4ee55dbac)"
2026-09-29T19:14:24,20260929T185938758866Z,,label:assets,ok,manifest written: /content/drive/MyDrive/saturation_v4/label_assets/label_assets_manifest.csv
2026-09-29T19:14:25,20260929T185938758866Z,Chennai_2015,resume:grid_a9aa5a577a,info,loaded from checkpoint (not recomputed)
2026-09-29T19:14:25,20260929T185938758866Z,Chennai_2015,grid,ok,"400x251 raster at 100 m, 41,919 cells in study area, EPSG:32644"
2026-09-29T19:14:25,20260929T185938758866Z,Chennai_2015,resume:physical_beaab38215,info,loaded from checkpoint (not recomputed)
2026-09-29T19:14:25,20260929T185938758866Z,Chennai_2015,resume:labels_ea10f0be23,info,loaded from checkpoint (not recomputed)
2026-09-29T19:14:25,20260929T185938758866Z,Chennai_2015,labels,ok,"source=canonical_gpkg, positives=9404, prevalence=22.4337% of 41,919 observable cells"
2026-09-29T19:14:26,20260929T185938758866Z,Chennai_2015,social:gdelt_parse,ok,8993 raw rows -> 8993 flood-themed -> 8993 mention the city; 0 have a page title (8993 use URL words + GDELT location names; titles exist only from 2019-09-22)
2026-09-29T19:14:26,20260929T185938758866Z,Chennai_2015,social:gdelt_bigquery,info,"8993 fetched -> 8992 kept (1 outside the window, empty or duplicate)"
2026-09-29T19:14:26,20260929T185938758866Z,Chennai_2015,social:gdelt_bigquery,ok,8992 documents in window
2026-09-29T19:14:38,20260929T185938758866Z,Chennai_2015,social:google_news_rss,info,"234 fetched -> 111 kept (123 outside the window, empty or duplicate)"
2026-09-29T19:14:38,20260929T185938758866Z,Chennai_2015,social:google_news_rss,ok,111 documents in window
2026-09-29T19:15:42,20260929T185938758866Z,Chennai_2015,social:reddit_arcticshift,ok,606 documents in window
2026-09-29T19:15:42,20260929T185938758866Z,Chennai_2015,social:petabencana,skip,not an Indonesian city
2026-09-29T19:16:52,20260929T185938758866Z,Chennai_2015,social:wikimedia_commons,skip,GET failed after 4 tries: https://commons.wikimedia.org/w/api.php (HTTP 429)
2026-09-29T19:16:53,20260929T185938758866Z,Chennai_2015,social:dedupe,info,"9709 documents -> 7663 after de-duplication (1370 syndicated wire copies, 676 repeated texts or photos)"
2026-09-29T19:16:55,20260929T185938758866Z,Chennai_2015,download,ok,15.8 MB from https://download.geonames.org/export/dump/IN.zip
2026-09-29T19:16:59,20260929T185938758866Z,Chennai_2015,social:gazetteer,info,3 ambiguous names (same name >2 km apart) dropped
2026-09-29T19:16:59,20260929T185938758866Z,Chennai_2015,social:gazetteer,ok,GeoNames IN: 206 populated places inside the study area -> 336 gazetteer names; 172 names of 120 towns outside it (within 80 km) will not be placed inside it
2026-09-29T19:16:59,20260929T185938758866Z,Chennai_2015,social:gazetteer,info,2 gazetteer names shared with neighbouring towns outside the study area removed
2026-09-29T19:17:04,20260929T185938758866Z,Chennai_2015,social:toponyms,info,"rule t3: 750 gazetteer candidates rejected at acquisition {'name': 0, 'occurrence': 750}"
2026-09-29T20:07:54,20260929T185938758866Z,Chennai_2015,social:places,ok,"3635 mentions from 1536 documents (gazetteer names=334, geocoder calls=908, cache hits=5402)"
2026-09-29T20:07:54,20260929T185938758866Z,Chennai_2015,social:concentration,info,"89 distinct locations, effective 19.81; top place 'Adyar' = 14% of mentions; top 5: [('Adyar', 0.143), ('Saidapet', 0.073), ('Kotturpuram', 0.067), ('Kodambakkam', 0.053), ('manali', 0.046)]"
2026-09-29T20:08:18,20260929T185938758866Z,Chennai_2015,social:localisation,ok,"eligible for the pooled gradient analysis: 3029 mentions in the primary window, 19.27 effective locations, top place Adyar = 0.146 (rule: >= 100, >= 10, <= 0.4)"
2026-09-29T20:08:20,20260929T185938758866Z,Chennai_2015,resume:population_61b9bac9a9,info,loaded from checkpoint (not recomputed)
2026-09-29T20:08:21,20260929T185938758866Z,Chennai_2015,acquire,ok,analysis inputs saved (3.8 MB) in 53.9 min -> Chennai_2015/_analysis_inputs.pkl.gz
2026-09-29T20:08:21,20260929T185938758866Z,Bengaluru_2024,resume:grid_1f44ec53fc,info,loaded from checkpoint (not recomputed)
2026-09-29T20:08:21,20260929T185938758866Z,Bengaluru_2024,grid,ok,"393x385 raster at 100 m, 71,721 cells in study area, EPSG:32643"
2026-09-29T20:08:21,20260929T185938758866Z,Bengaluru_2024,resume:physical_8880a8d1c1,info,loaded from checkpoint (not recomputed)
2026-09-29T20:08:22,20260929T185938758866Z,Bengaluru_2024,resume:labels_c42eab6a46,info,loaded from checkpoint (not recomputed)
2026-09-29T20:08:22,20260929T185938758866Z,Bengaluru_2024,ladder,info,label is Sentinel-1-derived (s1_change): the SAR rung is removed from every ladder so the model cannot rediscover the label
2026-09-29T20:08:22,20260929T185938758866Z,Bengaluru_2024,labels,ok,"source=s1_change, positives=277, prevalence=0.6410% of 43,211 observable cells"
2026-09-29T20:08:22,20260929T185938758866Z,Bengaluru_2024,social:gdelt_parse,ok,297 raw rows -> 297 flood-themed -> 292 mention the city; 292 have a page title (0 use URL words + GDELT location names; titles exist only from 2019-09-22)
2026-09-29T20:08:22,20260929T185938758866Z,Bengaluru_2024,social:gdelt_bigquery,ok,292 documents in window
2026-09-29T20:08:33,20260929T185938758866Z,Bengaluru_2024,social:google_news_rss,info,"137 fetched -> 57 kept (80 outside the window, empty or duplicate)"
2026-09-29T20:08:33,20260929T185938758866Z,Bengaluru_2024,social:google_news_rss,ok,57 documents in window
2026-09-29T20:09:37,20260929T185938758866Z,Bengaluru_2024,social:reddit,warn,r/bangalore comments/search: GET failed after 4 tries: https://arctic-shift.photon-reddit.com/api/comments/search (HTTP 422)
2026-09-29T20:09:38,20260929T185938758866Z,Bengaluru_2024,social:reddit_arcticshift,ok,184 documents in window
2026-09-29T20:09:38,20260929T185938758866Z,Bengaluru_2024,social:petabencana,skip,not an Indonesian city
2026-09-29T20:10:44,20260929T185938758866Z,Bengaluru_2024,social:wikimedia_commons,skip,GET failed after 4 tries: https://commons.wikimedia.org/w/api.php (HTTP 429)
2026-09-29T20:10:44,20260929T185938758866Z,Bengaluru_2024,social:dedupe,info,"533 documents -> 524 after de-duplication (0 syndicated wire copies, 9 repeated texts or photos)"
2026-09-29T20:10:47,20260929T185938758866Z,Bengaluru_2024,social:gazetteer,info,5 ambiguous names (same name >2 km apart) dropped
2026-09-29T20:10:47,20260929T185938758866Z,Bengaluru_2024,social:gazetteer,ok,GeoNames IN: 463 populated places inside the study area -> 560 gazetteer names; 120 names of 86 towns outside it (within 80 km) will not be placed inside it
2026-09-29T20:10:47,20260929T185938758866Z,Bengaluru_2024,social:gazetteer,info,2 gazetteer names shared with neighbouring towns outside the study area removed
2026-09-29T20:10:48,20260929T185938758866Z,Bengaluru_2024,social:toponyms,info,"rule t3: 29 gazetteer candidates rejected at acquisition {'name': 0, 'occurrence': 29}"
2026-09-29T20:17:21,20260929T185938758866Z,Bengaluru_2024,social:places,ok,"142 mentions from 123 documents (gazetteer names=558, geocoder calls=125, cache hits=53)"
2026-09-29T20:17:22,20260929T185938758866Z,Bengaluru_2024,social:concentration,warn,"19 distinct locations, effective 2.58; top place 'Yelahanka' = 58% of mentions; top 5: [('Yelahanka', 0.585), ('Kengeri', 0.204), ('Jayanagar', 0.042), ('Whitefield', 0.021), ('koramangala', 0.021)]  <- the social layer is carried by very few points; it cannot localise flooding. Check the top places are real places inside the study area"
2026-09-29T20:17:29,20260929T185938758866Z,Bengaluru_2024,social:localisation,warn,"NOT eligible for the pooled gradient analysis: 128 mentions in the primary window, 2.31 effective locations, top place Yelahanka = 0.625 (rule: >= 100, >= 10, <= 0.4)"
2026-09-29T20:17:30,20260929T185938758866Z,Bengaluru_2024,exposure:population,ok,"JRC/GHSL/P2023A/GHS_POP/2020: median 1417 residents/km², max 284534"
2026-09-29T20:17:31,20260929T185938758866Z,Bengaluru_2024,acquire,ok,analysis inputs saved (6.0 MB) in 9.2 min -> Bengaluru_2024/_analysis_inputs.pkl.gz
2026-09-29T20:17:33,20260929T185938758866Z,Chennai_2023,grid,ok,"400x251 raster at 100 m, 41,919 cells in study area, EPSG:32644"
2026-09-29T20:17:34,20260929T185938758866Z,Chennai_2023,physical:sar_event,warn,no usable Sentinel-1 pair (event scenes=0); rung dropped
2026-09-29T20:19:50,20260929T185938758866Z,Chennai_2023,physical:terrain,ok,"['elev_m', 'slope_deg', 'tpi_1km'] in 136s"
2026-09-29T20:20:36,20260929T185938758866Z,Chennai_2023,physical:surface,ok,"['built_frac', 'tree_frac', 'dw_built'] in 46s"
2026-09-29T20:20:42,20260929T185938758866Z,Chennai_2023,physical:hydrography,ok,"['hand_m', 'log_upa', 'dist_water_m', 'jrc_occ'] in 6s"
2026-09-29T20:20:44,20260929T185938758866Z,Chennai_2023,physical:forcing,ok,"['era5_rain_72h', 'era5_rain_ante7d', 'era5_sm_l1', 'imerg_rain_72h'] in 2s"
2026-09-29T20:20:44,20260929T185938758866Z,Chennai_2023,physical:fill,info,hand_m: 125 cells (0.3%) filled from the nearest valid cell (max distance 0.4 km)
2026-09-29T20:20:44,20260929T185938758866Z,Chennai_2023,physical:fill,info,log_upa: 125 cells (0.3%) filled from the nearest valid cell (max distance 0.4 km)
2026-09-29T20:20:44,20260929T185938758866Z,Chennai_2023,physical:fill,info,era5_rain_72h: 14447 cells (34.5%) filled from the nearest valid cell (max distance 9.8 km)
2026-09-29T20:20:44,20260929T185938758866Z,Chennai_2023,physical:fill,info,era5_rain_ante7d: 14447 cells (34.5%) filled from the nearest valid cell (max distance 9.8 km)
2026-09-29T20:20:44,20260929T185938758866Z,Chennai_2023,physical:fill,info,era5_sm_l1: 14447 cells (34.5%) filled from the nearest valid cell (max distance 9.8 km)
2026-09-29T20:20:44,20260929T185938758866Z,Chennai_2023,physical:coarse,info,era5_rain_72h: 6 distinct values within the city (native ~9-11 km)
2026-09-29T20:20:44,20260929T185938758866Z,Chennai_2023,physical:coarse,info,era5_rain_ante7d: 6 distinct values within the city (native ~9-11 km)
2026-09-29T20:20:44,20260929T185938758866Z,Chennai_2023,physical:coarse,info,era5_sm_l1: 6 distinct values within the city (native ~9-11 km)
2026-09-29T20:20:44,20260929T185938758866Z,Chennai_2023,physical:coarse,info,imerg_rain_72h: 11 distinct values within the city (native ~9-11 km)
2026-09-29T20:20:46,20260929T185938758866Z,Chennai_2023,download,ok,109.3 MB from https://huggingface.co/datasets/ai-for-good-lab/ai4g-flood-dataset/resolve/main/N12/N12E078/N12E078-post-proce
2026-09-29T20:20:48,20260929T185938758866Z,Chennai_2023,label:ai4g_sar,warn,"unavailable: AI4G: 0 detections in 2023-12-02..2023-12-14, none after the dataset-card filters"
2026-09-29T20:21:18,20260929T185938758866Z,Chennai_2023,label:s2_change,warn,unavailable: only 18% of cells observed cloud-free after the event (< 50%)
2026-09-29T20:21:18,20260929T185938758866Z,Chennai_2023,label:s1_change,warn,"unavailable: no usable Sentinel-1 event/baseline pair (event scenes=0); nearest acquisitions: ['2023-10-25', '2023-11-06', '2023-11-18', '2023-11-30', '2024-01-17']"
2026-09-29T20:21:18,20260929T185938758866Z,Chennai_2023,acquire,fail,"RuntimeError: no label source passed (ai4g_sar: AI4G: 0 detections in 2023-12-02..2023-12-14, none after the dataset-card filters; s2_change: only 18% of cells observed cloud-free after the event (< 50%); s1_change: no usable Sentinel-1 event/baseline pair (event scenes=0); nearest acquisitions: ['2023-10-25', '2023-11-06', '2023-11-18', '2023-11-30', '2024-01-17']). Details in label_attempts.json (traceback in Chennai_2023_ERROR.txt)"
2026-09-29T20:21:19,20260929T185938758866Z,Valencia_2024,resume:grid_4e795b1ca1,info,loaded from checkpoint (not recomputed)
2026-09-29T20:21:19,20260929T185938758866Z,Valencia_2024,grid,ok,"228x180 raster at 100 m, 38,269 cells in study area, EPSG:32630"
2026-09-29T20:21:19,20260929T185938758866Z,Valencia_2024,resume:physical_6ff3351ddc,info,loaded from checkpoint (not recomputed)
2026-09-29T20:21:19,20260929T185938758866Z,Valencia_2024,resume:labels_1e4d01701d,info,loaded from checkpoint (not recomputed)
2026-09-29T20:21:19,20260929T185938758866Z,Valencia_2024,labels,ok,"source=canonical_gpkg, positives=10477, prevalence=27.3773% of 38,269 observable cells"
2026-09-29T20:21:21,20260929T185938758866Z,Valencia_2024,social:gdelt_parse,ok,20828 raw rows -> 20828 flood-themed -> 19966 mention the city; 19919 have a page title (47 use URL words + GDELT location names; titles exist only from 2019-09-22)
2026-09-29T20:21:22,20260929T185938758866Z,Valencia_2024,social:gdelt_bigquery,ok,19966 documents in window
2026-09-29T20:21:42,20260929T185938758866Z,Valencia_2024,social:google_news_rss,info,"669 fetched -> 404 kept (265 outside the window, empty or duplicate)"
2026-09-29T20:21:42,20260929T185938758866Z,Valencia_2024,social:google_news_rss,ok,404 documents in window
2026-09-29T20:22:49,20260929T185938758866Z,Valencia_2024,social:reddit_arcticshift,ok,408 documents in window
2026-09-29T20:22:49,20260929T185938758866Z,Valencia_2024,social:petabencana,skip,not an Indonesian city
2026-09-29T20:23:59,20260929T185938758866Z,Valencia_2024,social:wikimedia_commons,skip,GET failed after 4 tries: https://commons.wikimedia.org/w/api.php (HTTP 429)
2026-09-29T20:23:59,20260929T185938758866Z,Valencia_2024,social:dedupe,info,"20778 documents -> 16901 after de-duplication (1362 syndicated wire copies, 2515 repeated texts or photos)"
2026-09-29T20:24:01,20260929T185938758866Z,Valencia_2024,social:gazetteer,ok,GeoNames ES: 103 populated places inside the study area -> 147 gazetteer names; 259 names of 212 towns outside it (within 80 km) will not be placed inside it
2026-09-29T20:24:01,20260929T185938758866Z,Valencia_2024,social:gazetteer,info,2 gazetteer names shared with neighbouring towns outside the study area removed
2026-09-29T20:24:05,20260929T185938758866Z,Valencia_2024,social:toponyms,info,"rule t3: 385 gazetteer candidates rejected at acquisition {'name': 0, 'occurrence': 385}"
2026-09-29T23:16:40,20260929T185938758866Z,Valencia_2024,social:places,ok,"2312 mentions from 1772 documents (gazetteer names=145, geocoder calls=1500, cache hits=47286)"
2026-09-29T23:16:40,20260929T185938758866Z,Valencia_2024,social:places,warn,"the geocoder cap (1500) stopped 1853 name lookups; cached names are free on the next run, so re-running widens coverage — raise MAX_GEOCODE_CALLS to finish in one pass"
2026-09-29T23:16:40,20260929T185938758866Z,Valencia_2024,social:concentration,warn,"34 distinct locations, effective 3.76; top place 'Paiporta' = 46% of mentions; top 5: [('Paiporta', 0.459), ('Sedavi', 0.15), ('Alfafar', 0.128), ('Catarroja', 0.108), ('Picana', 0.063)]  <- the social layer is carried by very few points; it cannot localise flooding. Check the top places are real places inside the study area"
2026-09-29T23:17:26,20260929T185938758866Z,Valencia_2024,social:localisation,warn,"NOT eligible for the pooled gradient analysis: 1802 mentions in the primary window, 3.92 effective locations, top place Paiporta = 0.444 (rule: >= 100, >= 10, <= 0.4)"
2026-09-29T23:17:26,20260929T185938758866Z,Valencia_2024,resume:population_f9f40345d9,info,loaded from checkpoint (not recomputed)
2026-09-29T23:17:27,20260929T185938758866Z,Valencia_2024,acquire,ok,analysis inputs saved (3.8 MB) in 176.1 min -> Valencia_2024/_analysis_inputs.pkl.gz
2026-09-29T23:17:27,20260929T185938758866Z,EmiliaRomagna_2023a,resume:grid_d82ee58a5f,info,loaded from checkpoint (not recomputed)
2026-09-29T23:17:27,20260929T185938758866Z,EmiliaRomagna_2023a,grid,ok,"387x397 raster at 100 m, 143,322 cells in study area, EPSG:32632"
2026-09-29T23:17:28,20260929T185938758866Z,EmiliaRomagna_2023a,resume:physical_bd2ae38243,info,loaded from checkpoint (not recomputed)
2026-09-29T23:17:28,20260929T185938758866Z,EmiliaRomagna_2023a,resume:labels_fe350fbe87,info,loaded from checkpoint (not recomputed)
2026-09-29T23:17:28,20260929T185938758866Z,EmiliaRomagna_2023a,labels,ok,"source=canonical_gpkg, positives=2576, prevalence=13.1523% of 19,586 observable cells"
2026-09-29T23:17:29,20260929T185938758866Z,EmiliaRomagna_2023a,social:gdelt_parse,ok,1075 raw rows -> 1075 flood-themed -> 1043 mention the city; 1043 have a page title (0 use URL words + GDELT location names; titles exist only from 2019-09-22)
2026-09-29T23:17:29,20260929T185938758866Z,EmiliaRomagna_2023a,social:gdelt_bigquery,ok,1043 documents in window
2026-09-29T23:17:48,20260929T185938758866Z,EmiliaRomagna_2023a,social:google_news_rss,info,"106 fetched -> 52 kept (54 outside the window, empty or duplicate)"
2026-09-29T23:17:48,20260929T185938758866Z,EmiliaRomagna_2023a,social:google_news_rss,ok,52 documents in window
2026-09-29T23:17:57,20260929T185938758866Z,EmiliaRomagna_2023a,social:reddit_arcticshift,ok,74 documents in window
2026-09-29T23:17:57,20260929T185938758866Z,EmiliaRomagna_2023a,social:petabencana,skip,not an Indonesian city
2026-09-29T23:18:40,20260929T185938758866Z,EmiliaRomagna_2023a,social:wikimedia_commons,skip,GET failed after 4 tries: https://commons.wikimedia.org/w/api.php (HTTP 429)
2026-09-29T23:18:41,20260929T185938758866Z,EmiliaRomagna_2023a,social:dedupe,info,"1169 documents -> 1093 after de-duplication (26 syndicated wire copies, 50 repeated texts or photos)"
2026-09-29T23:18:43,20260929T185938758866Z,EmiliaRomagna_2023a,social:gazetteer,info,8 ambiguous names (same name >2 km apart) dropped
2026-09-29T23:18:43,20260929T185938758866Z,EmiliaRomagna_2023a,social:gazetteer,ok,GeoNames IT: 359 populated places inside the study area -> 411 gazetteer names; 569 names of 568 towns outside it (within 80 km) will not be placed inside it
2026-09-29T23:18:43,20260929T185938758866Z,EmiliaRomagna_2023a,social:gazetteer,info,5 gazetteer names shared with neighbouring towns outside the study area removed
2026-09-29T23:18:44,20260929T185938758866Z,EmiliaRomagna_2023a,social:toponyms,info,"rule t3: 78 gazetteer candidates rejected at acquisition {'name': 0, 'occurrence': 78}"
2026-09-29T23:32:13,20260929T185938758866Z,EmiliaRomagna_2023a,social:places,ok,"296 mentions from 223 documents (gazetteer names=406, geocoder calls=304, cache hits=1371)"
2026-09-29T23:32:13,20260929T185938758866Z,EmiliaRomagna_2023a,social:concentration,info,"21 distinct locations, effective 5.78; top place 'Lavezzola' = 30% of mentions; top 5: [('Lavezzola', 0.304), ('Faenza', 0.226), ('Castel Bolognese', 0.105), ('Bagnacavallo', 0.098), ('Conselice', 0.064)]"
2026-09-29T23:32:20,20260929T185938758866Z,EmiliaRomagna_2023a,social:localisation,warn,"NOT eligible for the pooled gradient analysis: 262 mentions in the primary window, 5.29 effective locations, top place Lavezzola = 0.336 (rule: >= 100, >= 10, <= 0.4)"
2026-09-29T23:32:20,20260929T185938758866Z,EmiliaRomagna_2023a,resume:population_5788997820,info,loaded from checkpoint (not recomputed)
2026-09-29T23:32:23,20260929T185938758866Z,EmiliaRomagna_2023a,acquire,ok,analysis inputs saved (10.7 MB) in 14.9 min -> EmiliaRomagna_2023a/_analysis_inputs.pkl.gz
2026-09-29T23:32:23,20260929T185938758866Z,Forli_2023b,resume:grid_cef2163465,info,loaded from checkpoint (not recomputed)
2026-09-29T23:32:23,20260929T185938758866Z,Forli_2023b,grid,ok,"316x320 raster at 100 m, 93,651 cells in study area, EPSG:32633"
2026-09-29T23:32:24,20260929T185938758866Z,Forli_2023b,resume:physical_18b1d715d7,info,loaded from checkpoint (not recomputed)
2026-09-29T23:32:25,20260929T185938758866Z,Forli_2023b,resume:labels_e367e66aad,info,loaded from checkpoint (not recomputed)
2026-09-29T23:32:25,20260929T185938758866Z,Forli_2023b,labels,ok,"source=canonical_gpkg, positives=3856, prevalence=4.5371% of 84,989 observable cells"
2026-09-29T23:32:26,20260929T185938758866Z,Forli_2023b,social:gdelt_parse,ok,8988 raw rows -> 8988 flood-themed -> 8585 mention the city; 8569 have a page title (16 use URL words + GDELT location names; titles exist only from 2019-09-22)
2026-09-29T23:32:26,20260929T185938758866Z,Forli_2023b,social:gdelt_bigquery,ok,8585 documents in window
2026-09-29T23:32:45,20260929T185938758866Z,Forli_2023b,social:google_news_rss,info,"190 fetched -> 70 kept (120 outside the window, empty or duplicate)"
2026-09-29T23:32:45,20260929T185938758866Z,Forli_2023b,social:google_news_rss,ok,70 documents in window
2026-09-29T23:32:55,20260929T185938758866Z,Forli_2023b,social:reddit_arcticshift,ok,78 documents in window
2026-09-29T23:32:55,20260929T185938758866Z,Forli_2023b,social:petabencana,skip,not an Indonesian city
2026-09-29T23:34:08,20260929T185938758866Z,Forli_2023b,social:wikimedia_commons,skip,GET failed after 4 tries: https://commons.wikimedia.org/w/api.php (HTTP 429)
2026-09-29T23:34:09,20260929T185938758866Z,Forli_2023b,social:dedupe,info,"8733 documents -> 7344 after de-duplication (518 syndicated wire copies, 871 repeated texts or photos)"
2026-09-29T23:34:10,20260929T185938758866Z,Forli_2023b,social:gazetteer,info,4 ambiguous names (same name >2 km apart) dropped
2026-09-29T23:34:10,20260929T185938758866Z,Forli_2023b,social:gazetteer,ok,GeoNames IT: 260 populated places inside the study area -> 275 gazetteer names; 429 names of 429 towns outside it (within 80 km) will not be placed inside it
2026-09-29T23:34:10,20260929T185938758866Z,Forli_2023b,social:gazetteer,info,9 gazetteer names shared with neighbouring towns outside the study area removed
2026-09-29T23:34:13,20260929T185938758866Z,Forli_2023b,social:toponyms,info,"rule t3: 160 gazetteer candidates rejected at acquisition {'name': 0, 'occurrence': 160}"
2026-09-30T03:59:32,20260930T035754826523Z,Chennai_2015,label:verify,ok,file_url NRSC 2015 flood inundation zone (via Chennai SDSS; image date/sensor not stated): ok 5475 kB
2026-09-30T03:59:44,20260930T035754826523Z,Chennai_2015,label:verify,ok,file_url GCC water-stagnation locations 2015 (points): ok 513 kB
2026-09-30T03:59:45,20260930T035754826523Z,Chennai_2015,label:verify,ok,"file_url OSM-India crowdsourced flooded streets, 11:00 2 Dec 2015: ok 949 kB"
2026-09-30T03:59:45,20260930T035754826523Z,Chennai_2015,label:verify,ok,gfd Global Flood Database DFO 4309 (MODIS 250 m): ok 108 kB
2026-09-30T04:06:10,20260930T035754826523Z,Chennai_2023,label:verify,ok,ai4g_sar AI4G tile N12E078 (Sentinel-1 detections): ok 106787 kB
2026-09-30T04:06:11,20260930T035754826523Z,Valencia_2024,label:verify,ok,copernicus_ems EMSR773 (DEL images 30 Oct - 8 Nov 2024): ok 233 kB
2026-09-30T04:06:12,20260930T035754826523Z,EmiliaRomagna_2023a,label:verify,ok,copernicus_ems EMSR659 (DEL images 4 May 2023): ok 36 kB
2026-09-30T04:06:13,20260930T035754826523Z,Forli_2023b,label:verify,ok,copernicus_ems EMSR664 AOI01 Forlì (DEL images 17-21 May 2023): ok 42 kB
2026-09-30T04:06:14,20260930T035754826523Z,PortoAlegre_2024,label:verify,ok,arcgis_featureserver EMSN194 Extent Temporal Evolution layers: ok 3 kB
2026-09-30T04:06:14,20260930T035754826523Z,TaquariValley_2024,label:verify,ok,"copernicus_ems EMSR720 (AOIs Guaporé, Encantado, Roca Sales, Das Antas, Santa Tereza): ok 65 kB"
2026-09-30T04:06:15,20260930T035754826523Z,Carlisle_2015,label:verify,ok,file_url EA Recorded Flood Outline rec_out_id 4078182 'Carlisle (including Crosby-on-Eden) 05_12_2015': ok 53 kB
2026-09-30T04:06:25,20260930T035754826523Z,Carlisle_2015,label:verify,ok,copernicus_ems EMSR147 AOI01 Carlisle delineation: ok 1930 kB
2026-09-30T04:06:26,20260930T035754826523Z,York_2015,label:verify,ok,file_url EA Recorded Flood Outline rec_out_id 4084890 'December 2015 Flood Event' (Ouse/Derwent; clipped to York): ok 2878 kB
2026-09-30T04:06:39,20260930T035754826523Z,York_2015,label:verify,ok,copernicus_ems EMSR150 AOI01 York delineation: ok 2481 kB
2026-09-30T04:06:39,20260930T035754826523Z,NewYork_2021,label:verify,ok,usgs_sciencebase USGS 10.5066/P9JF4OWB depth rasters (within 250 m of the 83 HWM sites): ok 21 kB
2026-09-30T04:06:39,20260930T035754826523Z,NewYork_2021,label:verify,ok,"usgs_stn STN event 312 (2021 Ida), NYC counties: ok 57 kB"
2026-09-30T04:06:40,20260930T035754826523Z,Houston_SanJacinto_2017,label:verify,ok,"usgs_sciencebase USGS 10.5066/F7VH5N3N, San Jacinto child 5aa023ebe4b0b1c392e6881b: ok 20 kB"
2026-09-30T04:06:41,20260930T035754826523Z,Houston_SanJacinto_2017,label:verify,ok,"usgs_stn STN event 180 (2017 Harvey), Harris + Montgomery counties: ok 792 kB"
2026-09-30T04:06:42,20260930T035754826523Z,Jakarta_2020,label:verify,ok,petabencana reports archive (crowdsourced): ok 180 kB
2026-09-30T04:06:43,20260930T035754826523Z,Chennai_2015,label:assets,info,"already frozen (Chennai_2015_labels.gpkg, 2009 features, coverage polygons 0, sha256 3ef3d94f6435); set REFREEZE_LABEL_FILES=True to rebuild"
2026-09-30T04:06:43,20260930T035754826523Z,Bengaluru_2024,label:assets,info,"no vector label source in this chain (satellite labels are computed in Earth Engine, nothing to freeze)"
2026-09-30T04:06:43,20260930T035754826523Z,Chennai_2023,label:assets,info,"no vector label source in this chain (satellite labels are computed in Earth Engine, nothing to freeze)"
2026-09-30T04:06:44,20260930T035754826523Z,Valencia_2024,label:assets,info,"already frozen (Valencia_2024_labels.gpkg, 2220 features, coverage polygons 6, sha256 a7174d9b527b); set REFREEZE_LABEL_FILES=True to rebuild"
2026-09-30T04:06:45,20260930T035754826523Z,EmiliaRomagna_2023a,label:assets,info,"already frozen (EmiliaRomagna_2023a_labels.gpkg, 406 features, coverage polygons 4, sha256 a7f1d106afee); set REFREEZE_LABEL_FILES=True to rebuild"
2026-09-30T04:06:47,20260930T035754826523Z,Forli_2023b,label:assets,info,"already frozen (Forli_2023b_labels.gpkg, 1991 features, coverage polygons 4, sha256 3b9e9a15498b); set REFREEZE_LABEL_FILES=True to rebuild"
2026-09-30T04:06:48,20260930T035754826523Z,PortoAlegre_2024,label:assets,info,"already frozen (PortoAlegre_2024_labels.gpkg, 13011 features, coverage polygons 4, sha256 b1d2bd15f3b9); set REFREEZE_LABEL_FILES=True to rebuild"
2026-09-30T04:06:48,20260930T035754826523Z,TaquariValley_2024,label:assets,info,"already frozen (TaquariValley_2024_labels.gpkg, 641 features, coverage polygons 3, sha256 fd285474e6e9); set REFREEZE_LABEL_FILES=True to rebuild"
2026-09-30T04:06:49,20260930T035754826523Z,Carlisle_2015,label:assets,info,"already frozen (Carlisle_2015_labels.gpkg, 1 features, coverage polygons 0, sha256 7e6f1fba50dd); set REFREEZE_LABEL_FILES=True to rebuild"
2026-09-30T04:06:49,20260930T035754826523Z,York_2015,label:assets,info,"already frozen (York_2015_labels.gpkg, 1 features, coverage polygons 0, sha256 a649b08810b6); set REFREEZE_LABEL_FILES=True to rebuild"
2026-09-30T04:06:50,20260930T035754826523Z,NewYork_2021,label:usgs_sciencebase,info,"1 items in the release; 0 carry a bounding box, 0 intersect the study area; 1 without a bounding box are also searched"
2026-09-30T04:07:14,20260930T035754826523Z,NewYork_2021,label:usgs_sciencebase,info,"features by role: ignore=77 (coverage = mapped-area boundary, used as the valid mask; ignore = e.g. HWM points)"
2026-09-30T04:07:15,20260930T035754826523Z,NewYork_2021,label:usgs_stn,ok,159 HWMs for event 312; 83 distinct sites inside the study area (buffered 0 m) — sparse label
2026-09-30T04:07:15,20260930T035754826523Z,NewYork_2021,label:usgs_sciencebase,info,valid area = 250 m around 83 surveyed HWM sites (STN event 312)
2026-09-30T04:07:15,20260930T035754826523Z,NewYork_2021,label:usgs_sciencebase,ok,0 vector features and 195 depth raster(s) inside the study area
2026-09-30T04:07:15,20260930T035754826523Z,NewYork_2021,label:assets,warn,could not freeze usgs_sciencebase: source returned no vector features (raster-only products stay in the download cache and are read from there)
2026-09-30T04:07:16,20260930T035754826523Z,Houston_SanJacinto_2017,label:assets,info,"already frozen (Houston_SanJacinto_2017_labels.gpkg, 1 features, coverage polygons 1, sha256 d202af054a80); set REFREEZE_LABEL_FILES=True to rebuild"
2026-09-30T04:07:17,20260930T035754826523Z,Jakarta_2020,label:assets,info,"already frozen (Jakarta_2020_labels.gpkg, 255 features, coverage polygons 0, sha256 8fb4ee55dbac); set REFREEZE_LABEL_FILES=True to rebuild"
2026-09-30T04:07:17,20260930T035754826523Z,,label:assets,ok,manifest written: /content/drive/MyDrive/saturation_v4/label_assets/label_assets_manifest.csv
2026-09-30T04:07:18,20260930T035754826523Z,Chennai_2015,resume:grid_a9aa5a577a,info,loaded from checkpoint (not recomputed)
2026-09-30T04:07:18,20260930T035754826523Z,Chennai_2015,grid,ok,"400x251 raster at 100 m, 41,919 cells in study area, EPSG:32644"
2026-09-30T04:07:19,20260930T035754826523Z,Chennai_2015,resume:physical_beaab38215,info,loaded from checkpoint (not recomputed)
2026-09-30T04:07:19,20260930T035754826523Z,Chennai_2015,resume:labels_ea10f0be23,info,loaded from checkpoint (not recomputed)
2026-09-30T04:07:19,20260930T035754826523Z,Chennai_2015,labels,ok,"source=canonical_gpkg, positives=9404, prevalence=22.4337% of 41,919 observable cells"
2026-09-30T04:07:19,20260930T035754826523Z,Chennai_2015,resume:docs_6e7983aceb,info,loaded from checkpoint (not recomputed)
2026-09-30T04:07:20,20260930T035754826523Z,Chennai_2015,resume:gazetteer_355db48032,info,loaded from checkpoint (not recomputed)
2026-09-30T04:07:20,20260930T035754826523Z,Chennai_2015,resume:mentions_3f9b56f65f,info,loaded from checkpoint (not recomputed)
2026-09-30T04:07:21,20260930T035754826523Z,Chennai_2015,social:localisation,ok,"eligible for the pooled gradient analysis: 3029 mentions in the primary window, 19.27 effective locations, top place Adyar = 0.146 (rule: >= 100, >= 10, <= 0.4)"
2026-09-30T04:07:21,20260930T035754826523Z,Chennai_2015,resume:population_61b9bac9a9,info,loaded from checkpoint (not recomputed)
2026-09-30T04:07:22,20260930T035754826523Z,Chennai_2015,acquire,ok,analysis inputs saved (3.8 MB) in 0.1 min -> Chennai_2015/_analysis_inputs.pkl.gz
2026-09-30T04:07:22,20260930T035754826523Z,Bengaluru_2024,resume:grid_1f44ec53fc,info,loaded from checkpoint (not recomputed)
2026-09-30T04:07:22,20260930T035754826523Z,Bengaluru_2024,grid,ok,"393x385 raster at 100 m, 71,721 cells in study area, EPSG:32643"
2026-09-30T04:07:23,20260930T035754826523Z,Bengaluru_2024,resume:physical_8880a8d1c1,info,loaded from checkpoint (not recomputed)
2026-09-30T04:07:23,20260930T035754826523Z,Bengaluru_2024,resume:labels_c42eab6a46,info,loaded from checkpoint (not recomputed)
2026-09-30T04:07:23,20260930T035754826523Z,Bengaluru_2024,ladder,info,label is Sentinel-1-derived (s1_change): the SAR rung is removed from every ladder so the model cannot rediscover the label
2026-09-30T04:07:23,20260930T035754826523Z,Bengaluru_2024,labels,ok,"source=s1_change, positives=277, prevalence=0.6410% of 43,211 observable cells"
2026-09-30T04:07:23,20260930T035754826523Z,Bengaluru_2024,resume:docs_94d643683d,info,loaded from checkpoint (not recomputed)
2026-09-30T04:07:24,20260930T035754826523Z,Bengaluru_2024,resume:gazetteer_d7fa793f4b,info,loaded from checkpoint (not recomputed)
2026-09-30T04:07:24,20260930T035754826523Z,Bengaluru_2024,resume:mentions_1d86a522e2,info,loaded from checkpoint (not recomputed)
2026-09-30T04:07:25,20260930T035754826523Z,Bengaluru_2024,social:localisation,warn,"NOT eligible for the pooled gradient analysis: 128 mentions in the primary window, 2.31 effective locations, top place Yelahanka = 0.625 (rule: >= 100, >= 10, <= 0.4)"
2026-09-30T04:07:25,20260930T035754826523Z,Bengaluru_2024,resume:population_20b3b6e5f7,info,loaded from checkpoint (not recomputed)
2026-09-30T04:07:27,20260930T035754826523Z,Bengaluru_2024,acquire,ok,analysis inputs saved (6.0 MB) in 0.1 min -> Bengaluru_2024/_analysis_inputs.pkl.gz
2026-09-30T04:07:27,20260930T035754826523Z,Chennai_2023,resume:grid_55fab970e8,info,loaded from checkpoint (not recomputed)
2026-09-30T04:07:27,20260930T035754826523Z,Chennai_2023,grid,ok,"400x251 raster at 100 m, 41,919 cells in study area, EPSG:32644"
2026-09-30T04:07:27,20260930T035754826523Z,Chennai_2023,resume:physical_d84e13ee16,info,loaded from checkpoint (not recomputed)
2026-09-30T04:07:30,20260930T035754826523Z,Chennai_2023,label:ai4g_sar,warn,"unavailable: AI4G: 0 detections in 2023-12-02..2023-12-14, none after the dataset-card filters"
2026-09-30T04:08:02,20260930T035754826523Z,Chennai_2023,label:s2_change,warn,unavailable: only 18% of cells observed cloud-free after the event (< 50%)
2026-09-30T04:08:02,20260930T035754826523Z,Chennai_2023,label:s1_change,warn,"unavailable: no usable Sentinel-1 event/baseline pair (event scenes=0); nearest acquisitions: ['2023-10-25', '2023-11-06', '2023-11-18', '2023-11-30', '2024-01-17']"
2026-09-30T04:08:02,20260930T035754826523Z,Chennai_2023,acquire,fail,"RuntimeError: no label source passed (ai4g_sar: AI4G: 0 detections in 2023-12-02..2023-12-14, none after the dataset-card filters; s2_change: only 18% of cells observed cloud-free after the event (< 50%); s1_change: no usable Sentinel-1 event/baseline pair (event scenes=0); nearest acquisitions: ['2023-10-25', '2023-11-06', '2023-11-18', '2023-11-30', '2024-01-17']). Details in label_attempts.json (traceback in Chennai_2023_ERROR.txt)"
2026-09-30T04:08:03,20260930T035754826523Z,Valencia_2024,resume:grid_4e795b1ca1,info,loaded from checkpoint (not recomputed)
2026-09-30T04:08:03,20260930T035754826523Z,Valencia_2024,grid,ok,"228x180 raster at 100 m, 38,269 cells in study area, EPSG:32630"
2026-09-30T04:08:03,20260930T035754826523Z,Valencia_2024,resume:physical_6ff3351ddc,info,loaded from checkpoint (not recomputed)
2026-09-30T04:08:03,20260930T035754826523Z,Valencia_2024,resume:labels_1e4d01701d,info,loaded from checkpoint (not recomputed)
2026-09-30T04:08:03,20260930T035754826523Z,Valencia_2024,labels,ok,"source=canonical_gpkg, positives=10477, prevalence=27.3773% of 38,269 observable cells"
2026-09-30T04:08:04,20260930T035754826523Z,Valencia_2024,resume:docs_2f540ba8d1,info,loaded from checkpoint (not recomputed)
2026-09-30T04:08:04,20260930T035754826523Z,Valencia_2024,resume:gazetteer_105b05a4ac,info,loaded from checkpoint (not recomputed)
2026-09-30T04:08:05,20260930T035754826523Z,Valencia_2024,resume:mentions_c81d06e4e1,info,loaded from checkpoint (not recomputed)
2026-09-30T04:08:06,20260930T035754826523Z,Valencia_2024,social:localisation,warn,"NOT eligible for the pooled gradient analysis: 1802 mentions in the primary window, 3.92 effective locations, top place Paiporta = 0.444 (rule: >= 100, >= 10, <= 0.4)"
2026-09-30T04:08:06,20260930T035754826523Z,Valencia_2024,resume:population_f9f40345d9,info,loaded from checkpoint (not recomputed)
2026-09-30T04:08:07,20260930T035754826523Z,Valencia_2024,acquire,ok,analysis inputs saved (3.8 MB) in 0.1 min -> Valencia_2024/_analysis_inputs.pkl.gz
2026-09-30T04:08:07,20260930T035754826523Z,EmiliaRomagna_2023a,resume:grid_d82ee58a5f,info,loaded from checkpoint (not recomputed)
2026-09-30T04:08:07,20260930T035754826523Z,EmiliaRomagna_2023a,grid,ok,"387x397 raster at 100 m, 143,322 cells in study area, EPSG:32632"
2026-09-30T04:08:08,20260930T035754826523Z,EmiliaRomagna_2023a,resume:physical_bd2ae38243,info,loaded from checkpoint (not recomputed)
2026-09-30T04:08:08,20260930T035754826523Z,EmiliaRomagna_2023a,resume:labels_fe350fbe87,info,loaded from checkpoint (not recomputed)
2026-09-30T04:08:09,20260930T035754826523Z,EmiliaRomagna_2023a,labels,ok,"source=canonical_gpkg, positives=2576, prevalence=13.1523% of 19,586 observable cells"
2026-09-30T04:08:09,20260930T035754826523Z,EmiliaRomagna_2023a,resume:docs_7e901f5269,info,loaded from checkpoint (not recomputed)
2026-09-30T04:08:10,20260930T035754826523Z,EmiliaRomagna_2023a,resume:gazetteer_e5429930ba,info,loaded from checkpoint (not recomputed)
2026-09-30T04:08:10,20260930T035754826523Z,EmiliaRomagna_2023a,resume:mentions_bba56293e2,info,loaded from checkpoint (not recomputed)
2026-09-30T04:08:10,20260930T035754826523Z,EmiliaRomagna_2023a,social:localisation,warn,"NOT eligible for the pooled gradient analysis: 262 mentions in the primary window, 5.29 effective locations, top place Lavezzola = 0.336 (rule: >= 100, >= 10, <= 0.4)"
2026-09-30T04:08:11,20260930T035754826523Z,EmiliaRomagna_2023a,resume:population_5788997820,info,loaded from checkpoint (not recomputed)
2026-09-30T04:08:13,20260930T035754826523Z,EmiliaRomagna_2023a,acquire,ok,analysis inputs saved (10.7 MB) in 0.1 min -> EmiliaRomagna_2023a/_analysis_inputs.pkl.gz
2026-09-30T04:08:14,20260930T035754826523Z,Forli_2023b,resume:grid_cef2163465,info,loaded from checkpoint (not recomputed)
2026-09-30T04:08:14,20260930T035754826523Z,Forli_2023b,grid,ok,"316x320 raster at 100 m, 93,651 cells in study area, EPSG:32633"
2026-09-30T04:08:14,20260930T035754826523Z,Forli_2023b,resume:physical_18b1d715d7,info,loaded from checkpoint (not recomputed)
2026-09-30T04:08:15,20260930T035754826523Z,Forli_2023b,resume:labels_e367e66aad,info,loaded from checkpoint (not recomputed)
2026-09-30T04:08:15,20260930T035754826523Z,Forli_2023b,labels,ok,"source=canonical_gpkg, positives=3856, prevalence=4.5371% of 84,989 observable cells"
2026-09-30T04:08:15,20260930T035754826523Z,Forli_2023b,resume:docs_65b5bd81a4,info,loaded from checkpoint (not recomputed)
2026-09-30T04:08:16,20260930T035754826523Z,Forli_2023b,resume:gazetteer_b8f29a3541,info,loaded from checkpoint (not recomputed)
2026-09-30T04:08:16,20260930T035754826523Z,Forli_2023b,social:gazetteer,info,9 gazetteer names shared with neighbouring towns outside the study area removed
2026-09-30T04:08:17,20260930T035754826523Z,Forli_2023b,social:toponyms,info,"rule t3: 160 gazetteer candidates rejected at acquisition {'name': 0, 'occurrence': 160}"
2026-09-30T04:51:10,20260930T035754826523Z,Forli_2023b,social:places,ok,"265 mentions from 256 documents (gazetteer names=266, geocoder calls=1238, cache hits=15923)"
2026-09-30T04:51:10,20260930T035754826523Z,Forli_2023b,social:concentration,warn,"24 distinct locations, effective 3.78; top place 'Dovadola' = 44% of mentions; top 5: [('Dovadola', 0.442), ('Faenza', 0.238), ('Roncalceci', 0.094), ('Solarolo', 0.034), ('Durazzano', 0.034)]  <- the social layer is carried by very few points; it cannot localise flooding. Check the top places are real places inside the study area"
2026-09-30T04:51:16,20260930T035754826523Z,Forli_2023b,social:localisation,warn,"NOT eligible for the pooled gradient analysis: 239 mentions in the primary window, 3.78 effective locations, top place Dovadola = 0.439 (rule: >= 100, >= 10, <= 0.4)"
2026-09-30T04:51:17,20260930T035754826523Z,Forli_2023b,resume:population_911492b6db,info,loaded from checkpoint (not recomputed)
2026-09-30T04:51:19,20260930T035754826523Z,Forli_2023b,acquire,ok,analysis inputs saved (7.5 MB) in 43.1 min -> Forli_2023b/_analysis_inputs.pkl.gz
2026-09-30T04:51:19,20260930T035754826523Z,PortoAlegre_2024,resume:grid_c36a05bc17,info,loaded from checkpoint (not recomputed)
2026-09-30T04:51:19,20260930T035754826523Z,PortoAlegre_2024,grid,ok,"541x264 raster at 100 m, 141,828 cells in study area, EPSG:32722"
2026-09-30T04:51:20,20260930T035754826523Z,PortoAlegre_2024,resume:physical_c8b2db03fd,info,loaded from checkpoint (not recomputed)
2026-09-30T04:51:20,20260930T035754826523Z,PortoAlegre_2024,resume:labels_11ae2d392e,info,loaded from checkpoint (not recomputed)
2026-09-30T04:51:20,20260930T035754826523Z,PortoAlegre_2024,labels,ok,"source=canonical_gpkg, positives=32153, prevalence=35.1161% of 91,562 observable cells"
2026-09-30T04:51:20,20260930T035754826523Z,PortoAlegre_2024,labels,warn,"prevalence 35.1% is high: Recall@K and AP are near their random baselines by construction, so read info_nats and AUC for this city"
2026-09-30T04:51:21,20260930T035754826523Z,PortoAlegre_2024,social:gdelt_parse,ok,6672 raw rows -> 6672 flood-themed -> 1460 mention the city; 1460 have a page title (0 use URL words + GDELT location names; titles exist only from 2019-09-22)
2026-09-30T04:51:21,20260930T035754826523Z,PortoAlegre_2024,social:gdelt_bigquery,ok,1460 documents in window
2026-09-30T04:51:41,20260930T035754826523Z,PortoAlegre_2024,social:google_news_rss,info,"818 fetched -> 377 kept (441 outside the window, empty or duplicate)"
2026-09-30T04:51:41,20260930T035754826523Z,PortoAlegre_2024,social:google_news_rss,ok,377 documents in window
2026-09-30T04:52:36,20260930T035754826523Z,PortoAlegre_2024,social:reddit_arcticshift,ok,487 documents in window
2026-09-30T04:52:36,20260930T035754826523Z,PortoAlegre_2024,social:petabencana,skip,not an Indonesian city
2026-09-30T04:53:48,20260930T035754826523Z,PortoAlegre_2024,social:wikimedia_commons,skip,GET failed after 4 tries: https://commons.wikimedia.org/w/api.php (HTTP 429)
2026-09-30T04:53:48,20260930T035754826523Z,PortoAlegre_2024,social:dedupe,info,"2324 documents -> 2115 after de-duplication (33 syndicated wire copies, 176 repeated texts or photos)"
2026-09-30T04:53:50,20260930T035754826523Z,PortoAlegre_2024,social:gazetteer,info,6 ambiguous names (same name >2 km apart) dropped
2026-09-30T04:53:50,20260930T035754826523Z,PortoAlegre_2024,social:gazetteer,ok,GeoNames BR: 275 populated places inside the study area -> 383 gazetteer names; 137 names of 99 towns outside it (within 80 km) will not be placed inside it
2026-09-30T04:53:50,20260930T035754826523Z,PortoAlegre_2024,social:gazetteer,info,7 gazetteer names shared with neighbouring towns outside the study area removed
2026-09-30T04:53:51,20260930T035754826523Z,PortoAlegre_2024,social:toponyms,info,"rule t3: 444 gazetteer candidates rejected at acquisition {'name': 52, 'occurrence': 392}"
2026-09-30T05:18:03,20260930T035754826523Z,PortoAlegre_2024,social:places,ok,"288 mentions from 254 documents (gazetteer names=376, geocoder calls=561, cache hits=1989)"
2026-09-30T05:18:03,20260930T035754826523Z,PortoAlegre_2024,social:concentration,info,"43 distinct locations, effective 10.28; top place 'Sao Sebastiao' = 21% of mentions; top 5: [('Sao Sebastiao', 0.212), ('Belem Novo', 0.132), ('Sao Joao', 0.101), ('Sarandi', 0.083), ('Humaita', 0.083)]"
2026-09-30T05:18:08,20260930T035754826523Z,PortoAlegre_2024,social:localisation,warn,"NOT eligible for the pooled gradient analysis: 219 mentions in the primary window, 7.97 effective locations, top place Sao Sebastiao = 0.274 (rule: >= 100, >= 10, <= 0.4)"
2026-09-30T05:18:09,20260930T035754826523Z,PortoAlegre_2024,resume:population_fc0ddbd7f7,info,loaded from checkpoint (not recomputed)
2026-09-30T05:18:10,20260930T035754826523Z,PortoAlegre_2024,acquire,ok,analysis inputs saved (9.4 MB) in 26.9 min -> PortoAlegre_2024/_analysis_inputs.pkl.gz
2026-09-30T05:18:10,20260930T035754826523Z,TaquariValley_2024,resume:grid_b1147904ff,info,loaded from checkpoint (not recomputed)
2026-09-30T05:18:10,20260930T035754826523Z,TaquariValley_2024,grid,ok,"150x95 raster at 100 m, 13,823 cells in study area, EPSG:32722"
2026-09-30T05:18:11,20260930T035754826523Z,TaquariValley_2024,resume:physical_4270429ec5,info,loaded from checkpoint (not recomputed)
2026-09-30T05:18:11,20260930T035754826523Z,TaquariValley_2024,resume:labels_c9df784651,info,loaded from checkpoint (not recomputed)
2026-09-30T05:18:11,20260930T035754826523Z,TaquariValley_2024,labels,ok,"source=canonical_gpkg, positives=463, prevalence=9.2011% of 5,032 observable cells"
2026-09-30T05:18:11,20260930T035754826523Z,TaquariValley_2024,social:gdelt_parse,ok,356 raw rows -> 356 flood-themed -> 350 mention the city; 350 have a page title (0 use URL words + GDELT location names; titles exist only from 2019-09-22)
2026-09-30T05:18:11,20260930T035754826523Z,TaquariValley_2024,social:gdelt_bigquery,ok,350 documents in window
2026-09-30T05:18:31,20260930T035754826523Z,TaquariValley_2024,social:google_news_rss,info,"203 fetched -> 85 kept (118 outside the window, empty or duplicate)"
2026-09-30T05:18:31,20260930T035754826523Z,TaquariValley_2024,social:google_news_rss,ok,85 documents in window
2026-09-30T05:19:28,20260930T035754826523Z,TaquariValley_2024,social:reddit_arcticshift,ok,289 documents in window
2026-09-30T05:19:28,20260930T035754826523Z,TaquariValley_2024,social:petabencana,skip,not an Indonesian city
2026-09-30T05:19:39,20260930T035754826523Z,TaquariValley_2024,social:wikimedia_commons,info,21 geotagged files in the box; 0 flood photos taken in the window
2026-09-30T05:19:39,20260930T035754826523Z,TaquariValley_2024,social:wikimedia_commons,warn,0 documents in window
2026-09-30T05:19:39,20260930T035754826523Z,TaquariValley_2024,social:dedupe,info,"724 documents -> 569 after de-duplication (28 syndicated wire copies, 127 repeated texts or photos)"
2026-09-30T05:19:40,20260930T035754826523Z,TaquariValley_2024,social:gazetteer,ok,GeoNames BR: 6 populated places inside the study area -> 12 gazetteer names; 176 names of 129 towns outside it (within 80 km) will not be placed inside it
2026-09-30T05:19:40,20260930T035754826523Z,TaquariValley_2024,social:gazetteer,info,2 gazetteer names shared with neighbouring towns outside the study area removed
2026-09-30T05:19:40,20260930T035754826523Z,TaquariValley_2024,social:toponyms,info,"rule t3: 6 gazetteer candidates rejected at acquisition {'name': 0, 'occurrence': 6}"
2026-09-30T05:27:00,20260930T035754826523Z,TaquariValley_2024,social:places,ok,"63 mentions from 58 documents (gazetteer names=10, geocoder calls=186, cache hits=431)"
2026-09-30T05:27:00,20260930T035754826523Z,TaquariValley_2024,social:concentration,warn,"8 distinct locations, effective 2.18; top place 'Encantado' = 65% of mentions; top 5: [('Encantado', 0.651), ('Roca Sales', 0.159), ('Roca Sales', 0.079), ('Sao Jose', 0.032), ('Tres Pinheiros', 0.032)]  <- the social layer is carried by very few points; it cannot localise flooding. Check the top places are real places inside the study area"
2026-09-30T05:27:04,20260930T035754826523Z,TaquariValley_2024,social:localisation,warn,"NOT eligible for the pooled gradient analysis: 60 mentions in the primary window, 2.11 effective locations, top place Encantado = 0.667 (rule: >= 100, >= 10, <= 0.4)"
2026-09-30T05:27:05,20260930T035754826523Z,TaquariValley_2024,resume:population_56291df856,info,loaded from checkpoint (not recomputed)
2026-09-30T05:27:05,20260930T035754826523Z,TaquariValley_2024,acquire,ok,analysis inputs saved (1.1 MB) in 8.9 min -> TaquariValley_2024/_analysis_inputs.pkl.gz
2026-09-30T05:27:05,20260930T035754826523Z,Carlisle_2015,resume:grid_4bc1f26076,info,loaded from checkpoint (not recomputed)
2026-09-30T05:27:05,20260930T035754826523Z,Carlisle_2015,grid,ok,"123x117 raster at 100 m, 14,037 cells in study area, EPSG:32630"
2026-09-30T05:27:06,20260930T035754826523Z,Carlisle_2015,resume:physical_40c7476a5d,info,loaded from checkpoint (not recomputed)
2026-09-30T05:27:06,20260930T035754826523Z,Carlisle_2015,resume:labels_e20d76e6f3,info,loaded from checkpoint (not recomputed)
2026-09-30T05:27:06,20260930T035754826523Z,Carlisle_2015,labels,ok,"source=canonical_gpkg, positives=1234, prevalence=8.7911% of 14,037 observable cells"
2026-09-30T05:27:06,20260930T035754826523Z,Carlisle_2015,social:gdelt_parse,ok,3325 raw rows -> 3325 flood-themed -> 3325 mention the city; 0 have a page title (3325 use URL words + GDELT location names; titles exist only from 2019-09-22)
2026-09-30T05:27:06,20260930T035754826523Z,Carlisle_2015,social:gdelt_bigquery,ok,3325 documents in window
2026-09-30T05:27:19,20260930T035754826523Z,Carlisle_2015,social:google_news_rss,info,"244 fetched -> 94 kept (150 outside the window, empty or duplicate)"
2026-09-30T05:27:19,20260930T035754826523Z,Carlisle_2015,social:google_news_rss,ok,94 documents in window
2026-09-30T05:27:47,20260930T035754826523Z,Carlisle_2015,social:reddit_arcticshift,ok,174 documents in window
2026-09-30T05:27:47,20260930T035754826523Z,Carlisle_2015,social:petabencana,skip,not an Indonesian city
2026-09-30T05:29:05,20260930T035754826523Z,Carlisle_2015,social:wikimedia_commons,skip,GET failed after 4 tries: https://commons.wikimedia.org/w/api.php (HTTP 429)
2026-09-30T05:29:05,20260930T035754826523Z,Carlisle_2015,social:dedupe,info,"3593 documents -> 2385 after de-duplication (956 syndicated wire copies, 252 repeated texts or photos)"
2026-09-30T05:29:06,20260930T035754826523Z,Carlisle_2015,social:gazetteer,ok,GeoNames GB: 58 populated places inside the study area -> 60 gazetteer names; 74 names of 74 towns outside it (within 80 km) will not be placed inside it
2026-09-30T06:08:45,20260930T035754826523Z,Carlisle_2015,social:places,ok,"4 mentions from 4 documents (gazetteer names=60, geocoder calls=1159, cache hits=10771)"
2026-09-30T06:08:45,20260930T035754826523Z,Carlisle_2015,social:concentration,warn,"1 distinct locations, effective 1.0; top place 'Harraby' = 100% of mentions; top 5: [('Harraby', 1.0)]  <- the social layer is carried by very few points; it cannot localise flooding. Check the top places are real places inside the study area"
2026-09-30T06:08:46,20260930T035754826523Z,Carlisle_2015,social,warn,sparse social layer: 2 located mentions in the primary window
2026-09-30T06:08:46,20260930T035754826523Z,Carlisle_2015,social:localisation,warn,"NOT eligible for the pooled gradient analysis: 2 mentions in the primary window, 1.0 effective locations, top place Harraby = 1.0 (rule: >= 100, >= 10, <= 0.4)"
2026-09-30T06:08:46,20260930T035754826523Z,Carlisle_2015,resume:population_bbf84a8691,info,loaded from checkpoint (not recomputed)
2026-09-30T06:08:46,20260930T035754826523Z,Carlisle_2015,acquire,ok,analysis inputs saved (0.7 MB) in 41.7 min -> Carlisle_2015/_analysis_inputs.pkl.gz
2026-09-30T06:08:46,20260930T035754826523Z,York_2015,resume:grid_5ca50aa46b,info,loaded from checkpoint (not recomputed)
2026-09-30T06:08:46,20260930T035754826523Z,York_2015,grid,ok,"114x102 raster at 100 m, 10,821 cells in study area, EPSG:32630"
2026-09-30T06:08:47,20260930T035754826523Z,York_2015,resume:physical_9fae66be28,info,loaded from checkpoint (not recomputed)
2026-09-30T06:08:47,20260930T035754826523Z,York_2015,resume:labels_d95413a2d2,info,loaded from checkpoint (not recomputed)
2026-09-30T06:08:47,20260930T035754826523Z,York_2015,labels,ok,"source=canonical_gpkg, positives=514, prevalence=4.7500% of 10,821 observable cells"
2026-09-30T06:08:48,20260930T035754826523Z,York_2015,social:gdelt_parse,ok,8207 raw rows -> 8207 flood-themed -> 8207 mention the city; 0 have a page title (8207 use URL words + GDELT location names; titles exist only from 2019-09-22)
2026-09-30T06:08:48,20260930T035754826523Z,York_2015,social:gdelt_bigquery,ok,8207 documents in window
2026-09-30T06:09:00,20260930T035754826523Z,York_2015,social:google_news_rss,info,"161 fetched -> 69 kept (92 outside the window, empty or duplicate)"
2026-09-30T06:09:00,20260930T035754826523Z,York_2015,social:google_news_rss,ok,69 documents in window
2026-09-30T06:09:33,20260930T035754826523Z,York_2015,social:reddit_arcticshift,ok,558 documents in window
2026-09-30T06:09:33,20260930T035754826523Z,York_2015,social:petabencana,skip,not an Indonesian city
2026-09-30T06:13:04,20260930T035754826523Z,York_2015,social:wikimedia_commons,skip,GET failed after 4 tries: https://commons.wikimedia.org/w/api.php (HTTP 429)
2026-09-30T06:13:04,20260930T035754826523Z,York_2015,social:dedupe,info,"8834 documents -> 4857 after de-duplication (3350 syndicated wire copies, 627 repeated texts or photos)"
2026-09-30T06:13:05,20260930T035754826523Z,York_2015,social:gazetteer,ok,GeoNames GB: 28 populated places inside the study area -> 28 gazetteer names; 358 names of 361 towns outside it (within 80 km) will not be placed inside it
2026-09-30T06:13:05,20260930T035754826523Z,York_2015,social:gazetteer,info,1 gazetteer names shared with neighbouring towns outside the study area removed
2026-09-30T06:13:05,20260930T035754826523Z,York_2015,social:toponyms,info,"rule t3: 93 gazetteer candidates rejected at acquisition {'name': 0, 'occurrence': 93}"
2026-09-30T07:13:38,20260930T035754826523Z,York_2015,social:places,ok,"5 mentions from 3 documents (gazetteer names=27, geocoder calls=1500, cache hits=27162)"
2026-09-30T07:13:38,20260930T035754826523Z,York_2015,social:places,warn,"the geocoder cap (1500) stopped 2180 name lookups; cached names are free on the next run, so re-running widens coverage — raise MAX_GEOCODE_CALLS to finish in one pass"
2026-09-30T07:13:38,20260930T035754826523Z,York_2015,social:concentration,warn,"2 distinct locations, effective 1.92; top place 'New Earswick' = 60% of mentions; top 5: [('New Earswick', 0.6), ('Earswick', 0.4)]  <- the social layer is carried by very few points; it cannot localise flooding. Check the top places are real places inside the study area"
2026-09-30T07:13:38,20260930T035754826523Z,York_2015,social,warn,sparse social layer: 5 located mentions in the primary window
2026-09-30T07:13:38,20260930T035754826523Z,York_2015,social:localisation,warn,"NOT eligible for the pooled gradient analysis: 5 mentions in the primary window, 1.92 effective locations, top place New Earswick = 0.6 (rule: >= 100, >= 10, <= 0.4)"
2026-09-30T07:13:38,20260930T035754826523Z,York_2015,resume:population_2b840f3a46,info,loaded from checkpoint (not recomputed)
2026-09-30T07:13:38,20260930T035754826523Z,York_2015,acquire,ok,analysis inputs saved (0.7 MB) in 64.9 min -> York_2015/_analysis_inputs.pkl.gz
2026-09-30T07:13:39,20260930T035754826523Z,NewYork_2021,resume:grid_bd268b9cbd,info,loaded from checkpoint (not recomputed)
2026-09-30T07:13:39,20260930T035754826523Z,NewYork_2021,grid,ok,"383x361 raster at 100 m, 133,865 cells in study area, EPSG:32618"
2026-09-30T07:13:39,20260930T035754826523Z,NewYork_2021,resume:physical_9b3ad96707,info,loaded from checkpoint (not recomputed)
2026-09-30T07:13:40,20260930T035754826523Z,NewYork_2021,resume:labels_54af0a72e2,info,loaded from checkpoint (not recomputed)
2026-09-30T07:13:40,20260930T035754826523Z,NewYork_2021,labels,ok,"source=usgs_sciencebase, positives=164, prevalence=12.3308% of 1,330 observable cells"
2026-09-30T07:13:41,20260930T035754826523Z,NewYork_2021,social:gdelt_parse,ok,12071 raw rows -> 12071 flood-themed -> 11956 mention the city; 11930 have a page title (26 use URL words + GDELT location names; titles exist only from 2019-09-22)
2026-09-30T07:13:43,20260930T035754826523Z,NewYork_2021,social:gdelt_bigquery,ok,11956 documents in window
2026-09-30T07:13:55,20260930T035754826523Z,NewYork_2021,social:google_news_rss,info,"454 fetched -> 202 kept (252 outside the window, empty or duplicate)"
2026-09-30T07:13:55,20260930T035754826523Z,NewYork_2021,social:google_news_rss,ok,202 documents in window
2026-09-30T07:16:07,20260930T035754826523Z,NewYork_2021,social:reddit_arcticshift,ok,1226 documents in window
2026-09-30T07:16:07,20260930T035754826523Z,NewYork_2021,social:petabencana,skip,not an Indonesian city
2026-09-30T07:16:49,20260930T035754826523Z,NewYork_2021,social:wikimedia_commons,skip,GET failed after 4 tries: https://commons.wikimedia.org/w/api.php (HTTP 429)
2026-09-30T07:16:50,20260930T035754826523Z,NewYork_2021,social:dedupe,info,"13384 documents -> 8225 after de-duplication (4410 syndicated wire copies, 749 repeated texts or photos)"
2026-09-30T07:17:02,20260930T035754826523Z,NewYork_2021,social:gazetteer,info,16 ambiguous names (same name >2 km apart) dropped
2026-09-30T07:17:02,20260930T035754826523Z,NewYork_2021,social:gazetteer,ok,GeoNames US: 518 populated places inside the study area -> 1263 gazetteer names; 739 names of 755 towns outside it (within 80 km) will not be placed inside it
2026-09-30T07:17:02,20260930T035754826523Z,NewYork_2021,social:gazetteer,info,18 gazetteer names shared with neighbouring towns outside the study area removed
2026-09-30T07:17:12,20260930T035754826523Z,NewYork_2021,social:toponyms,info,"rule t3: 1773 gazetteer candidates rejected at acquisition {'name': 123, 'occurrence': 1650}"
2026-09-30T08:44:02,20260930T035754826523Z,NewYork_2021,social:places,ok,"2034 mentions from 1658 documents (gazetteer names=1245, geocoder calls=1500, cache hits=21570)"
2026-09-30T08:44:02,20260930T035754826523Z,NewYork_2021,social:places,warn,"the geocoder cap (1500) stopped 549 name lookups; cached names are free on the next run, so re-running widens coverage — raise MAX_GEOCODE_CALLS to finish in one pass"
2026-09-30T08:44:02,20260930T035754826523Z,NewYork_2021,social:concentration,info,"100 distinct locations, effective 5.4; top place 'Brooklyn' = 36% of mentions; top 5: [('Brooklyn', 0.364), ('Manhattan', 0.192), ('Queens', 0.078), ('Hoboken', 0.056), ('Long Island', 0.041)]"
2026-09-30T08:44:44,20260930T035754826523Z,NewYork_2021,social:localisation,warn,"NOT eligible for the pooled gradient analysis: 1794 mentions in the primary window, 5.55 effective locations, top place Brooklyn = 0.359 (rule: >= 100, >= 10, <= 0.4)"
2026-09-30T08:44:44,20260930T035754826523Z,NewYork_2021,resume:population_f28b9c86e2,info,loaded from checkpoint (not recomputed)
2026-09-30T08:44:45,20260930T035754826523Z,NewYork_2021,acquire,ok,analysis inputs saved (11.9 MB) in 91.1 min -> NewYork_2021/_analysis_inputs.pkl.gz
2026-09-30T08:44:46,20260930T035754826523Z,Houston_SanJacinto_2017,resume:grid_05112b5552,info,loaded from checkpoint (not recomputed)
2026-09-30T08:44:46,20260930T035754826523Z,Houston_SanJacinto_2017,grid,ok,"442x436 raster at 150 m, 184,495 cells in study area, EPSG:32615"
2026-09-30T08:44:46,20260930T035754826523Z,Houston_SanJacinto_2017,grid,warn,cell size 150 m differs from the study default 100 m (large study area); report this per-city resolution in the paper
2026-09-30T08:44:47,20260930T035754826523Z,Houston_SanJacinto_2017,resume:physical_91f8e4a939,info,loaded from checkpoint (not recomputed)
2026-09-30T08:44:47,20260930T035754826523Z,Houston_SanJacinto_2017,resume:labels_276e2926a7,info,loaded from checkpoint (not recomputed)
2026-09-30T08:44:47,20260930T035754826523Z,Houston_SanJacinto_2017,labels,ok,"source=canonical_gpkg, positives=27565, prevalence=30.8375% of 89,388 observable cells"
2026-09-30T08:44:57,20260930T035754826523Z,Houston_SanJacinto_2017,social:gdelt_parse,ok,81621 raw rows -> 81621 flood-themed -> 78179 mention the city; 0 have a page title (78179 use URL words + GDELT location names; titles exist only from 2019-09-22)
2026-09-30T08:44:58,20260930T035754826523Z,Houston_SanJacinto_2017,social:gdelt_bigquery,info,"78179 fetched -> 78156 kept (23 outside the window, empty or duplicate)"
2026-09-30T08:44:58,20260930T035754826523Z,Houston_SanJacinto_2017,social:gdelt_bigquery,ok,78156 documents in window
2026-09-30T08:45:09,20260930T035754826523Z,Houston_SanJacinto_2017,social:google_news_rss,info,"68 fetched -> 35 kept (33 outside the window, empty or duplicate)"
2026-09-30T08:45:09,20260930T035754826523Z,Houston_SanJacinto_2017,social:google_news_rss,ok,35 documents in window
2026-09-30T08:49:11,20260930T035754826523Z,Houston_SanJacinto_2017,social:reddit_arcticshift,ok,2995 documents in window
2026-09-30T08:49:11,20260930T035754826523Z,Houston_SanJacinto_2017,social:petabencana,skip,not an Indonesian city
2026-09-30T08:49:52,20260930T035754826523Z,Houston_SanJacinto_2017,social:wikimedia_commons,skip,GET failed after 4 tries: https://commons.wikimedia.org/w/api.php (HTTP 429)
2026-09-30T08:49:53,20260930T035754826523Z,Houston_SanJacinto_2017,social:dedupe,info,"81186 documents -> 42560 after de-duplication (30262 syndicated wire copies, 8364 repeated texts or photos)"
2026-09-30T08:50:00,20260930T035754826523Z,Houston_SanJacinto_2017,social:gazetteer,ok,GeoNames US: 339 populated places inside the study area -> 475 gazetteer names; 104 names of 104 towns outside it (within 80 km) will not be placed inside it
2026-09-30T08:50:00,20260930T035754826523Z,Houston_SanJacinto_2017,social:gazetteer,info,1 gazetteer names shared with neighbouring towns outside the study area removed
2026-09-30T08:50:14,20260930T035754826523Z,Houston_SanJacinto_2017,social:toponyms,info,"rule t3: 1707 gazetteer candidates rejected at acquisition {'name': 807, 'occurrence': 900}"
2026-09-30T10:13:30,20260930T101110636986Z,Chennai_2015,label:verify,ok,file_url NRSC 2015 flood inundation zone (via Chennai SDSS; image date/sensor not stated): ok 5475 kB
2026-09-30T10:13:38,20260930T101110636986Z,Chennai_2015,label:verify,ok,file_url GCC water-stagnation locations 2015 (points): ok 513 kB
2026-09-30T10:13:38,20260930T101110636986Z,Chennai_2015,label:verify,ok,"file_url OSM-India crowdsourced flooded streets, 11:00 2 Dec 2015: ok 949 kB"
2026-09-30T10:13:39,20260930T101110636986Z,Chennai_2015,label:verify,ok,gfd Global Flood Database DFO 4309 (MODIS 250 m): ok 108 kB
2026-09-30T10:24:22,20260930T101110636986Z,Chennai_2023,label:verify,ok,ai4g_sar AI4G tile N12E078 (Sentinel-1 detections): ok 106787 kB
2026-09-30T10:24:22,20260930T101110636986Z,Valencia_2024,label:verify,ok,copernicus_ems EMSR773 (DEL images 30 Oct - 8 Nov 2024): ok 233 kB
2026-09-30T10:24:22,20260930T101110636986Z,EmiliaRomagna_2023a,label:verify,ok,copernicus_ems EMSR659 (DEL images 4 May 2023): ok 36 kB
2026-09-30T10:24:22,20260930T101110636986Z,Forli_2023b,label:verify,ok,copernicus_ems EMSR664 AOI01 Forlì (DEL images 17-21 May 2023): ok 42 kB
2026-09-30T10:24:23,20260930T101110636986Z,PortoAlegre_2024,label:verify,ok,arcgis_featureserver EMSN194 Extent Temporal Evolution layers: ok 3 kB
2026-09-30T10:24:23,20260930T101110636986Z,TaquariValley_2024,label:verify,ok,"copernicus_ems EMSR720 (AOIs Guaporé, Encantado, Roca Sales, Das Antas, Santa Tereza): ok 65 kB"
2026-09-30T10:24:23,20260930T101110636986Z,Carlisle_2015,label:verify,ok,file_url EA Recorded Flood Outline rec_out_id 4078182 'Carlisle (including Crosby-on-Eden) 05_12_2015': ok 53 kB
2026-09-30T10:24:37,20260930T101110636986Z,Carlisle_2015,label:verify,ok,copernicus_ems EMSR147 AOI01 Carlisle delineation: ok 1930 kB
2026-09-30T10:24:38,20260930T101110636986Z,York_2015,label:verify,ok,file_url EA Recorded Flood Outline rec_out_id 4084890 'December 2015 Flood Event' (Ouse/Derwent; clipped to York): ok 2878 kB
2026-09-30T10:24:56,20260930T101110636986Z,York_2015,label:verify,ok,copernicus_ems EMSR150 AOI01 York delineation: ok 2481 kB
2026-09-30T10:24:56,20260930T101110636986Z,NewYork_2021,label:verify,warn,usgs_sciencebase USGS 10.5066/P9JF4OWB depth rasters (within 250 m of the 83 HWM sites): http 403 6 kB
2026-09-30T10:24:57,20260930T101110636986Z,NewYork_2021,label:verify,ok,"usgs_stn STN event 312 (2021 Ida), NYC counties: ok 57 kB"
2026-09-30T10:24:57,20260930T101110636986Z,Houston_SanJacinto_2017,label:verify,warn,"usgs_sciencebase USGS 10.5066/F7VH5N3N, San Jacinto child 5aa023ebe4b0b1c392e6881b: http 403 6 kB"
2026-09-30T10:24:59,20260930T101110636986Z,Houston_SanJacinto_2017,label:verify,ok,"usgs_stn STN event 180 (2017 Harvey), Harris + Montgomery counties: ok 792 kB"
2026-09-30T10:25:00,20260930T101110636986Z,Jakarta_2020,label:verify,ok,petabencana reports archive (crowdsourced): ok 180 kB
2026-09-30T10:25:03,20260930T101110636986Z,Chennai_2015,label:assets,info,"already frozen (Chennai_2015_labels.gpkg, 2009 features, coverage polygons 0, sha256 3ef3d94f6435); set REFREEZE_LABEL_FILES=True to rebuild"
2026-09-30T10:25:03,20260930T101110636986Z,Bengaluru_2024,label:assets,info,"no vector label source in this chain (satellite labels are computed in Earth Engine, nothing to freeze)"
2026-09-30T10:25:03,20260930T101110636986Z,Chennai_2023,label:assets,info,"no vector label source in this chain (satellite labels are computed in Earth Engine, nothing to freeze)"
2026-09-30T10:25:05,20260930T101110636986Z,Valencia_2024,label:assets,info,"already frozen (Valencia_2024_labels.gpkg, 2220 features, coverage polygons 6, sha256 a7174d9b527b); set REFREEZE_LABEL_FILES=True to rebuild"
2026-09-30T10:25:06,20260930T101110636986Z,EmiliaRomagna_2023a,label:assets,info,"already frozen (EmiliaRomagna_2023a_labels.gpkg, 406 features, coverage polygons 4, sha256 a7f1d106afee); set REFREEZE_LABEL_FILES=True to rebuild"
2026-09-30T10:25:07,20260930T101110636986Z,Forli_2023b,label:assets,info,"already frozen (Forli_2023b_labels.gpkg, 1991 features, coverage polygons 4, sha256 3b9e9a15498b); set REFREEZE_LABEL_FILES=True to rebuild"
2026-09-30T10:25:08,20260930T101110636986Z,PortoAlegre_2024,label:assets,info,"already frozen (PortoAlegre_2024_labels.gpkg, 13011 features, coverage polygons 4, sha256 b1d2bd15f3b9); set REFREEZE_LABEL_FILES=True to rebuild"
2026-09-30T10:25:09,20260930T101110636986Z,TaquariValley_2024,label:assets,info,"already frozen (TaquariValley_2024_labels.gpkg, 641 features, coverage polygons 3, sha256 fd285474e6e9); set REFREEZE_LABEL_FILES=True to rebuild"
2026-09-30T10:25:10,20260930T101110636986Z,Carlisle_2015,label:assets,info,"already frozen (Carlisle_2015_labels.gpkg, 1 features, coverage polygons 0, sha256 7e6f1fba50dd); set REFREEZE_LABEL_FILES=True to rebuild"
2026-09-30T10:25:10,20260930T101110636986Z,York_2015,label:assets,info,"already frozen (York_2015_labels.gpkg, 1 features, coverage polygons 0, sha256 a649b08810b6); set REFREEZE_LABEL_FILES=True to rebuild"
2026-09-30T10:25:11,20260930T101110636986Z,NewYork_2021,label:assets,warn,could not freeze usgs_sciencebase: ScienceBase item 63badf22d34e92aad3cd279e unavailable
2026-09-30T10:25:13,20260930T101110636986Z,Houston_SanJacinto_2017,label:assets,info,"already frozen (Houston_SanJacinto_2017_labels.gpkg, 1 features, coverage polygons 1, sha256 d202af054a80); set REFREEZE_LABEL_FILES=True to rebuild"
2026-09-30T10:25:14,20260930T101110636986Z,Jakarta_2020,label:assets,info,"already frozen (Jakarta_2020_labels.gpkg, 255 features, coverage polygons 0, sha256 8fb4ee55dbac); set REFREEZE_LABEL_FILES=True to rebuild"
2026-09-30T10:25:14,20260930T101110636986Z,,label:assets,ok,manifest written: /content/drive/MyDrive/saturation_v4/label_assets/label_assets_manifest.csv
2026-09-30T10:25:17,20260930T101110636986Z,Chennai_2015,resume:grid_a9aa5a577a,info,loaded from checkpoint (not recomputed)
2026-09-30T10:25:17,20260930T101110636986Z,Chennai_2015,grid,ok,"400x251 raster at 100 m, 41,919 cells in study area, EPSG:32644"
2026-09-30T10:25:18,20260930T101110636986Z,Chennai_2015,resume:physical_beaab38215,info,loaded from checkpoint (not recomputed)
2026-09-30T10:25:18,20260930T101110636986Z,Chennai_2015,resume:labels_ea10f0be23,info,loaded from checkpoint (not recomputed)
2026-09-30T10:25:18,20260930T101110636986Z,Chennai_2015,labels,ok,"source=canonical_gpkg, positives=9404, prevalence=22.4337% of 41,919 observable cells"
2026-09-30T10:25:19,20260930T101110636986Z,Chennai_2015,resume:docs_6e7983aceb,info,loaded from checkpoint (not recomputed)
2026-09-30T10:25:20,20260930T101110636986Z,Chennai_2015,resume:gazetteer_355db48032,info,loaded from checkpoint (not recomputed)
2026-09-30T10:25:21,20260930T101110636986Z,Chennai_2015,resume:mentions_3f9b56f65f,info,loaded from checkpoint (not recomputed)
2026-09-30T10:25:23,20260930T101110636986Z,Chennai_2015,social:localisation,ok,"eligible for the pooled gradient analysis: 3029 mentions in the primary window, 19.27 effective locations, top place Adyar = 0.146 (rule: >= 100, >= 10, <= 0.4)"
2026-09-30T10:25:24,20260930T101110636986Z,Chennai_2015,resume:population_61b9bac9a9,info,loaded from checkpoint (not recomputed)
2026-09-30T10:25:25,20260930T101110636986Z,Chennai_2015,acquire,ok,analysis inputs saved (3.8 MB) in 0.2 min -> Chennai_2015/_analysis_inputs.pkl.gz
2026-09-30T10:25:26,20260930T101110636986Z,Bengaluru_2024,resume:grid_1f44ec53fc,info,loaded from checkpoint (not recomputed)
2026-09-30T10:25:26,20260930T101110636986Z,Bengaluru_2024,grid,ok,"393x385 raster at 100 m, 71,721 cells in study area, EPSG:32643"
2026-09-30T10:25:27,20260930T101110636986Z,Bengaluru_2024,resume:physical_8880a8d1c1,info,loaded from checkpoint (not recomputed)
2026-09-30T10:25:27,20260930T101110636986Z,Bengaluru_2024,resume:labels_c42eab6a46,info,loaded from checkpoint (not recomputed)
2026-09-30T10:25:27,20260930T101110636986Z,Bengaluru_2024,ladder,info,label is Sentinel-1-derived (s1_change): the SAR rung is removed from every ladder so the model cannot rediscover the label
2026-09-30T10:25:27,20260930T101110636986Z,Bengaluru_2024,labels,ok,"source=s1_change, positives=277, prevalence=0.6410% of 43,211 observable cells"
2026-09-30T10:25:28,20260930T101110636986Z,Bengaluru_2024,resume:docs_94d643683d,info,loaded from checkpoint (not recomputed)
2026-09-30T10:25:29,20260930T101110636986Z,Bengaluru_2024,resume:gazetteer_d7fa793f4b,info,loaded from checkpoint (not recomputed)
2026-09-30T10:25:30,20260930T101110636986Z,Bengaluru_2024,resume:mentions_1d86a522e2,info,loaded from checkpoint (not recomputed)
2026-09-30T10:25:31,20260930T101110636986Z,Bengaluru_2024,social:localisation,warn,"NOT eligible for the pooled gradient analysis: 128 mentions in the primary window, 2.31 effective locations, top place Yelahanka = 0.625 (rule: >= 100, >= 10, <= 0.4)"
2026-09-30T10:25:32,20260930T101110636986Z,Bengaluru_2024,resume:population_20b3b6e5f7,info,loaded from checkpoint (not recomputed)
2026-09-30T10:25:34,20260930T101110636986Z,Bengaluru_2024,acquire,ok,analysis inputs saved (6.0 MB) in 0.1 min -> Bengaluru_2024/_analysis_inputs.pkl.gz
2026-09-30T10:25:35,20260930T101110636986Z,Chennai_2023,resume:grid_55fab970e8,info,loaded from checkpoint (not recomputed)
2026-09-30T10:25:35,20260930T101110636986Z,Chennai_2023,grid,ok,"400x251 raster at 100 m, 41,919 cells in study area, EPSG:32644"
2026-09-30T10:25:35,20260930T101110636986Z,Chennai_2023,resume:physical_d84e13ee16,info,loaded from checkpoint (not recomputed)
2026-09-30T10:25:40,20260930T101110636986Z,Chennai_2023,label:ai4g_sar,warn,"unavailable: AI4G: 0 detections in 2023-12-02..2023-12-14, none after the dataset-card filters"
2026-09-30T10:26:09,20260930T101110636986Z,Chennai_2023,label:s2_change,warn,unavailable: only 18% of cells observed cloud-free after the event (< 50%)
2026-09-30T10:26:10,20260930T101110636986Z,Chennai_2023,label:s1_change,warn,"unavailable: no usable Sentinel-1 event/baseline pair (event scenes=0); nearest acquisitions: ['2023-10-25', '2023-11-06', '2023-11-18', '2023-11-30', '2024-01-17']"
2026-09-30T10:26:11,20260930T101110636986Z,Chennai_2023,acquire,fail,"RuntimeError: no label source passed (ai4g_sar: AI4G: 0 detections in 2023-12-02..2023-12-14, none after the dataset-card filters; s2_change: only 18% of cells observed cloud-free after the event (< 50%); s1_change: no usable Sentinel-1 event/baseline pair (event scenes=0); nearest acquisitions: ['2023-10-25', '2023-11-06', '2023-11-18', '2023-11-30', '2024-01-17']). Details in label_attempts.json (traceback in Chennai_2023_ERROR.txt)"
2026-09-30T10:26:11,20260930T101110636986Z,Valencia_2024,resume:grid_4e795b1ca1,info,loaded from checkpoint (not recomputed)
2026-09-30T10:26:11,20260930T101110636986Z,Valencia_2024,grid,ok,"228x180 raster at 100 m, 38,269 cells in study area, EPSG:32630"
2026-09-30T10:26:12,20260930T101110636986Z,Valencia_2024,resume:physical_6ff3351ddc,info,loaded from checkpoint (not recomputed)
2026-09-30T10:26:13,20260930T101110636986Z,Valencia_2024,resume:labels_1e4d01701d,info,loaded from checkpoint (not recomputed)
2026-09-30T10:26:13,20260930T101110636986Z,Valencia_2024,labels,ok,"source=canonical_gpkg, positives=10477, prevalence=27.3773% of 38,269 observable cells"
2026-09-30T10:26:14,20260930T101110636986Z,Valencia_2024,resume:docs_2f540ba8d1,info,loaded from checkpoint (not recomputed)
2026-09-30T10:26:15,20260930T101110636986Z,Valencia_2024,resume:gazetteer_105b05a4ac,info,loaded from checkpoint (not recomputed)
2026-09-30T10:26:15,20260930T101110636986Z,Valencia_2024,resume:mentions_c81d06e4e1,info,loaded from checkpoint (not recomputed)
2026-09-30T10:26:18,20260930T101110636986Z,Valencia_2024,social:localisation,warn,"NOT eligible for the pooled gradient analysis: 1802 mentions in the primary window, 3.92 effective locations, top place Paiporta = 0.444 (rule: >= 100, >= 10, <= 0.4)"
2026-09-30T10:26:18,20260930T101110636986Z,Valencia_2024,resume:population_f9f40345d9,info,loaded from checkpoint (not recomputed)
2026-09-30T10:26:20,20260930T101110636986Z,Valencia_2024,acquire,ok,analysis inputs saved (3.8 MB) in 0.1 min -> Valencia_2024/_analysis_inputs.pkl.gz
2026-09-30T10:26:20,20260930T101110636986Z,EmiliaRomagna_2023a,resume:grid_d82ee58a5f,info,loaded from checkpoint (not recomputed)
2026-09-30T10:26:20,20260930T101110636986Z,EmiliaRomagna_2023a,grid,ok,"387x397 raster at 100 m, 143,322 cells in study area, EPSG:32632"
2026-09-30T10:26:21,20260930T101110636986Z,EmiliaRomagna_2023a,resume:physical_bd2ae38243,info,loaded from checkpoint (not recomputed)
2026-09-30T10:26:21,20260930T101110636986Z,EmiliaRomagna_2023a,resume:labels_fe350fbe87,info,loaded from checkpoint (not recomputed)
2026-09-30T10:26:21,20260930T101110636986Z,EmiliaRomagna_2023a,labels,ok,"source=canonical_gpkg, positives=2576, prevalence=13.1523% of 19,586 observable cells"
2026-09-30T10:26:22,20260930T101110636986Z,EmiliaRomagna_2023a,resume:docs_7e901f5269,info,loaded from checkpoint (not recomputed)
2026-09-30T10:26:23,20260930T101110636986Z,EmiliaRomagna_2023a,resume:gazetteer_e5429930ba,info,loaded from checkpoint (not recomputed)
2026-09-30T10:26:24,20260930T101110636986Z,EmiliaRomagna_2023a,resume:mentions_bba56293e2,info,loaded from checkpoint (not recomputed)
2026-09-30T10:26:26,20260930T101110636986Z,EmiliaRomagna_2023a,social:localisation,warn,"NOT eligible for the pooled gradient analysis: 262 mentions in the primary window, 5.29 effective locations, top place Lavezzola = 0.336 (rule: >= 100, >= 10, <= 0.4)"
2026-09-30T10:26:27,20260930T101110636986Z,EmiliaRomagna_2023a,resume:population_5788997820,info,loaded from checkpoint (not recomputed)
2026-09-30T10:26:33,20260930T101110636986Z,EmiliaRomagna_2023a,acquire,ok,analysis inputs saved (10.7 MB) in 0.2 min -> EmiliaRomagna_2023a/_analysis_inputs.pkl.gz
2026-09-30T10:26:35,20260930T101110636986Z,Forli_2023b,resume:grid_cef2163465,info,loaded from checkpoint (not recomputed)
2026-09-30T10:26:35,20260930T101110636986Z,Forli_2023b,grid,ok,"316x320 raster at 100 m, 93,651 cells in study area, EPSG:32633"
2026-09-30T10:26:35,20260930T101110636986Z,Forli_2023b,resume:physical_18b1d715d7,info,loaded from checkpoint (not recomputed)
2026-09-30T10:26:36,20260930T101110636986Z,Forli_2023b,resume:labels_e367e66aad,info,loaded from checkpoint (not recomputed)
2026-09-30T10:26:36,20260930T101110636986Z,Forli_2023b,labels,ok,"source=canonical_gpkg, positives=3856, prevalence=4.5371% of 84,989 observable cells"
2026-09-30T10:26:36,20260930T101110636986Z,Forli_2023b,resume:docs_65b5bd81a4,info,loaded from checkpoint (not recomputed)
2026-09-30T10:26:38,20260930T101110636986Z,Forli_2023b,resume:gazetteer_b8f29a3541,info,loaded from checkpoint (not recomputed)
2026-09-30T10:26:38,20260930T101110636986Z,Forli_2023b,resume:mentions_cc0e299e5e,info,loaded from checkpoint (not recomputed)
2026-09-30T10:26:41,20260930T101110636986Z,Forli_2023b,social:localisation,warn,"NOT eligible for the pooled gradient analysis: 239 mentions in the primary window, 3.78 effective locations, top place Dovadola = 0.439 (rule: >= 100, >= 10, <= 0.4)"
2026-09-30T10:26:41,20260930T101110636986Z,Forli_2023b,resume:population_911492b6db,info,loaded from checkpoint (not recomputed)
2026-09-30T10:26:43,20260930T101110636986Z,Forli_2023b,acquire,ok,analysis inputs saved (7.5 MB) in 0.2 min -> Forli_2023b/_analysis_inputs.pkl.gz
2026-09-30T10:26:44,20260930T101110636986Z,PortoAlegre_2024,resume:grid_c36a05bc17,info,loaded from checkpoint (not recomputed)
2026-09-30T10:26:44,20260930T101110636986Z,PortoAlegre_2024,grid,ok,"541x264 raster at 100 m, 141,828 cells in study area, EPSG:32722"
2026-09-30T10:26:45,20260930T101110636986Z,PortoAlegre_2024,resume:physical_c8b2db03fd,info,loaded from checkpoint (not recomputed)
2026-09-30T10:26:45,20260930T101110636986Z,PortoAlegre_2024,resume:labels_11ae2d392e,info,loaded from checkpoint (not recomputed)
2026-09-30T10:26:45,20260930T101110636986Z,PortoAlegre_2024,labels,ok,"source=canonical_gpkg, positives=32153, prevalence=35.1161% of 91,562 observable cells"
2026-09-30T10:26:45,20260930T101110636986Z,PortoAlegre_2024,labels,warn,"prevalence 35.1% is high: Recall@K and AP are near their random baselines by construction, so read info_nats and AUC for this city"
2026-09-30T10:26:46,20260930T101110636986Z,PortoAlegre_2024,resume:docs_193aad98fb,info,loaded from checkpoint (not recomputed)
2026-09-30T10:26:48,20260930T101110636986Z,PortoAlegre_2024,resume:gazetteer_e722c0447a,info,loaded from checkpoint (not recomputed)
2026-09-30T10:26:49,20260930T101110636986Z,PortoAlegre_2024,resume:mentions_682f0308c5,info,loaded from checkpoint (not recomputed)
2026-09-30T10:26:50,20260930T101110636986Z,PortoAlegre_2024,social:localisation,warn,"NOT eligible for the pooled gradient analysis: 219 mentions in the primary window, 7.97 effective locations, top place Sao Sebastiao = 0.274 (rule: >= 100, >= 10, <= 0.4)"
2026-09-30T10:26:51,20260930T101110636986Z,PortoAlegre_2024,resume:population_fc0ddbd7f7,info,loaded from checkpoint (not recomputed)
2026-09-30T10:26:53,20260930T101110636986Z,PortoAlegre_2024,acquire,ok,analysis inputs saved (9.4 MB) in 0.2 min -> PortoAlegre_2024/_analysis_inputs.pkl.gz
2026-09-30T10:26:54,20260930T101110636986Z,TaquariValley_2024,resume:grid_b1147904ff,info,loaded from checkpoint (not recomputed)
2026-09-30T10:26:54,20260930T101110636986Z,TaquariValley_2024,grid,ok,"150x95 raster at 100 m, 13,823 cells in study area, EPSG:32722"
2026-09-30T10:26:54,20260930T101110636986Z,TaquariValley_2024,resume:physical_4270429ec5,info,loaded from checkpoint (not recomputed)
2026-09-30T10:26:55,20260930T101110636986Z,TaquariValley_2024,resume:labels_c9df784651,info,loaded from checkpoint (not recomputed)
2026-09-30T10:26:55,20260930T101110636986Z,TaquariValley_2024,labels,ok,"source=canonical_gpkg, positives=463, prevalence=9.2011% of 5,032 observable cells"
2026-09-30T10:26:55,20260930T101110636986Z,TaquariValley_2024,resume:docs_b3bb324043,info,loaded from checkpoint (not recomputed)
2026-09-30T10:26:56,20260930T101110636986Z,TaquariValley_2024,resume:gazetteer_3b04cc1643,info,loaded from checkpoint (not recomputed)
2026-09-30T10:26:57,20260930T101110636986Z,TaquariValley_2024,resume:mentions_b15e945408,info,loaded from checkpoint (not recomputed)
2026-09-30T10:26:58,20260930T101110636986Z,TaquariValley_2024,social:localisation,warn,"NOT eligible for the pooled gradient analysis: 60 mentions in the primary window, 2.11 effective locations, top place Encantado = 0.667 (rule: >= 100, >= 10, <= 0.4)"
2026-09-30T10:26:58,20260930T101110636986Z,TaquariValley_2024,resume:population_56291df856,info,loaded from checkpoint (not recomputed)
2026-09-30T10:26:59,20260930T101110636986Z,TaquariValley_2024,acquire,ok,analysis inputs saved (1.1 MB) in 0.1 min -> TaquariValley_2024/_analysis_inputs.pkl.gz
2026-09-30T10:27:00,20260930T101110636986Z,Carlisle_2015,resume:grid_4bc1f26076,info,loaded from checkpoint (not recomputed)
2026-09-30T10:27:00,20260930T101110636986Z,Carlisle_2015,grid,ok,"123x117 raster at 100 m, 14,037 cells in study area, EPSG:32630"
2026-09-30T10:27:00,20260930T101110636986Z,Carlisle_2015,resume:physical_40c7476a5d,info,loaded from checkpoint (not recomputed)
2026-09-30T10:27:01,20260930T101110636986Z,Carlisle_2015,resume:labels_e20d76e6f3,info,loaded from checkpoint (not recomputed)
2026-09-30T10:27:01,20260930T101110636986Z,Carlisle_2015,labels,ok,"source=canonical_gpkg, positives=1234, prevalence=8.7911% of 14,037 observable cells"
2026-09-30T10:27:01,20260930T101110636986Z,Carlisle_2015,resume:docs_22903bba5c,info,loaded from checkpoint (not recomputed)
2026-09-30T10:27:03,20260930T101110636986Z,Carlisle_2015,resume:gazetteer_1af3e8865d,info,loaded from checkpoint (not recomputed)
2026-09-30T10:27:03,20260930T101110636986Z,Carlisle_2015,resume:mentions_7a4a354f73,info,loaded from checkpoint (not recomputed)
2026-09-30T10:27:04,20260930T101110636986Z,Carlisle_2015,social,warn,sparse social layer: 2 located mentions in the primary window
2026-09-30T10:27:04,20260930T101110636986Z,Carlisle_2015,social:localisation,warn,"NOT eligible for the pooled gradient analysis: 2 mentions in the primary window, 1.0 effective locations, top place Harraby = 1.0 (rule: >= 100, >= 10, <= 0.4)"
2026-09-30T10:27:05,20260930T101110636986Z,Carlisle_2015,resume:population_bbf84a8691,info,loaded from checkpoint (not recomputed)
2026-09-30T10:27:06,20260930T101110636986Z,Carlisle_2015,acquire,ok,analysis inputs saved (0.7 MB) in 0.1 min -> Carlisle_2015/_analysis_inputs.pkl.gz
2026-09-30T10:27:06,20260930T101110636986Z,York_2015,resume:grid_5ca50aa46b,info,loaded from checkpoint (not recomputed)
2026-09-30T10:27:06,20260930T101110636986Z,York_2015,grid,ok,"114x102 raster at 100 m, 10,821 cells in study area, EPSG:32630"
2026-09-30T10:27:07,20260930T101110636986Z,York_2015,resume:physical_9fae66be28,info,loaded from checkpoint (not recomputed)
2026-09-30T10:27:08,20260930T101110636986Z,York_2015,resume:labels_d95413a2d2,info,loaded from checkpoint (not recomputed)
2026-09-30T10:27:08,20260930T101110636986Z,York_2015,labels,ok,"source=canonical_gpkg, positives=514, prevalence=4.7500% of 10,821 observable cells"
2026-09-30T10:27:09,20260930T101110636986Z,York_2015,resume:docs_3f85ff559f,info,loaded from checkpoint (not recomputed)
2026-09-30T10:27:10,20260930T101110636986Z,York_2015,resume:gazetteer_66f1cf7f73,info,loaded from checkpoint (not recomputed)
2026-09-30T10:27:10,20260930T101110636986Z,York_2015,resume:mentions_16000b2fcb,info,loaded from checkpoint (not recomputed)
2026-09-30T10:27:12,20260930T101110636986Z,York_2015,social,warn,sparse social layer: 5 located mentions in the primary window
2026-09-30T10:27:12,20260930T101110636986Z,York_2015,social:localisation,warn,"NOT eligible for the pooled gradient analysis: 5 mentions in the primary window, 1.92 effective locations, top place New Earswick = 0.6 (rule: >= 100, >= 10, <= 0.4)"
2026-09-30T10:27:12,20260930T101110636986Z,York_2015,resume:population_2b840f3a46,info,loaded from checkpoint (not recomputed)
2026-09-30T10:27:13,20260930T101110636986Z,York_2015,acquire,ok,analysis inputs saved (0.7 MB) in 0.1 min -> York_2015/_analysis_inputs.pkl.gz
2026-09-30T10:27:14,20260930T101110636986Z,NewYork_2021,resume:grid_bd268b9cbd,info,loaded from checkpoint (not recomputed)
2026-09-30T10:27:14,20260930T101110636986Z,NewYork_2021,grid,ok,"383x361 raster at 100 m, 133,865 cells in study area, EPSG:32618"
2026-09-30T10:27:15,20260930T101110636986Z,NewYork_2021,resume:physical_9b3ad96707,info,loaded from checkpoint (not recomputed)
2026-09-30T10:27:16,20260930T101110636986Z,NewYork_2021,resume:labels_54af0a72e2,info,loaded from checkpoint (not recomputed)
2026-09-30T10:27:16,20260930T101110636986Z,NewYork_2021,labels,ok,"source=usgs_sciencebase, positives=164, prevalence=12.3308% of 1,330 observable cells"
2026-09-30T10:27:16,20260930T101110636986Z,NewYork_2021,resume:docs_45667837d7,info,loaded from checkpoint (not recomputed)
2026-09-30T10:27:18,20260930T101110636986Z,NewYork_2021,resume:gazetteer_2cf92e1aa6,info,loaded from checkpoint (not recomputed)
2026-09-30T10:27:18,20260930T101110636986Z,NewYork_2021,resume:mentions_83cd2c80ad,info,loaded from checkpoint (not recomputed)
2026-09-30T10:27:20,20260930T101110636986Z,NewYork_2021,social:localisation,warn,"NOT eligible for the pooled gradient analysis: 1794 mentions in the primary window, 5.55 effective locations, top place Brooklyn = 0.359 (rule: >= 100, >= 10, <= 0.4)"
2026-09-30T10:27:21,20260930T101110636986Z,NewYork_2021,resume:population_f28b9c86e2,info,loaded from checkpoint (not recomputed)
2026-09-30T10:27:24,20260930T101110636986Z,NewYork_2021,acquire,ok,analysis inputs saved (11.9 MB) in 0.2 min -> NewYork_2021/_analysis_inputs.pkl.gz
2026-09-30T10:27:25,20260930T101110636986Z,Houston_SanJacinto_2017,resume:grid_05112b5552,info,loaded from checkpoint (not recomputed)
2026-09-30T10:27:25,20260930T101110636986Z,Houston_SanJacinto_2017,grid,ok,"442x436 raster at 150 m, 184,495 cells in study area, EPSG:32615"
2026-09-30T10:27:25,20260930T101110636986Z,Houston_SanJacinto_2017,grid,warn,cell size 150 m differs from the study default 100 m (large study area); report this per-city resolution in the paper
2026-09-30T10:27:26,20260930T101110636986Z,Houston_SanJacinto_2017,resume:physical_91f8e4a939,info,loaded from checkpoint (not recomputed)
2026-09-30T10:27:27,20260930T101110636986Z,Houston_SanJacinto_2017,resume:labels_276e2926a7,info,loaded from checkpoint (not recomputed)
2026-09-30T10:27:27,20260930T101110636986Z,Houston_SanJacinto_2017,labels,ok,"source=canonical_gpkg, positives=27565, prevalence=30.8375% of 89,388 observable cells"
2026-09-30T10:27:28,20260930T101110636986Z,Houston_SanJacinto_2017,resume:docs_99ca6f6e16,info,loaded from checkpoint (not recomputed)
2026-09-30T10:27:29,20260930T101110636986Z,Houston_SanJacinto_2017,resume:gazetteer_ee39dac93a,info,loaded from checkpoint (not recomputed)
2026-09-30T10:27:30,20260930T101110636986Z,Houston_SanJacinto_2017,social:gazetteer,info,1 gazetteer names shared with neighbouring towns outside the study area removed
2026-09-30T10:27:54,20260930T101110636986Z,Houston_SanJacinto_2017,social:toponyms,info,"rule t3: 1707 gazetteer candidates rejected at acquisition {'name': 807, 'occurrence': 900}"
2026-09-30T14:07:59,20260930T101110636986Z,Houston_SanJacinto_2017,social:places,ok,"995 mentions from 916 documents (gazetteer names=474, geocoder calls=1500, cache hits=110525)"
2026-09-30T14:07:59,20260930T101110636986Z,Houston_SanJacinto_2017,social:places,warn,"the geocoder cap (1500) stopped 11971 name lookups; cached names are free on the next run, so re-running widens coverage — raise MAX_GEOCODE_CALLS to finish in one pass"
2026-09-30T14:07:59,20260930T101110636986Z,Houston_SanJacinto_2017,social:concentration,info,"58 distinct locations, effective 6.29; top place 'Kingwood' = 27% of mentions; top 5: [('Kingwood', 0.268), ('Jersey Village', 0.265), ('Tomball', 0.097), ('Conroe', 0.034), ('North Houston', 0.033)]"
2026-09-30T14:08:38,20260930T101110636986Z,Houston_SanJacinto_2017,social:localisation,warn,"NOT eligible for the pooled gradient analysis: 437 mentions in the primary window, 4.82 effective locations, top place Kingwood = 0.414 (rule: >= 100, >= 10, <= 0.4)"
2026-09-30T14:08:38,20260930T101110636986Z,Houston_SanJacinto_2017,resume:population_930d8c92fe,info,loaded from checkpoint (not recomputed)
2026-09-30T14:08:42,20260930T101110636986Z,Houston_SanJacinto_2017,acquire,ok,analysis inputs saved (13.3 MB) in 221.3 min -> Houston_SanJacinto_2017/_analysis_inputs.pkl.gz
2026-09-30T14:08:44,20260930T101110636986Z,Jakarta_2020,grid,ok,"323x356 raster at 100 m, 71,661 cells in study area, EPSG:32748"
2026-09-30T14:11:38,20260930T101110636986Z,Jakarta_2020,physical:terrain,ok,"['elev_m', 'slope_deg', 'tpi_1km'] in 170s"
2026-09-30T14:12:50,20260930T101110636986Z,Jakarta_2020,physical:surface,ok,"['built_frac', 'tree_frac', 'dw_built'] in 72s"
2026-09-30T14:12:56,20260930T101110636986Z,Jakarta_2020,physical:hydrography,ok,"['hand_m', 'log_upa', 'dist_water_m', 'jrc_occ'] in 6s"
2026-09-30T14:12:59,20260930T101110636986Z,Jakarta_2020,physical:forcing,ok,"['era5_rain_72h', 'era5_rain_ante7d', 'era5_sm_l1', 'imerg_rain_72h'] in 2s"
2026-09-30T14:13:14,20260930T101110636986Z,Jakarta_2020,physical:sar_event,ok,['s1_vv_drop_db'] in 16s
2026-09-30T14:13:14,20260930T101110636986Z,Jakarta_2020,physical:fill,info,hand_m: 6785 cells (9.5%) filled from the nearest valid cell (max distance 4.0 km)
2026-09-30T14:13:15,20260930T101110636986Z,Jakarta_2020,physical:fill,info,log_upa: 6785 cells (9.5%) filled from the nearest valid cell (max distance 4.0 km)
2026-09-30T14:13:15,20260930T101110636986Z,Jakarta_2020,physical:fill,info,era5_rain_72h: 18812 cells (26.3%) filled from the nearest valid cell (max distance 7.8 km)
2026-09-30T14:13:15,20260930T101110636986Z,Jakarta_2020,physical:fill,info,era5_rain_ante7d: 18812 cells (26.3%) filled from the nearest valid cell (max distance 7.8 km)
2026-09-30T14:13:15,20260930T101110636986Z,Jakarta_2020,physical:fill,info,era5_sm_l1: 18812 cells (26.3%) filled from the nearest valid cell (max distance 7.8 km)
2026-09-30T14:13:15,20260930T101110636986Z,Jakarta_2020,physical:coarse,info,era5_rain_72h: 9 distinct values within the city (native ~9-11 km)
2026-09-30T14:13:15,20260930T101110636986Z,Jakarta_2020,physical:coarse,info,era5_rain_ante7d: 9 distinct values within the city (native ~9-11 km)
2026-09-30T14:13:15,20260930T101110636986Z,Jakarta_2020,physical:coarse,info,era5_sm_l1: 9 distinct values within the city (native ~9-11 km)
2026-09-30T14:13:15,20260930T101110636986Z,Jakarta_2020,physical:coarse,info,imerg_rain_72h: 14 distinct values within the city (native ~9-11 km)
2026-09-30T14:13:15,20260930T101110636986Z,Jakarta_2020,label:canonical_gpkg,ok,"255 features from the frozen file (sha256 8fb4ee55dbac, no download)"
2026-09-30T14:13:15,20260930T101110636986Z,Jakarta_2020,label:canonical_gpkg,info,255 features -> 1054 cells (1.471% of the study area)
2026-09-30T14:13:15,20260930T101110636986Z,Jakarta_2020,label:canonical_gpkg,info,no mapped-area footprint stored with this label: every grid cell is treated as mapped (report this for the city)
2026-09-30T14:13:15,20260930T101110636986Z,Jakarta_2020,label:canonical_gpkg,ok,"accepted: 1054 positive cells, prevalence 1.4708% of 71,661 observable cells [ground truth tier B_crowdsourced]"
2026-09-30T14:13:15,20260930T101110636986Z,Jakarta_2020,labels,ok,"source=canonical_gpkg, positives=1054, prevalence=1.4708% of 71,661 observable cells"
2026-09-30T14:13:15,20260930T101110636986Z,Jakarta_2020,social,info,"PetaBencana is the label source here, so it is excluded from the social layer (and this city is a crowdsourced-label case, not confirmatory evidence)"
2026-09-30T14:13:22,20260930T101110636986Z,Jakarta_2020,social:gdelt_bigquery,info,scanned 5.6 GB
2026-09-30T14:13:23,20260930T101110636986Z,Jakarta_2020,social:gdelt_parse,ok,12435 raw rows -> 12435 flood-themed -> 12341 mention the city; 12148 have a page title (193 use URL words + GDELT location names; titles exist only from 2019-09-22)
2026-09-30T14:13:23,20260930T101110636986Z,Jakarta_2020,social:gdelt_bigquery,ok,12341 documents in window
2026-09-30T14:13:41,20260930T101110636986Z,Jakarta_2020,social:google_news_rss,info,"521 fetched -> 306 kept (215 outside the window, empty or duplicate)"
2026-09-30T14:13:41,20260930T101110636986Z,Jakarta_2020,social:google_news_rss,ok,306 documents in window
2026-09-30T14:14:04,20260930T101110636986Z,Jakarta_2020,social:reddit_arcticshift,ok,828 documents in window
2026-09-30T14:14:13,20260930T101110636986Z,Jakarta_2020,social:wikimedia_commons,skip,Commons geosearch error: Search is currently too busy. Please try again later.
2026-09-30T14:14:14,20260930T101110636986Z,Jakarta_2020,social:dedupe,info,"13475 documents -> 12158 after de-duplication (912 syndicated wire copies, 405 repeated texts or photos)"
2026-09-30T14:14:14,20260930T101110636986Z,Jakarta_2020,download,ok,10.4 MB from https://download.geonames.org/export/dump/ID.zip
2026-09-30T14:14:18,20260930T101110636986Z,Jakarta_2020,social:gazetteer,info,101 ambiguous names (same name >2 km apart) dropped
2026-09-30T14:14:18,20260930T101110636986Z,Jakarta_2020,social:gazetteer,ok,GeoNames ID: 1005 populated places inside the study area -> 1652 gazetteer names; 44 names of 44 towns outside it (within 80 km) will not be placed inside it
2026-09-30T14:14:18,20260930T101110636986Z,Jakarta_2020,social:gazetteer,info,3 gazetteer names shared with neighbouring towns outside the study area removed
2026-09-30T14:14:35,20260930T101110636986Z,Jakarta_2020,social:toponyms,info,"rule t3: 1590 gazetteer candidates rejected at acquisition {'name': 0, 'occurrence': 1590}"
2026-09-30T15:55:01,20260930T101110636986Z,Jakarta_2020,social:places,ok,"5004 mentions from 3326 documents (gazetteer names=1649, geocoder calls=1500, cache hits=24071)"
2026-09-30T15:55:01,20260930T101110636986Z,Jakarta_2020,social:places,warn,"the geocoder cap (1500) stopped 334 name lookups; cached names are free on the next run, so re-running widens coverage — raise MAX_GEOCODE_CALLS to finish in one pass"
2026-09-30T15:55:01,20260930T101110636986Z,Jakarta_2020,social:concentration,info,"220 distinct locations, effective 35.42; top place 'Manggarai' = 9% of mentions; top 5: [('Manggarai', 0.086), ('Kemang', 0.081), ('Kalideres', 0.043), ('Kebanjiran', 0.038), ('Jatiasih', 0.038)]"
2026-09-30T15:55:30,20260930T101110636986Z,Jakarta_2020,social:localisation,ok,"eligible for the pooled gradient analysis: 4482 mentions in the primary window, 34.6 effective locations, top place Kemang = 0.086 (rule: >= 100, >= 10, <= 0.4)"
2026-09-30T15:55:32,20260930T101110636986Z,Jakarta_2020,exposure:population,ok,"JRC/GHSL/P2023A/GHS_POP/2020: median 14899 residents/km², max 173981"
2026-09-30T15:55:34,20260930T101110636986Z,Jakarta_2020,acquire,ok,analysis inputs saved (7.2 MB) in 106.9 min -> Jakarta_2020/_analysis_inputs.pkl.gz
2026-09-30T15:55:34,20260930T101110636986Z,(all),acquire,ok,12 of 13 cities acquired; run the analysis with RUN_MODE='analyse' (any machine) on /content/drive/MyDrive/saturation_v6/outputs
2026-09-30T16:18:03,20260930T101110636986Z,Houston_SanJacinto_2017,resume:grid_05112b5552,info,loaded from checkpoint (not recomputed)
2026-09-30T16:18:03,20260930T101110636986Z,Houston_SanJacinto_2017,grid,ok,"442x436 raster at 150 m, 184,495 cells in study area, EPSG:32615"
2026-09-30T16:18:03,20260930T101110636986Z,Houston_SanJacinto_2017,grid,warn,cell size 150 m differs from the study default 100 m (large study area); report this per-city resolution in the paper
2026-09-30T16:18:04,20260930T101110636986Z,Houston_SanJacinto_2017,resume:physical_91f8e4a939,info,loaded from checkpoint (not recomputed)
2026-09-30T16:18:04,20260930T101110636986Z,Houston_SanJacinto_2017,resume:labels_276e2926a7,info,loaded from checkpoint (not recomputed)
2026-09-30T16:18:04,20260930T101110636986Z,Houston_SanJacinto_2017,labels,ok,"source=canonical_gpkg, positives=27565, prevalence=30.8375% of 89,388 observable cells"
2026-09-30T16:18:04,20260930T101110636986Z,Houston_SanJacinto_2017,resume:docs_99ca6f6e16,info,loaded from checkpoint (not recomputed)
2026-09-30T16:18:04,20260930T101110636986Z,Houston_SanJacinto_2017,resume:gazetteer_ee39dac93a,info,loaded from checkpoint (not recomputed)
2026-09-30T16:18:04,20260930T101110636986Z,Houston_SanJacinto_2017,resume:mentions_cac151d013,info,loaded from checkpoint (not recomputed)
2026-09-30T16:18:08,20260930T101110636986Z,Houston_SanJacinto_2017,social:localisation,warn,"NOT eligible for the pooled gradient analysis: 437 mentions in the primary window, 4.82 effective locations, top place Kingwood = 0.414 (rule: >= 100, >= 10, <= 0.4)"
2026-09-30T16:18:08,20260930T101110636986Z,Houston_SanJacinto_2017,resume:population_930d8c92fe,info,loaded from checkpoint (not recomputed)
2026-09-30T16:18:11,20260930T101110636986Z,Houston_SanJacinto_2017,acquire,ok,analysis inputs saved (13.3 MB) in 0.1 min -> Houston_SanJacinto_2017/_analysis_inputs.pkl.gz
2026-09-30T16:18:11,20260930T101110636986Z,Jakarta_2020,resume:grid_b7e5eaea45,info,loaded from checkpoint (not recomputed)
2026-09-30T16:18:11,20260930T101110636986Z,Jakarta_2020,grid,ok,"323x356 raster at 100 m, 71,661 cells in study area, EPSG:32748"
2026-09-30T16:18:11,20260930T101110636986Z,Jakarta_2020,resume:physical_2f6db2ccbf,info,loaded from checkpoint (not recomputed)
2026-09-30T16:18:11,20260930T101110636986Z,Jakarta_2020,resume:labels_65db969f14,info,loaded from checkpoint (not recomputed)
2026-09-30T16:18:11,20260930T101110636986Z,Jakarta_2020,labels,ok,"source=canonical_gpkg, positives=1054, prevalence=1.4708% of 71,661 observable cells"
2026-09-30T16:18:11,20260930T101110636986Z,Jakarta_2020,social,info,"PetaBencana is the label source here, so it is excluded from the social layer (and this city is a crowdsourced-label case, not confirmatory evidence)"
2026-09-30T16:18:11,20260930T101110636986Z,Jakarta_2020,resume:docs_c99bc15103,info,loaded from checkpoint (not recomputed)
2026-09-30T16:18:11,20260930T101110636986Z,Jakarta_2020,resume:gazetteer_55bd60b3c0,info,loaded from checkpoint (not recomputed)
2026-09-30T16:18:11,20260930T101110636986Z,Jakarta_2020,resume:mentions_0446f36d6b,info,loaded from checkpoint (not recomputed)
2026-09-30T16:18:13,20260930T101110636986Z,Jakarta_2020,social:localisation,ok,"eligible for the pooled gradient analysis: 4482 mentions in the primary window, 34.6 effective locations, top place Kemang = 0.086 (rule: >= 100, >= 10, <= 0.4)"
2026-09-30T16:18:13,20260930T101110636986Z,Jakarta_2020,resume:population_962ac1f667,info,loaded from checkpoint (not recomputed)
2026-09-30T16:18:14,20260930T101110636986Z,Jakarta_2020,acquire,ok,analysis inputs saved (7.2 MB) in 0.0 min -> Jakarta_2020/_analysis_inputs.pkl.gz
2026-09-30T16:18:14,20260930T101110636986Z,(all),acquire,ok,2 of 2 cities acquired; run the analysis with RUN_MODE='analyse' (any machine) on /content/drive/MyDrive/saturation_v6/outputs
2026-09-30T16:25:43,20260930T101110636986Z,Chennai_2015,exclude,info,779 permanent-water cells (JRC occurrence >= 50%) excluded
2026-09-30T16:25:43,20260930T101110636986Z,Chennai_2015,exclude,ok,"779 of 41,919 cells excluded (1.9%); 9360 flooded among 41,140 analysed"
2026-09-30T16:25:44,20260930T101110636986Z,Chennai_2015,cv:blocks,ok,label autocorrelation < 0.1 by 3000 m -> CV tile 2500 m + buffer 500 m (correlogram range 3000 m)
2026-09-30T16:25:44,20260930T101110636986Z,Chennai_2015,rung:A_terrain_first,info,"positives per fold: {0: 1871, 1: 1872, 2: 1875, 3: 1871, 4: 1871}"
2026-09-30T16:30:06,20260930T101110636986Z,Chennai_2015,rung:A_terrain_first,info,[R0_none] AP_phys=0.2128 AP_stacked=0.3009 AP_gated=0.2852
2026-09-30T16:36:00,20260930T101110636986Z,Chennai_2015,rung:A_terrain_first,info,[R1_+terrain] AP_phys=0.2845 AP_stacked=0.3137 AP_gated=0.3168
2026-09-30T16:42:09,20260930T101110636986Z,Chennai_2015,rung:A_terrain_first,info,[R2_+surface] AP_phys=0.3113 AP_stacked=0.3325 AP_gated=0.3407
2026-09-30T16:49:25,20260930T101110636986Z,Chennai_2015,rung:A_terrain_first,info,[R3_+hydrography] AP_phys=0.3156 AP_stacked=0.3338 AP_gated=0.3423
2026-09-30T16:56:58,20260930T101110636986Z,Chennai_2015,rung:A_terrain_first,info,[R4_+forcing] AP_phys=0.3627 AP_stacked=0.3522 AP_gated=0.3595
2026-09-30T17:04:39,20260930T101110636986Z,Chennai_2015,rung:A_terrain_first,info,[R5_+sar_event] AP_phys=0.3665 AP_stacked=0.3528 AP_gated=0.3606
2026-09-30T17:11:06,20260930T101110636986Z,Chennai_2015,gradient:A_terrain_first,info,"without R0: 2 of 4 primary slopes have a 95% CI entirely below 0 ['dAP_stacked_fm_adj', 'dAP_gated_fm_adj']"
2026-09-30T17:11:06,20260930T101110636986Z,Chennai_2015,gated:A_terrain_first,warn,80% of fold fits chose the edge of the gate grid (alpha=2.0 or tau=0.3); see the gated_wide_grid sensitivity variant
2026-09-30T17:11:06,20260930T101110636986Z,Chennai_2015,effects:A_terrain_first,ok,"top rung: info_nats_fm -0.0008 [-0.0120, +0.0068] inconclusive; info_frac_fm -0.0016 [-0.0227, +0.0134] saturated; dAP_stacked_fm -0.0045 [-0.0272, +0.0170] inconclusive; dAP_gated_fm -0.0023 [-0.0247, +0.0160] inconclusive; dAP_early_fm +0.0101 [-0.0076, +0.0318] inconclusive; dAP_adr_legacy_fm -0.0100 [-0.0199, +0.0035] inconclusive | social gain saturated from: R3_+hydrography"
2026-09-30T17:11:06,20260930T101110636986Z,Chennai_2015,ladder:A_terrain_first,ok,6 rungs in 45.4 min
2026-09-30T17:11:06,20260930T101110636986Z,Chennai_2015,rung:B_surface_first,info,"positives per fold: {0: 1871, 1: 1872, 2: 1875, 3: 1871, 4: 1871}"
2026-09-30T17:11:06,20260930T101110636986Z,Chennai_2015,rung:B_surface_first,info,reused from checkpoint b38c06482b92 (identical feature set; not recomputed)
2026-09-30T17:16:43,20260930T101110636986Z,Chennai_2015,rung:B_surface_first,info,[R1_+surface] AP_phys=0.2626 AP_stacked=0.3171 AP_gated=0.3237
2026-09-30T17:22:35,20260930T101110636986Z,Chennai_2015,rung:B_surface_first,info,[R2_+forcing] AP_phys=0.3468 AP_stacked=0.3393 AP_gated=0.3440
2026-09-30T17:29:19,20260930T101110636986Z,Chennai_2015,rung:B_surface_first,info,[R3_+terrain] AP_phys=0.3660 AP_stacked=0.3463 AP_gated=0.3586
2026-09-30T17:29:19,20260930T101110636986Z,Chennai_2015,rung:B_surface_first,info,reused from checkpoint e278806b4e04 (identical feature set; not recomputed)
2026-09-30T17:29:19,20260930T101110636986Z,Chennai_2015,rung:B_surface_first,info,reused from checkpoint de28c0b8f88a (identical feature set; not recomputed)
2026-09-30T17:35:43,20260930T101110636986Z,Chennai_2015,gradient:B_surface_first,info,"without R0: 2 of 4 primary slopes have a 95% CI entirely below 0 ['dAP_stacked_fm_adj', 'dAP_gated_fm_adj']"
2026-09-30T17:35:43,20260930T101110636986Z,Chennai_2015,gated:B_surface_first,warn,73% of fold fits chose the edge of the gate grid (alpha=2.0 or tau=0.3); see the gated_wide_grid sensitivity variant
2026-09-30T17:35:44,20260930T101110636986Z,Chennai_2015,effects:B_surface_first,ok,"top rung: info_nats_fm -0.0008 [-0.0120, +0.0068] inconclusive; info_frac_fm -0.0016 [-0.0227, +0.0134] saturated; dAP_stacked_fm -0.0045 [-0.0272, +0.0170] inconclusive; dAP_gated_fm -0.0023 [-0.0247, +0.0160] inconclusive; dAP_early_fm +0.0101 [-0.0076, +0.0318] inconclusive; dAP_adr_legacy_fm -0.0100 [-0.0199, +0.0035] inconclusive | social gain saturated from: R4_+hydrography"
2026-09-30T17:35:44,20260930T101110636986Z,Chennai_2015,ladder:B_surface_first,ok,6 rungs in 24.6 min
2026-09-30T17:35:44,20260930T101110636986Z,Chennai_2015,rung:lens,info,reused from checkpoint de28c0b8f88a (identical feature set; not recomputed)
2026-09-30T18:22:00,20260930T101110636986Z,Chennai_2015,emotion_lens,ok,6 channel sets at rung R5_+sar_event
2026-09-30T18:48:51,20260930T101110636986Z,Chennai_2015,sensitivity,ok,4 variants
2026-09-30T18:48:51,20260930T101110636986Z,Chennai_2015,placebo,info,social layer vs population-density layer: Spearman 0.80
2026-09-30T18:48:51,20260930T101110636986Z,Chennai_2015,rung:placebo,info,"positives per fold: {0: 1871, 1: 1872, 2: 1875, 3: 1871, 4: 1871}"
2026-09-30T18:51:03,20260930T101110636986Z,Chennai_2015,rung:placebo,info,[R0_none] AP_phys=0.2128 AP_stacked=0.3407 AP_gated=0.3190
2026-09-30T18:53:36,20260930T101110636986Z,Chennai_2015,rung:placebo,info,[R1_+terrain] AP_phys=0.2845 AP_stacked=0.3415 AP_gated=0.3523
2026-09-30T18:56:10,20260930T101110636986Z,Chennai_2015,rung:placebo,info,[R2_+surface] AP_phys=0.3113 AP_stacked=0.3530 AP_gated=0.3635
2026-09-30T18:58:54,20260930T101110636986Z,Chennai_2015,rung:placebo,info,[R3_+hydrography] AP_phys=0.3156 AP_stacked=0.3528 AP_gated=0.3626
2026-09-30T19:01:40,20260930T101110636986Z,Chennai_2015,rung:placebo,info,[R4_+forcing] AP_phys=0.3627 AP_stacked=0.3653 AP_gated=0.3684
2026-09-30T19:04:30,20260930T101110636986Z,Chennai_2015,rung:placebo,info,[R5_+sar_event] AP_phys=0.3665 AP_stacked=0.3643 AP_gated=0.3672
2026-09-30T19:13:06,20260930T101110636986Z,Chennai_2015,placebo,ok,population-density placebo ladder and population control done
2026-09-30T19:13:09,20260930T101110636986Z,Chennai_2015,city,ok,finished in 167.4 min
2026-09-30T19:13:10,20260930T101110636986Z,(all),synthesis,ok,"1 cities (1 under the current pre-registration); confirmatory k=1, localisable k=1 -> paper_synthesis/"
2026-09-30T19:13:10,20260930T101110636986Z,Valencia_2024,exclude,info,"5,684 permanent-water cells (JRC occurrence >= 50%) excluded"
2026-09-30T19:13:10,20260930T101110636986Z,Valencia_2024,exclude,ok,"5,684 of 38,269 cells excluded (14.9%); 10460 flooded among 32,585 analysed"
2026-09-30T19:13:11,20260930T101110636986Z,Valencia_2024,cv:blocks,ok,label autocorrelation < 0.1 by 8000 m -> CV tile 4000 m + buffer 500 m (correlogram range 8000 m)
2026-09-30T19:13:11,20260930T101110636986Z,Valencia_2024,rung:A_terrain_first,info,"positives per fold: {0: 2087, 1: 2090, 2: 2107, 3: 2087, 4: 2089}"
2026-09-30T19:16:54,20260930T101110636986Z,Valencia_2024,rung:A_terrain_first,info,[R0_none] AP_phys=0.2902 AP_stacked=0.5169 AP_gated=0.4966
2026-09-30T19:21:45,20260930T101110636986Z,Valencia_2024,rung:A_terrain_first,info,[R1_+terrain] AP_phys=0.7488 AP_stacked=0.7793 AP_gated=0.7975
2026-09-30T19:27:14,20260930T101110636986Z,Valencia_2024,rung:A_terrain_first,info,[R2_+surface] AP_phys=0.7615 AP_stacked=0.7846 AP_gated=0.8134
2026-09-30T19:33:21,20260930T101110636986Z,Valencia_2024,rung:A_terrain_first,info,[R3_+hydrography] AP_phys=0.8204 AP_stacked=0.8539 AP_gated=0.8463
2026-09-30T19:39:51,20260930T101110636986Z,Valencia_2024,rung:A_terrain_first,info,[R4_+forcing] AP_phys=0.8373 AP_stacked=0.8361 AP_gated=0.8045
2026-09-30T19:46:21,20260930T101110636986Z,Valencia_2024,rung:A_terrain_first,info,[R5_+sar_event] AP_phys=0.8453 AP_stacked=0.8511 AP_gated=0.8322
2026-09-30T19:51:33,20260930T101110636986Z,Valencia_2024,gradient:A_terrain_first,info,without R0: 0 of 4 primary slopes have a 95% CI entirely below 0 []
2026-09-30T19:51:33,20260930T101110636986Z,Valencia_2024,gated:A_terrain_first,warn,100% of fold fits chose the edge of the gate grid (alpha=2.0 or tau=0.3); see the gated_wide_grid sensitivity variant
2026-09-30T19:51:34,20260930T101110636986Z,Valencia_2024,effects:A_terrain_first,ok,"top rung: info_nats_fm +0.0770 [-0.0230, +0.1722] inconclusive; info_frac_fm +0.1798 [-0.0698, +0.3328] inconclusive; dAP_stacked_fm +0.0388 [-0.0028, +0.1039] inconclusive; dAP_gated_fm -0.0125 [-0.0328, +0.0278] inconclusive; dAP_early_fm +0.0006 [-0.0218, +0.0805] inconclusive; dAP_adr_legacy_fm -0.1234 [-0.1477, -0.0511] harmful | social gain saturated from: None"
2026-09-30T19:51:34,20260930T101110636986Z,Valencia_2024,ladder:A_terrain_first,ok,6 rungs in 38.4 min
2026-09-30T19:51:34,20260930T101110636986Z,Valencia_2024,rung:B_surface_first,info,"positives per fold: {0: 2087, 1: 2090, 2: 2107, 3: 2087, 4: 2089}"
2026-09-30T19:51:34,20260930T101110636986Z,Valencia_2024,rung:B_surface_first,info,reused from checkpoint ab4e51bb9b6f (identical feature set; not recomputed)
2026-09-30T19:56:04,20260930T101110636986Z,Valencia_2024,rung:B_surface_first,info,[R1_+surface] AP_phys=0.7006 AP_stacked=0.7628 AP_gated=0.6993
2026-09-30T20:00:57,20260930T101110636986Z,Valencia_2024,rung:B_surface_first,info,[R2_+forcing] AP_phys=0.7666 AP_stacked=0.7170 AP_gated=0.6565
2026-09-30T20:06:39,20260930T101110636986Z,Valencia_2024,rung:B_surface_first,info,[R3_+terrain] AP_phys=0.7921 AP_stacked=0.7927 AP_gated=0.7267
2026-09-30T20:06:39,20260930T101110636986Z,Valencia_2024,rung:B_surface_first,info,reused from checkpoint d892e78436f1 (identical feature set; not recomputed)
2026-09-30T20:06:39,20260930T101110636986Z,Valencia_2024,rung:B_surface_first,info,reused from checkpoint c9bb368599c9 (identical feature set; not recomputed)
2026-09-30T20:11:58,20260930T101110636986Z,Valencia_2024,gradient:B_surface_first,info,without R0: 0 of 4 primary slopes have a 95% CI entirely below 0 []
2026-09-30T20:11:58,20260930T101110636986Z,Valencia_2024,gated:B_surface_first,warn,87% of fold fits chose the edge of the gate grid (alpha=2.0 or tau=0.3); see the gated_wide_grid sensitivity variant
2026-09-30T20:11:59,20260930T101110636986Z,Valencia_2024,effects:B_surface_first,ok,"top rung: info_nats_fm +0.0770 [-0.0230, +0.1722] inconclusive; info_frac_fm +0.1798 [-0.0698, +0.3328] inconclusive; dAP_stacked_fm +0.0388 [-0.0028, +0.1039] inconclusive; dAP_gated_fm -0.0125 [-0.0328, +0.0278] inconclusive; dAP_early_fm +0.0006 [-0.0218, +0.0805] inconclusive; dAP_adr_legacy_fm -0.1234 [-0.1477, -0.0511] harmful | social gain saturated from: None"
2026-09-30T20:11:59,20260930T101110636986Z,Valencia_2024,ladder:B_surface_first,ok,6 rungs in 20.4 min
2026-09-30T20:11:59,20260930T101110636986Z,Valencia_2024,rung:lens,info,reused from checkpoint c9bb368599c9 (identical feature set; not recomputed)
2026-09-30T21:00:20,20260930T101110636986Z,Valencia_2024,emotion_lens,ok,7 channel sets at rung R5_+sar_event
2026-09-30T21:23:12,20260930T101110636986Z,Valencia_2024,sensitivity,ok,4 variants
2026-09-30T21:23:12,20260930T101110636986Z,Valencia_2024,placebo,info,social layer vs population-density layer: Spearman 0.70
2026-09-30T21:23:12,20260930T101110636986Z,Valencia_2024,rung:placebo,info,"positives per fold: {0: 2087, 1: 2090, 2: 2107, 3: 2087, 4: 2089}"
2026-09-30T21:25:03,20260930T101110636986Z,Valencia_2024,rung:placebo,info,[R0_none] AP_phys=0.2902 AP_stacked=0.3397 AP_gated=0.2600
2026-09-30T21:27:31,20260930T101110636986Z,Valencia_2024,rung:placebo,info,[R1_+terrain] AP_phys=0.7488 AP_stacked=0.6896 AP_gated=0.7488
2026-09-30T21:29:54,20260930T101110636986Z,Valencia_2024,rung:placebo,info,[R2_+surface] AP_phys=0.7615 AP_stacked=0.6972 AP_gated=0.7615
2026-09-30T21:32:25,20260930T101110636986Z,Valencia_2024,rung:placebo,info,[R3_+hydrography] AP_phys=0.8204 AP_stacked=0.7541 AP_gated=0.8240
2026-09-30T21:35:00,20260930T101110636986Z,Valencia_2024,rung:placebo,info,[R4_+forcing] AP_phys=0.8373 AP_stacked=0.7444 AP_gated=0.8327
2026-09-30T21:37:42,20260930T101110636986Z,Valencia_2024,rung:placebo,info,[R5_+sar_event] AP_phys=0.8453 AP_stacked=0.7637 AP_gated=0.8436
2026-09-30T21:44:51,20260930T101110636986Z,Valencia_2024,placebo,ok,population-density placebo ladder and population control done
2026-09-30T21:44:52,20260930T101110636986Z,Valencia_2024,city,ok,finished in 151.7 min
2026-09-30T21:44:54,20260930T101110636986Z,(all),synthesis,ok,"2 cities (2 under the current pre-registration); confirmatory k=2, localisable k=1 -> paper_synthesis/"
2026-09-30T21:44:54,20260930T101110636986Z,EmiliaRomagna_2023a,exclude,info,238 permanent-water cells (JRC occurrence >= 50%) excluded
2026-09-30T21:44:54,20260930T101110636986Z,EmiliaRomagna_2023a,exclude,warn,"123,756 of 143,322 cells excluded (86.3%); 2576 flooded among 19,566 analysed"
2026-09-30T21:44:55,20260930T101110636986Z,EmiliaRomagna_2023a,cv:blocks,ok,label autocorrelation < 0.1 by 3000 m -> CV tile 2500 m + buffer 500 m (correlogram range 3000 m)
2026-09-30T21:44:55,20260930T101110636986Z,EmiliaRomagna_2023a,rung:A_terrain_first,info,"positives per fold: {0: 516, 1: 516, 2: 514, 3: 515, 4: 515}"
2026-09-30T21:47:12,20260930T101110636986Z,EmiliaRomagna_2023a,rung:A_terrain_first,info,[R0_none] AP_phys=0.1013 AP_stacked=0.1281 AP_gated=0.1187
2026-09-30T21:50:46,20260930T101110636986Z,EmiliaRomagna_2023a,rung:A_terrain_first,info,[R1_+terrain] AP_phys=0.1960 AP_stacked=0.1149 AP_gated=0.1595
2026-09-30T21:54:33,20260930T101110636986Z,EmiliaRomagna_2023a,rung:A_terrain_first,info,[R2_+surface] AP_phys=0.1949 AP_stacked=0.1135 AP_gated=0.1602
2026-09-30T21:59:02,20260930T101110636986Z,EmiliaRomagna_2023a,rung:A_terrain_first,info,[R3_+hydrography] AP_phys=0.2829 AP_stacked=0.1418 AP_gated=0.2537
2026-10-01T01:04:00,20261001T010320030981Z,Chennai_2015,exclude,info,779 permanent-water cells (JRC occurrence >= 50%) excluded
2026-10-01T01:04:00,20261001T010320030981Z,Chennai_2015,exclude,ok,"779 of 41,919 cells excluded (1.9%); 9360 flooded among 41,140 analysed"
2026-10-01T01:04:03,20261001T010320030981Z,Chennai_2015,cv:blocks,ok,label autocorrelation < 0.1 by 3000 m -> CV tile 2500 m + buffer 500 m (correlogram range 3000 m)
2026-10-01T01:04:05,20261001T010320030981Z,Chennai_2015,resume:ladder_A_terrain_first_full_f5091bc95aad7646_5_d2e2f7342e,info,loaded from checkpoint (not recomputed)
2026-10-01T01:04:10,20261001T010320030981Z,Chennai_2015,gradient:A_terrain_first,info,"without R0: 2 of 4 primary slopes have a 95% CI entirely below 0 ['dAP_stacked_fm_adj', 'dAP_gated_fm_adj']"
2026-10-01T01:04:10,20261001T010320030981Z,Chennai_2015,gated:A_terrain_first,warn,80% of fold fits chose the edge of the gate grid (alpha=2.0 or tau=0.3); see the gated_wide_grid sensitivity variant
2026-10-01T01:04:16,20261001T010320030981Z,Chennai_2015,effects:A_terrain_first,ok,"top rung: info_nats_fm -0.0008 [-0.0120, +0.0068] inconclusive; info_frac_fm -0.0016 [-0.0227, +0.0134] saturated; dAP_stacked_fm -0.0045 [-0.0272, +0.0170] inconclusive; dAP_gated_fm -0.0023 [-0.0247, +0.0160] inconclusive; dAP_early_fm +0.0101 [-0.0076, +0.0318] inconclusive; dAP_adr_legacy_fm -0.0100 [-0.0199, +0.0035] inconclusive | social gain saturated from: R3_+hydrography"
2026-10-01T01:04:16,20261001T010320030981Z,Chennai_2015,ladder:A_terrain_first,ok,6 rungs in 0.2 min
2026-10-01T01:04:18,20261001T010320030981Z,Chennai_2015,resume:ladder_B_surface_first_full_f5091bc95aad7646_5_d2e2f7342e,info,loaded from checkpoint (not recomputed)
2026-10-01T01:04:19,20261001T010320030981Z,Chennai_2015,gradient:B_surface_first,info,"without R0: 2 of 4 primary slopes have a 95% CI entirely below 0 ['dAP_stacked_fm_adj', 'dAP_gated_fm_adj']"
2026-10-01T01:04:19,20261001T010320030981Z,Chennai_2015,gated:B_surface_first,warn,73% of fold fits chose the edge of the gate grid (alpha=2.0 or tau=0.3); see the gated_wide_grid sensitivity variant
2026-10-01T01:04:25,20261001T010320030981Z,Chennai_2015,effects:B_surface_first,ok,"top rung: info_nats_fm -0.0008 [-0.0120, +0.0068] inconclusive; info_frac_fm -0.0016 [-0.0227, +0.0134] saturated; dAP_stacked_fm -0.0045 [-0.0272, +0.0170] inconclusive; dAP_gated_fm -0.0023 [-0.0247, +0.0160] inconclusive; dAP_early_fm +0.0101 [-0.0076, +0.0318] inconclusive; dAP_adr_legacy_fm -0.0100 [-0.0199, +0.0035] inconclusive | social gain saturated from: R4_+hydrography"
2026-10-01T01:04:25,20261001T010320030981Z,Chennai_2015,ladder:B_surface_first,ok,6 rungs in 0.1 min
2026-10-01T01:04:26,20261001T010320030981Z,Chennai_2015,resume:lens_S_mentions_full_f5091bc95aad7646_5_d2e2f7342e,info,loaded from checkpoint (not recomputed)
2026-10-01T01:04:27,20261001T010320030981Z,Chennai_2015,resume:lens_S_negative_full_f5091bc95aad7646_5_d2e2f7342e,info,loaded from checkpoint (not recomputed)
2026-10-01T01:04:27,20261001T010320030981Z,Chennai_2015,resume:lens_S_distress_full_f5091bc95aad7646_5_d2e2f7342e,info,loaded from checkpoint (not recomputed)
2026-10-01T01:04:28,20261001T010320030981Z,Chennai_2015,resume:lens_S_src_gdelt_bigquery_full_f5091bc95aad7646_5_d2e2f7342e,info,loaded from checkpoint (not recomputed)
2026-10-01T01:04:29,20261001T010320030981Z,Chennai_2015,resume:lens_S_src_reddit_arcticshift_full_f5091bc95aad7646_5_d2e2f7342e,info,loaded from checkpoint (not recomputed)
2026-10-01T01:04:29,20261001T010320030981Z,Chennai_2015,resume:lens_S_mentions+S_negative+S_distress_full_f5091bc95aad7646_5_d2e2f7342e,info,loaded from checkpoint (not recomputed)
2026-10-01T01:04:29,20261001T010320030981Z,Chennai_2015,emotion_lens,ok,6 channel sets at rung R5_+sar_event
2026-10-01T01:04:30,20261001T010320030981Z,Chennai_2015,resume:sens_bandwidth_1000m_full_963158048f0d1f43_5_d2e2f7342e_xgb,info,loaded from checkpoint (not recomputed)
2026-10-01T01:04:31,20261001T010320030981Z,Chennai_2015,resume:sens_window_minus3_plus3_full_c5d82600bb2f6880_5_d2e2f7342e_xgb,info,loaded from checkpoint (not recomputed)
2026-10-01T01:04:32,20261001T010320030981Z,Chennai_2015,resume:sens_gated_wide_grid_full_45e8bd55e80ce833_5_d2e2f7342e_xgb,info,loaded from checkpoint (not recomputed)
2026-10-01T01:04:32,20261001T010320030981Z,Chennai_2015,resume:sens_learner_logistic_full_45e8bd55e80ce833_5_d2e2f7342e_logistic,info,loaded from checkpoint (not recomputed)
2026-10-01T01:04:32,20261001T010320030981Z,Chennai_2015,sensitivity,ok,4 variants
2026-10-01T01:04:32,20261001T010320030981Z,Chennai_2015,placebo,info,social layer vs population-density layer: Spearman 0.80
2026-10-01T01:04:33,20261001T010320030981Z,Chennai_2015,resume:placebo_pop_full_59c3eae36682f007_5_d2e2f7342e,info,loaded from checkpoint (not recomputed)
2026-10-01T01:04:40,20261001T010320030981Z,Chennai_2015,resume:control_pop_full_d3be82dea2088aa9_5_d2e2f7342e,info,loaded from checkpoint (not recomputed)
2026-10-01T01:04:41,20261001T010320030981Z,Chennai_2015,placebo,ok,population-density placebo ladder and population control done
2026-10-01T01:04:44,20261001T010320030981Z,Chennai_2015,city,ok,finished in 0.8 min
2026-10-01T01:04:56,20261001T010320030981Z,(all),synthesis,ok,"2 cities (2 under the current pre-registration); confirmatory k=2, localisable k=1 -> paper_synthesis/"
2026-10-01T01:04:57,20261001T010320030981Z,Valencia_2024,exclude,info,"5,684 permanent-water cells (JRC occurrence >= 50%) excluded"
2026-10-01T01:04:57,20261001T010320030981Z,Valencia_2024,exclude,ok,"5,684 of 38,269 cells excluded (14.9%); 10460 flooded among 32,585 analysed"
2026-10-01T01:04:58,20261001T010320030981Z,Valencia_2024,cv:blocks,ok,label autocorrelation < 0.1 by 8000 m -> CV tile 4000 m + buffer 500 m (correlogram range 8000 m)
2026-10-01T01:04:59,20261001T010320030981Z,Valencia_2024,resume:ladder_A_terrain_first_full_84074a89e94ad337_5_fe639a2c0a,info,loaded from checkpoint (not recomputed)
2026-10-01T01:05:00,20261001T010320030981Z,Valencia_2024,gradient:A_terrain_first,info,without R0: 0 of 4 primary slopes have a 95% CI entirely below 0 []
2026-10-01T01:05:00,20261001T010320030981Z,Valencia_2024,gated:A_terrain_first,warn,100% of fold fits chose the edge of the gate grid (alpha=2.0 or tau=0.3); see the gated_wide_grid sensitivity variant
2026-10-01T01:05:06,20261001T010320030981Z,Valencia_2024,effects:A_terrain_first,ok,"top rung: info_nats_fm +0.0770 [-0.0230, +0.1722] inconclusive; info_frac_fm +0.1798 [-0.0698, +0.3328] inconclusive; dAP_stacked_fm +0.0388 [-0.0028, +0.1039] inconclusive; dAP_gated_fm -0.0125 [-0.0328, +0.0278] inconclusive; dAP_early_fm +0.0006 [-0.0218, +0.0805] inconclusive; dAP_adr_legacy_fm -0.1234 [-0.1477, -0.0511] harmful | social gain saturated from: None"
2026-10-01T01:05:06,20261001T010320030981Z,Valencia_2024,ladder:A_terrain_first,ok,6 rungs in 0.1 min
2026-10-01T01:05:07,20261001T010320030981Z,Valencia_2024,resume:ladder_B_surface_first_full_84074a89e94ad337_5_fe639a2c0a,info,loaded from checkpoint (not recomputed)
2026-10-01T01:05:08,20261001T010320030981Z,Valencia_2024,gradient:B_surface_first,info,without R0: 0 of 4 primary slopes have a 95% CI entirely below 0 []
2026-10-01T01:05:08,20261001T010320030981Z,Valencia_2024,gated:B_surface_first,warn,87% of fold fits chose the edge of the gate grid (alpha=2.0 or tau=0.3); see the gated_wide_grid sensitivity variant
2026-10-01T01:05:13,20261001T010320030981Z,Valencia_2024,effects:B_surface_first,ok,"top rung: info_nats_fm +0.0770 [-0.0230, +0.1722] inconclusive; info_frac_fm +0.1798 [-0.0698, +0.3328] inconclusive; dAP_stacked_fm +0.0388 [-0.0028, +0.1039] inconclusive; dAP_gated_fm -0.0125 [-0.0328, +0.0278] inconclusive; dAP_early_fm +0.0006 [-0.0218, +0.0805] inconclusive; dAP_adr_legacy_fm -0.1234 [-0.1477, -0.0511] harmful | social gain saturated from: None"
2026-10-01T01:05:13,20261001T010320030981Z,Valencia_2024,ladder:B_surface_first,ok,6 rungs in 0.1 min
2026-10-01T01:05:15,20261001T010320030981Z,Valencia_2024,resume:lens_S_mentions_full_84074a89e94ad337_5_fe639a2c0a,info,loaded from checkpoint (not recomputed)
2026-10-01T01:05:15,20261001T010320030981Z,Valencia_2024,resume:lens_S_negative_full_84074a89e94ad337_5_fe639a2c0a,info,loaded from checkpoint (not recomputed)
2026-10-01T01:05:16,20261001T010320030981Z,Valencia_2024,resume:lens_S_distress_full_84074a89e94ad337_5_fe639a2c0a,info,loaded from checkpoint (not recomputed)
2026-10-01T01:05:17,20261001T010320030981Z,Valencia_2024,resume:lens_S_src_gdelt_bigquery_full_84074a89e94ad337_5_fe639a2c0a,info,loaded from checkpoint (not recomputed)
2026-10-01T01:05:17,20261001T010320030981Z,Valencia_2024,resume:lens_S_src_google_news_rss_full_84074a89e94ad337_5_fe639a2c0a,info,loaded from checkpoint (not recomputed)
2026-10-01T01:05:17,20261001T010320030981Z,Valencia_2024,resume:lens_S_src_reddit_arcticshift_full_84074a89e94ad337_5_fe639a2c0a,info,loaded from checkpoint (not recomputed)
2026-10-01T01:05:18,20261001T010320030981Z,Valencia_2024,resume:lens_S_mentions+S_negative+S_distress_full_84074a89e94ad337_5_fe639a2c0a,info,loaded from checkpoint (not recomputed)
2026-10-01T01:05:18,20261001T010320030981Z,Valencia_2024,emotion_lens,ok,7 channel sets at rung R5_+sar_event
2026-10-01T01:05:19,20261001T010320030981Z,Valencia_2024,resume:sens_bandwidth_1000m_full_ed3d3dba3d38df3a_5_fe639a2c0a_xgb,info,loaded from checkpoint (not recomputed)
2026-10-01T01:05:19,20261001T010320030981Z,Valencia_2024,resume:sens_window_minus3_plus3_full_c9c8dcd8f4765b60_5_fe639a2c0a_xgb,info,loaded from checkpoint (not recomputed)
2026-10-01T01:05:20,20261001T010320030981Z,Valencia_2024,resume:sens_gated_wide_grid_full_1b9bca63eef2af64_5_fe639a2c0a_xgb,info,loaded from checkpoint (not recomputed)
2026-10-01T01:05:20,20261001T010320030981Z,Valencia_2024,resume:sens_learner_logistic_full_1b9bca63eef2af64_5_fe639a2c0a_logistic,info,loaded from checkpoint (not recomputed)
2026-10-01T01:05:21,20261001T010320030981Z,Valencia_2024,sensitivity,ok,4 variants
2026-10-01T01:05:21,20261001T010320030981Z,Valencia_2024,placebo,info,social layer vs population-density layer: Spearman 0.70
2026-10-01T01:05:21,20261001T010320030981Z,Valencia_2024,resume:placebo_pop_full_fb7e9451b1712344_5_fe639a2c0a,info,loaded from checkpoint (not recomputed)
2026-10-01T01:05:28,20261001T010320030981Z,Valencia_2024,resume:control_pop_full_9a7b6100b76e8a60_5_fe639a2c0a,info,loaded from checkpoint (not recomputed)
2026-10-01T01:05:28,20261001T010320030981Z,Valencia_2024,placebo,ok,population-density placebo ladder and population control done
2026-10-01T01:05:30,20261001T010320030981Z,Valencia_2024,city,ok,finished in 0.6 min
2026-10-01T01:05:31,20261001T010320030981Z,(all),synthesis,ok,"2 cities (2 under the current pre-registration); confirmatory k=2, localisable k=1 -> paper_synthesis/"
2026-10-01T01:05:33,20261001T010320030981Z,EmiliaRomagna_2023a,exclude,info,238 permanent-water cells (JRC occurrence >= 50%) excluded
2026-10-01T01:05:33,20261001T010320030981Z,EmiliaRomagna_2023a,exclude,warn,"123,756 of 143,322 cells excluded (86.3%); 2576 flooded among 19,566 analysed"
2026-10-01T01:05:34,20261001T010320030981Z,EmiliaRomagna_2023a,cv:blocks,ok,label autocorrelation < 0.1 by 3000 m -> CV tile 2500 m + buffer 500 m (correlogram range 3000 m)
2026-10-01T01:05:34,20261001T010320030981Z,EmiliaRomagna_2023a,rung:A_terrain_first,info,"positives per fold: {0: 516, 1: 516, 2: 514, 3: 515, 4: 515}"
2026-10-01T01:05:34,20261001T010320030981Z,EmiliaRomagna_2023a,rung:A_terrain_first,info,reused from checkpoint c80d8d314009 (identical feature set; not recomputed)
2026-10-01T01:05:35,20261001T010320030981Z,EmiliaRomagna_2023a,rung:A_terrain_first,info,reused from checkpoint aafdfdeaf71d (identical feature set; not recomputed)
2026-10-01T01:05:35,20261001T010320030981Z,EmiliaRomagna_2023a,rung:A_terrain_first,info,reused from checkpoint 9547a5f8b07e (identical feature set; not recomputed)
2026-10-01T01:05:36,20261001T010320030981Z,EmiliaRomagna_2023a,rung:A_terrain_first,info,reused from checkpoint 2280d5692fd0 (identical feature set; not recomputed)
2026-10-01T01:11:02,20261001T010320030981Z,EmiliaRomagna_2023a,rung:A_terrain_first,info,[R4_+forcing] AP_phys=0.2786 AP_stacked=0.1504 AP_gated=0.2580
2026-10-01T01:16:06,20261001T010320030981Z,EmiliaRomagna_2023a,rung:A_terrain_first,info,[R5_+sar_event] AP_phys=0.3575 AP_stacked=0.2005 AP_gated=0.3565
2026-10-01T01:20:03,20261001T010320030981Z,EmiliaRomagna_2023a,gradient:A_terrain_first,info,without R0: 0 of 4 primary slopes have a 95% CI entirely below 0 []
2026-10-01T01:20:03,20261001T010320030981Z,EmiliaRomagna_2023a,gated:A_terrain_first,warn,50% of fold fits chose the edge of the gate grid (alpha=2.0 or tau=0.3); see the gated_wide_grid sensitivity variant
2026-10-01T01:20:03,20261001T010320030981Z,EmiliaRomagna_2023a,effects:A_terrain_first,ok,"top rung: info_nats_fm -0.0061 [-0.0444, +0.0221] inconclusive; info_frac_fm -0.0137 [-0.0915, +0.0618] inconclusive; dAP_stacked_fm -0.1363 [-0.1564, +0.0189] inconclusive; dAP_gated_fm -0.0117 [-0.0166, +0.0095] inconclusive; dAP_early_fm -0.0089 [-0.0353, +0.0185] inconclusive; dAP_adr_legacy_fm -0.0550 [-0.0776, +0.0039] inconclusive | social gain saturated from: None"
2026-10-01T01:20:03,20261001T010320030981Z,EmiliaRomagna_2023a,ladder:A_terrain_first,ok,6 rungs in 14.5 min
2026-10-01T01:20:03,20261001T010320030981Z,EmiliaRomagna_2023a,rung:B_surface_first,info,"positives per fold: {0: 516, 1: 516, 2: 514, 3: 515, 4: 515}"
2026-10-01T01:20:03,20261001T010320030981Z,EmiliaRomagna_2023a,rung:B_surface_first,info,reused from checkpoint c80d8d314009 (identical feature set; not recomputed)
2026-10-01T01:23:21,20261001T010320030981Z,EmiliaRomagna_2023a,rung:B_surface_first,info,[R1_+surface] AP_phys=0.1242 AP_stacked=0.0964 AP_gated=0.1190
2026-10-01T01:26:58,20261001T010320030981Z,EmiliaRomagna_2023a,rung:B_surface_first,info,[R2_+forcing] AP_phys=0.1627 AP_stacked=0.1117 AP_gated=0.1547
2026-10-01T01:31:14,20261001T010320030981Z,EmiliaRomagna_2023a,rung:B_surface_first,info,[R3_+terrain] AP_phys=0.2242 AP_stacked=0.1483 AP_gated=0.2207
2026-10-01T01:31:14,20261001T010320030981Z,EmiliaRomagna_2023a,rung:B_surface_first,info,reused from checkpoint 3bf9967e199a (identical feature set; not recomputed)
2026-10-01T01:31:14,20261001T010320030981Z,EmiliaRomagna_2023a,rung:B_surface_first,info,reused from checkpoint eadcaaa430d3 (identical feature set; not recomputed)
2026-10-01T01:35:12,20261001T010320030981Z,EmiliaRomagna_2023a,gradient:B_surface_first,info,without R0: 0 of 4 primary slopes have a 95% CI entirely below 0 []
2026-10-01T01:35:12,20261001T010320030981Z,EmiliaRomagna_2023a,gated:B_surface_first,warn,47% of fold fits chose the edge of the gate grid (alpha=2.0 or tau=0.3); see the gated_wide_grid sensitivity variant
2026-10-01T01:35:13,20261001T010320030981Z,EmiliaRomagna_2023a,effects:B_surface_first,ok,"top rung: info_nats_fm -0.0061 [-0.0444, +0.0221] inconclusive; info_frac_fm -0.0137 [-0.0915, +0.0618] inconclusive; dAP_stacked_fm -0.1363 [-0.1564, +0.0189] inconclusive; dAP_gated_fm -0.0117 [-0.0166, +0.0095] inconclusive; dAP_early_fm -0.0089 [-0.0353, +0.0185] inconclusive; dAP_adr_legacy_fm -0.0550 [-0.0776, +0.0039] inconclusive | social gain saturated from: None"
2026-10-01T01:35:13,20261001T010320030981Z,EmiliaRomagna_2023a,ladder:B_surface_first,ok,6 rungs in 15.2 min
2026-10-01T01:35:13,20261001T010320030981Z,EmiliaRomagna_2023a,rung:lens,info,reused from checkpoint eadcaaa430d3 (identical feature set; not recomputed)
2026-10-01T02:05:10,20261001T010320030981Z,EmiliaRomagna_2023a,emotion_lens,ok,6 channel sets at rung R5_+sar_event
2026-10-01T02:22:55,20261001T010320030981Z,EmiliaRomagna_2023a,sensitivity,ok,4 variants
2026-10-01T02:22:55,20261001T010320030981Z,EmiliaRomagna_2023a,placebo,info,social layer vs population-density layer: Spearman 0.81
2026-10-01T02:22:55,20261001T010320030981Z,EmiliaRomagna_2023a,rung:placebo,info,"positives per fold: {0: 516, 1: 516, 2: 514, 3: 515, 4: 515}"
2026-10-01T02:24:28,20261001T010320030981Z,EmiliaRomagna_2023a,rung:placebo,info,[R0_none] AP_phys=0.1013 AP_stacked=0.1354 AP_gated=0.1013
2026-10-01T02:26:27,20261001T010320030981Z,EmiliaRomagna_2023a,rung:placebo,info,[R1_+terrain] AP_phys=0.1960 AP_stacked=0.1582 AP_gated=0.1960
2026-10-01T02:28:25,20261001T010320030981Z,EmiliaRomagna_2023a,rung:placebo,info,[R2_+surface] AP_phys=0.1949 AP_stacked=0.1619 AP_gated=0.1949
2026-10-01T02:30:28,20261001T010320030981Z,EmiliaRomagna_2023a,rung:placebo,info,[R3_+hydrography] AP_phys=0.2829 AP_stacked=0.1567 AP_gated=0.2829
2026-10-01T02:32:35,20261001T010320030981Z,EmiliaRomagna_2023a,rung:placebo,info,[R4_+forcing] AP_phys=0.2786 AP_stacked=0.1573 AP_gated=0.2859
2026-10-01T02:34:41,20261001T010320030981Z,EmiliaRomagna_2023a,rung:placebo,info,[R5_+sar_event] AP_phys=0.3575 AP_stacked=0.2021 AP_gated=0.3575
2026-10-01T02:40:10,20261001T010320030981Z,EmiliaRomagna_2023a,placebo,ok,population-density placebo ladder and population control done
2026-10-01T02:40:11,20261001T010320030981Z,EmiliaRomagna_2023a,city,ok,finished in 94.7 min
2026-10-01T02:40:12,20261001T010320030981Z,(all),synthesis,ok,"3 cities (3 under the current pre-registration); confirmatory k=3, localisable k=1 -> paper_synthesis/"
2026-10-01T02:40:13,20261001T010320030981Z,Forli_2023b,exclude,info,22 permanent-water cells (JRC occurrence >= 50%) excluded
2026-10-01T02:40:13,20261001T010320030981Z,Forli_2023b,exclude,ok,"8,684 of 93,651 cells excluded (9.3%); 3856 flooded among 84,967 analysed"
2026-10-01T02:40:14,20261001T010320030981Z,Forli_2023b,cv:blocks,ok,label autocorrelation < 0.1 by 2000 m -> CV tile 2000 m + buffer 500 m (correlogram range 2000 m)
2026-10-01T02:40:14,20261001T010320030981Z,Forli_2023b,rung:A_terrain_first,info,"positives per fold: {0: 771, 1: 771, 2: 771, 3: 771, 4: 772}"
2026-10-01T02:47:29,20261001T010320030981Z,Forli_2023b,rung:A_terrain_first,info,[R0_none] AP_phys=0.0414 AP_stacked=0.0532 AP_gated=0.0414
2026-10-01T02:56:39,20261001T010320030981Z,Forli_2023b,rung:A_terrain_first,info,[R1_+terrain] AP_phys=0.1517 AP_stacked=0.1589 AP_gated=0.1534
2026-10-01T03:06:32,20261001T010320030981Z,Forli_2023b,rung:A_terrain_first,info,[R2_+surface] AP_phys=0.1881 AP_stacked=0.1961 AP_gated=0.2000
2026-10-01T03:17:38,20261001T010320030981Z,Forli_2023b,rung:A_terrain_first,info,[R3_+hydrography] AP_phys=0.2201 AP_stacked=0.2181 AP_gated=0.2283
2026-10-01T03:29:19,20261001T010320030981Z,Forli_2023b,rung:A_terrain_first,info,[R4_+forcing] AP_phys=0.2774 AP_stacked=0.2537 AP_gated=0.2707
2026-10-01T03:40:59,20261001T010320030981Z,Forli_2023b,rung:A_terrain_first,info,[R5_+sar_event] AP_phys=0.3788 AP_stacked=0.3670 AP_gated=0.3756
2026-10-01T03:53:02,20261001T010320030981Z,Forli_2023b,gradient:A_terrain_first,info,without R0: 0 of 4 primary slopes have a 95% CI entirely below 0 []
2026-10-01T03:53:03,20261001T010320030981Z,Forli_2023b,gated:A_terrain_first,warn,73% of fold fits chose the edge of the gate grid (alpha=2.0 or tau=0.3); see the gated_wide_grid sensitivity variant
2026-10-01T03:53:03,20261001T010320030981Z,Forli_2023b,effects:A_terrain_first,ok,"top rung: info_nats_fm +0.0016 [-0.0004, +0.0041] inconclusive; info_frac_fm +0.0117 [-0.0025, +0.0274] inconclusive; dAP_stacked_fm +0.0054 [-0.0045, +0.0162] inconclusive; dAP_gated_fm +0.0024 [-0.0087, +0.0137] inconclusive; dAP_early_fm +0.0076 [-0.0091, +0.0270] inconclusive; dAP_adr_legacy_fm -0.0282 [-0.0418, -0.0140] harmful | social gain saturated from: None"
2026-10-01T03:53:03,20261001T010320030981Z,Forli_2023b,ladder:A_terrain_first,ok,6 rungs in 72.8 min
2026-10-01T03:53:03,20261001T010320030981Z,Forli_2023b,rung:B_surface_first,info,"positives per fold: {0: 771, 1: 771, 2: 771, 3: 771, 4: 772}"
2026-10-01T03:53:03,20261001T010320030981Z,Forli_2023b,rung:B_surface_first,info,reused from checkpoint 2725d9941385 (identical feature set; not recomputed)
2026-10-01T04:02:21,20261001T010320030981Z,Forli_2023b,rung:B_surface_first,info,[R1_+surface] AP_phys=0.0994 AP_stacked=0.1029 AP_gated=0.1204
2026-10-01T04:12:03,20261001T010320030981Z,Forli_2023b,rung:B_surface_first,info,[R2_+forcing] AP_phys=0.2032 AP_stacked=0.1996 AP_gated=0.1911
2026-10-01T04:22:34,20261001T010320030981Z,Forli_2023b,rung:B_surface_first,info,[R3_+terrain] AP_phys=0.2658 AP_stacked=0.2599 AP_gated=0.2620
2026-10-01T04:22:35,20261001T010320030981Z,Forli_2023b,rung:B_surface_first,info,reused from checkpoint b847e409b8a8 (identical feature set; not recomputed)
2026-10-01T04:22:35,20261001T010320030981Z,Forli_2023b,rung:B_surface_first,info,reused from checkpoint 7653b7728e18 (identical feature set; not recomputed)
2026-10-01T04:52:31,20261001T045140139955Z,Chennai_2015,exclude,info,779 permanent-water cells (JRC occurrence >= 50%) excluded
2026-10-01T04:52:31,20261001T045140139955Z,Chennai_2015,exclude,ok,"779 of 41,919 cells excluded (1.9%); 9360 flooded among 41,140 analysed"
2026-10-01T04:52:33,20261001T045140139955Z,Chennai_2015,cv:blocks,ok,label autocorrelation < 0.1 by 3000 m -> CV tile 2500 m + buffer 500 m (correlogram range 3000 m)
2026-10-01T04:52:35,20261001T045140139955Z,Chennai_2015,resume:ladder_A_terrain_first_full_f5091bc95aad7646_5_d2e2f7342e,info,loaded from checkpoint (not recomputed)
2026-10-01T04:52:36,20261001T045140139955Z,Chennai_2015,gradient:A_terrain_first,info,"without R0: 2 of 4 primary slopes have a 95% CI entirely below 0 ['dAP_stacked_fm_adj', 'dAP_gated_fm_adj']"
2026-10-01T04:52:36,20261001T045140139955Z,Chennai_2015,gated:A_terrain_first,warn,80% of fold fits chose the edge of the gate grid (alpha=2.0 or tau=0.3); see the gated_wide_grid sensitivity variant
2026-10-01T04:52:42,20261001T045140139955Z,Chennai_2015,effects:A_terrain_first,ok,"top rung: info_nats_fm -0.0008 [-0.0120, +0.0068] inconclusive; info_frac_fm -0.0016 [-0.0227, +0.0134] saturated; dAP_stacked_fm -0.0045 [-0.0272, +0.0170] inconclusive; dAP_gated_fm -0.0023 [-0.0247, +0.0160] inconclusive; dAP_early_fm +0.0101 [-0.0076, +0.0318] inconclusive; dAP_adr_legacy_fm -0.0100 [-0.0199, +0.0035] inconclusive | social gain saturated from: R3_+hydrography"
2026-10-01T04:52:42,20261001T045140139955Z,Chennai_2015,ladder:A_terrain_first,ok,6 rungs in 0.2 min
2026-10-01T04:52:43,20261001T045140139955Z,Chennai_2015,resume:ladder_B_surface_first_full_f5091bc95aad7646_5_d2e2f7342e,info,loaded from checkpoint (not recomputed)
2026-10-01T04:52:45,20261001T045140139955Z,Chennai_2015,gradient:B_surface_first,info,"without R0: 2 of 4 primary slopes have a 95% CI entirely below 0 ['dAP_stacked_fm_adj', 'dAP_gated_fm_adj']"
2026-10-01T04:52:45,20261001T045140139955Z,Chennai_2015,gated:B_surface_first,warn,73% of fold fits chose the edge of the gate grid (alpha=2.0 or tau=0.3); see the gated_wide_grid sensitivity variant
2026-10-01T04:52:50,20261001T045140139955Z,Chennai_2015,effects:B_surface_first,ok,"top rung: info_nats_fm -0.0008 [-0.0120, +0.0068] inconclusive; info_frac_fm -0.0016 [-0.0227, +0.0134] saturated; dAP_stacked_fm -0.0045 [-0.0272, +0.0170] inconclusive; dAP_gated_fm -0.0023 [-0.0247, +0.0160] inconclusive; dAP_early_fm +0.0101 [-0.0076, +0.0318] inconclusive; dAP_adr_legacy_fm -0.0100 [-0.0199, +0.0035] inconclusive | social gain saturated from: R4_+hydrography"
2026-10-01T04:52:50,20261001T045140139955Z,Chennai_2015,ladder:B_surface_first,ok,6 rungs in 0.1 min
2026-10-01T04:52:51,20261001T045140139955Z,Chennai_2015,resume:lens_S_mentions_full_f5091bc95aad7646_5_d2e2f7342e,info,loaded from checkpoint (not recomputed)
2026-10-01T04:52:53,20261001T045140139955Z,Chennai_2015,resume:lens_S_negative_full_f5091bc95aad7646_5_d2e2f7342e,info,loaded from checkpoint (not recomputed)
2026-10-01T04:52:54,20261001T045140139955Z,Chennai_2015,resume:lens_S_distress_full_f5091bc95aad7646_5_d2e2f7342e,info,loaded from checkpoint (not recomputed)
2026-10-01T04:52:55,20261001T045140139955Z,Chennai_2015,resume:lens_S_src_gdelt_bigquery_full_f5091bc95aad7646_5_d2e2f7342e,info,loaded from checkpoint (not recomputed)
2026-10-01T04:52:55,20261001T045140139955Z,Chennai_2015,resume:lens_S_src_reddit_arcticshift_full_f5091bc95aad7646_5_d2e2f7342e,info,loaded from checkpoint (not recomputed)
2026-10-01T04:52:56,20261001T045140139955Z,Chennai_2015,resume:lens_S_mentions+S_negative+S_distress_full_f5091bc95aad7646_5_d2e2f7342e,info,loaded from checkpoint (not recomputed)
2026-10-01T04:52:56,20261001T045140139955Z,Chennai_2015,emotion_lens,ok,6 channel sets at rung R5_+sar_event
2026-10-01T04:52:58,20261001T045140139955Z,Chennai_2015,resume:sens_bandwidth_1000m_full_963158048f0d1f43_5_d2e2f7342e_xgb,info,loaded from checkpoint (not recomputed)
2026-10-01T04:52:59,20261001T045140139955Z,Chennai_2015,resume:sens_window_minus3_plus3_full_c5d82600bb2f6880_5_d2e2f7342e_xgb,info,loaded from checkpoint (not recomputed)
2026-10-01T04:53:00,20261001T045140139955Z,Chennai_2015,resume:sens_gated_wide_grid_full_45e8bd55e80ce833_5_d2e2f7342e_xgb,info,loaded from checkpoint (not recomputed)
2026-10-01T04:53:01,20261001T045140139955Z,Chennai_2015,resume:sens_learner_logistic_full_45e8bd55e80ce833_5_d2e2f7342e_logistic,info,loaded from checkpoint (not recomputed)
2026-10-01T04:53:01,20261001T045140139955Z,Chennai_2015,sensitivity,ok,4 variants
2026-10-01T04:53:01,20261001T045140139955Z,Chennai_2015,placebo,info,social layer vs population-density layer: Spearman 0.80
2026-10-01T04:53:02,20261001T045140139955Z,Chennai_2015,resume:placebo_pop_full_59c3eae36682f007_5_d2e2f7342e,info,loaded from checkpoint (not recomputed)
2026-10-01T04:53:10,20261001T045140139955Z,Chennai_2015,resume:control_pop_full_d3be82dea2088aa9_5_d2e2f7342e,info,loaded from checkpoint (not recomputed)
2026-10-01T04:53:11,20261001T045140139955Z,Chennai_2015,placebo,ok,population-density placebo ladder and population control done
2026-10-01T04:53:15,20261001T045140139955Z,Chennai_2015,city,ok,finished in 0.8 min
2026-10-01T04:53:31,20261001T045140139955Z,(all),synthesis,ok,"3 cities (3 under the current pre-registration); confirmatory k=3, localisable k=1 -> paper_synthesis/"
2026-10-01T04:53:33,20261001T045140139955Z,Valencia_2024,exclude,info,"5,684 permanent-water cells (JRC occurrence >= 50%) excluded"
2026-10-01T04:53:33,20261001T045140139955Z,Valencia_2024,exclude,ok,"5,684 of 38,269 cells excluded (14.9%); 10460 flooded among 32,585 analysed"
2026-10-01T04:53:34,20261001T045140139955Z,Valencia_2024,cv:blocks,ok,label autocorrelation < 0.1 by 8000 m -> CV tile 4000 m + buffer 500 m (correlogram range 8000 m)
2026-10-01T04:53:35,20261001T045140139955Z,Valencia_2024,resume:ladder_A_terrain_first_full_84074a89e94ad337_5_fe639a2c0a,info,loaded from checkpoint (not recomputed)
2026-10-01T04:53:36,20261001T045140139955Z,Valencia_2024,gradient:A_terrain_first,info,without R0: 0 of 4 primary slopes have a 95% CI entirely below 0 []
2026-10-01T04:53:36,20261001T045140139955Z,Valencia_2024,gated:A_terrain_first,warn,100% of fold fits chose the edge of the gate grid (alpha=2.0 or tau=0.3); see the gated_wide_grid sensitivity variant
2026-10-01T04:53:43,20261001T045140139955Z,Valencia_2024,effects:A_terrain_first,ok,"top rung: info_nats_fm +0.0770 [-0.0230, +0.1722] inconclusive; info_frac_fm +0.1798 [-0.0698, +0.3328] inconclusive; dAP_stacked_fm +0.0388 [-0.0028, +0.1039] inconclusive; dAP_gated_fm -0.0125 [-0.0328, +0.0278] inconclusive; dAP_early_fm +0.0006 [-0.0218, +0.0805] inconclusive; dAP_adr_legacy_fm -0.1234 [-0.1477, -0.0511] harmful | social gain saturated from: None"
2026-10-01T04:53:43,20261001T045140139955Z,Valencia_2024,ladder:A_terrain_first,ok,6 rungs in 0.1 min
2026-10-01T04:53:44,20261001T045140139955Z,Valencia_2024,resume:ladder_B_surface_first_full_84074a89e94ad337_5_fe639a2c0a,info,loaded from checkpoint (not recomputed)
2026-10-01T04:53:45,20261001T045140139955Z,Valencia_2024,gradient:B_surface_first,info,without R0: 0 of 4 primary slopes have a 95% CI entirely below 0 []
2026-10-01T04:53:45,20261001T045140139955Z,Valencia_2024,gated:B_surface_first,warn,87% of fold fits chose the edge of the gate grid (alpha=2.0 or tau=0.3); see the gated_wide_grid sensitivity variant
2026-10-01T04:53:53,20261001T045140139955Z,Valencia_2024,effects:B_surface_first,ok,"top rung: info_nats_fm +0.0770 [-0.0230, +0.1722] inconclusive; info_frac_fm +0.1798 [-0.0698, +0.3328] inconclusive; dAP_stacked_fm +0.0388 [-0.0028, +0.1039] inconclusive; dAP_gated_fm -0.0125 [-0.0328, +0.0278] inconclusive; dAP_early_fm +0.0006 [-0.0218, +0.0805] inconclusive; dAP_adr_legacy_fm -0.1234 [-0.1477, -0.0511] harmful | social gain saturated from: None"
2026-10-01T04:53:53,20261001T045140139955Z,Valencia_2024,ladder:B_surface_first,ok,6 rungs in 0.2 min
2026-10-01T04:53:54,20261001T045140139955Z,Valencia_2024,resume:lens_S_mentions_full_84074a89e94ad337_5_fe639a2c0a,info,loaded from checkpoint (not recomputed)
2026-10-01T04:53:56,20261001T045140139955Z,Valencia_2024,resume:lens_S_negative_full_84074a89e94ad337_5_fe639a2c0a,info,loaded from checkpoint (not recomputed)
2026-10-01T04:53:57,20261001T045140139955Z,Valencia_2024,resume:lens_S_distress_full_84074a89e94ad337_5_fe639a2c0a,info,loaded from checkpoint (not recomputed)
2026-10-01T04:53:58,20261001T045140139955Z,Valencia_2024,resume:lens_S_src_gdelt_bigquery_full_84074a89e94ad337_5_fe639a2c0a,info,loaded from checkpoint (not recomputed)
2026-10-01T04:53:59,20261001T045140139955Z,Valencia_2024,resume:lens_S_src_google_news_rss_full_84074a89e94ad337_5_fe639a2c0a,info,loaded from checkpoint (not recomputed)
2026-10-01T04:53:59,20261001T045140139955Z,Valencia_2024,resume:lens_S_src_reddit_arcticshift_full_84074a89e94ad337_5_fe639a2c0a,info,loaded from checkpoint (not recomputed)
2026-10-01T04:54:00,20261001T045140139955Z,Valencia_2024,resume:lens_S_mentions+S_negative+S_distress_full_84074a89e94ad337_5_fe639a2c0a,info,loaded from checkpoint (not recomputed)
2026-10-01T04:54:00,20261001T045140139955Z,Valencia_2024,emotion_lens,ok,7 channel sets at rung R5_+sar_event
2026-10-01T04:54:01,20261001T045140139955Z,Valencia_2024,resume:sens_bandwidth_1000m_full_ed3d3dba3d38df3a_5_fe639a2c0a_xgb,info,loaded from checkpoint (not recomputed)
2026-10-01T04:54:02,20261001T045140139955Z,Valencia_2024,resume:sens_window_minus3_plus3_full_c9c8dcd8f4765b60_5_fe639a2c0a_xgb,info,loaded from checkpoint (not recomputed)
2026-10-01T04:54:03,20261001T045140139955Z,Valencia_2024,resume:sens_gated_wide_grid_full_1b9bca63eef2af64_5_fe639a2c0a_xgb,info,loaded from checkpoint (not recomputed)
2026-10-01T04:54:04,20261001T045140139955Z,Valencia_2024,resume:sens_learner_logistic_full_1b9bca63eef2af64_5_fe639a2c0a_logistic,info,loaded from checkpoint (not recomputed)
2026-10-01T04:54:04,20261001T045140139955Z,Valencia_2024,sensitivity,ok,4 variants
2026-10-01T04:54:04,20261001T045140139955Z,Valencia_2024,placebo,info,social layer vs population-density layer: Spearman 0.70
2026-10-01T04:54:05,20261001T045140139955Z,Valencia_2024,resume:placebo_pop_full_fb7e9451b1712344_5_fe639a2c0a,info,loaded from checkpoint (not recomputed)
2026-10-01T04:54:17,20261001T045140139955Z,Valencia_2024,resume:control_pop_full_9a7b6100b76e8a60_5_fe639a2c0a,info,loaded from checkpoint (not recomputed)
2026-10-01T04:54:17,20261001T045140139955Z,Valencia_2024,placebo,ok,population-density placebo ladder and population control done
2026-10-01T04:54:20,20261001T045140139955Z,Valencia_2024,city,ok,finished in 0.8 min
2026-10-01T04:54:21,20261001T045140139955Z,(all),synthesis,ok,"3 cities (3 under the current pre-registration); confirmatory k=3, localisable k=1 -> paper_synthesis/"
2026-10-01T04:54:22,20261001T045140139955Z,EmiliaRomagna_2023a,exclude,info,238 permanent-water cells (JRC occurrence >= 50%) excluded
2026-10-01T04:54:22,20261001T045140139955Z,EmiliaRomagna_2023a,exclude,warn,"123,756 of 143,322 cells excluded (86.3%); 2576 flooded among 19,566 analysed"
2026-10-01T04:54:23,20261001T045140139955Z,EmiliaRomagna_2023a,cv:blocks,ok,label autocorrelation < 0.1 by 3000 m -> CV tile 2500 m + buffer 500 m (correlogram range 3000 m)
2026-10-01T04:54:24,20261001T045140139955Z,EmiliaRomagna_2023a,resume:ladder_A_terrain_first_full_c2b95eed9b9bc451_5_d2e2f7342e,info,loaded from checkpoint (not recomputed)
2026-10-01T04:54:25,20261001T045140139955Z,EmiliaRomagna_2023a,gradient:A_terrain_first,info,without R0: 0 of 4 primary slopes have a 95% CI entirely below 0 []
2026-10-01T04:54:25,20261001T045140139955Z,EmiliaRomagna_2023a,gated:A_terrain_first,warn,50% of fold fits chose the edge of the gate grid (alpha=2.0 or tau=0.3); see the gated_wide_grid sensitivity variant
2026-10-01T04:54:33,20261001T045140139955Z,EmiliaRomagna_2023a,effects:A_terrain_first,ok,"top rung: info_nats_fm -0.0061 [-0.0444, +0.0221] inconclusive; info_frac_fm -0.0137 [-0.0915, +0.0618] inconclusive; dAP_stacked_fm -0.1363 [-0.1564, +0.0189] inconclusive; dAP_gated_fm -0.0117 [-0.0166, +0.0095] inconclusive; dAP_early_fm -0.0089 [-0.0353, +0.0185] inconclusive; dAP_adr_legacy_fm -0.0550 [-0.0776, +0.0039] inconclusive | social gain saturated from: None"
2026-10-01T04:54:33,20261001T045140139955Z,EmiliaRomagna_2023a,ladder:A_terrain_first,ok,6 rungs in 0.2 min
2026-10-01T04:54:34,20261001T045140139955Z,EmiliaRomagna_2023a,resume:ladder_B_surface_first_full_c2b95eed9b9bc451_5_d2e2f7342e,info,loaded from checkpoint (not recomputed)
2026-10-01T04:54:35,20261001T045140139955Z,EmiliaRomagna_2023a,gradient:B_surface_first,info,without R0: 0 of 4 primary slopes have a 95% CI entirely below 0 []
2026-10-01T04:54:35,20261001T045140139955Z,EmiliaRomagna_2023a,gated:B_surface_first,warn,47% of fold fits chose the edge of the gate grid (alpha=2.0 or tau=0.3); see the gated_wide_grid sensitivity variant
2026-10-01T04:54:42,20261001T045140139955Z,EmiliaRomagna_2023a,effects:B_surface_first,ok,"top rung: info_nats_fm -0.0061 [-0.0444, +0.0221] inconclusive; info_frac_fm -0.0137 [-0.0915, +0.0618] inconclusive; dAP_stacked_fm -0.1363 [-0.1564, +0.0189] inconclusive; dAP_gated_fm -0.0117 [-0.0166, +0.0095] inconclusive; dAP_early_fm -0.0089 [-0.0353, +0.0185] inconclusive; dAP_adr_legacy_fm -0.0550 [-0.0776, +0.0039] inconclusive | social gain saturated from: None"
2026-10-01T04:54:42,20261001T045140139955Z,EmiliaRomagna_2023a,ladder:B_surface_first,ok,6 rungs in 0.2 min
2026-10-01T04:54:43,20261001T045140139955Z,EmiliaRomagna_2023a,resume:lens_S_mentions_full_c2b95eed9b9bc451_5_d2e2f7342e,info,loaded from checkpoint (not recomputed)
2026-10-01T04:54:45,20261001T045140139955Z,EmiliaRomagna_2023a,resume:lens_S_negative_full_c2b95eed9b9bc451_5_d2e2f7342e,info,loaded from checkpoint (not recomputed)
2026-10-01T04:54:46,20261001T045140139955Z,EmiliaRomagna_2023a,resume:lens_S_distress_full_c2b95eed9b9bc451_5_d2e2f7342e,info,loaded from checkpoint (not recomputed)
2026-10-01T04:54:47,20261001T045140139955Z,EmiliaRomagna_2023a,resume:lens_S_src_gdelt_bigquery_full_c2b95eed9b9bc451_5_d2e2f7342e,info,loaded from checkpoint (not recomputed)
2026-10-01T04:54:48,20261001T045140139955Z,EmiliaRomagna_2023a,resume:lens_S_src_google_news_rss_full_c2b95eed9b9bc451_5_d2e2f7342e,info,loaded from checkpoint (not recomputed)
2026-10-01T04:54:49,20261001T045140139955Z,EmiliaRomagna_2023a,resume:lens_S_mentions+S_negative+S_distress_full_c2b95eed9b9bc451_5_d2e2f7342e,info,loaded from checkpoint (not recomputed)
2026-10-01T04:54:49,20261001T045140139955Z,EmiliaRomagna_2023a,emotion_lens,ok,6 channel sets at rung R5_+sar_event
2026-10-01T04:54:49,20261001T045140139955Z,EmiliaRomagna_2023a,resume:sens_bandwidth_1000m_full_700d0b0cf3a1dce7_5_d2e2f7342e_xgb,info,loaded from checkpoint (not recomputed)
2026-10-01T04:54:51,20261001T045140139955Z,EmiliaRomagna_2023a,resume:sens_window_minus3_plus3_full_eee63057e5e47906_5_d2e2f7342e_xgb,info,loaded from checkpoint (not recomputed)
2026-10-01T04:54:52,20261001T045140139955Z,EmiliaRomagna_2023a,resume:sens_gated_wide_grid_full_8ed46581152f3916_5_d2e2f7342e_xgb,info,loaded from checkpoint (not recomputed)
2026-10-01T04:54:53,20261001T045140139955Z,EmiliaRomagna_2023a,resume:sens_learner_logistic_full_8ed46581152f3916_5_d2e2f7342e_logistic,info,loaded from checkpoint (not recomputed)
2026-10-01T04:54:53,20261001T045140139955Z,EmiliaRomagna_2023a,sensitivity,ok,4 variants
2026-10-01T04:54:53,20261001T045140139955Z,EmiliaRomagna_2023a,placebo,info,social layer vs population-density layer: Spearman 0.81
2026-10-01T04:54:54,20261001T045140139955Z,EmiliaRomagna_2023a,resume:placebo_pop_full_befdd2e01741a217_5_d2e2f7342e,info,loaded from checkpoint (not recomputed)
2026-10-01T04:55:03,20261001T045140139955Z,EmiliaRomagna_2023a,resume:control_pop_full_e35a64f1038a6cd6_5_d2e2f7342e,info,loaded from checkpoint (not recomputed)
2026-10-01T04:55:04,20261001T045140139955Z,EmiliaRomagna_2023a,placebo,ok,population-density placebo ladder and population control done
2026-10-01T04:55:06,20261001T045140139955Z,EmiliaRomagna_2023a,city,ok,finished in 0.7 min
2026-10-01T04:55:07,20261001T045140139955Z,(all),synthesis,ok,"3 cities (3 under the current pre-registration); confirmatory k=3, localisable k=1 -> paper_synthesis/"
2026-10-01T04:55:08,20261001T045140139955Z,Forli_2023b,exclude,info,22 permanent-water cells (JRC occurrence >= 50%) excluded
2026-10-01T04:55:08,20261001T045140139955Z,Forli_2023b,exclude,ok,"8,684 of 93,651 cells excluded (9.3%); 3856 flooded among 84,967 analysed"
2026-10-01T04:55:09,20261001T045140139955Z,Forli_2023b,cv:blocks,ok,label autocorrelation < 0.1 by 2000 m -> CV tile 2000 m + buffer 500 m (correlogram range 2000 m)
2026-10-01T04:55:10,20261001T045140139955Z,Forli_2023b,resume:ladder_A_terrain_first_full_3de0a0a21c3bc7a2_5_5e3b8a0247,info,loaded from checkpoint (not recomputed)
2026-10-01T04:55:12,20261001T045140139955Z,Forli_2023b,gradient:A_terrain_first,info,without R0: 0 of 4 primary slopes have a 95% CI entirely below 0 []
2026-10-01T04:55:12,20261001T045140139955Z,Forli_2023b,gated:A_terrain_first,warn,73% of fold fits chose the edge of the gate grid (alpha=2.0 or tau=0.3); see the gated_wide_grid sensitivity variant
2026-10-01T04:55:18,20261001T045140139955Z,Forli_2023b,effects:A_terrain_first,ok,"top rung: info_nats_fm +0.0016 [-0.0004, +0.0041] inconclusive; info_frac_fm +0.0117 [-0.0025, +0.0274] inconclusive; dAP_stacked_fm +0.0054 [-0.0045, +0.0162] inconclusive; dAP_gated_fm +0.0024 [-0.0087, +0.0137] inconclusive; dAP_early_fm +0.0076 [-0.0091, +0.0270] inconclusive; dAP_adr_legacy_fm -0.0282 [-0.0418, -0.0140] harmful | social gain saturated from: None"
2026-10-01T04:55:18,20261001T045140139955Z,Forli_2023b,ladder:A_terrain_first,ok,6 rungs in 0.2 min
2026-10-01T04:55:18,20261001T045140139955Z,Forli_2023b,rung:B_surface_first,info,"positives per fold: {0: 771, 1: 771, 2: 771, 3: 771, 4: 772}"
2026-10-01T04:55:18,20261001T045140139955Z,Forli_2023b,rung:B_surface_first,info,reused from checkpoint 2725d9941385 (identical feature set; not recomputed)
2026-10-01T04:55:19,20261001T045140139955Z,Forli_2023b,rung:B_surface_first,info,reused from checkpoint dcecad64af9c (identical feature set; not recomputed)
2026-10-01T04:55:19,20261001T045140139955Z,Forli_2023b,rung:B_surface_first,info,reused from checkpoint 00d620bd9ba4 (identical feature set; not recomputed)
2026-10-01T04:55:20,20261001T045140139955Z,Forli_2023b,rung:B_surface_first,info,reused from checkpoint 82c5f42aec7d (identical feature set; not recomputed)
2026-10-01T04:55:21,20261001T045140139955Z,Forli_2023b,rung:B_surface_first,info,reused from checkpoint b847e409b8a8 (identical feature set; not recomputed)
2026-10-01T04:55:22,20261001T045140139955Z,Forli_2023b,rung:B_surface_first,info,reused from checkpoint 7653b7728e18 (identical feature set; not recomputed)
2026-10-01T05:06:14,20261001T045140139955Z,Forli_2023b,gradient:B_surface_first,info,without R0: 0 of 4 primary slopes have a 95% CI entirely below 0 []
2026-10-01T05:06:14,20261001T045140139955Z,Forli_2023b,gated:B_surface_first,warn,50% of fold fits chose the edge of the gate grid (alpha=2.0 or tau=0.3); see the gated_wide_grid sensitivity variant
2026-10-01T05:06:15,20261001T045140139955Z,Forli_2023b,effects:B_surface_first,ok,"top rung: info_nats_fm +0.0016 [-0.0004, +0.0041] inconclusive; info_frac_fm +0.0117 [-0.0025, +0.0274] inconclusive; dAP_stacked_fm +0.0054 [-0.0045, +0.0162] inconclusive; dAP_gated_fm +0.0024 [-0.0087, +0.0137] inconclusive; dAP_early_fm +0.0076 [-0.0091, +0.0270] inconclusive; dAP_adr_legacy_fm -0.0282 [-0.0418, -0.0140] harmful | social gain saturated from: None"
2026-10-01T05:06:15,20261001T045140139955Z,Forli_2023b,ladder:B_surface_first,ok,6 rungs in 10.9 min
2026-10-01T05:06:15,20261001T045140139955Z,Forli_2023b,rung:lens,info,reused from checkpoint 7653b7728e18 (identical feature set; not recomputed)
2026-10-01T06:02:05,20261001T045140139955Z,Forli_2023b,emotion_lens,ok,5 channel sets at rung R5_+sar_event
2026-10-01T06:43:25,20261001T045140139955Z,Forli_2023b,sensitivity,ok,4 variants
2026-10-01T06:43:25,20261001T045140139955Z,Forli_2023b,placebo,info,social layer vs population-density layer: Spearman 0.13
2026-10-01T06:43:25,20261001T045140139955Z,Forli_2023b,rung:placebo,info,"positives per fold: {0: 771, 1: 771, 2: 771, 3: 771, 4: 772}"
2026-10-01T06:46:22,20261001T045140139955Z,Forli_2023b,rung:placebo,info,[R0_none] AP_phys=0.0414 AP_stacked=0.0543 AP_gated=0.0414
2026-10-01T06:50:17,20261001T045140139955Z,Forli_2023b,rung:placebo,info,[R1_+terrain] AP_phys=0.1517 AP_stacked=0.1414 AP_gated=0.1433
2026-10-01T06:54:21,20261001T045140139955Z,Forli_2023b,rung:placebo,info,[R2_+surface] AP_phys=0.1881 AP_stacked=0.1781 AP_gated=0.1727
2026-10-01T06:58:31,20261001T045140139955Z,Forli_2023b,rung:placebo,info,[R3_+hydrography] AP_phys=0.2201 AP_stacked=0.2070 AP_gated=0.2119
2026-10-01T07:02:43,20261001T045140139955Z,Forli_2023b,rung:placebo,info,[R4_+forcing] AP_phys=0.2774 AP_stacked=0.2639 AP_gated=0.2606
2026-10-01T07:07:00,20261001T045140139955Z,Forli_2023b,rung:placebo,info,[R5_+sar_event] AP_phys=0.3788 AP_stacked=0.3688 AP_gated=0.3761
2026-10-01T07:20:42,20261001T045140139955Z,Forli_2023b,placebo,ok,population-density placebo ladder and population control done
2026-10-01T07:20:43,20261001T045140139955Z,Forli_2023b,city,ok,finished in 145.6 min
2026-10-01T07:20:45,20261001T045140139955Z,(all),synthesis,ok,"4 cities (4 under the current pre-registration); confirmatory k=4, localisable k=1 -> paper_synthesis/"
2026-10-01T07:20:45,20261001T045140139955Z,York_2015,exclude,info,1 permanent-water cells (JRC occurrence >= 50%) excluded
2026-10-01T07:20:45,20261001T045140139955Z,York_2015,exclude,ok,"1 of 10,821 cells excluded (0.0%); 514 flooded among 10,820 analysed"
2026-10-01T07:20:46,20261001T045140139955Z,York_2015,cv:blocks,ok,label autocorrelation < 0.1 by 1500 m -> CV tile 2000 m + buffer 500 m (correlogram range 1500 m)
2026-10-01T07:20:46,20261001T045140139955Z,York_2015,rung:A_terrain_first,info,"positives per fold: {0: 109, 1: 100, 2: 106, 3: 99, 4: 100}"
2026-10-01T07:22:15,20261001T045140139955Z,York_2015,rung:A_terrain_first,info,[R0_none] AP_phys=0.0323 AP_stacked=0.0352 AP_gated=0.0323
2026-10-01T07:24:01,20261001T045140139955Z,York_2015,rung:A_terrain_first,info,[R1_+terrain] AP_phys=0.5446 AP_stacked=0.4867 AP_gated=0.5518
2026-10-01T07:25:58,20261001T045140139955Z,York_2015,rung:A_terrain_first,info,[R2_+surface] AP_phys=0.5933 AP_stacked=0.5132 AP_gated=0.6093
2026-10-01T07:28:09,20261001T045140139955Z,York_2015,rung:A_terrain_first,info,[R3_+hydrography] AP_phys=0.5850 AP_stacked=0.4715 AP_gated=0.6050
2026-10-01T07:30:27,20261001T045140139955Z,York_2015,rung:A_terrain_first,info,[R4_+forcing] AP_phys=0.5233 AP_stacked=0.4362 AP_gated=0.5492
2026-10-01T07:32:43,20261001T045140139955Z,York_2015,rung:A_terrain_first,info,[R5_+sar_event] AP_phys=0.4994 AP_stacked=0.4096 AP_gated=0.5479
2026-10-01T07:35:07,20261001T045140139955Z,York_2015,gradient:A_terrain_first,info,without R0: 0 of 4 primary slopes have a 95% CI entirely below 0 []
2026-10-01T07:35:07,20261001T045140139955Z,York_2015,gated:A_terrain_first,warn,93% of fold fits chose the edge of the gate grid (alpha=2.0 or tau=0.3); see the gated_wide_grid sensitivity variant
2026-10-01T07:35:07,20261001T045140139955Z,York_2015,effects:A_terrain_first,ok,"top rung: info_nats_fm +0.0304 [+0.0012, +0.0498] inconclusive; info_frac_fm +0.1187 [+0.0056, +0.2352] inconclusive; dAP_stacked_fm +0.0595 [-0.0125, +0.0925] inconclusive; dAP_gated_fm +0.0226 [+0.0092, +0.0296] inconclusive; dAP_early_fm +0.0043 [-0.0695, +0.0324] inconclusive; dAP_adr_legacy_fm -0.1361 [-0.1992, -0.0149] harmful | social gain saturated from: None"
2026-10-01T07:35:07,20261001T045140139955Z,York_2015,ladder:A_terrain_first,ok,6 rungs in 14.4 min
2026-10-01T07:35:07,20261001T045140139955Z,York_2015,rung:B_surface_first,info,"positives per fold: {0: 109, 1: 100, 2: 106, 3: 99, 4: 100}"
2026-10-01T07:35:07,20261001T045140139955Z,York_2015,rung:B_surface_first,info,reused from checkpoint d64e6b99df09 (identical feature set; not recomputed)
2026-10-01T07:37:00,20261001T045140139955Z,York_2015,rung:B_surface_first,info,[R1_+surface] AP_phys=0.0633 AP_stacked=0.0335 AP_gated=0.0552
2026-10-01T07:38:55,20261001T045140139955Z,York_2015,rung:B_surface_first,info,[R2_+forcing] AP_phys=0.0841 AP_stacked=0.0332 AP_gated=0.0900
2026-10-01T07:40:55,20261001T045140139955Z,York_2015,rung:B_surface_first,info,[R3_+terrain] AP_phys=0.6307 AP_stacked=0.5573 AP_gated=0.6350
2026-10-01T07:40:55,20261001T045140139955Z,York_2015,rung:B_surface_first,info,reused from checkpoint 77b4c471c1cd (identical feature set; not recomputed)
2026-10-01T07:40:55,20261001T045140139955Z,York_2015,rung:B_surface_first,info,reused from checkpoint f0e2a36fb245 (identical feature set; not recomputed)
2026-10-01T07:43:19,20261001T045140139955Z,York_2015,gradient:B_surface_first,info,without R0: 0 of 4 primary slopes have a 95% CI entirely below 0 []
2026-10-01T07:43:19,20261001T045140139955Z,York_2015,gated:B_surface_first,warn,70% of fold fits chose the edge of the gate grid (alpha=2.0 or tau=0.3); see the gated_wide_grid sensitivity variant
2026-10-01T07:43:19,20261001T045140139955Z,York_2015,effects:B_surface_first,ok,"top rung: info_nats_fm +0.0304 [+0.0012, +0.0498] inconclusive; info_frac_fm +0.1187 [+0.0056, +0.2352] inconclusive; dAP_stacked_fm +0.0595 [-0.0125, +0.0925] inconclusive; dAP_gated_fm +0.0226 [+0.0092, +0.0296] inconclusive; dAP_early_fm +0.0043 [-0.0695, +0.0324] inconclusive; dAP_adr_legacy_fm -0.1361 [-0.1992, -0.0149] harmful | social gain saturated from: None"
2026-10-01T07:43:19,20261001T045140139955Z,York_2015,ladder:B_surface_first,ok,6 rungs in 8.2 min
2026-10-01T07:43:19,20261001T045140139955Z,York_2015,folds,warn,fold prevalence ranges 1.5%-27.3%: per-fold AP partly reflects fold base rates; report fold_diagnostics.csv
2026-10-01T07:43:19,20261001T045140139955Z,York_2015,rung:lens,info,reused from checkpoint f0e2a36fb245 (identical feature set; not recomputed)
2026-10-01T07:49:26,20261001T045140139955Z,York_2015,emotion_lens,ok,3 channel sets at rung R5_+sar_event
2026-10-01T07:52:07,20261001T045140139955Z,York_2015,rung:sensitivity,info,reused from checkpoint f0e2a36fb245 (identical feature set; not recomputed)
2026-10-01T07:55:43,20261001T045140139955Z,York_2015,sensitivity,ok,4 variants
2026-10-01T07:55:43,20261001T045140139955Z,York_2015,placebo,info,social layer vs population-density layer: Spearman 0.10
2026-10-01T07:55:43,20261001T045140139955Z,York_2015,rung:placebo,info,"positives per fold: {0: 109, 1: 100, 2: 106, 3: 99, 4: 100}"
2026-10-01T07:56:24,20261001T045140139955Z,York_2015,rung:placebo,info,[R0_none] AP_phys=0.0323 AP_stacked=0.0766 AP_gated=0.0323
2026-10-01T07:57:13,20261001T045140139955Z,York_2015,rung:placebo,info,[R1_+terrain] AP_phys=0.5446 AP_stacked=0.2086 AP_gated=0.5499
2026-10-01T10:13:12,20261001T101234590239Z,Chennai_2015,exclude,info,779 permanent-water cells (JRC occurrence >= 50%) excluded
2026-10-01T10:13:12,20261001T101234590239Z,Chennai_2015,exclude,ok,"779 of 41,919 cells excluded (1.9%); 9360 flooded among 41,140 analysed"
2026-10-01T10:13:14,20261001T101234590239Z,Chennai_2015,cv:blocks,ok,label autocorrelation < 0.1 by 3000 m -> CV tile 2500 m + buffer 500 m (correlogram range 3000 m)
2026-10-01T10:13:15,20261001T101234590239Z,Chennai_2015,resume:ladder_A_terrain_first_full_f5091bc95aad7646_5_d2e2f7342e,info,loaded from checkpoint (not recomputed)
2026-10-01T10:13:16,20261001T101234590239Z,Chennai_2015,gradient:A_terrain_first,info,"without R0: 2 of 4 primary slopes have a 95% CI entirely below 0 ['dAP_stacked_fm_adj', 'dAP_gated_fm_adj']"
2026-10-01T10:13:16,20261001T101234590239Z,Chennai_2015,gated:A_terrain_first,warn,80% of fold fits chose the edge of the gate grid (alpha=2.0 or tau=0.3); see the gated_wide_grid sensitivity variant
2026-10-01T10:13:21,20261001T101234590239Z,Chennai_2015,effects:A_terrain_first,ok,"top rung: info_nats_fm -0.0008 [-0.0120, +0.0068] inconclusive; info_frac_fm -0.0016 [-0.0227, +0.0134] saturated; dAP_stacked_fm -0.0045 [-0.0272, +0.0170] inconclusive; dAP_gated_fm -0.0023 [-0.0247, +0.0160] inconclusive; dAP_early_fm +0.0101 [-0.0076, +0.0318] inconclusive; dAP_adr_legacy_fm -0.0100 [-0.0199, +0.0035] inconclusive | social gain saturated from: R3_+hydrography"
2026-10-01T10:13:21,20261001T101234590239Z,Chennai_2015,ladder:A_terrain_first,ok,6 rungs in 0.1 min
2026-10-01T10:13:21,20261001T101234590239Z,Chennai_2015,resume:ladder_B_surface_first_full_f5091bc95aad7646_5_d2e2f7342e,info,loaded from checkpoint (not recomputed)
2026-10-01T10:13:22,20261001T101234590239Z,Chennai_2015,gradient:B_surface_first,info,"without R0: 2 of 4 primary slopes have a 95% CI entirely below 0 ['dAP_stacked_fm_adj', 'dAP_gated_fm_adj']"
2026-10-01T10:13:22,20261001T101234590239Z,Chennai_2015,gated:B_surface_first,warn,73% of fold fits chose the edge of the gate grid (alpha=2.0 or tau=0.3); see the gated_wide_grid sensitivity variant
2026-10-01T10:13:26,20261001T101234590239Z,Chennai_2015,effects:B_surface_first,ok,"top rung: info_nats_fm -0.0008 [-0.0120, +0.0068] inconclusive; info_frac_fm -0.0016 [-0.0227, +0.0134] saturated; dAP_stacked_fm -0.0045 [-0.0272, +0.0170] inconclusive; dAP_gated_fm -0.0023 [-0.0247, +0.0160] inconclusive; dAP_early_fm +0.0101 [-0.0076, +0.0318] inconclusive; dAP_adr_legacy_fm -0.0100 [-0.0199, +0.0035] inconclusive | social gain saturated from: R4_+hydrography"
2026-10-01T10:13:26,20261001T101234590239Z,Chennai_2015,ladder:B_surface_first,ok,6 rungs in 0.1 min
2026-10-01T10:13:27,20261001T101234590239Z,Chennai_2015,resume:lens_S_mentions_full_f5091bc95aad7646_5_d2e2f7342e,info,loaded from checkpoint (not recomputed)
2026-10-01T10:13:28,20261001T101234590239Z,Chennai_2015,resume:lens_S_negative_full_f5091bc95aad7646_5_d2e2f7342e,info,loaded from checkpoint (not recomputed)
2026-10-01T10:13:28,20261001T101234590239Z,Chennai_2015,resume:lens_S_distress_full_f5091bc95aad7646_5_d2e2f7342e,info,loaded from checkpoint (not recomputed)
2026-10-01T10:13:29,20261001T101234590239Z,Chennai_2015,resume:lens_S_src_gdelt_bigquery_full_f5091bc95aad7646_5_d2e2f7342e,info,loaded from checkpoint (not recomputed)
2026-10-01T10:13:29,20261001T101234590239Z,Chennai_2015,resume:lens_S_src_reddit_arcticshift_full_f5091bc95aad7646_5_d2e2f7342e,info,loaded from checkpoint (not recomputed)
2026-10-01T10:13:30,20261001T101234590239Z,Chennai_2015,resume:lens_S_mentions+S_negative+S_distress_full_f5091bc95aad7646_5_d2e2f7342e,info,loaded from checkpoint (not recomputed)
2026-10-01T10:13:30,20261001T101234590239Z,Chennai_2015,emotion_lens,ok,6 channel sets at rung R5_+sar_event
2026-10-01T10:13:31,20261001T101234590239Z,Chennai_2015,resume:sens_bandwidth_1000m_full_963158048f0d1f43_5_d2e2f7342e_xgb,info,loaded from checkpoint (not recomputed)
2026-10-01T10:13:32,20261001T101234590239Z,Chennai_2015,resume:sens_window_minus3_plus3_full_c5d82600bb2f6880_5_d2e2f7342e_xgb,info,loaded from checkpoint (not recomputed)
2026-10-01T10:13:32,20261001T101234590239Z,Chennai_2015,resume:sens_gated_wide_grid_full_45e8bd55e80ce833_5_d2e2f7342e_xgb,info,loaded from checkpoint (not recomputed)
2026-10-01T10:13:33,20261001T101234590239Z,Chennai_2015,resume:sens_learner_logistic_full_45e8bd55e80ce833_5_d2e2f7342e_logistic,info,loaded from checkpoint (not recomputed)
2026-10-01T10:13:33,20261001T101234590239Z,Chennai_2015,sensitivity,ok,4 variants
2026-10-01T10:13:33,20261001T101234590239Z,Chennai_2015,placebo,info,social layer vs population-density layer: Spearman 0.80
2026-10-01T10:13:34,20261001T101234590239Z,Chennai_2015,resume:placebo_pop_full_59c3eae36682f007_5_d2e2f7342e,info,loaded from checkpoint (not recomputed)
2026-10-01T10:13:39,20261001T101234590239Z,Chennai_2015,resume:control_pop_full_d3be82dea2088aa9_5_d2e2f7342e,info,loaded from checkpoint (not recomputed)
2026-10-01T10:13:40,20261001T101234590239Z,Chennai_2015,placebo,ok,population-density placebo ladder and population control done
2026-10-01T10:13:42,20261001T101234590239Z,Chennai_2015,city,ok,finished in 0.5 min
2026-10-01T10:13:52,20261001T101234590239Z,(all),synthesis,ok,"4 cities (4 under the current pre-registration); confirmatory k=4, localisable k=1 -> paper_synthesis/"
2026-10-01T10:13:54,20261001T101234590239Z,Valencia_2024,exclude,info,"5,684 permanent-water cells (JRC occurrence >= 50%) excluded"
2026-10-01T10:13:54,20261001T101234590239Z,Valencia_2024,exclude,ok,"5,684 of 38,269 cells excluded (14.9%); 10460 flooded among 32,585 analysed"
2026-10-01T10:13:55,20261001T101234590239Z,Valencia_2024,cv:blocks,ok,label autocorrelation < 0.1 by 8000 m -> CV tile 4000 m + buffer 500 m (correlogram range 8000 m)
2026-10-01T10:13:56,20261001T101234590239Z,Valencia_2024,resume:ladder_A_terrain_first_full_84074a89e94ad337_5_fe639a2c0a,info,loaded from checkpoint (not recomputed)
2026-10-01T10:13:57,20261001T101234590239Z,Valencia_2024,gradient:A_terrain_first,info,without R0: 0 of 4 primary slopes have a 95% CI entirely below 0 []
2026-10-01T10:13:57,20261001T101234590239Z,Valencia_2024,gated:A_terrain_first,warn,100% of fold fits chose the edge of the gate grid (alpha=2.0 or tau=0.3); see the gated_wide_grid sensitivity variant
2026-10-01T10:14:01,20261001T101234590239Z,Valencia_2024,effects:A_terrain_first,ok,"top rung: info_nats_fm +0.0770 [-0.0230, +0.1722] inconclusive; info_frac_fm +0.1798 [-0.0698, +0.3328] inconclusive; dAP_stacked_fm +0.0388 [-0.0028, +0.1039] inconclusive; dAP_gated_fm -0.0125 [-0.0328, +0.0278] inconclusive; dAP_early_fm +0.0006 [-0.0218, +0.0805] inconclusive; dAP_adr_legacy_fm -0.1234 [-0.1477, -0.0511] harmful | social gain saturated from: None"
2026-10-01T10:14:01,20261001T101234590239Z,Valencia_2024,ladder:A_terrain_first,ok,6 rungs in 0.1 min
2026-10-01T10:14:01,20261001T101234590239Z,Valencia_2024,resume:ladder_B_surface_first_full_84074a89e94ad337_5_fe639a2c0a,info,loaded from checkpoint (not recomputed)
2026-10-01T10:14:02,20261001T101234590239Z,Valencia_2024,gradient:B_surface_first,info,without R0: 0 of 4 primary slopes have a 95% CI entirely below 0 []
2026-10-01T10:14:02,20261001T101234590239Z,Valencia_2024,gated:B_surface_first,warn,87% of fold fits chose the edge of the gate grid (alpha=2.0 or tau=0.3); see the gated_wide_grid sensitivity variant
2026-10-01T10:14:06,20261001T101234590239Z,Valencia_2024,effects:B_surface_first,ok,"top rung: info_nats_fm +0.0770 [-0.0230, +0.1722] inconclusive; info_frac_fm +0.1798 [-0.0698, +0.3328] inconclusive; dAP_stacked_fm +0.0388 [-0.0028, +0.1039] inconclusive; dAP_gated_fm -0.0125 [-0.0328, +0.0278] inconclusive; dAP_early_fm +0.0006 [-0.0218, +0.0805] inconclusive; dAP_adr_legacy_fm -0.1234 [-0.1477, -0.0511] harmful | social gain saturated from: None"
2026-10-01T10:14:06,20261001T101234590239Z,Valencia_2024,ladder:B_surface_first,ok,6 rungs in 0.1 min
2026-10-01T10:14:07,20261001T101234590239Z,Valencia_2024,resume:lens_S_mentions_full_84074a89e94ad337_5_fe639a2c0a,info,loaded from checkpoint (not recomputed)
2026-10-01T10:14:07,20261001T101234590239Z,Valencia_2024,resume:lens_S_negative_full_84074a89e94ad337_5_fe639a2c0a,info,loaded from checkpoint (not recomputed)
2026-10-01T10:14:08,20261001T101234590239Z,Valencia_2024,resume:lens_S_distress_full_84074a89e94ad337_5_fe639a2c0a,info,loaded from checkpoint (not recomputed)
2026-10-01T10:14:08,20261001T101234590239Z,Valencia_2024,resume:lens_S_src_gdelt_bigquery_full_84074a89e94ad337_5_fe639a2c0a,info,loaded from checkpoint (not recomputed)
2026-10-01T10:14:09,20261001T101234590239Z,Valencia_2024,resume:lens_S_src_google_news_rss_full_84074a89e94ad337_5_fe639a2c0a,info,loaded from checkpoint (not recomputed)
2026-10-01T10:14:09,20261001T101234590239Z,Valencia_2024,resume:lens_S_src_reddit_arcticshift_full_84074a89e94ad337_5_fe639a2c0a,info,loaded from checkpoint (not recomputed)
2026-10-01T10:14:10,20261001T101234590239Z,Valencia_2024,resume:lens_S_mentions+S_negative+S_distress_full_84074a89e94ad337_5_fe639a2c0a,info,loaded from checkpoint (not recomputed)
2026-10-01T10:14:10,20261001T101234590239Z,Valencia_2024,emotion_lens,ok,7 channel sets at rung R5_+sar_event
2026-10-01T10:14:10,20261001T101234590239Z,Valencia_2024,resume:sens_bandwidth_1000m_full_ed3d3dba3d38df3a_5_fe639a2c0a_xgb,info,loaded from checkpoint (not recomputed)
2026-10-01T10:14:11,20261001T101234590239Z,Valencia_2024,resume:sens_window_minus3_plus3_full_c9c8dcd8f4765b60_5_fe639a2c0a_xgb,info,loaded from checkpoint (not recomputed)
2026-10-01T10:14:11,20261001T101234590239Z,Valencia_2024,resume:sens_gated_wide_grid_full_1b9bca63eef2af64_5_fe639a2c0a_xgb,info,loaded from checkpoint (not recomputed)
2026-10-01T10:14:12,20261001T101234590239Z,Valencia_2024,resume:sens_learner_logistic_full_1b9bca63eef2af64_5_fe639a2c0a_logistic,info,loaded from checkpoint (not recomputed)
2026-10-01T10:14:12,20261001T101234590239Z,Valencia_2024,sensitivity,ok,4 variants
2026-10-01T10:14:12,20261001T101234590239Z,Valencia_2024,placebo,info,social layer vs population-density layer: Spearman 0.70
2026-10-01T10:14:12,20261001T101234590239Z,Valencia_2024,resume:placebo_pop_full_fb7e9451b1712344_5_fe639a2c0a,info,loaded from checkpoint (not recomputed)
2026-10-01T10:14:18,20261001T101234590239Z,Valencia_2024,resume:control_pop_full_9a7b6100b76e8a60_5_fe639a2c0a,info,loaded from checkpoint (not recomputed)
2026-10-01T10:14:18,20261001T101234590239Z,Valencia_2024,placebo,ok,population-density placebo ladder and population control done
2026-10-01T10:14:20,20261001T101234590239Z,Valencia_2024,city,ok,finished in 0.5 min
2026-10-01T10:14:21,20261001T101234590239Z,(all),synthesis,ok,"4 cities (4 under the current pre-registration); confirmatory k=4, localisable k=1 -> paper_synthesis/"
2026-10-01T10:14:22,20261001T101234590239Z,EmiliaRomagna_2023a,exclude,info,238 permanent-water cells (JRC occurrence >= 50%) excluded
2026-10-01T10:14:22,20261001T101234590239Z,EmiliaRomagna_2023a,exclude,warn,"123,756 of 143,322 cells excluded (86.3%); 2576 flooded among 19,566 analysed"
2026-10-01T10:14:23,20261001T101234590239Z,EmiliaRomagna_2023a,cv:blocks,ok,label autocorrelation < 0.1 by 3000 m -> CV tile 2500 m + buffer 500 m (correlogram range 3000 m)
2026-10-01T10:14:23,20261001T101234590239Z,EmiliaRomagna_2023a,resume:ladder_A_terrain_first_full_c2b95eed9b9bc451_5_d2e2f7342e,info,loaded from checkpoint (not recomputed)
2026-10-01T10:14:24,20261001T101234590239Z,EmiliaRomagna_2023a,gradient:A_terrain_first,info,without R0: 0 of 4 primary slopes have a 95% CI entirely below 0 []
2026-10-01T10:14:24,20261001T101234590239Z,EmiliaRomagna_2023a,gated:A_terrain_first,warn,50% of fold fits chose the edge of the gate grid (alpha=2.0 or tau=0.3); see the gated_wide_grid sensitivity variant
2026-10-01T10:14:28,20261001T101234590239Z,EmiliaRomagna_2023a,effects:A_terrain_first,ok,"top rung: info_nats_fm -0.0061 [-0.0444, +0.0221] inconclusive; info_frac_fm -0.0137 [-0.0915, +0.0618] inconclusive; dAP_stacked_fm -0.1363 [-0.1564, +0.0189] inconclusive; dAP_gated_fm -0.0117 [-0.0166, +0.0095] inconclusive; dAP_early_fm -0.0089 [-0.0353, +0.0185] inconclusive; dAP_adr_legacy_fm -0.0550 [-0.0776, +0.0039] inconclusive | social gain saturated from: None"
2026-10-01T10:14:28,20261001T101234590239Z,EmiliaRomagna_2023a,ladder:A_terrain_first,ok,6 rungs in 0.1 min
2026-10-01T10:14:29,20261001T101234590239Z,EmiliaRomagna_2023a,resume:ladder_B_surface_first_full_c2b95eed9b9bc451_5_d2e2f7342e,info,loaded from checkpoint (not recomputed)
2026-10-01T10:14:30,20261001T101234590239Z,EmiliaRomagna_2023a,gradient:B_surface_first,info,without R0: 0 of 4 primary slopes have a 95% CI entirely below 0 []
2026-10-01T10:14:30,20261001T101234590239Z,EmiliaRomagna_2023a,gated:B_surface_first,warn,47% of fold fits chose the edge of the gate grid (alpha=2.0 or tau=0.3); see the gated_wide_grid sensitivity variant
2026-10-01T10:14:34,20261001T101234590239Z,EmiliaRomagna_2023a,effects:B_surface_first,ok,"top rung: info_nats_fm -0.0061 [-0.0444, +0.0221] inconclusive; info_frac_fm -0.0137 [-0.0915, +0.0618] inconclusive; dAP_stacked_fm -0.1363 [-0.1564, +0.0189] inconclusive; dAP_gated_fm -0.0117 [-0.0166, +0.0095] inconclusive; dAP_early_fm -0.0089 [-0.0353, +0.0185] inconclusive; dAP_adr_legacy_fm -0.0550 [-0.0776, +0.0039] inconclusive | social gain saturated from: None"
2026-10-01T10:14:34,20261001T101234590239Z,EmiliaRomagna_2023a,ladder:B_surface_first,ok,6 rungs in 0.1 min
2026-10-01T10:14:34,20261001T101234590239Z,EmiliaRomagna_2023a,resume:lens_S_mentions_full_c2b95eed9b9bc451_5_d2e2f7342e,info,loaded from checkpoint (not recomputed)
2026-10-01T10:14:35,20261001T101234590239Z,EmiliaRomagna_2023a,resume:lens_S_negative_full_c2b95eed9b9bc451_5_d2e2f7342e,info,loaded from checkpoint (not recomputed)
2026-10-01T10:14:35,20261001T101234590239Z,EmiliaRomagna_2023a,resume:lens_S_distress_full_c2b95eed9b9bc451_5_d2e2f7342e,info,loaded from checkpoint (not recomputed)
2026-10-01T10:14:36,20261001T101234590239Z,EmiliaRomagna_2023a,resume:lens_S_src_gdelt_bigquery_full_c2b95eed9b9bc451_5_d2e2f7342e,info,loaded from checkpoint (not recomputed)
2026-10-01T10:14:36,20261001T101234590239Z,EmiliaRomagna_2023a,resume:lens_S_src_google_news_rss_full_c2b95eed9b9bc451_5_d2e2f7342e,info,loaded from checkpoint (not recomputed)
2026-10-01T10:14:37,20261001T101234590239Z,EmiliaRomagna_2023a,resume:lens_S_mentions+S_negative+S_distress_full_c2b95eed9b9bc451_5_d2e2f7342e,info,loaded from checkpoint (not recomputed)
2026-10-01T10:14:37,20261001T101234590239Z,EmiliaRomagna_2023a,emotion_lens,ok,6 channel sets at rung R5_+sar_event
2026-10-01T10:14:38,20261001T101234590239Z,EmiliaRomagna_2023a,resume:sens_bandwidth_1000m_full_700d0b0cf3a1dce7_5_d2e2f7342e_xgb,info,loaded from checkpoint (not recomputed)
2026-10-01T10:14:38,20261001T101234590239Z,EmiliaRomagna_2023a,resume:sens_window_minus3_plus3_full_eee63057e5e47906_5_d2e2f7342e_xgb,info,loaded from checkpoint (not recomputed)
2026-10-01T10:14:39,20261001T101234590239Z,EmiliaRomagna_2023a,resume:sens_gated_wide_grid_full_8ed46581152f3916_5_d2e2f7342e_xgb,info,loaded from checkpoint (not recomputed)
2026-10-01T10:14:39,20261001T101234590239Z,EmiliaRomagna_2023a,resume:sens_learner_logistic_full_8ed46581152f3916_5_d2e2f7342e_logistic,info,loaded from checkpoint (not recomputed)
2026-10-01T10:14:39,20261001T101234590239Z,EmiliaRomagna_2023a,sensitivity,ok,4 variants
2026-10-01T10:14:39,20261001T101234590239Z,EmiliaRomagna_2023a,placebo,info,social layer vs population-density layer: Spearman 0.81
2026-10-01T10:14:40,20261001T101234590239Z,EmiliaRomagna_2023a,resume:placebo_pop_full_befdd2e01741a217_5_d2e2f7342e,info,loaded from checkpoint (not recomputed)
2026-10-01T10:14:47,20261001T101234590239Z,EmiliaRomagna_2023a,resume:control_pop_full_e35a64f1038a6cd6_5_d2e2f7342e,info,loaded from checkpoint (not recomputed)
2026-10-01T10:14:48,20261001T101234590239Z,EmiliaRomagna_2023a,placebo,ok,population-density placebo ladder and population control done
2026-10-01T10:14:53,20261001T101234590239Z,EmiliaRomagna_2023a,city,ok,finished in 0.5 min
2026-10-01T10:14:55,20261001T101234590239Z,(all),synthesis,ok,"4 cities (4 under the current pre-registration); confirmatory k=4, localisable k=1 -> paper_synthesis/"
2026-10-01T10:14:57,20261001T101234590239Z,Forli_2023b,exclude,info,22 permanent-water cells (JRC occurrence >= 50%) excluded
2026-10-01T10:14:57,20261001T101234590239Z,Forli_2023b,exclude,ok,"8,684 of 93,651 cells excluded (9.3%); 3856 flooded among 84,967 analysed"
2026-10-01T10:14:57,20261001T101234590239Z,Forli_2023b,cv:blocks,ok,label autocorrelation < 0.1 by 2000 m -> CV tile 2000 m + buffer 500 m (correlogram range 2000 m)
2026-10-01T10:14:59,20261001T101234590239Z,Forli_2023b,resume:ladder_A_terrain_first_full_3de0a0a21c3bc7a2_5_5e3b8a0247,info,loaded from checkpoint (not recomputed)
2026-10-01T10:15:00,20261001T101234590239Z,Forli_2023b,gradient:A_terrain_first,info,without R0: 0 of 4 primary slopes have a 95% CI entirely below 0 []
2026-10-01T10:15:00,20261001T101234590239Z,Forli_2023b,gated:A_terrain_first,warn,73% of fold fits chose the edge of the gate grid (alpha=2.0 or tau=0.3); see the gated_wide_grid sensitivity variant
2026-10-01T10:15:04,20261001T101234590239Z,Forli_2023b,effects:A_terrain_first,ok,"top rung: info_nats_fm +0.0016 [-0.0004, +0.0041] inconclusive; info_frac_fm +0.0117 [-0.0025, +0.0274] inconclusive; dAP_stacked_fm +0.0054 [-0.0045, +0.0162] inconclusive; dAP_gated_fm +0.0024 [-0.0087, +0.0137] inconclusive; dAP_early_fm +0.0076 [-0.0091, +0.0270] inconclusive; dAP_adr_legacy_fm -0.0282 [-0.0418, -0.0140] harmful | social gain saturated from: None"
2026-10-01T10:15:04,20261001T101234590239Z,Forli_2023b,ladder:A_terrain_first,ok,6 rungs in 0.1 min
2026-10-01T10:15:05,20261001T101234590239Z,Forli_2023b,resume:ladder_B_surface_first_full_3de0a0a21c3bc7a2_5_5e3b8a0247,info,loaded from checkpoint (not recomputed)
2026-10-01T10:15:06,20261001T101234590239Z,Forli_2023b,gradient:B_surface_first,info,without R0: 0 of 4 primary slopes have a 95% CI entirely below 0 []
2026-10-01T10:15:06,20261001T101234590239Z,Forli_2023b,gated:B_surface_first,warn,50% of fold fits chose the edge of the gate grid (alpha=2.0 or tau=0.3); see the gated_wide_grid sensitivity variant
2026-10-01T10:15:10,20261001T101234590239Z,Forli_2023b,effects:B_surface_first,ok,"top rung: info_nats_fm +0.0016 [-0.0004, +0.0041] inconclusive; info_frac_fm +0.0117 [-0.0025, +0.0274] inconclusive; dAP_stacked_fm +0.0054 [-0.0045, +0.0162] inconclusive; dAP_gated_fm +0.0024 [-0.0087, +0.0137] inconclusive; dAP_early_fm +0.0076 [-0.0091, +0.0270] inconclusive; dAP_adr_legacy_fm -0.0282 [-0.0418, -0.0140] harmful | social gain saturated from: None"
2026-10-01T10:15:10,20261001T101234590239Z,Forli_2023b,ladder:B_surface_first,ok,6 rungs in 0.1 min
2026-10-01T10:15:11,20261001T101234590239Z,Forli_2023b,resume:lens_S_mentions_full_3de0a0a21c3bc7a2_5_5e3b8a0247,info,loaded from checkpoint (not recomputed)
2026-10-01T10:15:12,20261001T101234590239Z,Forli_2023b,resume:lens_S_negative_full_3de0a0a21c3bc7a2_5_5e3b8a0247,info,loaded from checkpoint (not recomputed)
2026-10-01T10:15:12,20261001T101234590239Z,Forli_2023b,resume:lens_S_distress_full_3de0a0a21c3bc7a2_5_5e3b8a0247,info,loaded from checkpoint (not recomputed)
2026-10-01T10:15:13,20261001T101234590239Z,Forli_2023b,resume:lens_S_src_gdelt_bigquery_full_3de0a0a21c3bc7a2_5_5e3b8a0247,info,loaded from checkpoint (not recomputed)
2026-10-01T10:15:13,20261001T101234590239Z,Forli_2023b,resume:lens_S_mentions+S_negative+S_distress_full_3de0a0a21c3bc7a2_5_5e3b8a0247,info,loaded from checkpoint (not recomputed)
2026-10-01T10:15:13,20261001T101234590239Z,Forli_2023b,emotion_lens,ok,5 channel sets at rung R5_+sar_event
2026-10-01T10:15:14,20261001T101234590239Z,Forli_2023b,resume:sens_bandwidth_1000m_full_760c2495f64b9a5b_5_5e3b8a0247_xgb,info,loaded from checkpoint (not recomputed)
2026-10-01T10:15:14,20261001T101234590239Z,Forli_2023b,resume:sens_window_minus3_plus3_full_43246358e1d8afb4_5_5e3b8a0247_xgb,info,loaded from checkpoint (not recomputed)
2026-10-01T10:15:15,20261001T101234590239Z,Forli_2023b,resume:sens_gated_wide_grid_full_239a7e5482e58f3a_5_5e3b8a0247_xgb,info,loaded from checkpoint (not recomputed)
2026-10-01T10:15:15,20261001T101234590239Z,Forli_2023b,resume:sens_learner_logistic_full_239a7e5482e58f3a_5_5e3b8a0247_logistic,info,loaded from checkpoint (not recomputed)
2026-10-01T10:15:16,20261001T101234590239Z,Forli_2023b,sensitivity,ok,4 variants
2026-10-01T10:15:16,20261001T101234590239Z,Forli_2023b,placebo,info,social layer vs population-density layer: Spearman 0.13
2026-10-01T10:15:16,20261001T101234590239Z,Forli_2023b,resume:placebo_pop_full_107c77c8982b20de_5_5e3b8a0247,info,loaded from checkpoint (not recomputed)
2026-10-01T10:15:21,20261001T101234590239Z,Forli_2023b,resume:control_pop_full_f9095a8706293035_5_5e3b8a0247,info,loaded from checkpoint (not recomputed)
2026-10-01T10:15:22,20261001T101234590239Z,Forli_2023b,placebo,ok,population-density placebo ladder and population control done
2026-10-01T10:15:23,20261001T101234590239Z,Forli_2023b,city,ok,finished in 0.5 min
2026-10-01T10:15:24,20261001T101234590239Z,(all),synthesis,ok,"4 cities (4 under the current pre-registration); confirmatory k=4, localisable k=1 -> paper_synthesis/"
2026-10-01T10:15:25,20261001T101234590239Z,York_2015,exclude,info,1 permanent-water cells (JRC occurrence >= 50%) excluded
2026-10-01T10:15:25,20261001T101234590239Z,York_2015,exclude,ok,"1 of 10,821 cells excluded (0.0%); 514 flooded among 10,820 analysed"
2026-10-01T10:15:25,20261001T101234590239Z,York_2015,cv:blocks,ok,label autocorrelation < 0.1 by 1500 m -> CV tile 2000 m + buffer 500 m (correlogram range 1500 m)
2026-10-01T10:15:26,20261001T101234590239Z,York_2015,resume:ladder_A_terrain_first_full_bb3614a17ce93700_5_5e3b8a0247,info,loaded from checkpoint (not recomputed)
2026-10-01T10:15:27,20261001T101234590239Z,York_2015,gradient:A_terrain_first,info,without R0: 0 of 4 primary slopes have a 95% CI entirely below 0 []
2026-10-01T10:15:27,20261001T101234590239Z,York_2015,gated:A_terrain_first,warn,93% of fold fits chose the edge of the gate grid (alpha=2.0 or tau=0.3); see the gated_wide_grid sensitivity variant
2026-10-01T10:15:31,20261001T101234590239Z,York_2015,effects:A_terrain_first,ok,"top rung: info_nats_fm +0.0304 [+0.0012, +0.0498] inconclusive; info_frac_fm +0.1187 [+0.0056, +0.2352] inconclusive; dAP_stacked_fm +0.0595 [-0.0125, +0.0925] inconclusive; dAP_gated_fm +0.0226 [+0.0092, +0.0296] inconclusive; dAP_early_fm +0.0043 [-0.0695, +0.0324] inconclusive; dAP_adr_legacy_fm -0.1361 [-0.1992, -0.0149] harmful | social gain saturated from: None"
2026-10-01T10:15:31,20261001T101234590239Z,York_2015,ladder:A_terrain_first,ok,6 rungs in 0.1 min
2026-10-01T10:15:31,20261001T101234590239Z,York_2015,resume:ladder_B_surface_first_full_bb3614a17ce93700_5_5e3b8a0247,info,loaded from checkpoint (not recomputed)
2026-10-01T10:15:32,20261001T101234590239Z,York_2015,gradient:B_surface_first,info,without R0: 0 of 4 primary slopes have a 95% CI entirely below 0 []
2026-10-01T10:15:32,20261001T101234590239Z,York_2015,gated:B_surface_first,warn,70% of fold fits chose the edge of the gate grid (alpha=2.0 or tau=0.3); see the gated_wide_grid sensitivity variant
2026-10-01T10:15:36,20261001T101234590239Z,York_2015,effects:B_surface_first,ok,"top rung: info_nats_fm +0.0304 [+0.0012, +0.0498] inconclusive; info_frac_fm +0.1187 [+0.0056, +0.2352] inconclusive; dAP_stacked_fm +0.0595 [-0.0125, +0.0925] inconclusive; dAP_gated_fm +0.0226 [+0.0092, +0.0296] inconclusive; dAP_early_fm +0.0043 [-0.0695, +0.0324] inconclusive; dAP_adr_legacy_fm -0.1361 [-0.1992, -0.0149] harmful | social gain saturated from: None"
2026-10-01T10:15:36,20261001T101234590239Z,York_2015,ladder:B_surface_first,ok,6 rungs in 0.1 min
2026-10-01T10:15:36,20261001T101234590239Z,York_2015,folds,warn,fold prevalence ranges 1.5%-27.3%: per-fold AP partly reflects fold base rates; report fold_diagnostics.csv
2026-10-01T10:15:36,20261001T101234590239Z,York_2015,resume:lens_S_mentions_full_bb3614a17ce93700_5_5e3b8a0247,info,loaded from checkpoint (not recomputed)
2026-10-01T10:15:37,20261001T101234590239Z,York_2015,resume:lens_S_negative_full_bb3614a17ce93700_5_5e3b8a0247,info,loaded from checkpoint (not recomputed)
2026-10-01T10:15:37,20261001T101234590239Z,York_2015,resume:lens_S_mentions+S_negative_full_bb3614a17ce93700_5_5e3b8a0247,info,loaded from checkpoint (not recomputed)
2026-10-01T10:15:37,20261001T101234590239Z,York_2015,emotion_lens,ok,3 channel sets at rung R5_+sar_event
2026-10-01T10:15:37,20261001T101234590239Z,York_2015,resume:sens_bandwidth_1000m_full_7fdea8ab082016b5_5_5e3b8a0247_xgb,info,loaded from checkpoint (not recomputed)
2026-10-01T10:15:38,20261001T101234590239Z,York_2015,resume:sens_window_minus3_plus3_full_33afbb64ad7710a2_5_5e3b8a0247_xgb,info,loaded from checkpoint (not recomputed)
2026-10-01T10:15:38,20261001T101234590239Z,York_2015,resume:sens_gated_wide_grid_full_33afbb64ad7710a2_5_5e3b8a0247_xgb,info,loaded from checkpoint (not recomputed)
2026-10-01T10:15:39,20261001T101234590239Z,York_2015,resume:sens_learner_logistic_full_33afbb64ad7710a2_5_5e3b8a0247_logistic,info,loaded from checkpoint (not recomputed)
2026-10-01T10:15:39,20261001T101234590239Z,York_2015,sensitivity,ok,4 variants
2026-10-01T10:15:39,20261001T101234590239Z,York_2015,placebo,info,social layer vs population-density layer: Spearman 0.10
2026-10-01T10:15:39,20261001T101234590239Z,York_2015,rung:placebo,info,"positives per fold: {0: 109, 1: 100, 2: 106, 3: 99, 4: 100}"
2026-10-01T10:15:39,20261001T101234590239Z,York_2015,rung:placebo,info,reused from checkpoint 557007bbb71d (identical feature set; not recomputed)
2026-10-01T10:15:39,20261001T101234590239Z,York_2015,rung:placebo,info,reused from checkpoint 2d80c9d2c213 (identical feature set; not recomputed)
2026-10-01T10:16:33,20261001T101234590239Z,York_2015,rung:placebo,info,[R2_+surface] AP_phys=0.5933 AP_stacked=0.2259 AP_gated=0.6049
2026-10-01T10:17:25,20261001T101234590239Z,York_2015,rung:placebo,info,[R3_+hydrography] AP_phys=0.5850 AP_stacked=0.2441 AP_gated=0.5939
2026-10-01T10:18:21,20261001T101234590239Z,York_2015,rung:placebo,info,[R4_+forcing] AP_phys=0.5233 AP_stacked=0.3563 AP_gated=0.5842
2026-10-01T10:19:14,20261001T101234590239Z,York_2015,rung:placebo,info,[R5_+sar_event] AP_phys=0.4994 AP_stacked=0.2125 AP_gated=0.5614
2026-10-01T10:22:19,20261001T101234590239Z,York_2015,placebo,ok,population-density placebo ladder and population control done
2026-10-01T10:22:21,20261001T101234590239Z,York_2015,city,ok,finished in 6.9 min
2026-10-01T10:22:23,20261001T101234590239Z,(all),synthesis,ok,"5 cities (5 under the current pre-registration); confirmatory k=5, localisable k=1 -> paper_synthesis/"
2026-10-01T10:22:24,20261001T101234590239Z,Carlisle_2015,exclude,info,8 permanent-water cells (JRC occurrence >= 50%) excluded
2026-10-01T10:22:24,20261001T101234590239Z,Carlisle_2015,exclude,ok,"8 of 14,037 cells excluded (0.1%); 1234 flooded among 14,029 analysed"
2026-10-01T10:22:24,20261001T101234590239Z,Carlisle_2015,cv:blocks,ok,label autocorrelation < 0.1 by 4000 m -> CV tile 2000 m + buffer 500 m (correlogram range 4000 m; fewer than 15 flooded tiles even at larger sizes: default tile)
2026-10-01T10:22:24,20261001T101234590239Z,Carlisle_2015,rung:A_terrain_first,info,"positives per fold: {0: 276, 1: 229, 2: 223, 3: 264, 4: 242}"
2026-10-01T10:24:36,20261001T101234590239Z,Carlisle_2015,rung:A_terrain_first,info,[R0_none] AP_phys=0.0557 AP_stacked=0.0876 AP_gated=0.1092
2026-10-01T10:27:29,20261001T101234590239Z,Carlisle_2015,rung:A_terrain_first,info,[R1_+terrain] AP_phys=0.1830 AP_stacked=0.3780 AP_gated=0.2055
2026-10-01T10:30:37,20261001T101234590239Z,Carlisle_2015,rung:A_terrain_first,info,[R2_+surface] AP_phys=0.1735 AP_stacked=0.3134 AP_gated=0.1904
2026-10-01T10:33:46,20261001T101234590239Z,Carlisle_2015,rung:A_terrain_first,info,[R3_+hydrography] AP_phys=0.7412 AP_stacked=0.7028 AP_gated=0.7646
2026-10-01T10:37:05,20261001T101234590239Z,Carlisle_2015,rung:A_terrain_first,info,[R4_+forcing] AP_phys=0.7388 AP_stacked=0.6995 AP_gated=0.7680
2026-10-01T10:40:25,20261001T101234590239Z,Carlisle_2015,rung:A_terrain_first,info,[R5_+sar_event] AP_phys=0.7362 AP_stacked=0.7123 AP_gated=0.7661
2026-10-01T10:43:15,20261001T101234590239Z,Carlisle_2015,gradient:A_terrain_first,info,without R0: 1 of 4 primary slopes have a 95% CI entirely below 0 ['info_nats_fm_adj']
2026-10-01T10:43:15,20261001T101234590239Z,Carlisle_2015,gated:A_terrain_first,warn,87% of fold fits chose the edge of the gate grid (alpha=2.0 or tau=0.3); see the gated_wide_grid sensitivity variant
2026-10-01T10:43:15,20261001T101234590239Z,Carlisle_2015,effects:A_terrain_first,ok,"top rung: info_nats_fm +0.1900 [+0.0663, +0.3015] inconclusive; info_frac_fm +0.3509 [+0.0995, +0.7526] inconclusive; dAP_stacked_fm +0.0499 [-0.0369, +0.0679] inconclusive; dAP_gated_fm +0.0267 [+0.0174, +0.0465] inconclusive; dAP_early_fm -0.0024 [-0.0112, +0.0598] inconclusive; dAP_adr_legacy_fm +0.0000 [+0.0000, +0.0000] saturated | social gain saturated from: None"
2026-10-01T10:43:15,20261001T101234590239Z,Carlisle_2015,ladder:A_terrain_first,ok,6 rungs in 20.9 min
2026-10-01T10:43:16,20261001T101234590239Z,Carlisle_2015,rung:B_surface_first,info,"positives per fold: {0: 276, 1: 229, 2: 223, 3: 264, 4: 242}"
2026-10-01T10:43:16,20261001T101234590239Z,Carlisle_2015,rung:B_surface_first,info,reused from checkpoint 8d672f18e793 (identical feature set; not recomputed)
2026-10-01T10:45:50,20261001T101234590239Z,Carlisle_2015,rung:B_surface_first,info,[R1_+surface] AP_phys=0.0554 AP_stacked=0.0533 AP_gated=0.0870
2026-10-01T10:48:33,20261001T101234590239Z,Carlisle_2015,rung:B_surface_first,info,[R2_+forcing] AP_phys=0.0610 AP_stacked=0.0533 AP_gated=0.0767
2026-10-01T10:51:38,20261001T101234590239Z,Carlisle_2015,rung:B_surface_first,info,[R3_+terrain] AP_phys=0.5820 AP_stacked=0.6677 AP_gated=0.6164
2026-10-01T10:51:38,20261001T101234590239Z,Carlisle_2015,rung:B_surface_first,info,reused from checkpoint 602af98d6658 (identical feature set; not recomputed)
2026-10-01T10:51:38,20261001T101234590239Z,Carlisle_2015,rung:B_surface_first,info,reused from checkpoint 419020144dd0 (identical feature set; not recomputed)
2026-10-01T10:54:23,20261001T101234590239Z,Carlisle_2015,gradient:B_surface_first,info,without R0: 0 of 4 primary slopes have a 95% CI entirely below 0 []
2026-10-01T10:54:23,20261001T101234590239Z,Carlisle_2015,gated:B_surface_first,warn,90% of fold fits chose the edge of the gate grid (alpha=2.0 or tau=0.3); see the gated_wide_grid sensitivity variant
2026-10-01T10:54:24,20261001T101234590239Z,Carlisle_2015,effects:B_surface_first,ok,"top rung: info_nats_fm +0.1900 [+0.0663, +0.3015] inconclusive; info_frac_fm +0.3509 [+0.0995, +0.7526] inconclusive; dAP_stacked_fm +0.0499 [-0.0369, +0.0679] inconclusive; dAP_gated_fm +0.0267 [+0.0174, +0.0465] inconclusive; dAP_early_fm -0.0024 [-0.0112, +0.0598] inconclusive; dAP_adr_legacy_fm +0.0000 [+0.0000, +0.0000] saturated | social gain saturated from: None"
2026-10-01T10:54:24,20261001T101234590239Z,Carlisle_2015,ladder:B_surface_first,ok,6 rungs in 11.1 min
2026-10-01T10:54:24,20261001T101234590239Z,Carlisle_2015,folds,warn,fold prevalence ranges 2.0%-69.0%: per-fold AP partly reflects fold base rates; report fold_diagnostics.csv
2026-10-01T10:54:24,20261001T101234590239Z,Carlisle_2015,rung:lens,info,reused from checkpoint 419020144dd0 (identical feature set; not recomputed)
2026-10-01T11:02:44,20261001T101234590239Z,Carlisle_2015,emotion_lens,ok,3 channel sets at rung R5_+sar_event
2026-10-01T11:15:25,20261001T101234590239Z,Carlisle_2015,sensitivity,ok,4 variants
2026-10-01T11:15:25,20261001T101234590239Z,Carlisle_2015,placebo,info,social layer vs population-density layer: Spearman 0.85
2026-10-01T11:15:25,20261001T101234590239Z,Carlisle_2015,rung:placebo,info,"positives per fold: {0: 276, 1: 229, 2: 223, 3: 264, 4: 242}"
2026-10-01T11:16:39,20261001T101234590239Z,Carlisle_2015,rung:placebo,info,[R0_none] AP_phys=0.0557 AP_stacked=0.0560 AP_gated=0.1150
2026-10-01T11:18:17,20261001T101234590239Z,Carlisle_2015,rung:placebo,info,[R1_+terrain] AP_phys=0.1830 AP_stacked=0.1139 AP_gated=0.1968
2026-10-01T11:19:58,20261001T101234590239Z,Carlisle_2015,rung:placebo,info,[R2_+surface] AP_phys=0.1735 AP_stacked=0.1070 AP_gated=0.1845
2026-10-01T11:21:35,20261001T101234590239Z,Carlisle_2015,rung:placebo,info,[R3_+hydrography] AP_phys=0.7412 AP_stacked=0.5693 AP_gated=0.7787
2026-10-01T11:23:15,20261001T101234590239Z,Carlisle_2015,rung:placebo,info,[R4_+forcing] AP_phys=0.7388 AP_stacked=0.5249 AP_gated=0.7825
2026-10-01T11:24:54,20261001T101234590239Z,Carlisle_2015,rung:placebo,info,[R5_+sar_event] AP_phys=0.7362 AP_stacked=0.4206 AP_gated=0.7804
2026-10-01T11:28:59,20261001T101234590239Z,Carlisle_2015,placebo,ok,population-density placebo ladder and population control done
2026-10-01T11:29:00,20261001T101234590239Z,Carlisle_2015,city,ok,finished in 66.6 min
2026-10-01T11:29:07,20261001T101234590239Z,(all),synthesis,ok,"6 cities (6 under the current pre-registration); confirmatory k=6, localisable k=1 -> paper_synthesis/"
2026-10-01T11:29:07,20261001T101234590239Z,PortoAlegre_2024,exclude,info,"30,015 permanent-water cells (JRC occurrence >= 50%) excluded"
2026-10-01T11:29:07,20261001T101234590239Z,PortoAlegre_2024,exclude,ok,"61,867 of 141,828 cells excluded (43.6%); 32045 flooded among 79,961 analysed"
2026-10-01T11:29:08,20261001T101234590239Z,PortoAlegre_2024,cv:blocks,ok,label autocorrelation < 0.1 by nan m -> CV tile 4000 m + buffer 500 m (autocorrelation never fell below 0.1 within the correlogram's range: maximum tile)
2026-10-01T11:29:08,20261001T101234590239Z,PortoAlegre_2024,ladder,info,group 'sar_event' unavailable -> rung skipped (pre-registered rule)
2026-10-01T11:29:08,20261001T101234590239Z,PortoAlegre_2024,rung:A_terrain_first,info,"positives per fold: {0: 6409, 1: 6409, 2: 6408, 3: 6409, 4: 6410}"
2026-10-01T11:36:05,20261001T101234590239Z,PortoAlegre_2024,rung:A_terrain_first,info,[R0_none] AP_phys=0.3811 AP_stacked=0.3360 AP_gated=0.3662
2026-10-01T11:44:40,20261001T101234590239Z,PortoAlegre_2024,rung:A_terrain_first,info,[R1_+terrain] AP_phys=0.9280 AP_stacked=0.9266 AP_gated=0.9280
2026-10-01T11:54:04,20261001T101234590239Z,PortoAlegre_2024,rung:A_terrain_first,info,[R2_+surface] AP_phys=0.9351 AP_stacked=0.9345 AP_gated=0.9351
2026-10-01T12:05:08,20261001T101234590239Z,PortoAlegre_2024,rung:A_terrain_first,info,[R3_+hydrography] AP_phys=0.9427 AP_stacked=0.9423 AP_gated=0.9427
2026-10-01T12:16:58,20261001T101234590239Z,PortoAlegre_2024,rung:A_terrain_first,info,[R4_+forcing] AP_phys=0.9463 AP_stacked=0.9460 AP_gated=0.9463
2026-10-01T12:25:28,20261001T101234590239Z,PortoAlegre_2024,gradient:A_terrain_first,info,without R0: 0 of 4 primary slopes have a 95% CI entirely below 0 []
2026-10-01T12:25:28,20261001T101234590239Z,PortoAlegre_2024,effects:A_terrain_first,ok,"top rung: info_nats_fm -0.0001 [-0.0006, +0.0004] inconclusive; info_frac_fm -0.0003 [-0.0024, +0.0016] saturated; dAP_stacked_fm -0.0000 [-0.0003, +0.0003] saturated; dAP_gated_fm +0.0001 [+0.0001, +0.0001] saturated; dAP_early_fm +0.0002 [-0.0011, +0.0015] saturated; dAP_adr_legacy_fm -0.0960 [-0.1103, -0.0781] harmful | social gain saturated from: R4_+forcing"
2026-10-01T12:25:28,20261001T101234590239Z,PortoAlegre_2024,ladder:A_terrain_first,ok,5 rungs in 56.3 min
2026-10-01T12:25:28,20261001T101234590239Z,PortoAlegre_2024,ladder,info,group 'sar_event' unavailable -> rung skipped (pre-registered rule)
2026-10-01T12:25:28,20261001T101234590239Z,PortoAlegre_2024,rung:B_surface_first,info,"positives per fold: {0: 6409, 1: 6409, 2: 6408, 3: 6409, 4: 6410}"
2026-10-01T12:25:28,20261001T101234590239Z,PortoAlegre_2024,rung:B_surface_first,info,reused from checkpoint 44caf98103c9 (identical feature set; not recomputed)
2026-10-01T12:33:55,20261001T101234590239Z,PortoAlegre_2024,rung:B_surface_first,info,[R1_+surface] AP_phys=0.6651 AP_stacked=0.6508 AP_gated=0.6567
2026-10-01T12:43:07,20261001T101234590239Z,PortoAlegre_2024,rung:B_surface_first,info,[R2_+forcing] AP_phys=0.7934 AP_stacked=0.7938 AP_gated=0.7917
2026-10-01T12:53:26,20261001T101234590239Z,PortoAlegre_2024,rung:B_surface_first,info,[R3_+terrain] AP_phys=0.9405 AP_stacked=0.9400 AP_gated=0.9405
2026-10-01T12:53:26,20261001T101234590239Z,PortoAlegre_2024,rung:B_surface_first,info,reused from checkpoint 045c710f1acb (identical feature set; not recomputed)
2026-10-01T13:01:52,20261001T101234590239Z,PortoAlegre_2024,gradient:B_surface_first,info,without R0: 0 of 4 primary slopes have a 95% CI entirely below 0 []
2026-10-01T13:01:52,20261001T101234590239Z,PortoAlegre_2024,gated:B_surface_first,warn,32% of fold fits chose the edge of the gate grid (alpha=2.0 or tau=0.3); see the gated_wide_grid sensitivity variant
2026-10-01T13:01:53,20261001T101234590239Z,PortoAlegre_2024,effects:B_surface_first,ok,"top rung: info_nats_fm -0.0001 [-0.0006, +0.0004] inconclusive; info_frac_fm -0.0003 [-0.0024, +0.0016] saturated; dAP_stacked_fm -0.0000 [-0.0003, +0.0003] saturated; dAP_gated_fm +0.0001 [+0.0001, +0.0001] saturated; dAP_early_fm +0.0002 [-0.0011, +0.0015] saturated; dAP_adr_legacy_fm -0.0960 [-0.1103, -0.0781] harmful | social gain saturated from: R2_+forcing"
2026-10-01T13:01:53,20261001T101234590239Z,PortoAlegre_2024,ladder:B_surface_first,ok,5 rungs in 36.4 min
2026-10-01T13:01:53,20261001T101234590239Z,PortoAlegre_2024,ladder,info,group 'sar_event' unavailable -> rung skipped (pre-registered rule)
2026-10-01T13:01:53,20261001T101234590239Z,PortoAlegre_2024,rung:lens,info,reused from checkpoint 045c710f1acb (identical feature set; not recomputed)
2026-10-01T13:59:45,20261001T101234590239Z,PortoAlegre_2024,emotion_lens,ok,5 channel sets at rung R4_+forcing
2026-10-01T14:42:46,20261001T101234590239Z,PortoAlegre_2024,sensitivity,ok,4 variants
2026-10-01T14:42:46,20261001T101234590239Z,PortoAlegre_2024,placebo,info,social layer vs population-density layer: Spearman 0.64
2026-10-01T14:42:46,20261001T101234590239Z,PortoAlegre_2024,ladder,info,group 'sar_event' unavailable -> rung skipped (pre-registered rule)
2026-10-01T14:42:46,20261001T101234590239Z,PortoAlegre_2024,rung:placebo,info,"positives per fold: {0: 6409, 1: 6409, 2: 6408, 3: 6409, 4: 6410}"
2026-10-01T14:45:58,20261001T101234590239Z,PortoAlegre_2024,rung:placebo,info,[R0_none] AP_phys=0.3811 AP_stacked=0.4262 AP_gated=0.3811
2026-10-01T14:49:42,20261001T101234590239Z,PortoAlegre_2024,rung:placebo,info,[R1_+terrain] AP_phys=0.9280 AP_stacked=0.9273 AP_gated=0.9280
2026-10-01T14:53:32,20261001T101234590239Z,PortoAlegre_2024,rung:placebo,info,[R2_+surface] AP_phys=0.9351 AP_stacked=0.9351 AP_gated=0.9350
2026-10-01T14:57:33,20261001T101234590239Z,PortoAlegre_2024,rung:placebo,info,[R3_+hydrography] AP_phys=0.9427 AP_stacked=0.9427 AP_gated=0.9427
2026-10-01T15:01:40,20261001T101234590239Z,PortoAlegre_2024,rung:placebo,info,[R4_+forcing] AP_phys=0.9463 AP_stacked=0.9459 AP_gated=0.9463
2026-10-01T15:13:35,20261001T101234590239Z,PortoAlegre_2024,placebo,ok,population-density placebo ladder and population control done
2026-10-01T15:13:36,20261001T101234590239Z,PortoAlegre_2024,city,ok,finished in 224.5 min
2026-10-01T15:14:23,20261001T101234590239Z,(all),synthesis,ok,"7 cities (7 under the current pre-registration); confirmatory k=7, localisable k=1 -> paper_synthesis/"
2026-10-01T15:14:24,20261001T101234590239Z,TaquariValley_2024,exclude,info,294 permanent-water cells (JRC occurrence >= 50%) excluded
2026-10-01T15:14:24,20261001T101234590239Z,TaquariValley_2024,exclude,warn,"8,991 of 13,823 cells excluded (65.0%); 448 flooded among 4,832 analysed"
2026-10-01T15:14:24,20261001T101234590239Z,TaquariValley_2024,cv:blocks,ok,label autocorrelation < 0.1 by 1000 m -> CV tile 2000 m + buffer 500 m (correlogram range 1000 m)
2026-10-01T15:14:24,20261001T101234590239Z,TaquariValley_2024,ladder,info,group 'sar_event' unavailable -> rung skipped (pre-registered rule)
2026-10-01T15:14:24,20261001T101234590239Z,TaquariValley_2024,rung:A_terrain_first,info,"positives per fold: {0: 91, 1: 88, 2: 87, 3: 96, 4: 86}"
2026-10-01T15:15:21,20261001T101234590239Z,TaquariValley_2024,rung:A_terrain_first,info,[R0_none] AP_phys=0.0810 AP_stacked=0.0730 AP_gated=0.0686
2026-10-01T15:16:37,20261001T101234590239Z,TaquariValley_2024,rung:A_terrain_first,info,[R1_+terrain] AP_phys=0.3861 AP_stacked=0.3371 AP_gated=0.3590
2026-10-01T15:18:03,20261001T101234590239Z,TaquariValley_2024,rung:A_terrain_first,info,[R2_+surface] AP_phys=0.4071 AP_stacked=0.3557 AP_gated=0.3931
2026-10-01T15:19:44,20261001T101234590239Z,TaquariValley_2024,rung:A_terrain_first,info,[R3_+hydrography] AP_phys=0.3944 AP_stacked=0.3353 AP_gated=0.3475
2026-10-01T15:21:29,20261001T101234590239Z,TaquariValley_2024,rung:A_terrain_first,info,[R4_+forcing] AP_phys=0.4265 AP_stacked=0.3666 AP_gated=0.3746
2026-10-01T15:23:12,20261001T101234590239Z,TaquariValley_2024,gradient:A_terrain_first,info,without R0: 0 of 4 primary slopes have a 95% CI entirely below 0 []
2026-10-01T15:23:12,20261001T101234590239Z,TaquariValley_2024,gated:A_terrain_first,warn,72% of fold fits chose the edge of the gate grid (alpha=2.0 or tau=0.3); see the gated_wide_grid sensitivity variant
2026-10-01T15:23:13,20261001T101234590239Z,TaquariValley_2024,effects:A_terrain_first,ok,"top rung: info_nats_fm -0.0154 [-0.0359, +0.0033] inconclusive; info_frac_fm -0.0681 [-0.1447, +0.0161] inconclusive; dAP_stacked_fm -0.0256 [-0.0524, +0.0259] inconclusive; dAP_gated_fm -0.0329 [-0.0361, +0.0212] inconclusive; dAP_early_fm +0.0231 [-0.0103, +0.0462] inconclusive; dAP_adr_legacy_fm -0.0204 [-0.0382, -0.0041] harmful | social gain saturated from: None"
2026-10-01T15:23:13,20261001T101234590239Z,TaquariValley_2024,ladder:A_terrain_first,ok,5 rungs in 8.8 min
2026-10-01T15:23:13,20261001T101234590239Z,TaquariValley_2024,ladder,info,group 'sar_event' unavailable -> rung skipped (pre-registered rule)
2026-10-01T15:23:13,20261001T101234590239Z,TaquariValley_2024,rung:B_surface_first,info,"positives per fold: {0: 91, 1: 88, 2: 87, 3: 96, 4: 86}"
2026-10-01T15:23:13,20261001T101234590239Z,TaquariValley_2024,rung:B_surface_first,info,reused from checkpoint 6656b40b3019 (identical feature set; not recomputed)
2026-10-01T15:24:28,20261001T101234590239Z,TaquariValley_2024,rung:B_surface_first,info,[R1_+surface] AP_phys=0.2035 AP_stacked=0.1852 AP_gated=0.2035
2026-10-01T15:25:45,20261001T101234590239Z,TaquariValley_2024,rung:B_surface_first,info,[R2_+forcing] AP_phys=0.1942 AP_stacked=0.1747 AP_gated=0.2019
2026-10-01T15:27:13,20261001T101234590239Z,TaquariValley_2024,rung:B_surface_first,info,[R3_+terrain] AP_phys=0.4498 AP_stacked=0.3823 AP_gated=0.4324
2026-10-01T15:27:13,20261001T101234590239Z,TaquariValley_2024,rung:B_surface_first,info,reused from checkpoint 5428eef4b3c5 (identical feature set; not recomputed)
2026-10-01T15:28:56,20261001T101234590239Z,TaquariValley_2024,gradient:B_surface_first,info,without R0: 1 of 4 primary slopes have a 95% CI entirely below 0 ['info_nats_fm_adj']
2026-10-01T15:28:56,20261001T101234590239Z,TaquariValley_2024,gated:B_surface_first,warn,52% of fold fits chose the edge of the gate grid (alpha=2.0 or tau=0.3); see the gated_wide_grid sensitivity variant
2026-10-01T15:28:57,20261001T101234590239Z,TaquariValley_2024,effects:B_surface_first,ok,"top rung: info_nats_fm -0.0154 [-0.0359, +0.0033] inconclusive; info_frac_fm -0.0681 [-0.1447, +0.0161] inconclusive; dAP_stacked_fm -0.0256 [-0.0524, +0.0259] inconclusive; dAP_gated_fm -0.0329 [-0.0361, +0.0212] inconclusive; dAP_early_fm +0.0231 [-0.0103, +0.0462] inconclusive; dAP_adr_legacy_fm -0.0204 [-0.0382, -0.0041] harmful | social gain saturated from: None"
2026-10-01T15:28:57,20261001T101234590239Z,TaquariValley_2024,ladder:B_surface_first,ok,5 rungs in 5.7 min
2026-10-01T15:28:57,20261001T101234590239Z,TaquariValley_2024,ladder,info,group 'sar_event' unavailable -> rung skipped (pre-registered rule)
2026-10-01T15:28:57,20261001T101234590239Z,TaquariValley_2024,rung:lens,info,reused from checkpoint 5428eef4b3c5 (identical feature set; not recomputed)
2026-10-01T15:40:12,20261001T101234590239Z,TaquariValley_2024,emotion_lens,ok,6 channel sets at rung R4_+forcing
2026-10-01T15:46:43,20261001T101234590239Z,TaquariValley_2024,sensitivity,ok,4 variants
2026-10-01T15:46:43,20261001T101234590239Z,TaquariValley_2024,placebo,info,social layer vs population-density layer: Spearman 0.92
2026-10-01T15:46:43,20261001T101234590239Z,TaquariValley_2024,ladder,info,group 'sar_event' unavailable -> rung skipped (pre-registered rule)
2026-10-01T15:46:43,20261001T101234590239Z,TaquariValley_2024,rung:placebo,info,"positives per fold: {0: 91, 1: 88, 2: 87, 3: 96, 4: 86}"
2026-10-01T15:47:11,20261001T101234590239Z,TaquariValley_2024,rung:placebo,info,[R0_none] AP_phys=0.0810 AP_stacked=0.0667 AP_gated=0.0730
2026-10-01T15:47:43,20261001T101234590239Z,TaquariValley_2024,rung:placebo,info,[R1_+terrain] AP_phys=0.3861 AP_stacked=0.3587 AP_gated=0.3695
2026-10-01T15:48:16,20261001T101234590239Z,TaquariValley_2024,rung:placebo,info,[R2_+surface] AP_phys=0.4071 AP_stacked=0.3740 AP_gated=0.3886
2026-10-01T15:48:51,20261001T101234590239Z,TaquariValley_2024,rung:placebo,info,[R3_+hydrography] AP_phys=0.3944 AP_stacked=0.3524 AP_gated=0.3648
2026-10-01T15:49:28,20261001T101234590239Z,TaquariValley_2024,rung:placebo,info,[R4_+forcing] AP_phys=0.4265 AP_stacked=0.3857 AP_gated=0.3961
2026-10-01T15:51:32,20261001T101234590239Z,TaquariValley_2024,placebo,ok,population-density placebo ladder and population control done
2026-10-01T15:51:33,20261001T101234590239Z,TaquariValley_2024,city,ok,finished in 37.2 min
2026-10-01T15:55:00,20261001T101234590239Z,(all),synthesis,ok,"8 cities (8 under the current pre-registration); confirmatory k=8, localisable k=1 -> paper_synthesis/"
2026-10-01T15:55:01,20261001T101234590239Z,Houston_SanJacinto_2017,exclude,info,"4,607 permanent-water cells (JRC occurrence >= 50%) excluded"
2026-10-01T15:55:01,20261001T101234590239Z,Houston_SanJacinto_2017,exclude,warn,"97,100 of 184,495 cells excluded (52.6%); 25594 flooded among 87,395 analysed"
2026-10-01T15:55:02,20261001T101234590239Z,Houston_SanJacinto_2017,cv:blocks,ok,label autocorrelation < 0.1 by 4000 m -> CV tile 3500 m + buffer 500 m (correlogram range 4000 m)
2026-10-01T15:55:03,20261001T101234590239Z,Houston_SanJacinto_2017,rung:A_terrain_first,info,"positives per fold: {0: 5119, 1: 5119, 2: 5119, 3: 5118, 4: 5119}"
2026-10-01T16:01:57,20261001T101234590239Z,Houston_SanJacinto_2017,rung:A_terrain_first,info,[R0_none] AP_phys=0.2494 AP_stacked=0.2386 AP_gated=0.2626
2026-10-01T16:11:34,20261001T101234590239Z,Houston_SanJacinto_2017,rung:A_terrain_first,info,[R1_+terrain] AP_phys=0.5090 AP_stacked=0.4713 AP_gated=0.5090
2026-10-01T16:22:25,20261001T101234590239Z,Houston_SanJacinto_2017,rung:A_terrain_first,info,[R2_+surface] AP_phys=0.6553 AP_stacked=0.6376 AP_gated=0.6521
2026-10-01T16:34:50,20261001T101234590239Z,Houston_SanJacinto_2017,rung:A_terrain_first,info,[R3_+hydrography] AP_phys=0.7124 AP_stacked=0.6976 AP_gated=0.7098
2026-10-01T16:48:39,20261001T101234590239Z,Houston_SanJacinto_2017,rung:A_terrain_first,info,[R4_+forcing] AP_phys=0.8398 AP_stacked=0.8363 AP_gated=0.8404
2026-10-01T17:02:27,20261001T101234590239Z,Houston_SanJacinto_2017,rung:A_terrain_first,info,[R5_+sar_event] AP_phys=0.8467 AP_stacked=0.8426 AP_gated=0.8474
2026-10-01T17:13:54,20261001T101234590239Z,Houston_SanJacinto_2017,gradient:A_terrain_first,info,without R0: 0 of 4 primary slopes have a 95% CI entirely below 0 []
2026-10-01T17:13:54,20261001T101234590239Z,Houston_SanJacinto_2017,gated:A_terrain_first,warn,37% of fold fits chose the edge of the gate grid (alpha=2.0 or tau=0.3); see the gated_wide_grid sensitivity variant
2026-10-01T17:13:54,20261001T101234590239Z,Houston_SanJacinto_2017,effects:A_terrain_first,ok,"top rung: info_nats_fm +0.0017 [+0.0004, +0.0030] inconclusive; info_frac_fm +0.0049 [+0.0011, +0.0086] saturated; dAP_stacked_fm +0.0032 [+0.0011, +0.0060] saturated; dAP_gated_fm +0.0015 [+0.0005, +0.0026] informative; dAP_early_fm +0.0052 [-0.0002, +0.0111] inconclusive; dAP_adr_legacy_fm -0.1152 [-0.1376, -0.0935] harmful | social gain saturated from: R0_none"
2026-10-01T17:13:54,20261001T101234590239Z,Houston_SanJacinto_2017,ladder:A_terrain_first,ok,6 rungs in 78.9 min
2026-10-01T17:13:55,20261001T101234590239Z,Houston_SanJacinto_2017,rung:B_surface_first,info,"positives per fold: {0: 5119, 1: 5119, 2: 5119, 3: 5118, 4: 5119}"
2026-10-01T17:13:55,20261001T101234590239Z,Houston_SanJacinto_2017,rung:B_surface_first,info,reused from checkpoint 691494a464be (identical feature set; not recomputed)
2026-10-01T17:23:17,20261001T101234590239Z,Houston_SanJacinto_2017,rung:B_surface_first,info,[R1_+surface] AP_phys=0.4290 AP_stacked=0.3995 AP_gated=0.4337
2026-10-01T17:33:12,20261001T101234590239Z,Houston_SanJacinto_2017,rung:B_surface_first,info,[R2_+forcing] AP_phys=0.5933 AP_stacked=0.5667 AP_gated=0.5834
2026-10-01T17:45:21,20261001T101234590239Z,Houston_SanJacinto_2017,rung:B_surface_first,info,[R3_+terrain] AP_phys=0.8368 AP_stacked=0.8285 AP_gated=0.8367
2026-10-01T17:45:21,20261001T101234590239Z,Houston_SanJacinto_2017,rung:B_surface_first,info,reused from checkpoint 57064efb5214 (identical feature set; not recomputed)
2026-10-01T17:45:21,20261001T101234590239Z,Houston_SanJacinto_2017,rung:B_surface_first,info,reused from checkpoint c2f6b25e620a (identical feature set; not recomputed)
2026-10-01T17:56:45,20261001T101234590239Z,Houston_SanJacinto_2017,gradient:B_surface_first,info,without R0: 0 of 4 primary slopes have a 95% CI entirely below 0 []
2026-10-01T17:56:45,20261001T101234590239Z,Houston_SanJacinto_2017,effects:B_surface_first,ok,"top rung: info_nats_fm +0.0017 [+0.0004, +0.0030] inconclusive; info_frac_fm +0.0049 [+0.0011, +0.0086] saturated; dAP_stacked_fm +0.0032 [+0.0011, +0.0060] saturated; dAP_gated_fm +0.0015 [+0.0005, +0.0026] informative; dAP_early_fm +0.0052 [-0.0002, +0.0111] inconclusive; dAP_adr_legacy_fm -0.1152 [-0.1376, -0.0935] harmful | social gain saturated from: R0_none"
2026-10-01T17:56:45,20261001T101234590239Z,Houston_SanJacinto_2017,ladder:B_surface_first,ok,6 rungs in 42.8 min
2026-10-01T17:56:46,20261001T101234590239Z,Houston_SanJacinto_2017,rung:lens,info,reused from checkpoint c2f6b25e620a (identical feature set; not recomputed)
2026-10-01T19:38:52,20261001T101234590239Z,Houston_SanJacinto_2017,emotion_lens,ok,7 channel sets at rung R5_+sar_event
2026-10-01T20:28:23,20261001T101234590239Z,Houston_SanJacinto_2017,sensitivity,ok,4 variants
2026-10-01T20:28:24,20261001T101234590239Z,Houston_SanJacinto_2017,placebo,info,social layer vs population-density layer: Spearman 0.31
2026-10-01T20:28:24,20261001T101234590239Z,Houston_SanJacinto_2017,rung:placebo,info,"positives per fold: {0: 5119, 1: 5119, 2: 5119, 3: 5118, 4: 5119}"
2026-10-01T20:31:33,20261001T101234590239Z,Houston_SanJacinto_2017,rung:placebo,info,[R0_none] AP_phys=0.2494 AP_stacked=0.2314 AP_gated=0.2553
2026-10-01T20:35:55,20261001T101234590239Z,Houston_SanJacinto_2017,rung:placebo,info,[R1_+terrain] AP_phys=0.5090 AP_stacked=0.4802 AP_gated=0.5090
2026-10-01T20:40:23,20261001T101234590239Z,Houston_SanJacinto_2017,rung:placebo,info,[R2_+surface] AP_phys=0.6553 AP_stacked=0.6355 AP_gated=0.6475
2026-10-01T20:45:05,20261001T101234590239Z,Houston_SanJacinto_2017,rung:placebo,info,[R3_+hydrography] AP_phys=0.7124 AP_stacked=0.6951 AP_gated=0.7099
2026-10-01T20:50:01,20261001T101234590239Z,Houston_SanJacinto_2017,rung:placebo,info,[R4_+forcing] AP_phys=0.8398 AP_stacked=0.8316 AP_gated=0.8377
2026-10-01T20:55:01,20261001T101234590239Z,Houston_SanJacinto_2017,rung:placebo,info,[R5_+sar_event] AP_phys=0.8467 AP_stacked=0.8382 AP_gated=0.8447
2026-10-01T21:10:14,20261001T101234590239Z,Houston_SanJacinto_2017,placebo,ok,population-density placebo ladder and population control done
2026-10-01T21:10:15,20261001T101234590239Z,Houston_SanJacinto_2017,city,ok,finished in 315.3 min
2026-10-01T21:13:30,20261001T101234590239Z,(all),synthesis,ok,"9 cities (9 under the current pre-registration); confirmatory k=9, localisable k=1 -> paper_synthesis/"
2026-10-01T21:13:31,20261001T101234590239Z,Jakarta_2020,exclude,info,"7,720 permanent-water cells (JRC occurrence >= 50%) excluded"
2026-10-01T21:13:31,20261001T101234590239Z,Jakarta_2020,exclude,ok,"7,720 of 71,661 cells excluded (10.8%); 1054 flooded among 63,941 analysed"
2026-10-01T21:13:31,20261001T101234590239Z,Jakarta_2020,cv:blocks,ok,label autocorrelation < 0.1 by 1000 m -> CV tile 2000 m + buffer 500 m (correlogram range 1000 m)
2026-10-01T21:13:32,20261001T101234590239Z,Jakarta_2020,rung:A_terrain_first,info,"positives per fold: {0: 212, 1: 210, 2: 211, 3: 210, 4: 211}"
2026-10-01T21:18:40,20261001T101234590239Z,Jakarta_2020,rung:A_terrain_first,info,[R0_none] AP_phys=0.0120 AP_stacked=0.0149 AP_gated=0.0120
2026-10-01T21:25:52,20261001T101234590239Z,Jakarta_2020,rung:A_terrain_first,info,[R1_+terrain] AP_phys=0.0256 AP_stacked=0.0225 AP_gated=0.0285
2026-10-01T21:33:52,20261001T101234590239Z,Jakarta_2020,rung:A_terrain_first,info,[R2_+surface] AP_phys=0.0286 AP_stacked=0.0234 AP_gated=0.0309
2026-10-01T21:42:41,20261001T101234590239Z,Jakarta_2020,rung:A_terrain_first,info,[R3_+hydrography] AP_phys=0.0315 AP_stacked=0.0244 AP_gated=0.0324
2026-10-01T21:51:54,20261001T101234590239Z,Jakarta_2020,rung:A_terrain_first,info,[R4_+forcing] AP_phys=0.0581 AP_stacked=0.0317 AP_gated=0.0530
2026-10-01T22:01:14,20261001T101234590239Z,Jakarta_2020,rung:A_terrain_first,info,[R5_+sar_event] AP_phys=0.0798 AP_stacked=0.0456 AP_gated=0.0749
2026-10-01T22:10:11,20261001T101234590239Z,Jakarta_2020,gradient:A_terrain_first,info,without R0: 1 of 4 primary slopes have a 95% CI entirely below 0 ['dAP_stacked_fm_adj']
2026-10-01T22:10:11,20261001T101234590239Z,Jakarta_2020,gated:A_terrain_first,warn,67% of fold fits chose the edge of the gate grid (alpha=2.0 or tau=0.3); see the gated_wide_grid sensitivity variant
2026-10-01T22:10:12,20261001T101234590239Z,Jakarta_2020,effects:A_terrain_first,ok,"top rung: info_nats_fm -0.0013 [-0.0032, +0.0007] inconclusive; info_frac_fm -0.0095 [-0.0265, +0.0046] inconclusive; dAP_stacked_fm -0.0233 [-0.0291, -0.0119] harmful; dAP_gated_fm -0.0045 [-0.0130, +0.0025] inconclusive; dAP_early_fm -0.0071 [-0.0238, +0.0123] inconclusive; dAP_adr_legacy_fm -0.0013 [-0.0034, +0.0011] saturated | social gain saturated from: None"
2026-10-01T22:10:12,20261001T101234590239Z,Jakarta_2020,ladder:A_terrain_first,ok,6 rungs in 56.7 min
2026-10-01T22:10:12,20261001T101234590239Z,Jakarta_2020,rung:B_surface_first,info,"positives per fold: {0: 212, 1: 210, 2: 211, 3: 210, 4: 211}"
2026-10-01T22:10:12,20261001T101234590239Z,Jakarta_2020,rung:B_surface_first,info,reused from checkpoint 50f99a55d0d7 (identical feature set; not recomputed)
2026-10-02T06:03:58,20261002T060319978366Z,Chennai_2015,exclude,info,779 permanent-water cells (JRC occurrence >= 50%) excluded
2026-10-02T06:03:58,20261002T060319978366Z,Chennai_2015,exclude,ok,"779 of 41,919 cells excluded (1.9%); 9360 flooded among 41,140 analysed"
2026-10-02T06:03:59,20261002T060319978366Z,Chennai_2015,cv:blocks,ok,label autocorrelation < 0.1 by 3000 m -> CV tile 2500 m + buffer 500 m (correlogram range 3000 m)
2026-10-02T06:04:00,20261002T060319978366Z,Chennai_2015,resume:ladder_A_terrain_first_full_f5091bc95aad7646_5_d2e2f7342e,info,loaded from checkpoint (not recomputed)
2026-10-02T06:04:01,20261002T060319978366Z,Chennai_2015,gradient:A_terrain_first,info,"without R0: 2 of 4 primary slopes have a 95% CI entirely below 0 ['dAP_stacked_fm_adj', 'dAP_gated_fm_adj']"
2026-10-02T06:04:01,20261002T060319978366Z,Chennai_2015,gated:A_terrain_first,warn,80% of fold fits chose the edge of the gate grid (alpha=2.0 or tau=0.3); see the gated_wide_grid sensitivity variant
2026-10-02T06:04:09,20261002T060319978366Z,Chennai_2015,effects:A_terrain_first,ok,"top rung: info_nats_fm -0.0008 [-0.0120, +0.0068] inconclusive; info_frac_fm -0.0016 [-0.0227, +0.0134] saturated; dAP_stacked_fm -0.0045 [-0.0272, +0.0170] inconclusive; dAP_gated_fm -0.0023 [-0.0247, +0.0160] inconclusive; dAP_early_fm +0.0101 [-0.0076, +0.0318] inconclusive; dAP_adr_legacy_fm -0.0100 [-0.0199, +0.0035] inconclusive | social gain saturated from: R3_+hydrography"
2026-10-02T06:04:09,20261002T060319978366Z,Chennai_2015,ladder:A_terrain_first,ok,6 rungs in 0.2 min
2026-10-02T06:04:10,20261002T060319978366Z,Chennai_2015,resume:ladder_B_surface_first_full_f5091bc95aad7646_5_d2e2f7342e,info,loaded from checkpoint (not recomputed)
2026-10-02T06:04:11,20261002T060319978366Z,Chennai_2015,gradient:B_surface_first,info,"without R0: 2 of 4 primary slopes have a 95% CI entirely below 0 ['dAP_stacked_fm_adj', 'dAP_gated_fm_adj']"
2026-10-02T06:04:11,20261002T060319978366Z,Chennai_2015,gated:B_surface_first,warn,73% of fold fits chose the edge of the gate grid (alpha=2.0 or tau=0.3); see the gated_wide_grid sensitivity variant
2026-10-02T06:04:17,20261002T060319978366Z,Chennai_2015,effects:B_surface_first,ok,"top rung: info_nats_fm -0.0008 [-0.0120, +0.0068] inconclusive; info_frac_fm -0.0016 [-0.0227, +0.0134] saturated; dAP_stacked_fm -0.0045 [-0.0272, +0.0170] inconclusive; dAP_gated_fm -0.0023 [-0.0247, +0.0160] inconclusive; dAP_early_fm +0.0101 [-0.0076, +0.0318] inconclusive; dAP_adr_legacy_fm -0.0100 [-0.0199, +0.0035] inconclusive | social gain saturated from: R4_+hydrography"
2026-10-02T06:04:17,20261002T060319978366Z,Chennai_2015,ladder:B_surface_first,ok,6 rungs in 0.1 min
2026-10-02T06:04:18,20261002T060319978366Z,Chennai_2015,resume:lens_S_mentions_full_f5091bc95aad7646_5_d2e2f7342e,info,loaded from checkpoint (not recomputed)
2026-10-02T06:04:19,20261002T060319978366Z,Chennai_2015,resume:lens_S_negative_full_f5091bc95aad7646_5_d2e2f7342e,info,loaded from checkpoint (not recomputed)
2026-10-02T06:04:20,20261002T060319978366Z,Chennai_2015,resume:lens_S_distress_full_f5091bc95aad7646_5_d2e2f7342e,info,loaded from checkpoint (not recomputed)
2026-10-02T06:04:20,20261002T060319978366Z,Chennai_2015,resume:lens_S_src_gdelt_bigquery_full_f5091bc95aad7646_5_d2e2f7342e,info,loaded from checkpoint (not recomputed)
2026-10-02T06:04:21,20261002T060319978366Z,Chennai_2015,resume:lens_S_src_reddit_arcticshift_full_f5091bc95aad7646_5_d2e2f7342e,info,loaded from checkpoint (not recomputed)
2026-10-02T06:04:22,20261002T060319978366Z,Chennai_2015,resume:lens_S_mentions+S_negative+S_distress_full_f5091bc95aad7646_5_d2e2f7342e,info,loaded from checkpoint (not recomputed)
2026-10-02T06:04:22,20261002T060319978366Z,Chennai_2015,emotion_lens,ok,6 channel sets at rung R5_+sar_event
2026-10-02T06:04:22,20261002T060319978366Z,Chennai_2015,resume:sens_bandwidth_1000m_full_963158048f0d1f43_5_d2e2f7342e_xgb,info,loaded from checkpoint (not recomputed)
2026-10-02T06:04:24,20261002T060319978366Z,Chennai_2015,resume:sens_window_minus3_plus3_full_c5d82600bb2f6880_5_d2e2f7342e_xgb,info,loaded from checkpoint (not recomputed)
2026-10-02T06:04:24,20261002T060319978366Z,Chennai_2015,resume:sens_gated_wide_grid_full_45e8bd55e80ce833_5_d2e2f7342e_xgb,info,loaded from checkpoint (not recomputed)
2026-10-02T06:04:25,20261002T060319978366Z,Chennai_2015,resume:sens_learner_logistic_full_45e8bd55e80ce833_5_d2e2f7342e_logistic,info,loaded from checkpoint (not recomputed)
2026-10-02T06:04:25,20261002T060319978366Z,Chennai_2015,sensitivity,ok,4 variants
2026-10-02T06:04:25,20261002T060319978366Z,Chennai_2015,placebo,info,social layer vs population-density layer: Spearman 0.80
2026-10-02T06:04:26,20261002T060319978366Z,Chennai_2015,resume:placebo_pop_full_59c3eae36682f007_5_d2e2f7342e,info,loaded from checkpoint (not recomputed)
2026-10-02T06:04:35,20261002T060319978366Z,Chennai_2015,resume:control_pop_full_d3be82dea2088aa9_5_d2e2f7342e,info,loaded from checkpoint (not recomputed)
2026-10-02T06:04:36,20261002T060319978366Z,Chennai_2015,placebo,ok,population-density placebo ladder and population control done
2026-10-02T06:04:48,20261002T060319978366Z,Chennai_2015,city,ok,finished in 0.9 min
2026-10-02T06:07:59,20261002T060319978366Z,(all),synthesis,ok,"9 cities (9 under the current pre-registration); confirmatory k=9, localisable k=1 -> paper_synthesis/"
2026-10-02T06:08:01,20261002T060319978366Z,Valencia_2024,exclude,info,"5,684 permanent-water cells (JRC occurrence >= 50%) excluded"
2026-10-02T06:08:01,20261002T060319978366Z,Valencia_2024,exclude,ok,"5,684 of 38,269 cells excluded (14.9%); 10460 flooded among 32,585 analysed"
2026-10-02T06:08:02,20261002T060319978366Z,Valencia_2024,cv:blocks,ok,label autocorrelation < 0.1 by 8000 m -> CV tile 4000 m + buffer 500 m (correlogram range 8000 m)
2026-10-02T06:08:03,20261002T060319978366Z,Valencia_2024,resume:ladder_A_terrain_first_full_84074a89e94ad337_5_fe639a2c0a,info,loaded from checkpoint (not recomputed)
2026-10-02T06:08:04,20261002T060319978366Z,Valencia_2024,gradient:A_terrain_first,info,without R0: 0 of 4 primary slopes have a 95% CI entirely below 0 []
2026-10-02T06:08:04,20261002T060319978366Z,Valencia_2024,gated:A_terrain_first,warn,100% of fold fits chose the edge of the gate grid (alpha=2.0 or tau=0.3); see the gated_wide_grid sensitivity variant
2026-10-02T06:08:11,20261002T060319978366Z,Valencia_2024,effects:A_terrain_first,ok,"top rung: info_nats_fm +0.0770 [-0.0230, +0.1722] inconclusive; info_frac_fm +0.1798 [-0.0698, +0.3328] inconclusive; dAP_stacked_fm +0.0388 [-0.0028, +0.1039] inconclusive; dAP_gated_fm -0.0125 [-0.0328, +0.0278] inconclusive; dAP_early_fm +0.0006 [-0.0218, +0.0805] inconclusive; dAP_adr_legacy_fm -0.1234 [-0.1477, -0.0511] harmful | social gain saturated from: None"
2026-10-02T06:08:11,20261002T060319978366Z,Valencia_2024,ladder:A_terrain_first,ok,6 rungs in 0.2 min
2026-10-02T06:08:12,20261002T060319978366Z,Valencia_2024,resume:ladder_B_surface_first_full_84074a89e94ad337_5_fe639a2c0a,info,loaded from checkpoint (not recomputed)
2026-10-02T06:08:13,20261002T060319978366Z,Valencia_2024,gradient:B_surface_first,info,without R0: 0 of 4 primary slopes have a 95% CI entirely below 0 []
2026-10-02T06:08:13,20261002T060319978366Z,Valencia_2024,gated:B_surface_first,warn,87% of fold fits chose the edge of the gate grid (alpha=2.0 or tau=0.3); see the gated_wide_grid sensitivity variant
2026-10-02T06:08:18,20261002T060319978366Z,Valencia_2024,effects:B_surface_first,ok,"top rung: info_nats_fm +0.0770 [-0.0230, +0.1722] inconclusive; info_frac_fm +0.1798 [-0.0698, +0.3328] inconclusive; dAP_stacked_fm +0.0388 [-0.0028, +0.1039] inconclusive; dAP_gated_fm -0.0125 [-0.0328, +0.0278] inconclusive; dAP_early_fm +0.0006 [-0.0218, +0.0805] inconclusive; dAP_adr_legacy_fm -0.1234 [-0.1477, -0.0511] harmful | social gain saturated from: None"
2026-10-02T06:08:18,20261002T060319978366Z,Valencia_2024,ladder:B_surface_first,ok,6 rungs in 0.1 min
2026-10-02T06:08:19,20261002T060319978366Z,Valencia_2024,resume:lens_S_mentions_full_84074a89e94ad337_5_fe639a2c0a,info,loaded from checkpoint (not recomputed)
2026-10-02T06:08:20,20261002T060319978366Z,Valencia_2024,resume:lens_S_negative_full_84074a89e94ad337_5_fe639a2c0a,info,loaded from checkpoint (not recomputed)
2026-10-02T06:08:21,20261002T060319978366Z,Valencia_2024,resume:lens_S_distress_full_84074a89e94ad337_5_fe639a2c0a,info,loaded from checkpoint (not recomputed)
2026-10-02T06:08:21,20261002T060319978366Z,Valencia_2024,resume:lens_S_src_gdelt_bigquery_full_84074a89e94ad337_5_fe639a2c0a,info,loaded from checkpoint (not recomputed)
2026-10-02T06:08:22,20261002T060319978366Z,Valencia_2024,resume:lens_S_src_google_news_rss_full_84074a89e94ad337_5_fe639a2c0a,info,loaded from checkpoint (not recomputed)
2026-10-02T06:08:22,20261002T060319978366Z,Valencia_2024,resume:lens_S_src_reddit_arcticshift_full_84074a89e94ad337_5_fe639a2c0a,info,loaded from checkpoint (not recomputed)
2026-10-02T06:08:23,20261002T060319978366Z,Valencia_2024,resume:lens_S_mentions+S_negative+S_distress_full_84074a89e94ad337_5_fe639a2c0a,info,loaded from checkpoint (not recomputed)
2026-10-02T06:08:23,20261002T060319978366Z,Valencia_2024,emotion_lens,ok,7 channel sets at rung R5_+sar_event
2026-10-02T06:08:23,20261002T060319978366Z,Valencia_2024,resume:sens_bandwidth_1000m_full_ed3d3dba3d38df3a_5_fe639a2c0a_xgb,info,loaded from checkpoint (not recomputed)
2026-10-02T06:08:25,20261002T060319978366Z,Valencia_2024,resume:sens_window_minus3_plus3_full_c9c8dcd8f4765b60_5_fe639a2c0a_xgb,info,loaded from checkpoint (not recomputed)
2026-10-02T06:08:25,20261002T060319978366Z,Valencia_2024,resume:sens_gated_wide_grid_full_1b9bca63eef2af64_5_fe639a2c0a_xgb,info,loaded from checkpoint (not recomputed)
2026-10-02T06:08:26,20261002T060319978366Z,Valencia_2024,resume:sens_learner_logistic_full_1b9bca63eef2af64_5_fe639a2c0a_logistic,info,loaded from checkpoint (not recomputed)
2026-10-02T06:08:26,20261002T060319978366Z,Valencia_2024,sensitivity,ok,4 variants
2026-10-02T06:08:26,20261002T060319978366Z,Valencia_2024,placebo,info,social layer vs population-density layer: Spearman 0.70
2026-10-02T06:08:27,20261002T060319978366Z,Valencia_2024,resume:placebo_pop_full_fb7e9451b1712344_5_fe639a2c0a,info,loaded from checkpoint (not recomputed)
2026-10-02T06:08:34,20261002T060319978366Z,Valencia_2024,resume:control_pop_full_9a7b6100b76e8a60_5_fe639a2c0a,info,loaded from checkpoint (not recomputed)
2026-10-02T06:08:35,20261002T060319978366Z,Valencia_2024,placebo,ok,population-density placebo ladder and population control done
2026-10-02T06:08:36,20261002T060319978366Z,Valencia_2024,city,ok,finished in 0.6 min
2026-10-02T06:11:31,20261002T060319978366Z,(all),synthesis,ok,"9 cities (9 under the current pre-registration); confirmatory k=9, localisable k=1 -> paper_synthesis/"
2026-10-02T06:11:32,20261002T060319978366Z,EmiliaRomagna_2023a,exclude,info,238 permanent-water cells (JRC occurrence >= 50%) excluded
2026-10-02T06:11:32,20261002T060319978366Z,EmiliaRomagna_2023a,exclude,warn,"123,756 of 143,322 cells excluded (86.3%); 2576 flooded among 19,566 analysed"
2026-10-02T06:11:33,20261002T060319978366Z,EmiliaRomagna_2023a,cv:blocks,ok,label autocorrelation < 0.1 by 3000 m -> CV tile 2500 m + buffer 500 m (correlogram range 3000 m)
2026-10-02T06:11:34,20261002T060319978366Z,EmiliaRomagna_2023a,resume:ladder_A_terrain_first_full_c2b95eed9b9bc451_5_d2e2f7342e,info,loaded from checkpoint (not recomputed)
2026-10-02T06:11:35,20261002T060319978366Z,EmiliaRomagna_2023a,gradient:A_terrain_first,info,without R0: 0 of 4 primary slopes have a 95% CI entirely below 0 []
2026-10-02T06:11:35,20261002T060319978366Z,EmiliaRomagna_2023a,gated:A_terrain_first,warn,50% of fold fits chose the edge of the gate grid (alpha=2.0 or tau=0.3); see the gated_wide_grid sensitivity variant
2026-10-02T06:11:43,20261002T060319978366Z,EmiliaRomagna_2023a,effects:A_terrain_first,ok,"top rung: info_nats_fm -0.0061 [-0.0444, +0.0221] inconclusive; info_frac_fm -0.0137 [-0.0915, +0.0618] inconclusive; dAP_stacked_fm -0.1363 [-0.1564, +0.0189] inconclusive; dAP_gated_fm -0.0117 [-0.0166, +0.0095] inconclusive; dAP_early_fm -0.0089 [-0.0353, +0.0185] inconclusive; dAP_adr_legacy_fm -0.0550 [-0.0776, +0.0039] inconclusive | social gain saturated from: None"
2026-10-02T06:11:43,20261002T060319978366Z,EmiliaRomagna_2023a,ladder:A_terrain_first,ok,6 rungs in 0.2 min
2026-10-02T06:11:45,20261002T060319978366Z,EmiliaRomagna_2023a,resume:ladder_B_surface_first_full_c2b95eed9b9bc451_5_d2e2f7342e,info,loaded from checkpoint (not recomputed)
2026-10-02T06:11:46,20261002T060319978366Z,EmiliaRomagna_2023a,gradient:B_surface_first,info,without R0: 0 of 4 primary slopes have a 95% CI entirely below 0 []
2026-10-02T06:11:46,20261002T060319978366Z,EmiliaRomagna_2023a,gated:B_surface_first,warn,47% of fold fits chose the edge of the gate grid (alpha=2.0 or tau=0.3); see the gated_wide_grid sensitivity variant
2026-10-02T06:11:53,20261002T060319978366Z,EmiliaRomagna_2023a,effects:B_surface_first,ok,"top rung: info_nats_fm -0.0061 [-0.0444, +0.0221] inconclusive; info_frac_fm -0.0137 [-0.0915, +0.0618] inconclusive; dAP_stacked_fm -0.1363 [-0.1564, +0.0189] inconclusive; dAP_gated_fm -0.0117 [-0.0166, +0.0095] inconclusive; dAP_early_fm -0.0089 [-0.0353, +0.0185] inconclusive; dAP_adr_legacy_fm -0.0550 [-0.0776, +0.0039] inconclusive | social gain saturated from: None"
2026-10-02T06:11:53,20261002T060319978366Z,EmiliaRomagna_2023a,ladder:B_surface_first,ok,6 rungs in 0.2 min
2026-10-02T06:11:54,20261002T060319978366Z,EmiliaRomagna_2023a,resume:lens_S_mentions_full_c2b95eed9b9bc451_5_d2e2f7342e,info,loaded from checkpoint (not recomputed)
2026-10-02T06:11:55,20261002T060319978366Z,EmiliaRomagna_2023a,resume:lens_S_negative_full_c2b95eed9b9bc451_5_d2e2f7342e,info,loaded from checkpoint (not recomputed)
2026-10-02T06:11:55,20261002T060319978366Z,EmiliaRomagna_2023a,resume:lens_S_distress_full_c2b95eed9b9bc451_5_d2e2f7342e,info,loaded from checkpoint (not recomputed)
2026-10-02T06:11:56,20261002T060319978366Z,EmiliaRomagna_2023a,resume:lens_S_src_gdelt_bigquery_full_c2b95eed9b9bc451_5_d2e2f7342e,info,loaded from checkpoint (not recomputed)
2026-10-02T06:11:56,20261002T060319978366Z,EmiliaRomagna_2023a,resume:lens_S_src_google_news_rss_full_c2b95eed9b9bc451_5_d2e2f7342e,info,loaded from checkpoint (not recomputed)
2026-10-02T06:11:57,20261002T060319978366Z,EmiliaRomagna_2023a,resume:lens_S_mentions+S_negative+S_distress_full_c2b95eed9b9bc451_5_d2e2f7342e,info,loaded from checkpoint (not recomputed)
2026-10-02T06:11:57,20261002T060319978366Z,EmiliaRomagna_2023a,emotion_lens,ok,6 channel sets at rung R5_+sar_event
2026-10-02T06:11:57,20261002T060319978366Z,EmiliaRomagna_2023a,resume:sens_bandwidth_1000m_full_700d0b0cf3a1dce7_5_d2e2f7342e_xgb,info,loaded from checkpoint (not recomputed)
2026-10-02T06:11:58,20261002T060319978366Z,EmiliaRomagna_2023a,resume:sens_window_minus3_plus3_full_eee63057e5e47906_5_d2e2f7342e_xgb,info,loaded from checkpoint (not recomputed)
2026-10-02T06:11:59,20261002T060319978366Z,EmiliaRomagna_2023a,resume:sens_gated_wide_grid_full_8ed46581152f3916_5_d2e2f7342e_xgb,info,loaded from checkpoint (not recomputed)
2026-10-02T06:12:00,20261002T060319978366Z,EmiliaRomagna_2023a,resume:sens_learner_logistic_full_8ed46581152f3916_5_d2e2f7342e_logistic,info,loaded from checkpoint (not recomputed)
2026-10-02T06:12:00,20261002T060319978366Z,EmiliaRomagna_2023a,sensitivity,ok,4 variants
2026-10-02T06:12:00,20261002T060319978366Z,EmiliaRomagna_2023a,placebo,info,social layer vs population-density layer: Spearman 0.81
2026-10-02T06:12:01,20261002T060319978366Z,EmiliaRomagna_2023a,resume:placebo_pop_full_befdd2e01741a217_5_d2e2f7342e,info,loaded from checkpoint (not recomputed)
2026-10-02T06:12:09,20261002T060319978366Z,EmiliaRomagna_2023a,resume:control_pop_full_e35a64f1038a6cd6_5_d2e2f7342e,info,loaded from checkpoint (not recomputed)
2026-10-02T06:12:09,20261002T060319978366Z,EmiliaRomagna_2023a,placebo,ok,population-density placebo ladder and population control done
2026-10-02T06:12:11,20261002T060319978366Z,EmiliaRomagna_2023a,city,ok,finished in 0.7 min
2026-10-02T06:15:05,20261002T060319978366Z,(all),synthesis,ok,"9 cities (9 under the current pre-registration); confirmatory k=9, localisable k=1 -> paper_synthesis/"
2026-10-02T06:15:06,20261002T060319978366Z,Forli_2023b,exclude,info,22 permanent-water cells (JRC occurrence >= 50%) excluded
2026-10-02T06:15:06,20261002T060319978366Z,Forli_2023b,exclude,ok,"8,684 of 93,651 cells excluded (9.3%); 3856 flooded among 84,967 analysed"
2026-10-02T06:15:07,20261002T060319978366Z,Forli_2023b,cv:blocks,ok,label autocorrelation < 0.1 by 2000 m -> CV tile 2000 m + buffer 500 m (correlogram range 2000 m)
2026-10-02T06:15:08,20261002T060319978366Z,Forli_2023b,resume:ladder_A_terrain_first_full_3de0a0a21c3bc7a2_5_5e3b8a0247,info,loaded from checkpoint (not recomputed)
2026-10-02T06:15:09,20261002T060319978366Z,Forli_2023b,gradient:A_terrain_first,info,without R0: 0 of 4 primary slopes have a 95% CI entirely below 0 []
2026-10-02T06:15:09,20261002T060319978366Z,Forli_2023b,gated:A_terrain_first,warn,73% of fold fits chose the edge of the gate grid (alpha=2.0 or tau=0.3); see the gated_wide_grid sensitivity variant
2026-10-02T06:15:15,20261002T060319978366Z,Forli_2023b,effects:A_terrain_first,ok,"top rung: info_nats_fm +0.0016 [-0.0004, +0.0041] inconclusive; info_frac_fm +0.0117 [-0.0025, +0.0274] inconclusive; dAP_stacked_fm +0.0054 [-0.0045, +0.0162] inconclusive; dAP_gated_fm +0.0024 [-0.0087, +0.0137] inconclusive; dAP_early_fm +0.0076 [-0.0091, +0.0270] inconclusive; dAP_adr_legacy_fm -0.0282 [-0.0418, -0.0140] harmful | social gain saturated from: None"
2026-10-02T06:15:15,20261002T060319978366Z,Forli_2023b,ladder:A_terrain_first,ok,6 rungs in 0.1 min
2026-10-02T06:15:16,20261002T060319978366Z,Forli_2023b,resume:ladder_B_surface_first_full_3de0a0a21c3bc7a2_5_5e3b8a0247,info,loaded from checkpoint (not recomputed)
2026-10-02T06:15:18,20261002T060319978366Z,Forli_2023b,gradient:B_surface_first,info,without R0: 0 of 4 primary slopes have a 95% CI entirely below 0 []
2026-10-02T06:15:18,20261002T060319978366Z,Forli_2023b,gated:B_surface_first,warn,50% of fold fits chose the edge of the gate grid (alpha=2.0 or tau=0.3); see the gated_wide_grid sensitivity variant
2026-10-02T06:15:22,20261002T060319978366Z,Forli_2023b,effects:B_surface_first,ok,"top rung: info_nats_fm +0.0016 [-0.0004, +0.0041] inconclusive; info_frac_fm +0.0117 [-0.0025, +0.0274] inconclusive; dAP_stacked_fm +0.0054 [-0.0045, +0.0162] inconclusive; dAP_gated_fm +0.0024 [-0.0087, +0.0137] inconclusive; dAP_early_fm +0.0076 [-0.0091, +0.0270] inconclusive; dAP_adr_legacy_fm -0.0282 [-0.0418, -0.0140] harmful | social gain saturated from: None"
2026-10-02T06:15:22,20261002T060319978366Z,Forli_2023b,ladder:B_surface_first,ok,6 rungs in 0.1 min
2026-10-02T06:15:23,20261002T060319978366Z,Forli_2023b,resume:lens_S_mentions_full_3de0a0a21c3bc7a2_5_5e3b8a0247,info,loaded from checkpoint (not recomputed)
2026-10-02T06:15:24,20261002T060319978366Z,Forli_2023b,resume:lens_S_negative_full_3de0a0a21c3bc7a2_5_5e3b8a0247,info,loaded from checkpoint (not recomputed)
2026-10-02T06:15:24,20261002T060319978366Z,Forli_2023b,resume:lens_S_distress_full_3de0a0a21c3bc7a2_5_5e3b8a0247,info,loaded from checkpoint (not recomputed)
2026-10-02T06:15:25,20261002T060319978366Z,Forli_2023b,resume:lens_S_src_gdelt_bigquery_full_3de0a0a21c3bc7a2_5_5e3b8a0247,info,loaded from checkpoint (not recomputed)
2026-10-02T06:15:25,20261002T060319978366Z,Forli_2023b,resume:lens_S_mentions+S_negative+S_distress_full_3de0a0a21c3bc7a2_5_5e3b8a0247,info,loaded from checkpoint (not recomputed)
2026-10-02T06:15:25,20261002T060319978366Z,Forli_2023b,emotion_lens,ok,5 channel sets at rung R5_+sar_event
2026-10-02T06:15:26,20261002T060319978366Z,Forli_2023b,resume:sens_bandwidth_1000m_full_760c2495f64b9a5b_5_5e3b8a0247_xgb,info,loaded from checkpoint (not recomputed)
2026-10-02T06:15:27,20261002T060319978366Z,Forli_2023b,resume:sens_window_minus3_plus3_full_43246358e1d8afb4_5_5e3b8a0247_xgb,info,loaded from checkpoint (not recomputed)
2026-10-02T06:15:27,20261002T060319978366Z,Forli_2023b,resume:sens_gated_wide_grid_full_239a7e5482e58f3a_5_5e3b8a0247_xgb,info,loaded from checkpoint (not recomputed)
2026-10-02T06:15:28,20261002T060319978366Z,Forli_2023b,resume:sens_learner_logistic_full_239a7e5482e58f3a_5_5e3b8a0247_logistic,info,loaded from checkpoint (not recomputed)
2026-10-02T06:15:28,20261002T060319978366Z,Forli_2023b,sensitivity,ok,4 variants
2026-10-02T06:15:28,20261002T060319978366Z,Forli_2023b,placebo,info,social layer vs population-density layer: Spearman 0.13
2026-10-02T06:15:29,20261002T060319978366Z,Forli_2023b,resume:placebo_pop_full_107c77c8982b20de_5_5e3b8a0247,info,loaded from checkpoint (not recomputed)
2026-10-02T06:15:36,20261002T060319978366Z,Forli_2023b,resume:control_pop_full_f9095a8706293035_5_5e3b8a0247,info,loaded from checkpoint (not recomputed)
2026-10-02T06:15:36,20261002T060319978366Z,Forli_2023b,placebo,ok,population-density placebo ladder and population control done
2026-10-02T06:15:38,20261002T060319978366Z,Forli_2023b,city,ok,finished in 0.6 min
2026-10-02T06:18:33,20261002T060319978366Z,(all),synthesis,ok,"9 cities (9 under the current pre-registration); confirmatory k=9, localisable k=1 -> paper_synthesis/"
2026-10-02T06:18:34,20261002T060319978366Z,York_2015,exclude,info,1 permanent-water cells (JRC occurrence >= 50%) excluded
2026-10-02T06:18:34,20261002T060319978366Z,York_2015,exclude,ok,"1 of 10,821 cells excluded (0.0%); 514 flooded among 10,820 analysed"
2026-10-02T06:18:35,20261002T060319978366Z,York_2015,cv:blocks,ok,label autocorrelation < 0.1 by 1500 m -> CV tile 2000 m + buffer 500 m (correlogram range 1500 m)
2026-10-02T06:18:35,20261002T060319978366Z,York_2015,resume:ladder_A_terrain_first_full_bb3614a17ce93700_5_5e3b8a0247,info,loaded from checkpoint (not recomputed)
2026-10-02T06:18:36,20261002T060319978366Z,York_2015,gradient:A_terrain_first,info,without R0: 0 of 4 primary slopes have a 95% CI entirely below 0 []
2026-10-02T06:18:36,20261002T060319978366Z,York_2015,gated:A_terrain_first,warn,93% of fold fits chose the edge of the gate grid (alpha=2.0 or tau=0.3); see the gated_wide_grid sensitivity variant
2026-10-02T06:18:40,20261002T060319978366Z,York_2015,effects:A_terrain_first,ok,"top rung: info_nats_fm +0.0304 [+0.0012, +0.0498] inconclusive; info_frac_fm +0.1187 [+0.0056, +0.2352] inconclusive; dAP_stacked_fm +0.0595 [-0.0125, +0.0925] inconclusive; dAP_gated_fm +0.0226 [+0.0092, +0.0296] inconclusive; dAP_early_fm +0.0043 [-0.0695, +0.0324] inconclusive; dAP_adr_legacy_fm -0.1361 [-0.1992, -0.0149] harmful | social gain saturated from: None"
2026-10-02T06:18:40,20261002T060319978366Z,York_2015,ladder:A_terrain_first,ok,6 rungs in 0.1 min
2026-10-02T06:18:41,20261002T060319978366Z,York_2015,resume:ladder_B_surface_first_full_bb3614a17ce93700_5_5e3b8a0247,info,loaded from checkpoint (not recomputed)
2026-10-02T06:18:42,20261002T060319978366Z,York_2015,gradient:B_surface_first,info,without R0: 0 of 4 primary slopes have a 95% CI entirely below 0 []
2026-10-02T06:18:42,20261002T060319978366Z,York_2015,gated:B_surface_first,warn,70% of fold fits chose the edge of the gate grid (alpha=2.0 or tau=0.3); see the gated_wide_grid sensitivity variant
2026-10-02T06:18:47,20261002T060319978366Z,York_2015,effects:B_surface_first,ok,"top rung: info_nats_fm +0.0304 [+0.0012, +0.0498] inconclusive; info_frac_fm +0.1187 [+0.0056, +0.2352] inconclusive; dAP_stacked_fm +0.0595 [-0.0125, +0.0925] inconclusive; dAP_gated_fm +0.0226 [+0.0092, +0.0296] inconclusive; dAP_early_fm +0.0043 [-0.0695, +0.0324] inconclusive; dAP_adr_legacy_fm -0.1361 [-0.1992, -0.0149] harmful | social gain saturated from: None"
2026-10-02T06:18:47,20261002T060319978366Z,York_2015,ladder:B_surface_first,ok,6 rungs in 0.1 min
2026-10-02T06:18:48,20261002T060319978366Z,York_2015,folds,warn,fold prevalence ranges 1.5%-27.3%: per-fold AP partly reflects fold base rates; report fold_diagnostics.csv
2026-10-02T06:18:48,20261002T060319978366Z,York_2015,resume:lens_S_mentions_full_bb3614a17ce93700_5_5e3b8a0247,info,loaded from checkpoint (not recomputed)
2026-10-02T06:18:49,20261002T060319978366Z,York_2015,resume:lens_S_negative_full_bb3614a17ce93700_5_5e3b8a0247,info,loaded from checkpoint (not recomputed)
2026-10-02T06:18:49,20261002T060319978366Z,York_2015,resume:lens_S_mentions+S_negative_full_bb3614a17ce93700_5_5e3b8a0247,info,loaded from checkpoint (not recomputed)
2026-10-02T06:18:49,20261002T060319978366Z,York_2015,emotion_lens,ok,3 channel sets at rung R5_+sar_event
2026-10-02T06:18:49,20261002T060319978366Z,York_2015,resume:sens_bandwidth_1000m_full_7fdea8ab082016b5_5_5e3b8a0247_xgb,info,loaded from checkpoint (not recomputed)
2026-10-02T06:18:50,20261002T060319978366Z,York_2015,resume:sens_window_minus3_plus3_full_33afbb64ad7710a2_5_5e3b8a0247_xgb,info,loaded from checkpoint (not recomputed)
2026-10-02T06:18:50,20261002T060319978366Z,York_2015,resume:sens_gated_wide_grid_full_33afbb64ad7710a2_5_5e3b8a0247_xgb,info,loaded from checkpoint (not recomputed)
2026-10-02T06:18:51,20261002T060319978366Z,York_2015,resume:sens_learner_logistic_full_33afbb64ad7710a2_5_5e3b8a0247_logistic,info,loaded from checkpoint (not recomputed)
2026-10-02T06:18:51,20261002T060319978366Z,York_2015,sensitivity,ok,4 variants
2026-10-02T06:18:51,20261002T060319978366Z,York_2015,placebo,info,social layer vs population-density layer: Spearman 0.10
2026-10-02T06:18:51,20261002T060319978366Z,York_2015,resume:placebo_pop_full_da6d0d6d9ca766d4_5_5e3b8a0247,info,loaded from checkpoint (not recomputed)
2026-10-02T06:18:57,20261002T060319978366Z,York_2015,resume:control_pop_full_f1c6ca46ba058f36_5_5e3b8a0247,info,loaded from checkpoint (not recomputed)
2026-10-02T06:18:58,20261002T060319978366Z,York_2015,placebo,ok,population-density placebo ladder and population control done
2026-10-02T06:18:59,20261002T060319978366Z,York_2015,city,ok,finished in 0.4 min
2026-10-02T06:21:51,20261002T060319978366Z,(all),synthesis,ok,"9 cities (9 under the current pre-registration); confirmatory k=9, localisable k=1 -> paper_synthesis/"
2026-10-02T06:21:52,20261002T060319978366Z,Carlisle_2015,exclude,info,8 permanent-water cells (JRC occurrence >= 50%) excluded
2026-10-02T06:21:52,20261002T060319978366Z,Carlisle_2015,exclude,ok,"8 of 14,037 cells excluded (0.1%); 1234 flooded among 14,029 analysed"
2026-10-02T06:21:53,20261002T060319978366Z,Carlisle_2015,cv:blocks,ok,label autocorrelation < 0.1 by 4000 m -> CV tile 2000 m + buffer 500 m (correlogram range 4000 m; fewer than 15 flooded tiles even at larger sizes: default tile)
2026-10-02T06:21:53,20261002T060319978366Z,Carlisle_2015,resume:ladder_A_terrain_first_full_e8247b8cae1efad2_5_5e3b8a0247,info,loaded from checkpoint (not recomputed)
2026-10-02T06:21:54,20261002T060319978366Z,Carlisle_2015,gradient:A_terrain_first,info,without R0: 1 of 4 primary slopes have a 95% CI entirely below 0 ['info_nats_fm_adj']
2026-10-02T06:21:54,20261002T060319978366Z,Carlisle_2015,gated:A_terrain_first,warn,87% of fold fits chose the edge of the gate grid (alpha=2.0 or tau=0.3); see the gated_wide_grid sensitivity variant
2026-10-02T06:22:00,20261002T060319978366Z,Carlisle_2015,effects:A_terrain_first,ok,"top rung: info_nats_fm +0.1900 [+0.0663, +0.3015] inconclusive; info_frac_fm +0.3509 [+0.0995, +0.7526] inconclusive; dAP_stacked_fm +0.0499 [-0.0369, +0.0679] inconclusive; dAP_gated_fm +0.0267 [+0.0174, +0.0465] inconclusive; dAP_early_fm -0.0024 [-0.0112, +0.0598] inconclusive; dAP_adr_legacy_fm +0.0000 [+0.0000, +0.0000] saturated | social gain saturated from: None"
2026-10-02T06:22:00,20261002T060319978366Z,Carlisle_2015,ladder:A_terrain_first,ok,6 rungs in 0.1 min
2026-10-02T06:22:00,20261002T060319978366Z,Carlisle_2015,resume:ladder_B_surface_first_full_e8247b8cae1efad2_5_5e3b8a0247,info,loaded from checkpoint (not recomputed)
2026-10-02T06:22:01,20261002T060319978366Z,Carlisle_2015,gradient:B_surface_first,info,without R0: 0 of 4 primary slopes have a 95% CI entirely below 0 []
2026-10-02T06:22:01,20261002T060319978366Z,Carlisle_2015,gated:B_surface_first,warn,90% of fold fits chose the edge of the gate grid (alpha=2.0 or tau=0.3); see the gated_wide_grid sensitivity variant
2026-10-02T06:22:06,20261002T060319978366Z,Carlisle_2015,effects:B_surface_first,ok,"top rung: info_nats_fm +0.1900 [+0.0663, +0.3015] inconclusive; info_frac_fm +0.3509 [+0.0995, +0.7526] inconclusive; dAP_stacked_fm +0.0499 [-0.0369, +0.0679] inconclusive; dAP_gated_fm +0.0267 [+0.0174, +0.0465] inconclusive; dAP_early_fm -0.0024 [-0.0112, +0.0598] inconclusive; dAP_adr_legacy_fm +0.0000 [+0.0000, +0.0000] saturated | social gain saturated from: None"
2026-10-02T06:22:06,20261002T060319978366Z,Carlisle_2015,ladder:B_surface_first,ok,6 rungs in 0.1 min
2026-10-02T06:22:06,20261002T060319978366Z,Carlisle_2015,folds,warn,fold prevalence ranges 2.0%-69.0%: per-fold AP partly reflects fold base rates; report fold_diagnostics.csv
2026-10-02T06:22:07,20261002T060319978366Z,Carlisle_2015,resume:lens_S_mentions_full_e8247b8cae1efad2_5_5e3b8a0247,info,loaded from checkpoint (not recomputed)
2026-10-02T06:22:07,20261002T060319978366Z,Carlisle_2015,resume:lens_S_negative_full_e8247b8cae1efad2_5_5e3b8a0247,info,loaded from checkpoint (not recomputed)
2026-10-02T06:22:08,20261002T060319978366Z,Carlisle_2015,resume:lens_S_mentions+S_negative_full_e8247b8cae1efad2_5_5e3b8a0247,info,loaded from checkpoint (not recomputed)
2026-10-02T06:22:08,20261002T060319978366Z,Carlisle_2015,emotion_lens,ok,3 channel sets at rung R5_+sar_event
2026-10-02T06:22:08,20261002T060319978366Z,Carlisle_2015,resume:sens_bandwidth_1000m_full_bd41716e4f77735b_5_5e3b8a0247_xgb,info,loaded from checkpoint (not recomputed)
2026-10-02T06:22:09,20261002T060319978366Z,Carlisle_2015,resume:sens_window_minus3_plus3_full_91f34bb8f67b8e36_5_5e3b8a0247_xgb,info,loaded from checkpoint (not recomputed)
2026-10-02T06:22:10,20261002T060319978366Z,Carlisle_2015,resume:sens_gated_wide_grid_full_4b72b668a506cc18_5_5e3b8a0247_xgb,info,loaded from checkpoint (not recomputed)
2026-10-02T06:22:10,20261002T060319978366Z,Carlisle_2015,resume:sens_learner_logistic_full_4b72b668a506cc18_5_5e3b8a0247_logistic,info,loaded from checkpoint (not recomputed)
2026-10-02T06:22:10,20261002T060319978366Z,Carlisle_2015,sensitivity,ok,4 variants
2026-10-02T06:22:10,20261002T060319978366Z,Carlisle_2015,placebo,info,social layer vs population-density layer: Spearman 0.85
2026-10-02T06:22:12,20261002T060319978366Z,Carlisle_2015,resume:placebo_pop_full_b8d12c14780c70e7_5_5e3b8a0247,info,loaded from checkpoint (not recomputed)
2026-10-02T06:22:17,20261002T060319978366Z,Carlisle_2015,resume:control_pop_full_6398d0fea5e88308_5_5e3b8a0247,info,loaded from checkpoint (not recomputed)
2026-10-02T06:22:18,20261002T060319978366Z,Carlisle_2015,placebo,ok,population-density placebo ladder and population control done
2026-10-02T06:22:19,20261002T060319978366Z,Carlisle_2015,city,ok,finished in 0.5 min
2026-10-02T06:25:11,20261002T060319978366Z,(all),synthesis,ok,"9 cities (9 under the current pre-registration); confirmatory k=9, localisable k=1 -> paper_synthesis/"
2026-10-02T06:25:12,20261002T060319978366Z,PortoAlegre_2024,exclude,info,"30,015 permanent-water cells (JRC occurrence >= 50%) excluded"
2026-10-02T06:25:12,20261002T060319978366Z,PortoAlegre_2024,exclude,ok,"61,867 of 141,828 cells excluded (43.6%); 32045 flooded among 79,961 analysed"
2026-10-02T06:25:13,20261002T060319978366Z,PortoAlegre_2024,cv:blocks,ok,label autocorrelation < 0.1 by nan m -> CV tile 4000 m + buffer 500 m (autocorrelation never fell below 0.1 within the correlogram's range: maximum tile)
2026-10-02T06:25:13,20261002T060319978366Z,PortoAlegre_2024,ladder,info,group 'sar_event' unavailable -> rung skipped (pre-registered rule)
2026-10-02T06:25:14,20261002T060319978366Z,PortoAlegre_2024,resume:ladder_A_terrain_first_full_b0759a94cc7fa40e_5_fe639a2c0a,info,loaded from checkpoint (not recomputed)
2026-10-02T06:25:15,20261002T060319978366Z,PortoAlegre_2024,gradient:A_terrain_first,info,without R0: 0 of 4 primary slopes have a 95% CI entirely below 0 []
2026-10-02T06:25:19,20261002T060319978366Z,PortoAlegre_2024,effects:A_terrain_first,ok,"top rung: info_nats_fm -0.0001 [-0.0006, +0.0004] inconclusive; info_frac_fm -0.0003 [-0.0024, +0.0016] saturated; dAP_stacked_fm -0.0000 [-0.0003, +0.0003] saturated; dAP_gated_fm +0.0001 [+0.0001, +0.0001] saturated; dAP_early_fm +0.0002 [-0.0011, +0.0015] saturated; dAP_adr_legacy_fm -0.0960 [-0.1103, -0.0781] harmful | social gain saturated from: R4_+forcing"
2026-10-02T06:25:19,20261002T060319978366Z,PortoAlegre_2024,ladder:A_terrain_first,ok,5 rungs in 0.1 min
2026-10-02T06:25:19,20261002T060319978366Z,PortoAlegre_2024,ladder,info,group 'sar_event' unavailable -> rung skipped (pre-registered rule)
2026-10-02T06:25:20,20261002T060319978366Z,PortoAlegre_2024,resume:ladder_B_surface_first_full_b0759a94cc7fa40e_5_fe639a2c0a,info,loaded from checkpoint (not recomputed)
2026-10-02T06:25:21,20261002T060319978366Z,PortoAlegre_2024,gradient:B_surface_first,info,without R0: 0 of 4 primary slopes have a 95% CI entirely below 0 []
2026-10-02T06:25:21,20261002T060319978366Z,PortoAlegre_2024,gated:B_surface_first,warn,32% of fold fits chose the edge of the gate grid (alpha=2.0 or tau=0.3); see the gated_wide_grid sensitivity variant
2026-10-02T06:25:26,20261002T060319978366Z,PortoAlegre_2024,effects:B_surface_first,ok,"top rung: info_nats_fm -0.0001 [-0.0006, +0.0004] inconclusive; info_frac_fm -0.0003 [-0.0024, +0.0016] saturated; dAP_stacked_fm -0.0000 [-0.0003, +0.0003] saturated; dAP_gated_fm +0.0001 [+0.0001, +0.0001] saturated; dAP_early_fm +0.0002 [-0.0011, +0.0015] saturated; dAP_adr_legacy_fm -0.0960 [-0.1103, -0.0781] harmful | social gain saturated from: R2_+forcing"
2026-10-02T06:25:26,20261002T060319978366Z,PortoAlegre_2024,ladder:B_surface_first,ok,5 rungs in 0.1 min
2026-10-02T06:25:26,20261002T060319978366Z,PortoAlegre_2024,ladder,info,group 'sar_event' unavailable -> rung skipped (pre-registered rule)
2026-10-02T06:25:27,20261002T060319978366Z,PortoAlegre_2024,resume:lens_S_mentions_full_b0759a94cc7fa40e_5_fe639a2c0a,info,loaded from checkpoint (not recomputed)
2026-10-02T06:25:29,20261002T060319978366Z,PortoAlegre_2024,resume:lens_S_negative_full_b0759a94cc7fa40e_5_fe639a2c0a,info,loaded from checkpoint (not recomputed)
2026-10-02T06:25:30,20261002T060319978366Z,PortoAlegre_2024,resume:lens_S_distress_full_b0759a94cc7fa40e_5_fe639a2c0a,info,loaded from checkpoint (not recomputed)
2026-10-02T06:25:30,20261002T060319978366Z,PortoAlegre_2024,resume:lens_S_src_gdelt_bigquery_full_b0759a94cc7fa40e_5_fe639a2c0a,info,loaded from checkpoint (not recomputed)
2026-10-02T06:25:31,20261002T060319978366Z,PortoAlegre_2024,resume:lens_S_mentions+S_negative+S_distress_full_b0759a94cc7fa40e_5_fe639a2c0a,info,loaded from checkpoint (not recomputed)
2026-10-02T06:25:31,20261002T060319978366Z,PortoAlegre_2024,emotion_lens,ok,5 channel sets at rung R4_+forcing
2026-10-02T06:25:32,20261002T060319978366Z,PortoAlegre_2024,resume:sens_bandwidth_1000m_full_1af5982fc72c054e_5_fe639a2c0a_xgb,info,loaded from checkpoint (not recomputed)
2026-10-02T06:25:33,20261002T060319978366Z,PortoAlegre_2024,resume:sens_window_minus3_plus3_full_e74e9745ed3be417_5_fe639a2c0a_xgb,info,loaded from checkpoint (not recomputed)
2026-10-02T06:25:34,20261002T060319978366Z,PortoAlegre_2024,resume:sens_gated_wide_grid_full_cc6711f7a9596ec7_5_fe639a2c0a_xgb,info,loaded from checkpoint (not recomputed)
2026-10-02T06:25:34,20261002T060319978366Z,PortoAlegre_2024,resume:sens_learner_logistic_full_cc6711f7a9596ec7_5_fe639a2c0a_logistic,info,loaded from checkpoint (not recomputed)
2026-10-02T06:25:34,20261002T060319978366Z,PortoAlegre_2024,sensitivity,ok,4 variants
2026-10-02T06:25:34,20261002T060319978366Z,PortoAlegre_2024,placebo,info,social layer vs population-density layer: Spearman 0.64
2026-10-02T06:25:34,20261002T060319978366Z,PortoAlegre_2024,ladder,info,group 'sar_event' unavailable -> rung skipped (pre-registered rule)
2026-10-02T06:25:35,20261002T060319978366Z,PortoAlegre_2024,resume:placebo_pop_full_f96e46208e062bbe_5_fe639a2c0a,info,loaded from checkpoint (not recomputed)
2026-10-02T06:25:41,20261002T060319978366Z,PortoAlegre_2024,resume:control_pop_full_e27c9d2f876aaee0_5_fe639a2c0a,info,loaded from checkpoint (not recomputed)
2026-10-02T06:25:42,20261002T060319978366Z,PortoAlegre_2024,placebo,ok,population-density placebo ladder and population control done
2026-10-02T06:25:43,20261002T060319978366Z,PortoAlegre_2024,city,ok,finished in 0.5 min
2026-10-02T06:28:39,20261002T060319978366Z,(all),synthesis,ok,"9 cities (9 under the current pre-registration); confirmatory k=9, localisable k=1 -> paper_synthesis/"
2026-10-02T06:28:39,20261002T060319978366Z,TaquariValley_2024,exclude,info,294 permanent-water cells (JRC occurrence >= 50%) excluded
2026-10-02T06:28:39,20261002T060319978366Z,TaquariValley_2024,exclude,warn,"8,991 of 13,823 cells excluded (65.0%); 448 flooded among 4,832 analysed"
2026-10-02T06:28:40,20261002T060319978366Z,TaquariValley_2024,cv:blocks,ok,label autocorrelation < 0.1 by 1000 m -> CV tile 2000 m + buffer 500 m (correlogram range 1000 m)
2026-10-02T06:28:40,20261002T060319978366Z,TaquariValley_2024,ladder,info,group 'sar_event' unavailable -> rung skipped (pre-registered rule)
2026-10-02T06:28:40,20261002T060319978366Z,TaquariValley_2024,resume:ladder_A_terrain_first_full_19ba8bded9bbd96e_5_5e3b8a0247,info,loaded from checkpoint (not recomputed)
2026-10-02T06:28:42,20261002T060319978366Z,TaquariValley_2024,gradient:A_terrain_first,info,without R0: 0 of 4 primary slopes have a 95% CI entirely below 0 []
2026-10-02T06:28:42,20261002T060319978366Z,TaquariValley_2024,gated:A_terrain_first,warn,72% of fold fits chose the edge of the gate grid (alpha=2.0 or tau=0.3); see the gated_wide_grid sensitivity variant
2026-10-02T06:28:46,20261002T060319978366Z,TaquariValley_2024,effects:A_terrain_first,ok,"top rung: info_nats_fm -0.0154 [-0.0359, +0.0033] inconclusive; info_frac_fm -0.0681 [-0.1447, +0.0161] inconclusive; dAP_stacked_fm -0.0256 [-0.0524, +0.0259] inconclusive; dAP_gated_fm -0.0329 [-0.0361, +0.0212] inconclusive; dAP_early_fm +0.0231 [-0.0103, +0.0462] inconclusive; dAP_adr_legacy_fm -0.0204 [-0.0382, -0.0041] harmful | social gain saturated from: None"
2026-10-02T06:28:46,20261002T060319978366Z,TaquariValley_2024,ladder:A_terrain_first,ok,5 rungs in 0.1 min
2026-10-02T06:28:46,20261002T060319978366Z,TaquariValley_2024,ladder,info,group 'sar_event' unavailable -> rung skipped (pre-registered rule)
2026-10-02T06:28:47,20261002T060319978366Z,TaquariValley_2024,resume:ladder_B_surface_first_full_19ba8bded9bbd96e_5_5e3b8a0247,info,loaded from checkpoint (not recomputed)
2026-10-02T06:28:48,20261002T060319978366Z,TaquariValley_2024,gradient:B_surface_first,info,without R0: 1 of 4 primary slopes have a 95% CI entirely below 0 ['info_nats_fm_adj']
2026-10-02T06:28:48,20261002T060319978366Z,TaquariValley_2024,gated:B_surface_first,warn,52% of fold fits chose the edge of the gate grid (alpha=2.0 or tau=0.3); see the gated_wide_grid sensitivity variant
2026-10-02T06:28:52,20261002T060319978366Z,TaquariValley_2024,effects:B_surface_first,ok,"top rung: info_nats_fm -0.0154 [-0.0359, +0.0033] inconclusive; info_frac_fm -0.0681 [-0.1447, +0.0161] inconclusive; dAP_stacked_fm -0.0256 [-0.0524, +0.0259] inconclusive; dAP_gated_fm -0.0329 [-0.0361, +0.0212] inconclusive; dAP_early_fm +0.0231 [-0.0103, +0.0462] inconclusive; dAP_adr_legacy_fm -0.0204 [-0.0382, -0.0041] harmful | social gain saturated from: None"
2026-10-02T06:28:52,20261002T060319978366Z,TaquariValley_2024,ladder:B_surface_first,ok,5 rungs in 0.1 min
2026-10-02T06:28:52,20261002T060319978366Z,TaquariValley_2024,ladder,info,group 'sar_event' unavailable -> rung skipped (pre-registered rule)
2026-10-02T06:28:52,20261002T060319978366Z,TaquariValley_2024,resume:lens_S_mentions_full_19ba8bded9bbd96e_5_5e3b8a0247,info,loaded from checkpoint (not recomputed)
2026-10-02T06:28:53,20261002T060319978366Z,TaquariValley_2024,resume:lens_S_negative_full_19ba8bded9bbd96e_5_5e3b8a0247,info,loaded from checkpoint (not recomputed)
2026-10-02T06:28:54,20261002T060319978366Z,TaquariValley_2024,resume:lens_S_distress_full_19ba8bded9bbd96e_5_5e3b8a0247,info,loaded from checkpoint (not recomputed)
2026-10-02T06:28:54,20261002T060319978366Z,TaquariValley_2024,resume:lens_S_src_gdelt_bigquery_full_19ba8bded9bbd96e_5_5e3b8a0247,info,loaded from checkpoint (not recomputed)
2026-10-02T06:28:54,20261002T060319978366Z,TaquariValley_2024,resume:lens_S_src_google_news_rss_full_19ba8bded9bbd96e_5_5e3b8a0247,info,loaded from checkpoint (not recomputed)
2026-10-02T06:28:55,20261002T060319978366Z,TaquariValley_2024,resume:lens_S_mentions+S_negative+S_distress_full_19ba8bded9bbd96e_5_5e3b8a0247,info,loaded from checkpoint (not recomputed)
2026-10-02T06:28:55,20261002T060319978366Z,TaquariValley_2024,emotion_lens,ok,6 channel sets at rung R4_+forcing
2026-10-02T06:28:55,20261002T060319978366Z,TaquariValley_2024,resume:sens_bandwidth_1000m_full_a3b836a1edb44644_5_5e3b8a0247_xgb,info,loaded from checkpoint (not recomputed)
2026-10-02T06:28:56,20261002T060319978366Z,TaquariValley_2024,resume:sens_window_minus3_plus3_full_c70a720dcc8291cf_5_5e3b8a0247_xgb,info,loaded from checkpoint (not recomputed)
2026-10-02T06:28:56,20261002T060319978366Z,TaquariValley_2024,resume:sens_gated_wide_grid_full_9d39b9c1744af721_5_5e3b8a0247_xgb,info,loaded from checkpoint (not recomputed)
2026-10-02T06:28:57,20261002T060319978366Z,TaquariValley_2024,resume:sens_learner_logistic_full_9d39b9c1744af721_5_5e3b8a0247_logistic,info,loaded from checkpoint (not recomputed)
2026-10-02T06:28:57,20261002T060319978366Z,TaquariValley_2024,sensitivity,ok,4 variants
2026-10-02T06:28:57,20261002T060319978366Z,TaquariValley_2024,placebo,info,social layer vs population-density layer: Spearman 0.92
2026-10-02T06:28:57,20261002T060319978366Z,TaquariValley_2024,ladder,info,group 'sar_event' unavailable -> rung skipped (pre-registered rule)
2026-10-02T06:28:57,20261002T060319978366Z,TaquariValley_2024,resume:placebo_pop_full_dce1b5a4972d20a0_5_5e3b8a0247,info,loaded from checkpoint (not recomputed)
2026-10-02T06:29:03,20261002T060319978366Z,TaquariValley_2024,resume:control_pop_full_12302c78419c6a7f_5_5e3b8a0247,info,loaded from checkpoint (not recomputed)
2026-10-02T06:29:04,20261002T060319978366Z,TaquariValley_2024,placebo,ok,population-density placebo ladder and population control done
2026-10-02T06:29:05,20261002T060319978366Z,TaquariValley_2024,city,ok,finished in 0.4 min
2026-10-02T06:31:56,20261002T060319978366Z,(all),synthesis,ok,"9 cities (9 under the current pre-registration); confirmatory k=9, localisable k=1 -> paper_synthesis/"
2026-10-02T06:31:57,20261002T060319978366Z,Houston_SanJacinto_2017,exclude,info,"4,607 permanent-water cells (JRC occurrence >= 50%) excluded"
2026-10-02T06:31:57,20261002T060319978366Z,Houston_SanJacinto_2017,exclude,warn,"97,100 of 184,495 cells excluded (52.6%); 25594 flooded among 87,395 analysed"
2026-10-02T06:31:58,20261002T060319978366Z,Houston_SanJacinto_2017,cv:blocks,ok,label autocorrelation < 0.1 by 4000 m -> CV tile 3500 m + buffer 500 m (correlogram range 4000 m)
2026-10-02T06:31:59,20261002T060319978366Z,Houston_SanJacinto_2017,resume:ladder_A_terrain_first_full_5c40844f313ed2aa_5_f15641ede8,info,loaded from checkpoint (not recomputed)
2026-10-02T06:32:00,20261002T060319978366Z,Houston_SanJacinto_2017,gradient:A_terrain_first,info,without R0: 0 of 4 primary slopes have a 95% CI entirely below 0 []
2026-10-02T06:32:00,20261002T060319978366Z,Houston_SanJacinto_2017,gated:A_terrain_first,warn,37% of fold fits chose the edge of the gate grid (alpha=2.0 or tau=0.3); see the gated_wide_grid sensitivity variant
2026-10-02T06:32:05,20261002T060319978366Z,Houston_SanJacinto_2017,effects:A_terrain_first,ok,"top rung: info_nats_fm +0.0017 [+0.0004, +0.0030] inconclusive; info_frac_fm +0.0049 [+0.0011, +0.0086] saturated; dAP_stacked_fm +0.0032 [+0.0011, +0.0060] saturated; dAP_gated_fm +0.0015 [+0.0005, +0.0026] informative; dAP_early_fm +0.0052 [-0.0002, +0.0111] inconclusive; dAP_adr_legacy_fm -0.1152 [-0.1376, -0.0935] harmful | social gain saturated from: R0_none"
2026-10-02T06:32:05,20261002T060319978366Z,Houston_SanJacinto_2017,ladder:A_terrain_first,ok,6 rungs in 0.1 min
2026-10-02T06:32:06,20261002T060319978366Z,Houston_SanJacinto_2017,resume:ladder_B_surface_first_full_5c40844f313ed2aa_5_f15641ede8,info,loaded from checkpoint (not recomputed)
2026-10-02T06:32:07,20261002T060319978366Z,Houston_SanJacinto_2017,gradient:B_surface_first,info,without R0: 0 of 4 primary slopes have a 95% CI entirely below 0 []
2026-10-02T06:32:12,20261002T060319978366Z,Houston_SanJacinto_2017,effects:B_surface_first,ok,"top rung: info_nats_fm +0.0017 [+0.0004, +0.0030] inconclusive; info_frac_fm +0.0049 [+0.0011, +0.0086] saturated; dAP_stacked_fm +0.0032 [+0.0011, +0.0060] saturated; dAP_gated_fm +0.0015 [+0.0005, +0.0026] informative; dAP_early_fm +0.0052 [-0.0002, +0.0111] inconclusive; dAP_adr_legacy_fm -0.1152 [-0.1376, -0.0935] harmful | social gain saturated from: R0_none"
2026-10-02T06:32:12,20261002T060319978366Z,Houston_SanJacinto_2017,ladder:B_surface_first,ok,6 rungs in 0.1 min
2026-10-02T06:32:13,20261002T060319978366Z,Houston_SanJacinto_2017,resume:lens_S_mentions_full_5c40844f313ed2aa_5_f15641ede8,info,loaded from checkpoint (not recomputed)
2026-10-02T06:32:14,20261002T060319978366Z,Houston_SanJacinto_2017,resume:lens_S_negative_full_5c40844f313ed2aa_5_f15641ede8,info,loaded from checkpoint (not recomputed)
2026-10-02T06:32:14,20261002T060319978366Z,Houston_SanJacinto_2017,resume:lens_S_distress_full_5c40844f313ed2aa_5_f15641ede8,info,loaded from checkpoint (not recomputed)
2026-10-02T06:32:15,20261002T060319978366Z,Houston_SanJacinto_2017,resume:lens_S_src_gdelt_bigquery_full_5c40844f313ed2aa_5_f15641ede8,info,loaded from checkpoint (not recomputed)
2026-10-02T06:32:16,20261002T060319978366Z,Houston_SanJacinto_2017,resume:lens_S_src_reddit_arcticshift_full_5c40844f313ed2aa_5_f15641ede8,info,loaded from checkpoint (not recomputed)
2026-10-02T06:32:16,20261002T060319978366Z,Houston_SanJacinto_2017,resume:lens_S_src_google_news_rss_full_5c40844f313ed2aa_5_f15641ede8,info,loaded from checkpoint (not recomputed)
2026-10-02T06:32:17,20261002T060319978366Z,Houston_SanJacinto_2017,resume:lens_S_mentions+S_negative+S_distress_full_5c40844f313ed2aa_5_f15641ede8,info,loaded from checkpoint (not recomputed)
2026-10-02T06:32:17,20261002T060319978366Z,Houston_SanJacinto_2017,emotion_lens,ok,7 channel sets at rung R5_+sar_event
2026-10-02T06:32:18,20261002T060319978366Z,Houston_SanJacinto_2017,resume:sens_bandwidth_1000m_full_d6b2f9bd2a0b82bf_5_f15641ede8_xgb,info,loaded from checkpoint (not recomputed)
2026-10-02T06:32:19,20261002T060319978366Z,Houston_SanJacinto_2017,resume:sens_window_minus3_plus3_full_8ce9d811d73a78e8_5_f15641ede8_xgb,info,loaded from checkpoint (not recomputed)
2026-10-02T06:32:19,20261002T060319978366Z,Houston_SanJacinto_2017,resume:sens_gated_wide_grid_full_b579dba6bd4e1827_5_f15641ede8_xgb,info,loaded from checkpoint (not recomputed)
2026-10-02T06:32:20,20261002T060319978366Z,Houston_SanJacinto_2017,resume:sens_learner_logistic_full_b579dba6bd4e1827_5_f15641ede8_logistic,info,loaded from checkpoint (not recomputed)
2026-10-02T06:32:20,20261002T060319978366Z,Houston_SanJacinto_2017,sensitivity,ok,4 variants
2026-10-02T06:32:20,20261002T060319978366Z,Houston_SanJacinto_2017,placebo,info,social layer vs population-density layer: Spearman 0.31
2026-10-02T06:32:25,20261002T060319978366Z,Houston_SanJacinto_2017,resume:placebo_pop_full_6769a1b1a1c5ae2e_5_f15641ede8,info,loaded from checkpoint (not recomputed)
2026-10-02T06:32:33,20261002T060319978366Z,Houston_SanJacinto_2017,resume:control_pop_full_4b12ab01410a2151_5_f15641ede8,info,loaded from checkpoint (not recomputed)
2026-10-02T06:32:33,20261002T060319978366Z,Houston_SanJacinto_2017,placebo,ok,population-density placebo ladder and population control done
2026-10-02T06:32:35,20261002T060319978366Z,Houston_SanJacinto_2017,city,ok,finished in 0.7 min
2026-10-02T06:35:25,20261002T060319978366Z,(all),synthesis,ok,"9 cities (9 under the current pre-registration); confirmatory k=9, localisable k=1 -> paper_synthesis/"
2026-10-02T06:35:26,20261002T060319978366Z,Jakarta_2020,exclude,info,"7,720 permanent-water cells (JRC occurrence >= 50%) excluded"
2026-10-02T06:35:26,20261002T060319978366Z,Jakarta_2020,exclude,ok,"7,720 of 71,661 cells excluded (10.8%); 1054 flooded among 63,941 analysed"
2026-10-02T06:35:27,20261002T060319978366Z,Jakarta_2020,cv:blocks,ok,label autocorrelation < 0.1 by 1000 m -> CV tile 2000 m + buffer 500 m (correlogram range 1000 m)
2026-10-02T06:35:28,20261002T060319978366Z,Jakarta_2020,resume:ladder_A_terrain_first_full_2f3d3dcc620bd229_5_5e3b8a0247,info,loaded from checkpoint (not recomputed)
2026-10-02T06:35:29,20261002T060319978366Z,Jakarta_2020,gradient:A_terrain_first,info,without R0: 1 of 4 primary slopes have a 95% CI entirely below 0 ['dAP_stacked_fm_adj']
2026-10-02T06:35:29,20261002T060319978366Z,Jakarta_2020,gated:A_terrain_first,warn,67% of fold fits chose the edge of the gate grid (alpha=2.0 or tau=0.3); see the gated_wide_grid sensitivity variant
2026-10-02T06:35:34,20261002T060319978366Z,Jakarta_2020,effects:A_terrain_first,ok,"top rung: info_nats_fm -0.0013 [-0.0032, +0.0007] inconclusive; info_frac_fm -0.0095 [-0.0265, +0.0046] inconclusive; dAP_stacked_fm -0.0233 [-0.0291, -0.0119] harmful; dAP_gated_fm -0.0045 [-0.0130, +0.0025] inconclusive; dAP_early_fm -0.0071 [-0.0238, +0.0123] inconclusive; dAP_adr_legacy_fm -0.0013 [-0.0034, +0.0011] saturated | social gain saturated from: None"
2026-10-02T06:35:34,20261002T060319978366Z,Jakarta_2020,ladder:A_terrain_first,ok,6 rungs in 0.1 min
2026-10-02T06:35:34,20261002T060319978366Z,Jakarta_2020,rung:B_surface_first,info,"positives per fold: {0: 212, 1: 210, 2: 211, 3: 210, 4: 211}"
2026-10-02T06:35:34,20261002T060319978366Z,Jakarta_2020,rung:B_surface_first,info,reused from checkpoint 50f99a55d0d7 (identical feature set; not recomputed)
2026-10-02T06:42:34,20261002T060319978366Z,Jakarta_2020,rung:B_surface_first,info,[R1_+surface] AP_phys=0.0144 AP_stacked=0.0156 AP_gated=0.0148
2026-10-02T06:50:02,20261002T060319978366Z,Jakarta_2020,rung:B_surface_first,info,[R2_+forcing] AP_phys=0.0414 AP_stacked=0.0270 AP_gated=0.0397
2026-10-02T06:58:36,20261002T060319978366Z,Jakarta_2020,rung:B_surface_first,info,[R3_+terrain] AP_phys=0.0563 AP_stacked=0.0328 AP_gated=0.0513
2026-10-02T06:58:36,20261002T060319978366Z,Jakarta_2020,rung:B_surface_first,info,reused from checkpoint 826fa364e1fd (identical feature set; not recomputed)
2026-10-02T06:58:37,20261002T060319978366Z,Jakarta_2020,rung:B_surface_first,info,reused from checkpoint bcbbca0c2915 (identical feature set; not recomputed)
2026-10-02T07:07:24,20261002T060319978366Z,Jakarta_2020,gradient:B_surface_first,info,without R0: 1 of 4 primary slopes have a 95% CI entirely below 0 ['dAP_stacked_fm_adj']
2026-10-02T07:07:24,20261002T060319978366Z,Jakarta_2020,gated:B_surface_first,warn,57% of fold fits chose the edge of the gate grid (alpha=2.0 or tau=0.3); see the gated_wide_grid sensitivity variant
2026-10-02T07:07:24,20261002T060319978366Z,Jakarta_2020,effects:B_surface_first,ok,"top rung: info_nats_fm -0.0013 [-0.0032, +0.0007] inconclusive; info_frac_fm -0.0095 [-0.0265, +0.0046] inconclusive; dAP_stacked_fm -0.0233 [-0.0291, -0.0119] harmful; dAP_gated_fm -0.0045 [-0.0130, +0.0025] inconclusive; dAP_early_fm -0.0071 [-0.0238, +0.0123] inconclusive; dAP_adr_legacy_fm -0.0013 [-0.0034, +0.0011] saturated | social gain saturated from: None"
2026-10-02T07:07:24,20261002T060319978366Z,Jakarta_2020,ladder:B_surface_first,ok,6 rungs in 31.8 min
2026-10-02T07:07:24,20261002T060319978366Z,Jakarta_2020,rung:lens,info,reused from checkpoint bcbbca0c2915 (identical feature set; not recomputed)
2026-10-02T08:15:50,20261002T060319978366Z,Jakarta_2020,emotion_lens,ok,7 channel sets at rung R5_+sar_event
2026-10-02T08:51:44,20261002T060319978366Z,Jakarta_2020,sensitivity,ok,4 variants
2026-10-02T08:51:44,20261002T060319978366Z,Jakarta_2020,placebo,info,social layer vs population-density layer: Spearman 0.75
2026-10-02T08:51:44,20261002T060319978366Z,Jakarta_2020,rung:placebo,info,"positives per fold: {0: 212, 1: 210, 2: 211, 3: 210, 4: 211}"
2026-10-02T08:54:22,20261002T060319978366Z,Jakarta_2020,rung:placebo,info,[R0_none] AP_phys=0.0120 AP_stacked=0.0298 AP_gated=0.0120
2026-10-02T08:58:10,20261002T060319978366Z,Jakarta_2020,rung:placebo,info,[R1_+terrain] AP_phys=0.0256 AP_stacked=0.0344 AP_gated=0.0316
2026-10-02T09:02:03,20261002T060319978366Z,Jakarta_2020,rung:placebo,info,[R2_+surface] AP_phys=0.0286 AP_stacked=0.0343 AP_gated=0.0341
2026-10-02T09:06:03,20261002T060319978366Z,Jakarta_2020,rung:placebo,info,[R3_+hydrography] AP_phys=0.0315 AP_stacked=0.0335 AP_gated=0.0341
2026-10-02T09:10:06,20261002T060319978366Z,Jakarta_2020,rung:placebo,info,[R4_+forcing] AP_phys=0.0581 AP_stacked=0.0416 AP_gated=0.0566
2026-10-02T09:14:15,20261002T060319978366Z,Jakarta_2020,rung:placebo,info,[R5_+sar_event] AP_phys=0.0798 AP_stacked=0.0579 AP_gated=0.0811
2026-10-02T09:26:38,20261002T060319978366Z,Jakarta_2020,placebo,ok,population-density placebo ladder and population control done
2026-10-02T09:26:40,20261002T060319978366Z,Jakarta_2020,city,ok,finished in 171.3 min
2026-10-02T09:29:31,20261002T060319978366Z,(all),synthesis,ok,"10 cities (10 under the current pre-registration); confirmatory k=9, localisable k=1 -> paper_synthesis/"
2026-10-02T09:32:35,20261002T060319978366Z,(all),synthesis,ok,"10 cities (10 under the current pre-registration); confirmatory k=9, localisable k=1 -> paper_synthesis/"
2026-10-02T17:34:23,20261002T173150659725Z,Chennai_2015,label:verify,ok,file_url NRSC 2015 flood inundation zone (via Chennai SDSS; image date/sensor not stated): ok 5475 kB
2026-10-02T17:34:55,20261002T173150659725Z,Chennai_2015,label:verify,ok,file_url GCC water-stagnation locations 2015 (points): ok 513 kB
2026-10-02T17:34:58,20261002T173150659725Z,Chennai_2015,label:verify,ok,"file_url OSM-India crowdsourced flooded streets, 11:00 2 Dec 2015: ok 949 kB"
2026-10-02T17:34:59,20261002T173150659725Z,Chennai_2015,label:verify,ok,gfd Global Flood Database DFO 4309 (MODIS 250 m): ok 108 kB
2026-10-02T17:35:00,20261002T173150659725Z,Valencia_2024,label:verify,ok,copernicus_ems EMSR773 (DEL images 30 Oct - 8 Nov 2024): ok 233 kB
2026-10-02T17:35:00,20261002T173150659725Z,EmiliaRomagna_2023a,label:verify,ok,copernicus_ems EMSR659 (DEL images 4 May 2023): ok 36 kB
2026-10-02T17:35:02,20261002T173150659725Z,Forli_2023b,label:verify,ok,copernicus_ems EMSR664 AOI01 Forlì (DEL images 17-21 May 2023): ok 42 kB
2026-10-02T17:35:03,20261002T173150659725Z,York_2015,label:verify,ok,file_url EA Recorded Flood Outline rec_out_id 4084890 'December 2015 Flood Event' (Ouse/Derwent; clipped to York): ok 2878 kB
2026-10-02T17:35:21,20261002T173150659725Z,York_2015,label:verify,ok,copernicus_ems EMSR150 AOI01 York delineation: ok 2481 kB
2026-10-02T17:35:22,20261002T173150659725Z,Carlisle_2015,label:verify,ok,file_url EA Recorded Flood Outline rec_out_id 4078182 'Carlisle (including Crosby-on-Eden) 05_12_2015': ok 53 kB
2026-10-02T17:35:37,20261002T173150659725Z,Carlisle_2015,label:verify,ok,copernicus_ems EMSR147 AOI01 Carlisle delineation: ok 1930 kB
2026-10-02T17:35:38,20261002T173150659725Z,PortoAlegre_2024,label:verify,ok,arcgis_featureserver EMSN194 Extent Temporal Evolution layers: ok 3 kB
2026-10-02T17:35:39,20261002T173150659725Z,TaquariValley_2024,label:verify,ok,"copernicus_ems EMSR720 (AOIs Guaporé, Encantado, Roca Sales, Das Antas, Santa Tereza): ok 65 kB"
2026-10-02T17:35:39,20261002T173150659725Z,Houston_SanJacinto_2017,label:verify,ok,"usgs_sciencebase USGS 10.5066/F7VH5N3N, San Jacinto child 5aa023ebe4b0b1c392e6881b: ok 20 kB"
2026-10-02T17:35:40,20261002T173150659725Z,Houston_SanJacinto_2017,label:verify,ok,"usgs_stn STN event 180 (2017 Harvey), Harris + Montgomery counties: ok 792 kB"
2026-10-02T17:35:42,20261002T173150659725Z,Jakarta_2020,label:verify,ok,petabencana reports archive (crowdsourced): ok 180 kB
2026-10-02T17:35:44,20261002T173150659725Z,Chennai_2015,label:assets,info,"already frozen (Chennai_2015_labels.gpkg, 2009 features, coverage polygons 0, sha256 3ef3d94f6435); set REFREEZE_LABEL_FILES=True to rebuild"
2026-10-02T17:35:44,20261002T173150659725Z,Valencia_2024,label:assets,info,"already frozen (Valencia_2024_labels.gpkg, 2220 features, coverage polygons 6, sha256 a7174d9b527b); set REFREEZE_LABEL_FILES=True to rebuild"
2026-10-02T17:35:45,20261002T173150659725Z,EmiliaRomagna_2023a,label:assets,info,"already frozen (EmiliaRomagna_2023a_labels.gpkg, 406 features, coverage polygons 4, sha256 a7f1d106afee); set REFREEZE_LABEL_FILES=True to rebuild"
2026-10-02T17:35:46,20261002T173150659725Z,Forli_2023b,label:assets,info,"already frozen (Forli_2023b_labels.gpkg, 1991 features, coverage polygons 4, sha256 3b9e9a15498b); set REFREEZE_LABEL_FILES=True to rebuild"
2026-10-02T17:35:47,20261002T173150659725Z,York_2015,label:assets,info,"already frozen (York_2015_labels.gpkg, 1 features, coverage polygons 0, sha256 a649b08810b6); set REFREEZE_LABEL_FILES=True to rebuild"
2026-10-02T17:35:47,20261002T173150659725Z,Carlisle_2015,label:assets,info,"already frozen (Carlisle_2015_labels.gpkg, 1 features, coverage polygons 0, sha256 7e6f1fba50dd); set REFREEZE_LABEL_FILES=True to rebuild"
2026-10-02T17:35:48,20261002T173150659725Z,PortoAlegre_2024,label:assets,info,"already frozen (PortoAlegre_2024_labels.gpkg, 13011 features, coverage polygons 4, sha256 b1d2bd15f3b9); set REFREEZE_LABEL_FILES=True to rebuild"
2026-10-02T17:35:49,20261002T173150659725Z,TaquariValley_2024,label:assets,info,"already frozen (TaquariValley_2024_labels.gpkg, 641 features, coverage polygons 3, sha256 fd285474e6e9); set REFREEZE_LABEL_FILES=True to rebuild"
2026-10-02T17:35:50,20261002T173150659725Z,Houston_SanJacinto_2017,label:assets,info,"already frozen (Houston_SanJacinto_2017_labels.gpkg, 1 features, coverage polygons 1, sha256 d202af054a80); set REFREEZE_LABEL_FILES=True to rebuild"
2026-10-02T17:35:51,20261002T173150659725Z,Jakarta_2020,label:assets,info,"already frozen (Jakarta_2020_labels.gpkg, 255 features, coverage polygons 0, sha256 8fb4ee55dbac); set REFREEZE_LABEL_FILES=True to rebuild"
2026-10-02T17:35:51,20261002T173150659725Z,,label:assets,ok,manifest written: /content/drive/MyDrive/saturation_v4/label_assets/label_assets_manifest.csv
