city,gt_tier,ordering,rung,n_features,prevalence,AP_phys,AP_recal,AP_stacked,AP_gated,info_nats,dAP_stacked,dAPh_stacked,dAP_gated,dAP_early,dAP_adr_legacy,AP_phys_fm,AP_phys_fm_sd,n_folds,AP_recal_fm,AP_recal_fm_sd,AP_stacked_fm,AP_stacked_fm_sd,AP_gated_fm,AP_gated_fm_sd,AP_early_fm,AP_early_fm_sd,AP_legacy_fm,AP_legacy_fm_sd,info_nats_fm,cond_entropy_fm,dAP_stacked_fm,dAP_gated_fm,dAP_early_fm,dAP_adr_legacy_fm,null_basis_fm,p_null_info_nats,null_mean_info_nats,null_q95_info_nats,n_null_info_nats,info_nats_adj,p_null_info_nats_fm,null_mean_info_nats_fm,null_q95_info_nats_fm,n_null_info_nats_fm,info_nats_fm_adj,p_null_dAP_stacked,null_mean_dAP_stacked,null_q95_dAP_stacked,n_null_dAP_stacked,dAP_stacked_adj,p_null_dAP_stacked_fm,null_mean_dAP_stacked_fm,null_q95_dAP_stacked_fm,n_null_dAP_stacked_fm,dAP_stacked_fm_adj,p_null_dAP_gated,null_mean_dAP_gated,null_q95_dAP_gated,n_null_dAP_gated,dAP_gated_adj,p_null_dAP_gated_fm,null_mean_dAP_gated_fm,null_q95_dAP_gated_fm,n_null_dAP_gated_fm,dAP_gated_fm_adj,p_null_dAP_early,null_mean_dAP_early,null_q95_dAP_early,n_null_dAP_early,dAP_early_adj,p_null_dAP_early_fm,null_mean_dAP_early_fm,null_q95_dAP_early_fm,n_null_dAP_early_fm,dAP_early_fm_adj,info_frac_fm_adj,dAPh_fm_adj,AP_phys_lo,AP_phys_hi,AP_recal_lo,AP_recal_hi,dAP_early_lo,dAP_early_hi,AP_phys_fm_lo,AP_phys_fm_hi,AP_recal_fm_lo,AP_recal_fm_hi,AP_stacked_fm_lo,AP_stacked_fm_hi,dAP_stacked_fm_lo,dAP_stacked_fm_hi,dAP_gated_fm_lo,dAP_gated_fm_hi,info_nats_fm_lo,info_nats_fm_hi,cond_entropy_fm_lo,cond_entropy_fm_hi,dAP_early_fm_lo,dAP_early_fm_hi,dAP_adr_legacy_fm_lo,dAP_adr_legacy_fm_hi,info_nats_lo,info_nats_hi,dAP_stacked_lo,dAP_stacked_hi,dAPh_stacked_lo,dAPh_stacked_hi,dAP_gated_lo,dAP_gated_hi,AP_phys_foldmean,AP_recal_foldmean,AP_stacked_foldmean,AP_early_foldmean,AP_gated_foldmean,dAP_early_foldmean
Chennai_2015,A_authoritative,A_terrain_first,R0_none,0,0.22751579970831307,0.21280975554148301,0.21566066259642966,0.30094018918968846,0.28515797940839943,0.0075675053004052705,0.0852795265932588,0.10872784587798823,0.07234822386691642,0.05035531640009555,-0.004964879997749194,0.2317263239835229,0.033881824784982806,5,0.2317263239835229,0.033881824784982806,0.30226806074396395,0.05211301648416156,0.30226806074396395,0.05211301648416156,0.27294768795429664,0.04499257273984665,0.22701714742849277,0.03620304578354616,0.006657981377373128,0.5433033492591406,0.07054173676044104,0.07054173676044104,0.04122136397077372,-0.004709176555030142,fold_mean_null,0.22,0.0021067271667976994,0.012440525046269017,99,0.005460778133607571,0.22,0.0016997012893158385,0.010191865300654482,99,0.0049582800880572896,0.06,0.02252377051256691,0.08308552088178772,99,0.0627557560806919,0.1,0.02323737496275411,0.082260244378584,99,0.04730436179768693,0.12,0.018504085922094425,0.08088822482001588,99,0.05384413794482199,0.1,0.016816758614516578,0.082260244378584,99,0.05372497814592446,0.15384615384615385,0.024650308656087326,0.06825076059595403,25,0.025705007744008225,0.19230769230769232,0.020535161286035428,0.0554663228434012,25,0.020686202684738295,0.009126172505320463,0.06157227987162272,0.17095838420988888,0.2647874761873713,0.17366262930853013,0.26952464367754475,0.011295750506134183,0.08647364973278643,0.19642394147513736,0.272818218426855,0.19642394147513736,0.272818218426855,0.2638794622871576,0.338005922113879,0.04102151512729699,0.10306121233647171,0.04102151512729699,0.10306121233647171,-0.013446161709811173,0.02083966852630592,0.49894835781567254,0.5952539662732236,0.01466580230202776,0.06891176936561781,-0.01962393858783572,0.028646671637931168,-0.01156669900477187,0.022940392811705252,0.03737852524899472,0.12875727867059955,0.050625436137627995,0.1576776417615265,0.03261449829572394,0.11214907820080297,0.2317263239835229,0.2317263239835229,0.30226806074396395,0.27294768795429664,0.30226806074396395,0.04122136397077372
Chennai_2015,A_authoritative,A_terrain_first,R1_+terrain,3,0.22751579970831307,0.2845480541146469,0.2837455443393387,0.3136971811309711,0.31684858917751574,-0.0008192115555083556,0.02995163679163243,0.04181703381377995,0.03230053506286884,0.020376148989388554,-0.019669415652687317,0.2886955730656721,0.015549243829925573,5,0.2886955730656721,0.015549243829925573,0.3223303921386665,0.025729145669463376,0.32354811865220195,0.03206297399420095,0.3078331876208968,0.03191408783884283,0.26643620496905956,0.017897449035750128,-0.0006921956094550323,0.529933276745026,0.03363481907299437,0.03485254558652984,0.01913761455522467,-0.022259368096612553,fold_mean_null,0.59,0.0004090033417482588,0.007985134694412421,99,-0.0012282148972566143,0.56,0.0001363649911281847,0.006788801510494385,99,-0.0008285606005832169,0.13,0.007302108346312309,0.034704297898961706,99,0.02264952844532012,0.16,0.011209753315932342,0.0426994771131042,99,0.02242506575706203,0.13,0.0013464298857174982,0.038420692565766336,99,0.03095410517715134,0.15,0.00437664541950349,0.04358440221132195,99,0.030475900167026348,0.4230769230769231,0.02110760589761216,0.06270551334499919,25,-0.0007314569082236058,0.4230769230769231,0.02166663436793987,0.06399043585203862,25,-0.002529019812715201,-0.0015635187238522362,0.03152667818153823,0.2428334758840782,0.3275904196099041,0.2410660143220302,0.3270356870957798,-0.007171470603175269,0.047229589737745645,0.24736266731324538,0.33194064108447674,0.24736266731324538,0.33194064108447674,0.2771599851570319,0.35446384588089164,-0.0029304523245083642,0.064244974705215,-0.0004167103299026232,0.06850729788646089,-0.016760561122828786,0.010425140003481562,0.48629532483888327,0.5791782685717821,-0.005577366821039452,0.04120647689672567,-0.029947245772320705,-0.00963193380323625,-0.01652337064599211,0.010172985829819773,-0.00541576772602928,0.06122335514008639,-0.007871755158374696,0.08171261037626283,-0.003041751138461586,0.06707689995523736,0.2886955730656721,0.2886955730656721,0.3223303921386665,0.3078331876208968,0.32354811865220195,0.01913761455522467
Chennai_2015,A_authoritative,A_terrain_first,R2_+surface,6,0.22751579970831307,0.3112806829112642,0.31080515098473444,0.33247393995015306,0.3406533580741837,-0.0014892394912534917,0.02166878896541863,0.031440729710007845,0.02937267516291947,0.03131335261855933,-0.02300675479643366,0.3159921813951191,0.024455778001975657,5,0.3159921813951191,0.024455778001975657,0.3418835143325189,0.026594009360096794,0.3426904845432439,0.024321868336661293,0.35155633101081574,0.02175885268603997,0.29087918394409507,0.02725869109655553,-0.00148507326554492,0.5241571626620402,0.025891332937399814,0.026698303148124825,0.03556414961569665,-0.02511299745102402,fold_mean_null,0.64,-3.0410268634173394e-06,0.007306163272389013,99,-0.0014861984643900743,0.6,-0.0002539107801107659,0.006696612042247463,99,-0.001231162485434154,0.11,0.0033240659935493905,0.026031579473038545,99,0.01834472297186924,0.12,0.006110931033122032,0.03001544302212041,99,0.01978040190427778,0.02,-0.0006231238360288207,0.02595543704472866,99,0.029995798998948293,0.09,0.002118605387700452,0.029157694573442236,99,0.024579697760424374,0.3076923076923077,0.017970084740002782,0.058849079394721164,25,0.01334326787855655,0.2692307692307692,0.018276929203190375,0.060169684398389565,25,0.017287220412506275,-0.0023488422426232655,0.028918385676675994,0.2677277963305072,0.352507643610471,0.2681790678716684,0.35102053186806487,0.00397802056375281,0.06009268530071017,0.2737676783633866,0.35686459210794547,0.2737676783633866,0.35686459210794547,0.29664967764764055,0.37310510290331367,-0.005839667263079276,0.054056627817780915,-0.002729570820563577,0.05445712419324505,-0.01811227010247206,0.009297137010750639,0.48006444597040226,0.573481502064494,0.005938969547966011,0.06287698335013336,-0.032907115637048845,-0.011235016616825362,-0.017299165883375867,0.009128770672530692,-0.008104717895881332,0.04852590287345202,-0.012061550790533906,0.06843460780498743,0.0006656756747328939,0.058636708057903955,0.3159921813951191,0.3159921813951191,0.3418835143325189,0.35155633101081574,0.3426904845432439,0.03556414961569665
Chennai_2015,A_authoritative,A_terrain_first,R3_+hydrography,10,0.22751579970831307,0.31559898981649986,0.31375416890068364,0.3337871156200582,0.342346190448969,-0.0005842718908011125,0.020032946719374556,0.029192085126817046,0.02674720063246916,0.0424235803797503,-0.014620681572646066,0.3221732543489995,0.03255497901067201,5,0.3221732543489995,0.03255497901067201,0.3398512064158559,0.02534808483428316,0.3395340175635505,0.028737040852510057,0.36062725937120665,0.03008089516612792,0.3049767527506764,0.03238327537742077,-0.0004812777342047842,0.5227240704168407,0.017677952066856406,0.01736076321455099,0.03845400502220714,-0.01719650159832309,fold_mean_null,0.42,-0.00034695259633411385,0.006241065115067207,99,-0.00023731929446699863,0.37,-0.0006603747231885314,0.00558059882041666,99,0.00017909698898374723,0.11,0.001755677190624383,0.02467411782664266,99,0.018277269528750174,0.11,0.0018346382256846153,0.020667023318955226,99,0.01584331384117179,0.02,-0.0005599259371499837,0.019803991105461032,99,0.027307126569619145,0.1,0.00037539662826741597,0.020592131712751108,99,0.016985366586283572,0.23076923076923078,0.018214389175174695,0.055243228865888644,25,0.024209191204575608,0.2692307692307692,0.017280604581989063,0.05184917668221001,25,0.021173400440218076,0.0003426224257110033,0.0233736923820489,0.26760259344765464,0.3565494055484782,0.26452737659697617,0.3555807119212548,0.01476962638943346,0.07055232004289327,0.27979382366368627,0.3600491110684816,0.27979382366368627,0.3600491110684816,0.29621719596931545,0.3711719459886189,-0.0044714427331731055,0.037436242078429424,-0.007696176857435556,0.04144839685650913,-0.015586948974495241,0.008971575000023983,0.47931546502211647,0.5710691118998458,0.014118584095886597,0.0649711562904894,-0.02553702621355835,-0.004707242934041071,-0.014040801659801733,0.009187591662995662,-0.008287569549207376,0.04420741403842693,-0.012683571603301429,0.06215529698605547,-0.007705758664791384,0.05896526054982619,0.3221732543489995,0.3221732543489995,0.3398512064158559,0.36062725937120665,0.3395340175635505,0.03845400502220714
Chennai_2015,A_authoritative,A_terrain_first,R4_+forcing,14,0.22751579970831307,0.3627489999281365,0.3555008421901508,0.3522089726064454,0.35945063953002315,-0.0022570459772795603,-0.00329186958370542,-0.0051076398530789735,-0.0032983603981133203,0.033474366691130575,-0.007594901714202906,0.36861346236979153,0.03761070354422643,5,0.36861346236979153,0.03761070354422643,0.36156080703637905,0.031246817640581615,0.3579787612529344,0.03209401616266895,0.3975040720249128,0.047041071652314755,0.35819681866117525,0.038101026797956225,-0.00251926540571578,0.5132223221020548,-0.007052655333412483,-0.01063470111685716,0.028890609655121247,-0.01041664370861628,fold_mean_null,0.7,-0.0013148747296478451,0.004008492110839913,99,-0.0009421712476317152,0.66,-0.001684532074166159,0.003397319711813837,99,-0.0008347333315496211,0.61,-0.002079354724701355,0.015436498410196361,99,-0.001212514859004065,0.74,-0.0036652262491381764,0.011635548402028968,99,-0.0033874290842743067,0.55,-0.006696286446779752,0.003882090326671221,99,0.003397926048666432,0.78,-0.004736906339525551,0.0026892075770777973,99,-0.005897794777331608,0.2692307692307692,0.016276042069160713,0.06533222711025262,25,0.017198324621969862,0.3076923076923077,0.01628522226503324,0.06419784511567048,25,0.012605387390088006,-0.001626455622839479,-0.005365063843439535,0.312676799679249,0.4055707622836453,0.3063293415954514,0.39983918641039223,0.009805743413663607,0.05690456903357361,0.3220984297722739,0.4106214904512273,0.3220984297722739,0.4106214904512273,0.320966157885172,0.39435103126831095,-0.03118882558395991,0.015705904021927317,-0.03553104548931357,0.009966937579878935,-0.014495747366889288,0.005421652039634587,0.46576220812643704,0.5670112912599878,0.008288844162035437,0.05113406762035112,-0.02045228952208554,0.0041441514365016235,-0.013025425017177381,0.005604741727136928,-0.03413429952169582,0.024491784931297826,-0.057534335271470595,0.03519160472132664,-0.03226505405645371,0.022978072786810348,0.36861346236979153,0.36861346236979153,0.36156080703637905,0.3975040720249128,0.3579787612529344,0.028890609655121247
Chennai_2015,A_authoritative,A_terrain_first,R5_+sar_event,15,0.22751579970831307,0.36653678444686716,0.3585748917431988,0.35275946896214816,0.3605869928818396,-0.0022297034182883054,-0.005815422781050628,-0.009066409634096148,-0.005949791565027562,0.028610564629621305,-0.007049831228192138,0.37323831412108105,0.03711929742379533,5,0.37323831412108105,0.03711929742379533,0.36328324132977763,0.03353657999725823,0.36474300851148916,0.03250179733453104,0.39740070083760337,0.04646422408064503,0.3631948189175752,0.03597686552797882,-0.002487156598751033,0.513152069575173,-0.009955072791303421,-0.008495305609591886,0.02416238671652232,-0.010043495203505837,fold_mean_null,0.69,-0.001287981026606563,0.0037887408948165447,99,-0.0009417223916817425,0.66,-0.0016606960343467118,0.0033066088809773995,99,-0.0008264605644043212,0.69,-0.0033419740281923336,0.011810438688871338,99,-0.002473448752858294,0.79,-0.0054247164294206765,0.009089193383800527,99,-0.004530356361882744,0.53,-0.00870592661671275,0.0007394576616500024,99,0.002756135051685187,0.74,-0.006229652871769394,0.00023081539672129925,99,-0.0022656527378224914,0.3076923076923077,0.014623610570309713,0.05965738305968967,25,0.013986954059311591,0.3076923076923077,0.014050469134064549,0.05746665976802676,25,0.010111917582457773,-0.0016105568181543713,-0.007228196081465551,0.32056550434810294,0.40723431778299435,0.3115957777928337,0.39912848995031686,0.008355032029747642,0.0471579339987585,0.32819278827110737,0.4127789825363675,0.32819278827110737,0.4127789825363675,0.32491708153098764,0.396284670236931,-0.03258128369780864,0.011588423892661908,-0.030972809472907543,0.009742095575498379,-0.013698580434549445,0.005131328804369239,0.4649736032147785,0.5673076073372039,0.00642243583641328,0.04589286863847776,-0.019854650398835903,0.003538288250520133,-0.012657881037930401,0.005301582489937417,-0.033419810060075335,0.020382461886927904,-0.055837458691015626,0.030331591123037516,-0.03136073977146978,0.01936325558074585,0.37323831412108105,0.37323831412108105,0.36328324132977763,0.39740070083760337,0.36474300851148916,0.02416238671652232
Chennai_2015,A_authoritative,B_surface_first,R0_none,0,0.22751579970831307,0.21280975554148301,0.21566066259642966,0.30094018918968846,0.28515797940839943,0.0075675053004052705,0.0852795265932588,0.10872784587798823,0.07234822386691642,0.05035531640009555,-0.004964879997749194,0.2317263239835229,0.033881824784982806,5,0.2317263239835229,0.033881824784982806,0.30226806074396395,0.05211301648416156,0.30226806074396395,0.05211301648416156,0.27294768795429664,0.04499257273984665,0.22701714742849277,0.03620304578354616,0.006657981377373128,0.5433033492591406,0.07054173676044104,0.07054173676044104,0.04122136397077372,-0.004709176555030142,fold_mean_null,0.22,0.0021067271667976994,0.012440525046269017,99,0.005460778133607571,0.22,0.0016997012893158385,0.010191865300654482,99,0.0049582800880572896,0.06,0.02252377051256691,0.08308552088178772,99,0.0627557560806919,0.1,0.02323737496275411,0.082260244378584,99,0.04730436179768693,0.12,0.018504085922094425,0.08088822482001588,99,0.05384413794482199,0.1,0.016816758614516578,0.082260244378584,99,0.05372497814592446,0.15384615384615385,0.024650308656087326,0.06825076059595403,25,0.025705007744008225,0.19230769230769232,0.020535161286035428,0.0554663228434012,25,0.020686202684738295,0.009126172505320463,0.06157227987162272,0.17095838420988888,0.2647874761873713,0.17366262930853013,0.26952464367754475,0.011295750506134183,0.08647364973278643,0.19642394147513736,0.272818218426855,0.19642394147513736,0.272818218426855,0.2638794622871576,0.338005922113879,0.04102151512729699,0.10306121233647171,0.04102151512729699,0.10306121233647171,-0.013446161709811173,0.02083966852630592,0.49894835781567254,0.5952539662732236,0.01466580230202776,0.06891176936561781,-0.01962393858783572,0.028646671637931168,-0.01156669900477187,0.022940392811705252,0.03737852524899472,0.12875727867059955,0.050625436137627995,0.1576776417615265,0.03261449829572394,0.11214907820080297,0.2317263239835229,0.2317263239835229,0.30226806074396395,0.27294768795429664,0.30226806074396395,0.04122136397077372
Chennai_2015,A_authoritative,B_surface_first,R1_+surface,3,0.22751579970831307,0.26264326428944595,0.2556940284025498,0.3171083811139617,0.32374258568661224,0.0028379437047940446,0.061414352711411935,0.08251223966348507,0.061099321397166284,0.047914635805929195,-0.033119333595488354,0.28202563151330473,0.046459845359244197,5,0.28202563151330473,0.046459845359244197,0.32814778775178327,0.044518963481939185,0.3234536485158232,0.03840821044299124,0.3173010224548406,0.03287349053840645,0.24325846707999302,0.048604959872098015,0.002881146818562957,0.5388408666282825,0.04612215623847854,0.04142801700251847,0.03527539094153587,-0.03876716443331171,fold_mean_null,0.4,0.0022943267153346723,0.01273798588650026,99,0.0005436169894593723,0.38,0.0018687393103892101,0.011613318791314164,99,0.0010124075081737467,0.05,0.014912222025183294,0.05893103850436213,99,0.04650213068622864,0.1,0.01013239337119616,0.051525413412192356,99,0.03598976286728238,0.04,0.004821259828815293,0.057269945703350325,99,0.05627806156835099,0.11,0.0042398784728193105,0.053028051245546305,99,0.037188138529699155,0.23076923076923078,0.025139867024202706,0.06379852074143819,25,0.02277476878172649,0.23076923076923078,0.016852695135177443,0.051164845545692325,25,0.018422695806358424,0.0018788617769634622,0.050126807372162206,0.21561984604729045,0.31063940133036416,0.20424664269003218,0.3091518836389999,0.016322384689367492,0.08061857071830725,0.24021897925116575,0.325575782363936,0.24021897925116575,0.325575782363936,0.2818113241363098,0.36361765020319975,0.012738590598979601,0.07068634432046024,0.00893627773372444,0.0651491314524082,-0.017369161866009453,0.017257199519839714,0.49475973301300935,0.5879857519916027,0.0050833091816299275,0.06175035991986197,-0.0504795197586497,-0.021055873999507695,-0.01610189908661245,0.016762445418655986,0.01450139815617358,0.10240765431654586,0.021164963060301523,0.13028356562894872,0.021019945694610773,0.09592868987990708,0.28202563151330473,0.28202563151330473,0.32814778775178327,0.3173010224548406,0.3234536485158232,0.03527539094153587
Chennai_2015,A_authoritative,B_surface_first,R2_+forcing,7,0.22751579970831307,0.3468383030835335,0.3448243009337071,0.3393101761656273,0.3439939746770097,-0.004470139632988814,-0.005514124768079776,-0.008416253496486654,-0.002844328406523766,0.045925339894413275,-0.020396287773592703,0.3608285500016887,0.04118330984678976,5,0.3608285500016887,0.04118330984678976,0.3544950186271848,0.03234190447574055,0.35136200059702094,0.037308965862533565,0.3974418194121496,0.04446862053722795,0.3361957657879431,0.046227902949909076,-0.005125148839963345,0.5186696104254025,-0.006333531374503876,-0.009466549404667735,0.03661326941046095,-0.024632784213745595,fold_mean_null,0.86,-0.0001817724777916773,0.006540353037132615,99,-0.004288367155197137,0.9,-0.000723380758922153,0.005006280231695548,99,-0.0044017680810411915,0.78,-0.0013516530827455144,0.015649248567072307,99,-0.004162471685334261,0.75,-0.0025404800669494017,0.011361645202359643,99,-0.003793051307554474,0.56,-0.007560135709566497,0.0034406582409558617,99,0.0047158073030427305,0.76,-0.005010520355555346,0.003198770338720913,99,-0.004456029049112389,0.2692307692307692,0.015009743429480572,0.07519648927463266,25,0.030915596464932703,0.2692307692307692,0.010636460927720782,0.06319038295827697,25,0.025976808482740164,-0.008486651217970818,-0.005934325301238807,0.29652314709956573,0.38721521264583214,0.2929676949942617,0.3871297032125887,0.0007032022509393923,0.08555656845311936,0.3162154172463665,0.4000527215188964,0.3162154172463665,0.4000527215188964,0.3107216675429723,0.38726329165146617,-0.027633432783858596,0.015805611253868014,-0.03136541192617622,0.014270790730161392,-0.015603096478807713,0.0027558626491194916,0.4702782027355775,0.5740918932664703,0.0005127167220414979,0.07123624918935086,-0.03762081959477363,-0.008804054145241033,-0.013811977358527553,0.0031859877962181547,-0.03146969916445935,0.017191707863459027,-0.050187047356644005,0.02438115406730249,-0.03144664228993564,0.024247644091585533,0.3608285500016887,0.3608285500016887,0.3544950186271848,0.3974418194121496,0.35136200059702094,0.03661326941046095
Chennai_2015,A_authoritative,B_surface_first,R3_+terrain,10,0.22751579970831307,0.36600965180863393,0.3550656665750679,0.34632665598373097,0.3586290031815227,-0.004377068525838049,-0.008739010591336915,-0.013550233160837146,-0.0073806486271112415,0.033975676116122455,-0.011682446055236773,0.37977042541828737,0.04776237701447751,5,0.37977042541828737,0.04776237701447751,0.36403176377043855,0.031649316802159,0.3638870649336,0.038745256886442696,0.40519743667298175,0.049455847685837134,0.36280228618084565,0.05001984145017621,-0.004575751927670277,0.5137292181038624,-0.015738661647848817,-0.01588336048468736,0.025427011254694376,-0.016968139237441726,fold_mean_null,0.79,-0.0013614134785756165,0.004994001509948389,99,-0.0030156550472624326,0.74,-0.001652797669713733,0.004143969757451648,99,-0.002922954257956544,0.8,-0.0016579497967721115,0.019418950623357266,99,-0.007081060794564804,0.83,-0.006272192418945205,0.012781304629385976,99,-0.009466469228903613,0.65,-0.0075838700240173085,0.0015437966240396971,99,0.000203221396906067,0.86,-0.006272694358532072,6.595576599071797e-05,99,-0.009610666126155288,0.3076923076923077,0.0156236808640484,0.07321978920021896,25,0.018351995252074055,0.3076923076923077,0.010026477635114876,0.06395940150336778,25,0.0154005336195795,-0.005689678832644477,-0.015262847205065754,0.31339590666203976,0.41590434256735354,0.30385094742836033,0.40462797032906545,0.0006104305909756889,0.0600184363597769,0.326864922545018,0.4265055183677722,0.326864922545018,0.4265055183677722,0.3211518414181573,0.3971587529367585,-0.05230512915492798,0.01832534087382288,-0.04690355966469595,0.012779925037677624,-0.017552695405325936,0.004421610641383199,0.4637392690322185,0.5684852717604552,0.0015953187791254893,0.05420489408260436,-0.0244892821023296,-0.0023989028500639477,-0.01684663206110004,0.004505286922200389,-0.04327260525073572,0.017430590574597823,-0.07370487402130942,0.025757662199596663,-0.04281207233182482,0.02074520980106733,0.37977042541828737,0.37977042541828737,0.36403176377043855,0.40519743667298175,0.3638870649336,0.025427011254694376
Chennai_2015,A_authoritative,B_surface_first,R4_+hydrography,14,0.22751579970831307,0.3627489999281365,0.3555008421901508,0.3522089726064454,0.35945063953002315,-0.0022570459772795603,-0.00329186958370542,-0.0051076398530789735,-0.0032983603981133203,0.033474366691130575,-0.007594901714202906,0.36861346236979153,0.03761070354422643,5,0.36861346236979153,0.03761070354422643,0.36156080703637905,0.031246817640581615,0.3579787612529344,0.03209401616266895,0.3975040720249128,0.047041071652314755,0.35819681866117525,0.038101026797956225,-0.00251926540571578,0.5132223221020548,-0.007052655333412483,-0.01063470111685716,0.028890609655121247,-0.01041664370861628,fold_mean_null,0.7,-0.0013148747296478451,0.004008492110839913,99,-0.0009421712476317152,0.66,-0.001684532074166159,0.003397319711813837,99,-0.0008347333315496211,0.61,-0.002079354724701355,0.015436498410196361,99,-0.001212514859004065,0.74,-0.0036652262491381764,0.011635548402028968,99,-0.0033874290842743067,0.55,-0.006696286446779752,0.003882090326671221,99,0.003397926048666432,0.78,-0.004736906339525551,0.0026892075770777973,99,-0.005897794777331608,0.2692307692307692,0.016276042069160713,0.06533222711025262,25,0.017198324621969862,0.3076923076923077,0.01628522226503324,0.06419784511567048,25,0.012605387390088006,-0.001626455622839479,-0.005365063843439535,0.312676799679249,0.4055707622836453,0.3063293415954514,0.39983918641039223,0.009805743413663607,0.05690456903357361,0.3220984297722739,0.4106214904512273,0.3220984297722739,0.4106214904512273,0.320966157885172,0.39435103126831095,-0.03118882558395991,0.015705904021927317,-0.03553104548931357,0.009966937579878935,-0.014495747366889288,0.005421652039634587,0.46576220812643704,0.5670112912599878,0.008288844162035437,0.05113406762035112,-0.02045228952208554,0.0041441514365016235,-0.013025425017177381,0.005604741727136928,-0.03413429952169582,0.024491784931297826,-0.057534335271470595,0.03519160472132664,-0.03226505405645371,0.022978072786810348,0.36861346236979153,0.36861346236979153,0.36156080703637905,0.3975040720249128,0.3579787612529344,0.028890609655121247
Chennai_2015,A_authoritative,B_surface_first,R5_+sar_event,15,0.22751579970831307,0.36653678444686716,0.3585748917431988,0.35275946896214816,0.3605869928818396,-0.0022297034182883054,-0.005815422781050628,-0.009066409634096148,-0.005949791565027562,0.028610564629621305,-0.007049831228192138,0.37323831412108105,0.03711929742379533,5,0.37323831412108105,0.03711929742379533,0.36328324132977763,0.03353657999725823,0.36474300851148916,0.03250179733453104,0.39740070083760337,0.04646422408064503,0.3631948189175752,0.03597686552797882,-0.002487156598751033,0.513152069575173,-0.009955072791303421,-0.008495305609591886,0.02416238671652232,-0.010043495203505837,fold_mean_null,0.69,-0.001287981026606563,0.0037887408948165447,99,-0.0009417223916817425,0.66,-0.0016606960343467118,0.0033066088809773995,99,-0.0008264605644043212,0.69,-0.0033419740281923336,0.011810438688871338,99,-0.002473448752858294,0.79,-0.0054247164294206765,0.009089193383800527,99,-0.004530356361882744,0.53,-0.00870592661671275,0.0007394576616500024,99,0.002756135051685187,0.74,-0.006229652871769394,0.00023081539672129925,99,-0.0022656527378224914,0.3076923076923077,0.014623610570309713,0.05965738305968967,25,0.013986954059311591,0.3076923076923077,0.014050469134064549,0.05746665976802676,25,0.010111917582457773,-0.0016105568181543713,-0.007228196081465551,0.32056550434810294,0.40723431778299435,0.3115957777928337,0.39912848995031686,0.008355032029747642,0.0471579339987585,0.32819278827110737,0.4127789825363675,0.32819278827110737,0.4127789825363675,0.32491708153098764,0.396284670236931,-0.03258128369780864,0.011588423892661908,-0.030972809472907543,0.009742095575498379,-0.013698580434549445,0.005131328804369239,0.4649736032147785,0.5673076073372039,0.00642243583641328,0.04589286863847776,-0.019854650398835903,0.003538288250520133,-0.012657881037930401,0.005301582489937417,-0.033419810060075335,0.020382461886927904,-0.055837458691015626,0.030331591123037516,-0.03136073977146978,0.01936325558074585,0.37323831412108105,0.37323831412108105,0.36328324132977763,0.39740070083760337,0.36474300851148916,0.02416238671652232
Valencia_2024,A_authoritative,A_terrain_first,R0_none,0,0.321006598127973,0.2901510167330019,0.31491500004140754,0.5168552521822434,0.4966230976739292,0.036726731464623144,0.20194025214083583,0.2947667109235225,0.20647208094092728,0.16717684795922672,-0.01102233722933571,0.33323788419115163,0.07035419735986621,5,0.33323788419115163,0.07035419735986621,0.5866462640983446,0.1090200018063833,0.5866462640983446,0.1090200018063833,0.5331230646758348,0.08965174982777854,0.3253968413372036,0.07330421355671111,0.038027906294799727,0.64244148537281,0.253408379907193,0.253408379907193,0.19988518048468318,-0.007841042853948044,fold_mean_null,0.08,-0.027798200442761423,0.04318951863628142,99,0.06452493190738456,0.07,-0.025382269308986332,0.03961256843406654,99,0.06341017560378606,0.03,0.032839904724014456,0.18857044398780975,99,0.16910034741682137,0.11,0.09003767903087428,0.2836604651036721,99,0.16337070087631872,0.1,0.02922104155537353,0.231493735668681,99,0.17725103938555375,0.11,0.03736042091874255,0.2836604651036721,99,0.21604795898845044,0.19230769230769232,0.10596768830343145,0.24716088411528192,25,0.061209159655795264,0.15384615384615385,0.10518674433340452,0.22494632242050602,25,0.09469843615127865,0.09870186942704831,0.24502097075226584,0.16896049659595846,0.4729688733638525,0.18959988314942927,0.5244969644299845,0.012856588331815641,0.3089209959872864,0.19359697093046122,0.4887818183896814,0.19359697093046122,0.4887818183896814,0.34398289573566837,0.741132620327883,0.06056590321391961,0.37033504248278415,0.06056590321391961,0.37033504248278415,-0.07381448503902552,0.11483591869545903,0.5676791848004298,0.727479721276558,0.07157540178310112,0.29242755348982685,-0.05062035839507871,0.09797139900821679,-0.0809889431315038,0.12117030761297616,-0.008684301371993455,0.338505881764357,-0.013927727441603689,0.4713744355170703,-0.06840986303241367,0.37512299530978965,0.33323788419115163,0.33323788419115163,0.5866462640983446,0.5331230646758348,0.5866462640983446,0.19988518048468318
Valencia_2024,A_authoritative,A_terrain_first,R1_+terrain,3,0.321006598127973,0.7487584905804476,0.7170627157665801,0.7792575204307725,0.7974802561162075,0.0875774559218966,0.06219480466419236,0.21981834183748786,0.04872176553575991,0.04258547385339673,-0.1899000475461694,0.7723642308571372,0.10601298896945519,5,0.7723642308571372,0.10601298896945519,0.8122645185008089,0.12486341476922823,0.8175543443414437,0.0940139918023277,0.8110435323068457,0.1042144265880139,0.5918196379456073,0.0673189669092331,0.08582879133469087,0.5210778036846916,0.039900287643671706,0.04519011348430646,0.038679301449708436,-0.1805445929115299,fold_mean_null,0.01,0.009574668717703188,0.0592390373675964,99,0.07800278720419342,0.01,0.010340778124653187,0.06166608226904517,99,0.07548801321003769,0.07,0.0010052732509040361,0.06490169848933586,99,0.061189531413288326,0.01,-0.00920219890597525,0.027070677546516007,99,0.049102486549646954,0.01,-0.003069023673834643,0.0018119383764926874,99,0.051790789209594554,0.01,-0.003906627472597079,0.0,99,0.04909674095690354,0.23076923076923078,0.010984010947405998,0.07742785849522467,25,0.03160146290599073,0.19230769230769232,0.002859324736862594,0.06421864447740928,25,0.03581997671284584,0.14486898631306142,0.21570637485724198,0.5348746950624528,0.8746882575347305,0.48671966195054117,0.8666194961432018,-0.042657266729556796,0.15516708816725985,0.4769059058687214,0.8752151137336636,0.4769059058687214,0.8752151137336636,0.5155400824532276,0.8721693697687714,-0.06912000231142938,0.15073887979903286,-0.017846138070276484,0.10954700267552527,-0.01485022373657779,0.16696346226286213,0.38174137407714187,0.6366552963123604,-0.028384798098616014,0.1340057866337076,-0.22689685215520566,-0.07690433104561857,-0.004807227944755343,0.16987965650450096,-0.03615254708797992,0.2046779466025901,-0.231225972030814,0.5638915602345084,-0.0195079771825438,0.13103003973365954,0.7723642308571372,0.7723642308571372,0.8122645185008089,0.8110435323068457,0.8175543443414437,0.038679301449708436
Valencia_2024,A_authoritative,A_terrain_first,R2_+surface,6,0.321006598127973,0.7615452469908235,0.7351158797639179,0.7845560527236264,0.8133622032015838,0.08369198228511956,0.049440172959708484,0.18664830838347032,0.05181695621076032,0.04852156134855501,-0.21242276602933585,0.7787105116593759,0.10441299217008043,5,0.7787105116593759,0.10441299217008043,0.8193746222555504,0.12449250601379772,0.8331831980360818,0.09156971248443917,0.8240777032777558,0.10600675600200243,0.5772703469797724,0.08064274614093873,0.08268250727636146,0.5013348849177863,0.040664110596174474,0.05447268637670588,0.045367191618379876,-0.20144016467960346,fold_mean_null,0.01,0.005586913577152518,0.058428987295799796,99,0.07810506870796705,0.01,0.0065113956284559215,0.06304016362126837,99,0.07617111164790555,0.08,-0.002157611049730615,0.0548009936039842,99,0.051597784009439096,0.01,-0.007352548748572577,0.028943994221932508,99,0.048016659344747054,0.01,-0.0031938440954441118,0.005903814631263668,99,0.055010800306204435,0.01,-0.0037966524994458126,0.0,99,0.0582693388761517,0.19230769230769232,0.01619876235755121,0.08284116307368974,25,0.0323227989910038,0.23076923076923078,0.011658016660547901,0.07565873324992542,25,0.033709174957831975,0.15193658757737719,0.2169857217566362,0.5627018863729577,0.884935281760693,0.5151215192359232,0.878739100882102,-0.03375760367005191,0.15228754786481385,0.49747771285435727,0.8807967894622334,0.49747771285435727,0.8807967894622334,0.5396184919685539,0.8804850777561973,-0.06115949248401117,0.1469291264584,-0.01453757389116657,0.11973523741542057,-0.024677431442287723,0.16502018142529634,0.3654183274820133,0.6136895628799081,-0.017548254310176457,0.1345331433735004,-0.2603860687243187,-0.08440145208959024,-0.0056466430784695406,0.16719709407511704,-0.04485856499613702,0.18355574268532218,-0.30826822221960315,0.568702316286149,-0.010477952448556427,0.12497829000767069,0.7787105116593759,0.7787105116593759,0.8193746222555504,0.8240777032777558,0.8331831980360818,0.045367191618379876
Valencia_2024,A_authoritative,A_terrain_first,R3_+hydrography,10,0.321006598127973,0.8203788625431173,0.7930371018143862,0.853862951794997,0.8463097427985466,0.09265455501435334,0.0608258499806108,0.29389736283099116,0.025930880255429334,0.030354512017583768,-0.1958511415668519,0.8422114334925336,0.0901197182535395,5,0.8422114334925336,0.0901197182535395,0.8807168157779561,0.08640447468237517,0.8672720199535334,0.07187296277028953,0.8720750465118012,0.07374740460918572,0.6561135730274732,0.06530785532805018,0.09973636956222175,0.47301432701920076,0.03850538228542255,0.025060586460999845,0.029863613019267654,-0.18609786046506038,fold_mean_null,0.02,0.008105313261477858,0.07567883123241222,99,0.08454924175287548,0.02,0.010683801411285162,0.08504336639337795,99,0.08905256815093658,0.03,-0.002027961561979371,0.05285835242528426,99,0.06285381154259018,0.01,-0.010535438419124,0.023754841613037123,99,0.04904082070454655,0.01,-0.002042645297097007,9.180428604676527e-05,99,0.02797352555252634,0.01,-0.0029220575695381237,0.0,99,0.02798264403053797,0.5769230769230769,0.02134209515367458,0.06096386490576719,25,0.00901241686390919,0.4230769230769231,0.010473861264471983,0.052721196004705095,25,0.01938975175479567,0.18826611175209018,0.3108008507208663,0.6565145600361374,0.9226460329543893,0.6129132815339526,0.914618503548756,-0.028195586444233225,0.10488341812747237,0.5757592131595031,0.9114540756847919,0.5757592131595031,0.9114540756847919,0.6189273280845692,0.9229451523935516,-0.03419362084486612,0.12269877143233023,-0.04118079565300047,0.08101353572095879,-0.019460564102146503,0.2063163713453283,0.296089456607701,0.6036628610615423,-0.03350838815757951,0.10673454867577407,-0.22924496109960132,-0.07118526258724454,0.007197119867661307,0.18937533903992912,-0.0021963705325830692,0.14226521913592435,-0.017864506634256806,0.5533065411538582,-0.0034189896018301715,0.07418950944797169,0.8422114334925336,0.8422114334925336,0.8807168157779561,0.8720750465118012,0.8672720199535334,0.029863613019267654
Valencia_2024,A_authoritative,A_terrain_first,R4_+forcing,14,0.321006598127973,0.8372592747453732,0.8230223541706435,0.8361170432273184,0.8044627788941918,0.06015043833963611,0.01309468905667488,0.07399063873468462,-0.032796495851181384,0.0006546604064295858,-0.1425624515235252,0.8534968670986915,0.07337213915685303,5,0.8534968670986915,0.07337213915685303,0.8806834996706181,0.07499319852044066,0.8390449272271754,0.09616982990430048,0.8548897755696107,0.08439223995380216,0.7316883157051182,0.11108983228178744,0.06899767558747975,0.4387353918973097,0.02718663257192655,-0.014451939871516162,0.0013929084709191075,-0.12180855139357338,fold_mean_null,0.01,-0.01545806232861945,0.021555859248521145,99,0.07560850066825556,0.01,-0.0123047281264465,0.027980901727706096,99,0.08130240371392625,0.03,-0.01587835267610615,0.009839330281476877,99,0.02897304173278103,0.01,-0.016932927553888873,0.0023729110294744525,99,0.04411956012581542,1.0,-0.0011606745484830621,0.00010293840242567851,99,-0.03163582130269832,1.0,-0.0013058003322531566,8.921877394262265e-05,99,-0.013146139539263005,0.7692307692307693,0.017583063723947766,0.046437681291735956,25,-0.01692840331751818,0.7307692307692307,0.01044875483078282,0.038559323815091445,25,-0.009055846359863713,0.18531079373910156,0.3011509668911755,0.6806295119014718,0.9315313444542537,0.6711403913311718,0.9191813203182573,-0.047506016619345025,0.06604205483519189,0.5791483472150527,0.9218338034959757,0.5791483472150527,0.9218338034959757,0.6226709696390849,0.9233394513304608,-0.041391359978159424,0.10183872516031298,-0.03708191292411718,0.03209868731456343,-0.031148078986740747,0.15826608037209605,0.2871134929515007,0.5603617877046921,-0.022877976724741345,0.08517387521818442,-0.14847585476428907,-0.049027276869286554,-0.029503724230654095,0.14866754911560193,-0.04317720365119262,0.08732143906827403,-0.3251120090704359,0.43871244102339463,-0.07626563597550123,0.014368638148812252,0.8534968670986915,0.8534968670986915,0.8806834996706181,0.8548897755696107,0.8390449272271754,0.0013929084709191075
Valencia_2024,A_authoritative,A_terrain_first,R5_+sar_event,15,0.321006598127973,0.8452988466205276,0.8325950145497394,0.8510838042621662,0.8322249289194645,0.054404762010375037,0.018488789712426845,0.11044348328515124,-0.013073917701063031,0.011156006911943961,-0.14320600845203468,0.8646367786794255,0.06634181023652787,5,0.8646367786794255,0.06634181023652787,0.88959710661546,0.06178379054561368,0.8508104785363422,0.08049380364818005,0.8723985730539535,0.0704285734614643,0.741254507923362,0.10860151637335709,0.06493665261311245,0.4280229126401457,0.024960327936034532,-0.013826300143083281,0.007761794374528064,-0.12338227075606345,fold_mean_null,0.01,-0.01455901691936364,0.019754230433121907,99,0.06896377892973868,0.01,-0.012019732118720828,0.026093279859676955,99,0.07695638473183328,0.01,-0.011419184331430899,0.008300918474631012,99,0.029907974043857744,0.01,-0.013829176497950567,0.0018585143599288772,99,0.0387895044339851,1.0,-0.0011715454062844067,0.0005851211822518683,99,-0.011902372294778625,0.99,-0.0013430727225299654,0.00011676003671708917,99,-0.012483227420553316,0.6153846153846154,0.015703716209204983,0.04626718241896918,25,-0.004547709297261022,0.4230769230769231,0.007208468258479304,0.03565667312827366,25,0.0005533261160487598,0.17979501204070653,0.2865586682672222,0.6983373062717251,0.9366091007644375,0.6979439850463242,0.9290370810280382,-0.028287605240582693,0.07265151955201982,0.6063744818238075,0.9272466380420706,0.6063744818238075,0.9272466380420706,0.6400481240374013,0.9301143265067672,-0.01665563281659485,0.09007852298246208,-0.03412059192362019,0.026495760842052796,-0.03501059817537293,0.16015620859818927,0.27481451622049957,0.5547399392164819,-0.014603767922005597,0.08772017864782773,-0.1477190528379653,-0.051111685142397466,-0.03711886185308037,0.14793846126084007,-0.035862794359682156,0.08685507200277218,-0.2976078903978498,0.44523917900424625,-0.046888798770771734,0.021475177679541397,0.8646367786794255,0.8646367786794255,0.88959710661546,0.8723985730539535,0.8508104785363422,0.007761794374528064
Valencia_2024,A_authoritative,B_surface_first,R0_none,0,0.321006598127973,0.2901510167330019,0.31491500004140754,0.5168552521822434,0.4966230976739292,0.036726731464623144,0.20194025214083583,0.2947667109235225,0.20647208094092728,0.16717684795922672,-0.01102233722933571,0.33323788419115163,0.07035419735986621,5,0.33323788419115163,0.07035419735986621,0.5866462640983446,0.1090200018063833,0.5866462640983446,0.1090200018063833,0.5331230646758348,0.08965174982777854,0.3253968413372036,0.07330421355671111,0.038027906294799727,0.64244148537281,0.253408379907193,0.253408379907193,0.19988518048468318,-0.007841042853948044,fold_mean_null,0.08,-0.027798200442761423,0.04318951863628142,99,0.06452493190738456,0.07,-0.025382269308986332,0.03961256843406654,99,0.06341017560378606,0.03,0.032839904724014456,0.18857044398780975,99,0.16910034741682137,0.11,0.09003767903087428,0.2836604651036721,99,0.16337070087631872,0.1,0.02922104155537353,0.231493735668681,99,0.17725103938555375,0.11,0.03736042091874255,0.2836604651036721,99,0.21604795898845044,0.19230769230769232,0.10596768830343145,0.24716088411528192,25,0.061209159655795264,0.15384615384615385,0.10518674433340452,0.22494632242050602,25,0.09469843615127865,0.09870186942704831,0.24502097075226584,0.16896049659595846,0.4729688733638525,0.18959988314942927,0.5244969644299845,0.012856588331815641,0.3089209959872864,0.19359697093046122,0.4887818183896814,0.19359697093046122,0.4887818183896814,0.34398289573566837,0.741132620327883,0.06056590321391961,0.37033504248278415,0.06056590321391961,0.37033504248278415,-0.07381448503902552,0.11483591869545903,0.5676791848004298,0.727479721276558,0.07157540178310112,0.29242755348982685,-0.05062035839507871,0.09797139900821679,-0.0809889431315038,0.12117030761297616,-0.008684301371993455,0.338505881764357,-0.013927727441603689,0.4713744355170703,-0.06840986303241367,0.37512299530978965,0.33323788419115163,0.33323788419115163,0.5866462640983446,0.5331230646758348,0.5866462640983446,0.19988518048468318
Valencia_2024,A_authoritative,B_surface_first,R1_+surface,3,0.321006598127973,0.700641464390704,0.6878477604702197,0.7627696534016823,0.6993099265480683,0.08910985866084815,0.07492189293146267,0.24001715651415303,-0.0013315378426356217,-0.00841522357115343,-0.1393849783871881,0.726899572847,0.09503023732363604,5,0.726899572847,0.09503023732363604,0.8104997757289361,0.062403169044691224,0.7888041418165874,0.11287657082459189,0.7410728856348722,0.11463335721088234,0.5945554573068914,0.057448604044508404,0.09287406821833505,0.5285018990337506,0.08360020288193604,0.061904568969587404,0.01417331278787215,-0.1323441155401086,fold_mean_null,0.01,0.0013963245381283362,0.052157952783677825,99,0.08771353412271982,0.01,0.0022146730787588314,0.05686422223169703,99,0.09065939513957622,0.01,0.0010742186975976917,0.05983605177192919,99,0.07384767423386498,0.01,-0.0003193934496560324,0.028977903081911432,99,0.08391959633159207,0.77,-0.0019011509564352128,0.023785841875945395,99,0.0005696131137995911,0.01,1.915185784615334e-05,0.015522054110481305,99,0.06188541711174125,0.38461538461538464,-0.03669149198779295,0.04432675303774573,25,0.02827626841663952,0.11538461538461539,-0.04978460899218677,0.022059087525845456,25,0.06395792178005892,0.17154033941094057,0.30728474944705053,0.4924511585709279,0.8362292235873579,0.45970578431511244,0.8344430993329743,-0.09404515648869145,0.10923424813459154,0.47025703038126043,0.837476788535453,0.47025703038126043,0.837476788535453,0.5335506102704236,0.8600714164118275,-0.020005910768456852,0.17178466397061024,-0.028497374596018112,0.14776384251445737,-0.035837779514326706,0.19099186451285904,0.3925671877632446,0.6588044106786528,-0.06288914221508338,0.10664274380650103,-0.15104846035698363,-0.05501103449058925,-0.004227948542077419,0.17528752682910748,-0.02307665349909151,0.2041265094838497,-0.10712753380981282,0.4985106008424598,-0.10997799789257004,0.1495728922536502,0.726899572847,0.726899572847,0.8104997757289361,0.7410728856348722,0.7888041418165874,0.01417331278787215
Valencia_2024,A_authoritative,B_surface_first,R2_+forcing,7,0.321006598127973,0.7666473428870333,0.7367745617830808,0.7169943735075273,0.6564785553888206,0.0670836350246606,-0.0197801882755535,-0.07514542822891233,-0.11016878749821268,-0.07385817018535779,-0.16091996540950393,0.8133412129700076,0.07481403046832959,5,0.8133412129700076,0.07481403046832959,0.833177722705335,0.06462859172457781,0.7835703268184776,0.11680557960964487,0.7717614434421822,0.13556006268093926,0.6814563460273221,0.15610813335414303,0.08319672956005872,0.5026866180389526,0.019836509735327357,-0.029770886151530007,-0.04157976952782538,-0.13188486694268553,fold_mean_null,0.01,-0.02525573582445764,0.02701698001124631,99,0.09233937084911824,0.01,-0.019887323341793287,0.039003708566178366,99,0.103084052901852,0.51,-0.04170512586000655,0.016678484306593164,99,0.021924937584453047,0.01,-0.04791286315362789,-0.007223591017069523,99,0.06774937288895524,1.0,-0.002240952521310402,0.01092466730456687,99,-0.10792783497690228,0.97,-0.0035076301722526447,0.0,99,-0.026263255979277363,0.9230769230769231,-0.026873537843981294,0.03497313145090364,25,-0.046984632341376495,0.6153846153846154,-0.031167235724908496,0.01620233281376193,25,-0.010412533802916887,0.20506623650336386,0.36295839037071026,0.6273641686026883,0.8709093338090017,0.5860704530053723,0.8629291976983787,-0.1956244515373619,0.052132586174019196,0.5425050863151069,0.8837135390268734,0.5425050863151069,0.8837135390268734,0.5605767998634447,0.8737898667519441,-0.03522958273475751,0.08499822352039868,-0.07397463974278752,0.04036263430733742,-0.05033335384609812,0.21774212510575083,0.345400996331384,0.6586559612629915,-0.08400291585502723,0.03210977542105073,-0.1784321310556711,-0.057820012615867146,-0.03699424015797084,0.1834516766208186,-0.11060464649536658,0.09520228320155322,-0.5789032957636525,0.32210498657450715,-0.19484537264053575,0.02256799941389366,0.8133412129700076,0.8133412129700076,0.833177722705335,0.7717614434421822,0.7835703268184776,-0.04157976952782538
Valencia_2024,A_authoritative,B_surface_first,R3_+terrain,10,0.321006598127973,0.7921235521812614,0.7557296559776617,0.7926507274099248,0.726749460505294,0.0846669412470042,0.036921071432263086,0.15114839904137808,-0.06537409167596742,0.004055516858006536,-0.16021622940881308,0.8168861892878239,0.09560224100119709,5,0.8168861892878239,0.09560224100119709,0.8389145287332722,0.10631660748558716,0.8000952819484046,0.11951131943986927,0.8224464968795896,0.11208817377091981,0.6912827331996353,0.15484760020052915,0.09592240476505072,0.4848541747608753,0.022028339445448353,-0.016790907339419237,0.005560307591765734,-0.12560345608818857,fold_mean_null,0.01,-0.02252165937478004,0.034933069039700566,99,0.10718860062178424,0.01,-0.019155394443029487,0.04070990686009615,99,0.1150777992080802,0.01,-0.023397207851797053,0.02768257523461308,99,0.06031827928406014,0.01,-0.037922738148820835,-0.0015993768167082295,99,0.05995107759426919,1.0,-0.001900006639692954,0.0003927840686025917,99,-0.06347408503627447,0.99,-0.0026111872155858136,4.672143495665094e-06,99,-0.014179720123833423,0.5384615384615384,0.00715425068901109,0.04851183130442951,25,-0.0030987338310045544,0.5,0.0018352223073395501,0.04092182012035487,25,0.003725085284426184,0.23734517551557702,0.32739790276388336,0.6456582511649595,0.898952040156824,0.5860704592824973,0.8828961512985152,-0.05715501240934487,0.07915275304052123,0.558471137324607,0.8984265089804699,0.558471137324607,0.8984265089804699,0.5814337768996658,0.888250428496765,-0.03289495000669882,0.080146776076083,-0.06432652299391317,0.049293275753579606,-0.025737022390021104,0.20703485635813115,0.32876268646441453,0.6190069802574755,-0.025803932058099457,0.0897034486453888,-0.17031582612049806,-0.05444539043446143,-0.0052445965445974425,0.18973779191327445,-0.038362326414026114,0.12706604887618156,-0.21504348937317802,0.4667378161574525,-0.1249019678796274,0.018892540329486795,0.8168861892878239,0.8168861892878239,0.8389145287332722,0.8224464968795896,0.8000952819484046,0.005560307591765734
Valencia_2024,A_authoritative,B_surface_first,R4_+hydrography,14,0.321006598127973,0.8372592747453732,0.8230223541706435,0.8361170432273184,0.8044627788941918,0.06015043833963611,0.01309468905667488,0.07399063873468462,-0.032796495851181384,0.0006546604064295858,-0.1425624515235252,0.8534968670986915,0.07337213915685303,5,0.8534968670986915,0.07337213915685303,0.8806834996706181,0.07499319852044066,0.8390449272271754,0.09616982990430048,0.8548897755696107,0.08439223995380216,0.7316883157051182,0.11108983228178744,0.06899767558747975,0.4387353918973097,0.02718663257192655,-0.014451939871516162,0.0013929084709191075,-0.12180855139357338,fold_mean_null,0.01,-0.01545806232861945,0.021555859248521145,99,0.07560850066825556,0.01,-0.0123047281264465,0.027980901727706096,99,0.08130240371392625,0.03,-0.01587835267610615,0.009839330281476877,99,0.02897304173278103,0.01,-0.016932927553888873,0.0023729110294744525,99,0.04411956012581542,1.0,-0.0011606745484830621,0.00010293840242567851,99,-0.03163582130269832,1.0,-0.0013058003322531566,8.921877394262265e-05,99,-0.013146139539263005,0.7692307692307693,0.017583063723947766,0.046437681291735956,25,-0.01692840331751818,0.7307692307692307,0.01044875483078282,0.038559323815091445,25,-0.009055846359863713,0.18531079373910156,0.3011509668911755,0.6806295119014718,0.9315313444542537,0.6711403913311718,0.9191813203182573,-0.047506016619345025,0.06604205483519189,0.5791483472150527,0.9218338034959757,0.5791483472150527,0.9218338034959757,0.6226709696390849,0.9233394513304608,-0.041391359978159424,0.10183872516031298,-0.03708191292411718,0.03209868731456343,-0.031148078986740747,0.15826608037209605,0.2871134929515007,0.5603617877046921,-0.022877976724741345,0.08517387521818442,-0.14847585476428907,-0.049027276869286554,-0.029503724230654095,0.14866754911560193,-0.04317720365119262,0.08732143906827403,-0.3251120090704359,0.43871244102339463,-0.07626563597550123,0.014368638148812252,0.8534968670986915,0.8534968670986915,0.8806834996706181,0.8548897755696107,0.8390449272271754,0.0013929084709191075
Valencia_2024,A_authoritative,B_surface_first,R5_+sar_event,15,0.321006598127973,0.8452988466205276,0.8325950145497394,0.8510838042621662,0.8322249289194645,0.054404762010375037,0.018488789712426845,0.11044348328515124,-0.013073917701063031,0.011156006911943961,-0.14320600845203468,0.8646367786794255,0.06634181023652787,5,0.8646367786794255,0.06634181023652787,0.88959710661546,0.06178379054561368,0.8508104785363422,0.08049380364818005,0.8723985730539535,0.0704285734614643,0.741254507923362,0.10860151637335709,0.06493665261311245,0.4280229126401457,0.024960327936034532,-0.013826300143083281,0.007761794374528064,-0.12338227075606345,fold_mean_null,0.01,-0.01455901691936364,0.019754230433121907,99,0.06896377892973868,0.01,-0.012019732118720828,0.026093279859676955,99,0.07695638473183328,0.01,-0.011419184331430899,0.008300918474631012,99,0.029907974043857744,0.01,-0.013829176497950567,0.0018585143599288772,99,0.0387895044339851,1.0,-0.0011715454062844067,0.0005851211822518683,99,-0.011902372294778625,0.99,-0.0013430727225299654,0.00011676003671708917,99,-0.012483227420553316,0.6153846153846154,0.015703716209204983,0.04626718241896918,25,-0.004547709297261022,0.4230769230769231,0.007208468258479304,0.03565667312827366,25,0.0005533261160487598,0.17979501204070653,0.2865586682672222,0.6983373062717251,0.9366091007644375,0.6979439850463242,0.9290370810280382,-0.028287605240582693,0.07265151955201982,0.6063744818238075,0.9272466380420706,0.6063744818238075,0.9272466380420706,0.6400481240374013,0.9301143265067672,-0.01665563281659485,0.09007852298246208,-0.03412059192362019,0.026495760842052796,-0.03501059817537293,0.16015620859818927,0.27481451622049957,0.5547399392164819,-0.014603767922005597,0.08772017864782773,-0.1477190528379653,-0.051111685142397466,-0.03711886185308037,0.14793846126084007,-0.035862794359682156,0.08685507200277218,-0.2976078903978498,0.44523917900424625,-0.046888798770771734,0.021475177679541397,0.8646367786794255,0.8646367786794255,0.88959710661546,0.8723985730539535,0.8508104785363422,0.007761794374528064
EmiliaRomagna_2023a,A_authoritative,A_terrain_first,R0_none,0,0.13165695594398447,0.10133458325988806,0.10143607134779464,0.12809716819639042,0.11872435765407993,-0.0014049111797241264,0.026661096848595772,0.029670784680379834,0.01738977439419187,0.008221555950203394,0.0,0.16502175200620522,0.05627540585487162,5,0.16502175200620522,0.05627540585487162,0.2349757040176935,0.12483747458775667,0.16340222431954296,0.06214139873789468,0.17516057320864292,0.061911759609808555,0.16502175200620522,0.05627540585487162,-0.005772745063594487,0.4661923368449572,0.06995395201148827,-0.0016195276866622643,0.010138821202437698,0.0,fold_mean_null,0.57,-0.009507602115004165,0.006745985682651596,99,0.008102690935280038,0.72,-0.013882640933862402,0.008259292908125123,99,0.008109895870267916,0.08,0.008702251998192854,0.04546149231950438,99,0.017958844850402916,0.05,0.013018309882204317,0.06915428621327656,99,0.05693564212928395,0.19,0.014530327881445327,0.09321345723909168,99,0.002859446512746543,0.95,0.012155904409787626,0.07981457395853352,99,-0.01377543209644989,0.2692307692307692,0.011969202940229106,0.04872827826538344,25,-0.0037476469900257128,0.3076923076923077,0.01391126247211687,0.05194330933672195,25,-0.0037724412696791727,0.017396029984433323,0.0681881740824787,0.05447534578304922,0.16803744324288097,0.05742612698242256,0.1625316086729192,-0.022569492127953804,0.039310343715210784,0.08902370998678483,0.2357189873954804,0.08902370998678483,0.2357189873954804,0.12267037290271718,0.3371569093151798,-0.00031497496983872976,0.15111043863836293,-0.015332561922652595,0.06632747005218832,-0.04364616305788722,0.024907067105549848,0.3196871205681514,0.6033669109428569,-0.006917166077175036,0.06350562252913067,0.0,0.0,-0.041365773408908735,0.023900574682749077,-0.013699075878046911,0.0908240224882831,-0.015581566032715306,0.1042122971797929,-0.017140423302329,0.07209018203458797,0.16502175200620522,0.16502175200620522,0.2349757040176935,0.17516057320864292,0.16340222431954296,0.010138821202437698
EmiliaRomagna_2023a,A_authoritative,A_terrain_first,R1_+terrain,3,0.13165695594398447,0.19596744358868012,0.13348326863423857,0.11494278299704509,0.15953377362253643,-0.024556257254426575,-0.018540485637193474,-0.02139656969804941,-0.036433669966143695,0.06957886040670413,0.005364446975491932,0.24734659915018123,0.08820968522930428,5,0.24734659915018123,0.08820968522930428,0.18226987109589218,0.07872797802124937,0.20368804209120298,0.08079002172874951,0.37639361059787435,0.08769095732739181,0.2563622416318072,0.08630556480007522,-0.03433779511868194,0.4612136373040059,-0.06507672805428905,-0.04365855705897825,0.12904701144769312,0.00901564248162598,fold_mean_null,0.92,-0.005605048765070733,0.012718549754951668,99,-0.01895120848935584,0.91,-0.008614079321205453,0.012814812157206841,99,-0.025723715797476482,1.0,0.008186429642548242,0.03363051273406741,99,-0.026726915279741716,1.0,0.004976929462137692,0.05945042105062518,99,-0.07005365751642674,1.0,0.0031163833253627215,0.06625644011434531,99,-0.03955005329150642,1.0,0.0038286822543175717,0.06527932740148583,99,-0.04748723931329583,0.11538461538461539,0.010831546071719132,0.07225500611427148,25,0.05874731433498501,0.07692307692307693,0.011477809204122912,0.07395218783585442,25,0.1175692022435702,-0.055773970491945504,-0.09307558756438136,0.08615184020211285,0.31110353863241696,0.05770766085969765,0.25051117042645077,-0.004548327364534508,0.14642051837776737,0.14060668619541106,0.3515776578022183,0.14060668619541106,0.3515776578022183,0.1111717669546482,0.2762366401721947,-0.10563810049641231,-0.0017975159587278655,-0.08155308264124306,0.0025716741498135564,-0.07818278123926341,0.00180236090399865,0.31803927340014587,0.6005453652514442,0.03261891078031979,0.17394459243412258,-0.011081236960370276,0.02892139980136547,-0.060545960409765086,0.0016012337706312464,-0.04993884682633953,0.0031655733113174597,-0.06240510615444758,0.0033938674362434967,-0.1176731402425183,0.014710349170166899,0.24734659915018123,0.24734659915018123,0.18226987109589218,0.37639361059787435,0.20368804209120298,0.12904701144769312
EmiliaRomagna_2023a,A_authoritative,A_terrain_first,R2_+surface,6,0.13165695594398447,0.19490734677832453,0.13924149787958778,0.11346914488838027,0.16022403850205272,-0.020818293714469038,-0.025772352991207517,-0.029941444583723904,-0.03468330827627181,0.07128127284995037,0.0032894872867452463,0.2568415386151221,0.08575804349162268,5,0.2568415386151221,0.08575804349162268,0.1800901804209975,0.07901277691526698,0.2042386666447086,0.07237513822584954,0.37807802107938426,0.09121956622118654,0.262103660078595,0.09303901483289315,-0.030984751208301416,0.4612504050973122,-0.0767513581941246,-0.052602871970413495,0.12123648246426216,0.00526212146347288,fold_mean_null,0.91,-0.0060051106498401575,0.013775741376021632,99,-0.01481318306462888,0.9,-0.009126886201621331,0.012538086856169216,99,-0.021857865006680084,1.0,0.007193384318218024,0.03366021182998767,99,-0.03296573730942554,1.0,0.003983505157490776,0.05526759184212237,99,-0.08073486335161537,1.0,0.003134198890329526,0.07575393672825119,99,-0.03781750716660133,1.0,0.0026769281010771153,0.04864955067502851,99,-0.05527980007149061,0.11538461538461539,0.013062484418439123,0.07473871692939865,25,0.058218788431511244,0.07692307692307693,0.011011942135124197,0.07457956114891658,25,0.11022454032913796,-0.047388283598512236,-0.10863748116541085,0.08229663769885445,0.319239921253395,0.059192104495964966,0.26099351280919925,-0.0018373667222836077,0.14496541524431952,0.1415817533695855,0.36503256543811946,0.1415817533695855,0.36503256543811946,0.11599022261496594,0.27503628262364704,-0.11985938889006147,-0.0025608444317820086,-0.09283941841256617,0.011028213680372627,-0.07149154701353737,0.0038895279559442125,0.3182078191709306,0.5998146090239093,0.036271880495850777,0.18162630566321739,-0.008363254263709752,0.019314076792605193,-0.053070172615720536,0.004973954949563172,-0.07591302047034065,0.0020434060262324526,-0.10240858664168667,0.0022962178519909567,-0.11784570400833057,0.017337869951107053,0.2568415386151221,0.2568415386151221,0.1800901804209975,0.37807802107938426,0.2042386666447086,0.12123648246426216
EmiliaRomagna_2023a,A_authoritative,A_terrain_first,R3_+hydrography,10,0.13165695594398447,0.2828979216880353,0.1495655272804825,0.14176260673397,0.25369786591563426,-0.008676562829420214,-0.007802920546512493,-0.009175216664912854,-0.029200055772401035,-0.022031630805751323,-0.03229372671972175,0.33746921453852596,0.13809985027485888,5,0.33746921453852596,0.13809985027485888,0.2073609471684207,0.08676348550096702,0.3225805871482853,0.15061282881200114,0.33984260551716705,0.09450489523109644,0.314172862594719,0.1104079912494723,-0.017246772299605174,0.45571541219040823,-0.13010826737010525,-0.01488862739024066,0.002373390978641088,-0.02329635194380697,fold_mean_null,0.7,-0.009382108207622747,0.012017281972531334,99,0.0007055453782025337,0.81,-0.01323169343149027,0.010818062273794981,99,-0.004015078868114905,0.87,0.0040981443622879615,0.021828923749426136,99,-0.011901064908800454,0.97,-0.00822953937715578,0.031038636144381532,99,-0.12187872799294946,0.86,-0.005556751879217497,0.038922211596201,99,-0.02364330389318354,0.89,-0.0007065633484027793,0.025675670578037407,99,-0.014182064041837882,0.9230769230769231,0.00838665478596331,0.06280912027241352,25,-0.030418285591714632,0.7692307692307693,0.01393336279358428,0.06319793188894453,25,-0.011559971814943192,-0.008810496113827533,-0.1839593429731073,0.11278151368051394,0.46241023813602333,0.0685343148265734,0.29132989287808714,-0.0849810116913936,0.05129638420750994,0.1806490850354433,0.4375396830964312,0.1806490850354433,0.4375396830964312,0.15268232385628908,0.3289991678603549,-0.18261535374027985,-0.0024883844577120976,-0.03549320889891651,0.007324719964044604,-0.048352576662658894,0.007760885385796362,0.3059430482905228,0.5981475674623837,-0.030515605617063707,0.05124983011415722,-0.03649897479645695,0.01424199996672943,-0.03449358039700569,0.01242992227671909,-0.05568137765555301,0.03868326174230596,-0.07835890149554062,0.04259554090067993,-0.07532418578180128,0.02383939711207321,0.33746921453852596,0.33746921453852596,0.2073609471684207,0.33984260551716705,0.3225805871482853,0.002373390978641088
EmiliaRomagna_2023a,A_authoritative,A_terrain_first,R4_+forcing,14,0.13165695594398447,0.2786365180466229,0.16512076983644053,0.15039168910282327,0.25802007380051756,-0.015286047036177334,-0.014729080733617256,-0.01764216931199943,-0.02061644424610537,-0.004433698446991985,-0.026144320918397246,0.3644267624408334,0.17118412065104896,5,0.3644267624408334,0.17118412065104896,0.2175800484216603,0.08454043230791988,0.3533983464394953,0.1755543652436072,0.35990150792663617,0.1300800353046067,0.34610369389081896,0.14590716858826167,-0.020905257405602194,0.4566250972214519,-0.1468467140191731,-0.011028416001338082,-0.004525254514197219,-0.01832306855001442,fold_mean_null,0.81,-0.008705165779422245,0.010960425168102089,99,-0.00658088125675509,0.84,-0.0129223311383661,0.009486943868376951,99,-0.007982926267236094,0.96,0.0019428725141007915,0.028536273232198428,99,-0.016671953247718047,0.97,-0.01826952053999898,0.021298940095406046,99,-0.12857719347917412,0.89,0.0006624804744108763,0.04752199448264115,99,-0.021278924720516245,0.93,0.0009172469607592904,0.014142033102409022,99,-0.011945662962097372,0.9230769230769231,0.029823055758974197,0.06861225815267126,25,-0.03425675420596618,0.9230769230769231,0.019319644664313806,0.05724217790416832,25,-0.023844899178511025,-0.017482451831517642,-0.20230114466895666,0.10002649984639223,0.4859532451797331,0.07522196608927526,0.323750098302582,-0.03855063484222798,0.03209069806012494,0.19367565474441556,0.4726050781590164,0.19367565474441556,0.4726050781590164,0.15674730377614424,0.3432645117725324,-0.19669674787168623,-0.0018892740811135523,-0.0254871548953005,0.005253306185849248,-0.059106927030250285,0.00870849563604776,0.3014676518815519,0.6021591062010938,-0.03664805462622911,0.03345871945944571,-0.03360484115122841,0.013840811695153988,-0.05371085101125751,0.00807715577848365,-0.06676883124864422,0.019344887804094123,-0.09094682234553299,0.02219636210538054,-0.07560771764157988,0.02760939382532713,0.3644267624408334,0.3644267624408334,0.2175800484216603,0.35990150792663617,0.3533983464394953,-0.004525254514197219
EmiliaRomagna_2023a,A_authoritative,A_terrain_first,R5_+sar_event,15,0.13165695594398447,0.3575107032257713,0.21368776352910063,0.20053083357383042,0.3564834264584826,-0.012468141246410797,-0.013156929955270208,-0.01673244971275114,-0.0010272767672886984,0.011176508133145191,-0.09096051942200617,0.4324355664568852,0.15991760040433786,5,0.4324355664568852,0.15991760040433786,0.2796105913589133,0.09157131608993797,0.41785653119937294,0.1608828094608311,0.4378396414657561,0.1433649383462024,0.3774177259772338,0.1605690254718015,-0.018895679648747103,0.44321091941440827,-0.15282497509797188,-0.014579035257512252,0.005404075008870912,-0.055017840479651414,fold_mean_null,0.78,-0.008743050419278612,0.011132607081731975,99,-0.0037250908271321843,0.8,-0.012833260389355032,0.008973872470831134,99,-0.0060624192593920715,0.91,0.001247964220494797,0.030795234906140428,99,-0.014404894175765005,0.98,-0.016543239026668155,0.02333674145062097,99,-0.13628173607130373,0.65,-0.00630012196106337,0.01285078956256579,99,0.005272845193774672,0.87,-0.0028930817531435536,0.0028990199072313877,99,-0.011685953504368699,0.7692307692307693,0.020483781422645418,0.049618711604844865,25,-0.009307273289500227,0.7692307692307693,0.014286286820050495,0.04425293250286784,25,-0.008882211811179583,-0.013678406812273563,-0.24011676563406636,0.12187150723902679,0.5701063737794533,0.08081817547773731,0.41809085268501506,-0.021406617132074274,0.046323137521965964,0.21604328507597753,0.548773115819753,0.21604328507597753,0.548773115819753,0.19284798394963987,0.4266732989136743,-0.17297052682917535,0.0023677344657829585,-0.01953997178136734,0.006654645580267607,-0.05719665031749149,0.009228666250278187,0.29130304947208435,0.5858872052448773,-0.021034198100533547,0.03274702729366637,-0.07757708492705445,0.003874220596511827,-0.05024923737168285,0.011504578934364565,-0.07361967761910626,0.05273881830599034,-0.10687418598208724,0.059910844405872285,-0.024040616033080497,0.03213939521203801,0.4324355664568852,0.4324355664568852,0.2796105913589133,0.4378396414657561,0.41785653119937294,0.005404075008870912
EmiliaRomagna_2023a,A_authoritative,B_surface_first,R0_none,0,0.13165695594398447,0.10133458325988806,0.10143607134779464,0.12809716819639042,0.11872435765407993,-0.0014049111797241264,0.026661096848595772,0.029670784680379834,0.01738977439419187,0.008221555950203394,0.0,0.16502175200620522,0.05627540585487162,5,0.16502175200620522,0.05627540585487162,0.2349757040176935,0.12483747458775667,0.16340222431954296,0.06214139873789468,0.17516057320864292,0.061911759609808555,0.16502175200620522,0.05627540585487162,-0.005772745063594487,0.4661923368449572,0.06995395201148827,-0.0016195276866622643,0.010138821202437698,0.0,fold_mean_null,0.57,-0.009507602115004165,0.006745985682651596,99,0.008102690935280038,0.72,-0.013882640933862402,0.008259292908125123,99,0.008109895870267916,0.08,0.008702251998192854,0.04546149231950438,99,0.017958844850402916,0.05,0.013018309882204317,0.06915428621327656,99,0.05693564212928395,0.19,0.014530327881445327,0.09321345723909168,99,0.002859446512746543,0.95,0.012155904409787626,0.07981457395853352,99,-0.01377543209644989,0.2692307692307692,0.011969202940229106,0.04872827826538344,25,-0.0037476469900257128,0.3076923076923077,0.01391126247211687,0.05194330933672195,25,-0.0037724412696791727,0.017396029984433323,0.0681881740824787,0.05447534578304922,0.16803744324288097,0.05742612698242256,0.1625316086729192,-0.022569492127953804,0.039310343715210784,0.08902370998678483,0.2357189873954804,0.08902370998678483,0.2357189873954804,0.12267037290271718,0.3371569093151798,-0.00031497496983872976,0.15111043863836293,-0.015332561922652595,0.06632747005218832,-0.04364616305788722,0.024907067105549848,0.3196871205681514,0.6033669109428569,-0.006917166077175036,0.06350562252913067,0.0,0.0,-0.041365773408908735,0.023900574682749077,-0.013699075878046911,0.0908240224882831,-0.015581566032715306,0.1042122971797929,-0.017140423302329,0.07209018203458797,0.16502175200620522,0.16502175200620522,0.2349757040176935,0.17516057320864292,0.16340222431954296,0.010138821202437698
EmiliaRomagna_2023a,A_authoritative,B_surface_first,R1_+surface,3,0.13165695594398447,0.12419863505328582,0.106398125995088,0.0964067248277195,0.1189587316125319,-0.013765370647814298,-0.009991401167368491,-0.01118104321177103,-0.0052399034407539236,-0.0017326070777626545,0.0013466885476084156,0.19600433412510102,0.06528226322202958,5,0.19600433412510102,0.06528226322202958,0.15191491260541617,0.059152335923057194,0.17883461333376294,0.05493806686574801,0.18369095519140294,0.06582156730467216,0.19908465632477196,0.07787599715025603,-0.018102100011107566,0.47228086078303805,-0.04408942151968484,-0.017169720791338078,-0.012313378933698077,0.003080322199670943,fold_mean_null,0.87,-0.0056434637113342775,0.01338429106181962,99,-0.00812190693648002,0.87,-0.009365463894934162,0.012096052450880185,99,-0.008736636116173403,1.0,0.00651242078372967,0.027596499366788575,99,-0.01650382195109816,1.0,0.008280543627682841,0.05951205321373329,99,-0.05236996514736768,0.96,0.012599994481181202,0.087899958133588,99,-0.017839897921935126,1.0,0.01016146320728698,0.06631615426201148,99,-0.02733118399862506,0.8461538461538461,0.009465084309179798,0.037437432940612164,25,-0.011197691386942453,0.9615384615384616,0.009495261488683245,0.040784708232687844,25,-0.02180864042238132,-0.01849881467076207,-0.06513712370623201,0.06134852716650588,0.19029811678849026,0.052485343799441045,0.16989604489140495,-0.019296439590646378,0.014786803125366923,0.10629480630134494,0.28068268042936395,0.10629480630134494,0.28068268042936395,0.0944144203049076,0.23280778926012333,-0.07224014529805567,0.003527837674245772,-0.043564843367173645,0.016963133614641544,-0.04612544750133661,0.004283452348255721,0.32050841200584573,0.6163336352195897,-0.03770902619120559,0.03275424043203768,-0.016386043297476147,0.02891164752430886,-0.041611193097048756,0.0027529665498814996,-0.027518834331868622,0.0026207137290909918,-0.03263020341739315,0.002875345255023307,-0.0216277955857044,0.009884980533857089,0.19600433412510102,0.19600433412510102,0.15191491260541617,0.18369095519140294,0.17883461333376294,-0.012313378933698077
EmiliaRomagna_2023a,A_authoritative,B_surface_first,R2_+forcing,7,0.13165695594398447,0.1627172360356025,0.11370972683476385,0.1116981336863174,0.15467824563686094,-0.040153702251020766,-0.0020115931484464555,-0.0022696775642842048,-0.008038990398741563,0.003653151632446533,-0.004279658701943828,0.2277198792150604,0.060871913369912774,5,0.19788272123299713,0.07199291630150345,0.1597267702882791,0.059201962536983774,0.21785766320076325,0.06357434520784655,0.25635086556435666,0.0932868042767321,0.2180867002720944,0.05387037648677579,-0.0537019715995672,0.47475979033164134,-0.03815595094471802,-0.009862216014297154,0.028630986349296256,-0.009633178942966003,fold_mean_null,0.93,-0.009297186023053728,0.007037620029555815,99,-0.030856516227967038,0.9,-0.014672262122079564,0.006970081019485244,99,-0.03902970947748764,0.85,0.0037770134381593396,0.02023048171797094,99,-0.005788606586605795,0.99,0.0015088035064082003,0.016610821350387578,99,-0.03966475445112622,0.89,0.0021981170038270228,0.037762143158370766,99,-0.010237107402568587,0.93,0.0005386050005616171,0.02115801542371588,99,-0.010400821014858772,0.3076923076923077,0.01064748521660076,0.042579355430491364,25,-0.006994333584154227,0.11538461538461539,0.008261075874514131,0.04175277001861748,25,0.020369910474782125,-0.08220938308659967,-0.04945006858859594,0.08580154451374152,0.2489810300797472,0.05308619911335961,0.1945927576950069,-0.02419863763797472,0.03204508661081058,0.1373482134555141,0.3104950394760239,0.13522338131738382,0.2752922288193157,0.10480092882925052,0.23237920145630134,-0.07544111821412255,0.0029052449183857754,-0.03991691782459842,0.009989245007288407,-0.1219751897012237,-0.0013638522698574578,0.3199351866981516,0.6199320323081713,-0.014853848181792844,0.0544270823236568,-0.016903228159112656,0.0049104233305232265,-0.10559536038065154,-0.0009773821545113305,-0.02180275415831098,0.017517864493410428,-0.02678320416729112,0.018902191845621825,-0.03375303260010063,0.009964067190582477,0.2277198792150604,0.19788272123299713,0.1597267702882791,0.25635086556435666,0.21785766320076325,0.028630986349296256
EmiliaRomagna_2023a,A_authoritative,B_surface_first,R3_+terrain,10,0.13165695594398447,0.2242182095641177,0.16577343333707803,0.14834088078244245,0.22067533325590957,-0.027809332859642346,-0.017432552554635578,-0.02089666434907411,-0.003542876308208126,0.019021344462762768,0.001977512139675619,0.33963456614480536,0.12721057304913452,5,0.33963456614480536,0.12721057304913452,0.22605097716440645,0.09968453206597827,0.30613400417056,0.09186009665737009,0.3536453251759313,0.11954684737458679,0.3426455944933358,0.10927133425261903,-0.03490330724987665,0.4525656717483238,-0.11358358898039891,-0.033500561974245335,0.014010759031125919,0.0030110283485304534,fold_mean_null,0.91,-0.007712399683297188,0.00927657948875451,99,-0.020096933176345158,0.9,-0.011814953406310124,0.009681421829314286,99,-0.023088353843566525,0.97,0.004384051114371702,0.036529951058523705,99,-0.02181660366900728,0.99,-0.006992931163355428,0.03145398032277702,99,-0.10659065781704348,0.73,0.0034627223167778606,0.0373707828893994,99,-0.007005598624985987,0.98,0.0004685719898277782,0.011240871061981567,99,-0.03396913396407311,0.3076923076923077,0.02547005412724622,0.09104081295796707,25,-0.006448709664483451,0.46153846153846156,0.018763114094451024,0.06829973416708807,25,-0.004752355063325105,-0.051016582310304315,-0.16141162506760878,0.09759512899385427,0.3968118919764997,0.07384310317897314,0.33328762133655443,-0.015183793170406523,0.04150274175415824,0.18401259178631668,0.4601919744081172,0.18401259178631668,0.4601919744081172,0.14734389301048664,0.361710551044763,-0.1674496651052361,-0.004245384115046011,-0.054109947629935914,0.0073144440799540675,-0.09525252620292847,0.006111771222419817,0.30226762964897347,0.5936450768657615,-0.009734566670091217,0.050395731735330775,-0.029273191510279333,0.028617477032251912,-0.08550084904665792,0.003710308716037401,-0.06687678047655216,0.01679032742086818,-0.0873384036628522,0.022584250846673596,-0.04583337918244375,0.04114763907681993,0.33963456614480536,0.33963456614480536,0.22605097716440645,0.3536453251759313,0.30613400417056,0.014010759031125919
EmiliaRomagna_2023a,A_authoritative,B_surface_first,R4_+hydrography,14,0.13165695594398447,0.2786365180466229,0.16512076983644053,0.15039168910282327,0.25802007380051756,-0.015286047036177334,-0.014729080733617256,-0.01764216931199943,-0.02061644424610537,-0.004433698446991985,-0.026144320918397246,0.3644267624408334,0.17118412065104896,5,0.3644267624408334,0.17118412065104896,0.2175800484216603,0.08454043230791988,0.3533983464394953,0.1755543652436072,0.35990150792663617,0.1300800353046067,0.34610369389081896,0.14590716858826167,-0.020905257405602194,0.4566250972214519,-0.1468467140191731,-0.011028416001338082,-0.004525254514197219,-0.01832306855001442,fold_mean_null,0.81,-0.008705165779422245,0.010960425168102089,99,-0.00658088125675509,0.84,-0.0129223311383661,0.009486943868376951,99,-0.007982926267236094,0.96,0.0019428725141007915,0.028536273232198428,99,-0.016671953247718047,0.97,-0.01826952053999898,0.021298940095406046,99,-0.12857719347917412,0.89,0.0006624804744108763,0.04752199448264115,99,-0.021278924720516245,0.93,0.0009172469607592904,0.014142033102409022,99,-0.011945662962097372,0.9230769230769231,0.029823055758974197,0.06861225815267126,25,-0.03425675420596618,0.9230769230769231,0.019319644664313806,0.05724217790416832,25,-0.023844899178511025,-0.017482451831517642,-0.20230114466895666,0.10002649984639223,0.4859532451797331,0.07522196608927526,0.323750098302582,-0.03855063484222798,0.03209069806012494,0.19367565474441556,0.4726050781590164,0.19367565474441556,0.4726050781590164,0.15674730377614424,0.3432645117725324,-0.19669674787168623,-0.0018892740811135523,-0.0254871548953005,0.005253306185849248,-0.059106927030250285,0.00870849563604776,0.3014676518815519,0.6021591062010938,-0.03664805462622911,0.03345871945944571,-0.03360484115122841,0.013840811695153988,-0.05371085101125751,0.00807715577848365,-0.06676883124864422,0.019344887804094123,-0.09094682234553299,0.02219636210538054,-0.07560771764157988,0.02760939382532713,0.3644267624408334,0.3644267624408334,0.2175800484216603,0.35990150792663617,0.3533983464394953,-0.004525254514197219
EmiliaRomagna_2023a,A_authoritative,B_surface_first,R5_+sar_event,15,0.13165695594398447,0.3575107032257713,0.21368776352910063,0.20053083357383042,0.3564834264584826,-0.012468141246410797,-0.013156929955270208,-0.01673244971275114,-0.0010272767672886984,0.011176508133145191,-0.09096051942200617,0.4324355664568852,0.15991760040433786,5,0.4324355664568852,0.15991760040433786,0.2796105913589133,0.09157131608993797,0.41785653119937294,0.1608828094608311,0.4378396414657561,0.1433649383462024,0.3774177259772338,0.1605690254718015,-0.018895679648747103,0.44321091941440827,-0.15282497509797188,-0.014579035257512252,0.005404075008870912,-0.055017840479651414,fold_mean_null,0.78,-0.008743050419278612,0.011132607081731975,99,-0.0037250908271321843,0.8,-0.012833260389355032,0.008973872470831134,99,-0.0060624192593920715,0.91,0.001247964220494797,0.030795234906140428,99,-0.014404894175765005,0.98,-0.016543239026668155,0.02333674145062097,99,-0.13628173607130373,0.65,-0.00630012196106337,0.01285078956256579,99,0.005272845193774672,0.87,-0.0028930817531435536,0.0028990199072313877,99,-0.011685953504368699,0.7692307692307693,0.020483781422645418,0.049618711604844865,25,-0.009307273289500227,0.7692307692307693,0.014286286820050495,0.04425293250286784,25,-0.008882211811179583,-0.013678406812273563,-0.24011676563406636,0.12187150723902679,0.5701063737794533,0.08081817547773731,0.41809085268501506,-0.021406617132074274,0.046323137521965964,0.21604328507597753,0.548773115819753,0.21604328507597753,0.548773115819753,0.19284798394963987,0.4266732989136743,-0.17297052682917535,0.0023677344657829585,-0.01953997178136734,0.006654645580267607,-0.05719665031749149,0.009228666250278187,0.29130304947208435,0.5858872052448773,-0.021034198100533547,0.03274702729366637,-0.07757708492705445,0.003874220596511827,-0.05024923737168285,0.011504578934364565,-0.07361967761910626,0.05273881830599034,-0.10687418598208724,0.059910844405872285,-0.024040616033080497,0.03213939521203801,0.4324355664568852,0.4324355664568852,0.2796105913589133,0.4378396414657561,0.41785653119937294,0.005404075008870912
Forli_2023b,A_authoritative,A_terrain_first,R0_none,0,0.045382324902609246,0.04135971379861476,0.047699852077009455,0.05324976969258515,0.04135971379861476,0.0002961805330313235,0.005549917615575696,0.005827907963345712,0.0,0.012523319922940125,-0.006721464927956437,0.05048159323079937,0.02033211502424156,5,0.05048159323079937,0.02033211502424156,0.06978180102021743,0.03202326199304271,0.05048159323079937,0.02033211502424156,0.059380712329769825,0.01235904439890092,0.044572593531366854,0.023646262792966492,0.00033175183468057447,0.19998305443801398,0.01930020778941806,0.0,0.008899119098970454,-0.005908999699432517,fold_mean_null,0.5,0.0011921250798554875,0.0067433830110276115,99,-0.0008959445468241639,0.49,0.0009816076978080087,0.0069228365960515926,99,-0.0006498558631274342,0.52,0.008727153549527354,0.032528282616057405,99,-0.003177235933951658,0.43,0.01605011888826779,0.04438352589338991,99,0.003250088901150267,1.0,0.0,0.0,99,0.0,1.0,0.0,0.0,99,0.0,0.7307692307692307,0.024679437999410282,0.06266551321629682,25,-0.012156118076470157,0.8076923076923077,0.02645995738566312,0.06544886944639436,25,-0.017560838286692665,-0.0032495546432853447,0.003422881408069708,0.03086478671097908,0.05832247254575225,0.03486951428721318,0.06532888345573867,-0.0001777873244796978,0.024602530891279863,0.03796739855446819,0.06448889438886789,0.03796739855446819,0.06448889438886789,0.05079176862154697,0.10396745914850082,0.006078382078106986,0.049595831148598835,0.0,0.0,-0.0008239245923817976,0.001471226946575565,0.1644476888123599,0.23871124754261067,0.0012929456448527912,0.023869321655479715,-0.008771921248067678,0.002015064013932388,-0.000993381832208934,0.0015807465173966887,-0.001834034236900242,0.01389966740151079,-0.0019309559822009456,0.014564668542204097,0.0,0.0,0.05048159323079937,0.05048159323079937,0.06978180102021743,0.059380712329769825,0.05048159323079937,0.008899119098970454
Forli_2023b,A_authoritative,A_terrain_first,R1_+terrain,3,0.045382324902609246,0.15174914763952327,0.1506538519107204,0.15887398770804423,0.153449798850399,0.0026408750275997805,0.008220135797323835,0.009678192826112363,0.001700651210875731,0.028393039524250013,-0.011811804038516893,0.16418075739961596,0.022919447073622284,5,0.16418075739961596,0.022919447073622284,0.1677718996618679,0.030534828942447693,0.15851908860854624,0.02202498479996171,0.18799944009758235,0.030156428375106972,0.1520642923072922,0.0276297079980962,0.003489527271381733,0.17412257452111496,0.003591142262251934,-0.005661668791069718,0.023818682697966387,-0.012116465092323753,fold_mean_null,0.06,-0.00026510763115832026,0.0024794627977843065,99,0.0029059826587581007,0.05,-0.00042308339222353744,0.0034137840971570532,99,0.003912610663605271,0.19,-0.0022942042331310373,0.02059244349031987,99,0.010514340030454872,0.26,-0.001352679383697554,0.020228686622836112,99,0.004943821645949488,0.1,-0.007253905180505914,0.005607536701560941,99,0.008954556391381645,0.49,-0.004530275570432608,0.006397387534216354,99,-0.0011313932206371106,0.5384615384615384,0.02548711646262404,0.05094194495103763,25,0.002905923061625973,0.5769230769230769,0.02271212539424368,0.04803015629079139,25,0.0011065573037227078,0.022470438852435003,0.005914941166667052,0.11197614691771259,0.1976927090608633,0.11131144397655361,0.19616284294981468,-0.01065066101786476,0.06405857831542307,0.12752223787815936,0.21063757593976637,0.12752223787815936,0.21063757593976637,0.13688545653122738,0.20766593788886153,-0.02240845706604268,0.030355327443529007,-0.031207946628143482,0.019797085698551393,-0.000802811709817692,0.00806249721696522,0.1410248705618272,0.21332004789578396,-0.014149682501824998,0.06139931876895946,-0.021645389430750134,-0.002519581399910823,-0.0011305373171280324,0.006235850063337324,-0.021498506313151006,0.037598205827934536,-0.02613016799101398,0.042946093881485944,-0.024532508467418845,0.026753999597987466,0.16418075739961596,0.16418075739961596,0.1677718996618679,0.18799944009758235,0.15851908860854624,0.023818682697966387
Forli_2023b,A_authoritative,A_terrain_first,R2_+surface,6,0.045382324902609246,0.18807447454679455,0.18545012999879576,0.19609139221980543,0.20002972688763884,0.0033067207047657666,0.010641262221009667,0.01306397878498702,0.011955252340844297,0.026887804465126758,-0.013257817854740173,0.20145298591855026,0.02888088457486044,5,0.20145298591855026,0.02888088457486044,0.20629876346890383,0.03767320698074315,0.2060882095359005,0.029213101427030555,0.22100357940410506,0.03534213160402694,0.18866500810769918,0.03188263945419416,0.004243035409650749,0.16653423981731924,0.004845777550353564,0.004635223617350248,0.019550593485554796,-0.012787977810851087,fold_mean_null,0.03,-0.0003015682254237742,0.0022081728772223312,99,0.0036082889301895407,0.01,-0.00046909524887394266,0.0032672017000747074,99,0.0047121306585246915,0.21,-0.0028297661113956016,0.020470682613006067,99,0.01347102833240527,0.25,-0.002114682124826202,0.019818815832811174,99,0.006960459675179766,0.01,-0.008787117636165387,0.0015414504351606685,99,0.020742369977009685,0.06,-0.0047562185672147496,0.003344491119395701,99,0.009391442184564999,0.5,0.01848135879981715,0.040962119259164,25,0.008406445665309608,0.5384615384615384,0.015301976350843778,0.037067840377120534,25,0.004248617134711018,0.028295266268928792,0.00871640561224341,0.14002006659915053,0.23929970717277277,0.14130298969995478,0.23703801028785063,-0.014540462596908565,0.06503288157725683,0.15810626033442152,0.25320582801684327,0.15810626033442152,0.25320582801684327,0.1710492205730363,0.2509612445600546,-0.025954002806422793,0.03521046174160102,-0.021163931539508848,0.029061719686414758,-5.844251778974165e-05,0.00918067095561169,0.1336235502549267,0.20477483514697617,-0.020133906072088568,0.06010125025069109,-0.02072712523809192,-0.0032585607339885476,-0.00036299102852959823,0.007077289790780788,-0.023178821355413673,0.043121110807059354,-0.029035050462287024,0.051402243598256056,-0.022693649132437422,0.04029210268125564,0.20145298591855026,0.20145298591855026,0.20629876346890383,0.22100357940410506,0.2060882095359005,0.019550593485554796
Forli_2023b,A_authoritative,A_terrain_first,R3_+hydrography,10,0.045382324902609246,0.2201242135681909,0.20874471003357803,0.21805166392001984,0.2283346224119063,0.001806074817497856,0.009306953886441816,0.011762264346866823,0.008210408843715405,0.0376486717016673,-0.008272318461694572,0.22483239096052623,0.034492834202859875,5,0.22483239096052623,0.034492834202859875,0.23539848091662954,0.034011263111193034,0.23196986986730175,0.029626391918418146,0.2723315178769149,0.03903673355553793,0.21784943995225828,0.03542061565338687,0.002072953937875955,0.16081844803704445,0.010566089956103308,0.0071374789067755184,0.04749912691638866,-0.006982951008267957,fold_mean_null,0.05,-0.0007519631013885862,0.0010324714258356075,99,0.002558037918886442,0.05,-0.0010091615564780227,0.0017482819008219023,99,0.0030821154943539777,0.14,-0.0040117044901215706,0.017207288936838882,99,0.013318658376563385,0.07,-0.004222835205930692,0.01216573564073709,99,0.014788925162034,0.01,-0.010625571563201463,0.0,99,0.01883598040691687,0.04,-0.005638864943188813,0.002259989042546732,99,0.01277634384996433,0.34615384615384615,0.027339414281731395,0.047776958615230194,25,0.010309257419935908,0.11538461538461539,0.030659625349223042,0.056358163554304556,25,0.01683950156716562,0.019165186158518418,0.019078358008739894,0.16098788174693268,0.2930792976449391,0.15197784346589166,0.2740471830835066,0.0054746770977500345,0.07439233793364713,0.16814536161027563,0.2834882517463379,0.16814536161027563,0.2834882517463379,0.18371002815554174,0.28641388027333947,-0.010816090920590113,0.03246384195187523,-0.015794457165663925,0.028746577551826902,-0.0008418801706000552,0.004930003322895488,0.12907223500443865,0.1983546235797369,0.012020156742192247,0.08212412307671695,-0.014106412608932202,0.0011425682065061434,-0.0008850571478450904,0.0042690621226039935,-0.018384097160270615,0.03731147678257679,-0.024269033547213235,0.045413048463922835,-0.021841497423155283,0.034958019688016685,0.22483239096052623,0.22483239096052623,0.23539848091662954,0.2723315178769149,0.23196986986730175,0.04749912691638866
Forli_2023b,A_authoritative,A_terrain_first,R4_+forcing,14,0.045382324902609246,0.2774395582054523,0.2642914885288108,0.25369348924615903,0.27073823281826315,-0.0005340529183699388,-0.01059799928265176,-0.014405160627350965,-0.00670132538718915,0.0012306716394442918,-0.004430339822942941,0.2807506799429819,0.047521183158573996,5,0.2807506799429819,0.047521183158573996,0.27535962415883847,0.0474499077176626,0.27608126330191524,0.04508184942599636,0.3005097258586079,0.0513054090098674,0.27841192630947476,0.04955639778343407,0.00015121891147687594,0.14560651494129004,-0.00539105578414345,-0.0046694166410666815,0.019759045915625995,-0.0023387536335071624,fold_mean_null,0.38,-0.0010379176422919093,0.00010726902687926976,99,0.0005038647239219705,0.08,-0.0012304379670351271,0.00032591573170369245,99,0.0013816568785120031,0.73,-0.006227165984638609,0.008815017249413429,99,-0.004370833298013151,0.53,-0.0064838850629614616,0.00351252135928507,99,0.0010928292788180112,0.36,-0.01568058850863781,0.0003992566699796728,99,0.008979263121448661,0.39,-0.008466396453843393,0.0,99,0.003796979812776711,0.3076923076923077,-0.0024207633810048824,0.016482879299191944,25,0.0036514350204491742,0.11538461538461539,0.001800492514186447,0.024704260994938058,25,0.017958553401439547,0.009488977049338078,0.0015194025887037027,0.21698931442083058,0.34331088877927873,0.20964267339368145,0.3241999793853929,-0.024153070769644614,0.03089012799547339,0.2220307588935768,0.3374610821915794,0.2220307588935768,0.3374610821915794,0.22197478669520448,0.329201766255682,-0.015081933772753091,0.0077522543001410415,-0.013324964340155319,0.00770546005064272,-0.0019424334821751363,0.002655706524440828,0.11565340020799815,0.17949320577867614,-0.0008579595431880824,0.04210483020812175,-0.012352115885013242,0.007709576369291987,-0.002153969083622761,0.001119245771196491,-0.03095382715402893,0.0056589814336290446,-0.04346293157244615,0.007170596650729879,-0.022599410773120915,0.008034715909621373,0.2807506799429819,0.2807506799429819,0.27535962415883847,0.3005097258586079,0.27608126330191524,0.019759045915625995
Forli_2023b,A_authoritative,A_terrain_first,R5_+sar_event,15,0.045382324902609246,0.3788359546575025,0.3691133789425794,0.36702414960825797,0.37558549948021985,-7.636766480954985e-05,-0.0020892293343214297,-0.003311576540995116,-0.003250455177282674,-0.0035838101601959327,-0.03570481147951554,0.378974984080082,0.04231258593245952,5,0.378974984080082,0.04231258593245952,0.378077701152323,0.04829754683329175,0.37798887749818616,0.04715882755488015,0.38515660673844804,0.05707361814399716,0.3507391461509165,0.045457157570009434,0.0005906128181370453,0.13764784628079813,-0.0008972829277590355,-0.0009861065818958514,0.006181622658366026,-0.028235837929165508,fold_mean_null,0.12,-0.0008440114088680513,0.00016363381280778128,99,0.0007676437440585014,0.02,-0.001025311666869012,0.00022396253526313204,99,0.0016159244850060574,0.27,-0.0071101672992673745,0.003076082583753009,99,0.005020937964945945,0.18,-0.00629040881229062,0.0016090665452434478,99,0.005393125884531585,0.6,-0.004811526657398734,0.0008635091580263245,99,0.0015610714801160604,0.41,-0.003382331211540523,0.0009403926773222392,99,0.0023962246296446717,0.4230769230769231,-0.006184869996309115,0.014708718776370203,25,0.0026010598361131823,0.23076923076923078,-0.0014650885485123788,0.016960167205957215,25,0.007646711206878405,0.011739555166810328,0.008684232915388767,0.3096597164782313,0.4444718041529601,0.3027884446454279,0.4328611647684923,-0.02426857824189153,0.018794300961959026,0.30699853127351484,0.44072206892299925,0.30699853127351484,0.44072206892299925,0.3117922599001606,0.4363542435619798,-0.01076389615680999,0.009892556781891748,-0.01208100299675836,0.010314389237154614,-0.0013875349955774876,0.003038898143895632,0.11033138798199907,0.16956353340340816,-0.010518517513907425,0.02549110036114291,-0.04182424195215196,-0.013977329963764183,-0.0014421589830457568,0.0014331436714867618,-0.017364774377906372,0.01492528999783763,-0.0284275554473469,0.022468526373012224,-0.016536127204648168,0.012548236973066493,0.378974984080082,0.378974984080082,0.378077701152323,0.38515660673844804,0.37798887749818616,0.006181622658366026
Forli_2023b,A_authoritative,B_surface_first,R0_none,0,0.045382324902609246,0.04135971379861476,0.047699852077009455,0.05324976969258515,0.04135971379861476,0.0002961805330313235,0.005549917615575696,0.005827907963345712,0.0,0.012523319922940125,-0.006721464927956437,0.05048159323079937,0.02033211502424156,5,0.05048159323079937,0.02033211502424156,0.06978180102021743,0.03202326199304271,0.05048159323079937,0.02033211502424156,0.059380712329769825,0.01235904439890092,0.044572593531366854,0.023646262792966492,0.00033175183468057447,0.19998305443801398,0.01930020778941806,0.0,0.008899119098970454,-0.005908999699432517,fold_mean_null,0.5,0.0011921250798554875,0.0067433830110276115,99,-0.0008959445468241639,0.49,0.0009816076978080087,0.0069228365960515926,99,-0.0006498558631274342,0.52,0.008727153549527354,0.032528282616057405,99,-0.003177235933951658,0.43,0.01605011888826779,0.04438352589338991,99,0.003250088901150267,1.0,0.0,0.0,99,0.0,1.0,0.0,0.0,99,0.0,0.7307692307692307,0.024679437999410282,0.06266551321629682,25,-0.012156118076470157,0.8076923076923077,0.02645995738566312,0.06544886944639436,25,-0.017560838286692665,-0.0032495546432853447,0.003422881408069708,0.03086478671097908,0.05832247254575225,0.03486951428721318,0.06532888345573867,-0.0001777873244796978,0.024602530891279863,0.03796739855446819,0.06448889438886789,0.03796739855446819,0.06448889438886789,0.05079176862154697,0.10396745914850082,0.006078382078106986,0.049595831148598835,0.0,0.0,-0.0008239245923817976,0.001471226946575565,0.1644476888123599,0.23871124754261067,0.0012929456448527912,0.023869321655479715,-0.008771921248067678,0.002015064013932388,-0.000993381832208934,0.0015807465173966887,-0.001834034236900242,0.01389966740151079,-0.0019309559822009456,0.014564668542204097,0.0,0.0,0.05048159323079937,0.05048159323079937,0.06978180102021743,0.059380712329769825,0.05048159323079937,0.008899119098970454
Forli_2023b,A_authoritative,B_surface_first,R1_+surface,3,0.045382324902609246,0.09935972294214107,0.09133717666972069,0.10294069062189304,0.1203824388557698,0.0020243205169769712,0.01160351395217235,0.012769878610907715,0.021022715913628726,0.00491831190291063,-0.017901329535957716,0.11165551911349163,0.030687167603873838,5,0.11165551911349163,0.030687167603873838,0.13317052645226798,0.046667702045080646,0.13549868639295387,0.04345841636258082,0.1151015044591464,0.025423075198599956,0.09199278511758469,0.028545251463027988,0.002763775997244716,0.1879435814880289,0.021515007338776357,0.023843167279462243,0.0034459853456547673,-0.019662733995906942,fold_mean_null,0.27,0.000624295877715815,0.005342169049072403,99,0.0014000246392611563,0.27,0.000508897514286108,0.0060930829456626425,99,0.002254878482958608,0.28,0.006825101958120044,0.03438146872800258,99,0.004778411994052306,0.19,0.005907846672368249,0.032970306597362664,99,0.015607160666408108,0.1,0.0028880434633446334,0.02373011534316141,99,0.018134672450284092,0.11,0.004141082284684447,0.029828658970139706,99,0.019702084994777797,0.6538461538461539,0.015866968847147948,0.06801957785822953,25,-0.010948656944237318,0.6923076923076923,0.015109072695001962,0.064328630519007,25,-0.011663087349347194,0.011997634955691387,0.017568815929191347,0.07657567713230823,0.12644314570448778,0.06712298930297005,0.1212790538217503,-0.015533342928729476,0.026277318030985063,0.08534215062936157,0.13783096904755948,0.08534215062936157,0.13783096904755948,0.09962412757224608,0.16596088291857441,-0.0001341132017359146,0.04628388606588107,0.003233920523536233,0.04862327791115367,-0.0008686500133164477,0.006791619573533029,0.15179376442662,0.22973199582577172,-0.01458853492480296,0.02461915838229488,-0.025837366279772376,-0.008856467285787211,-0.001175634627118298,0.005104470116018767,-0.004202404485507791,0.030071237943245503,-0.0046568818036855815,0.03348380239628616,-0.0014463936675104304,0.05057945912980175,0.11165551911349163,0.11165551911349163,0.13317052645226798,0.1151015044591464,0.13549868639295387,0.0034459853456547673
Forli_2023b,A_authoritative,B_surface_first,R2_+forcing,7,0.045382324902609246,0.20324259989274232,0.19808220603852653,0.1996146792894678,0.19111875789873067,-0.00020342076187137399,0.0015324732509412742,0.0019110104083996655,-0.012123841994011647,-0.014065573946013016,-0.0038615321376790634,0.20889828841521182,0.012637434451815062,5,0.20889828841521182,0.012637434451815062,0.21015295621759625,0.02016230190337237,0.20473361481539118,0.02578416771403362,0.1972691415669726,0.03459207377212413,0.20608181886335492,0.0115027995398007,0.00023555360464329878,0.1592937935869996,0.0012546678023844238,-0.004164673599820645,-0.011629146848239236,-0.0028164695518569094,fold_mean_null,0.3,-0.0005633126861339399,0.001077249551416259,99,0.0003598919242625659,0.17,-0.0006001231317065153,0.0013078339529045365,99,0.0008356767363498141,0.23,-0.003392567801413799,0.006043659125209411,99,0.004925041052355073,0.22,-0.0029988501284359463,0.009450236195569998,99,0.0042535179308203705,0.65,-0.008524578239021424,0.0007313884214076245,99,-0.0035992637549902232,0.51,-0.004416518600703525,0.007087749091294516,99,0.0002518450008828794,0.46153846153846156,-0.01699067441355877,-0.003253938875009748,25,0.0029251004675457555,0.4230769230769231,-0.01596485380516579,-0.0028495783612344783,25,0.0043357069569265536,0.005246134940551857,0.005376701716773482,0.1584876769059449,0.24380272914144008,0.15444164244152292,0.23772110558911705,-0.03422813175345605,0.00823526826658402,0.16404976915901126,0.25129203086904367,0.16404976915901126,0.25129203086904367,0.16767158515236444,0.24759359253733554,-0.01369651808126385,0.014409735957153297,-0.02748081162704823,0.016707108883944336,-0.0013343491650364414,0.002271081704484753,0.12941785263150965,0.19197535270619523,-0.031274506010923776,0.011692612396081275,-0.014768775889117706,0.010480603734161697,-0.0014119433581504593,0.0009857737971590353,-0.008844357334369031,0.011491130553459203,-0.011082633432214712,0.013972261020959196,-0.031789913568269226,0.011749680208589512,0.20889828841521182,0.20889828841521182,0.21015295621759625,0.1972691415669726,0.20473361481539118,-0.011629146848239236
Forli_2023b,A_authoritative,B_surface_first,R3_+terrain,10,0.045382324902609246,0.26583861680504833,0.2593797256049426,0.2599201858453285,0.26201189433392424,6.621731771958952e-05,0.0005404602403858982,0.0007297400018212424,-0.003826722471124089,0.009108161099694312,-0.005841353765459856,0.27207626021061737,0.018401121299875443,5,0.27207626021061737,0.018401121299875443,0.269040903673173,0.02747732126198909,0.26797498698006433,0.02956792061598422,0.2852785346469259,0.040516859293782674,0.2661186273110087,0.020800915282674748,0.0009859877463387285,0.14557460202670536,-0.003035356537444356,-0.0041012732305530375,0.013202274436308503,-0.005957632899608656,fold_mean_null,0.12,-0.0008710981030899975,0.0006261958315479014,99,0.000937315420809587,0.03,-0.0010425907243198165,0.0004933880167136278,99,0.0020285784706585448,0.17,-0.004892652418910457,0.006155618353166508,99,0.005433112659296355,0.5,-0.004257285900089487,0.006526313521912195,99,0.001221929362645131,0.37,-0.010902341042257102,0.0,99,0.007075618571133013,0.44,-0.007210371754589044,0.000289745968253585,99,0.0031090985240360067,0.11538461538461539,-0.0034784736416104377,0.009213786181406678,25,0.01258663474130475,0.07692307692307693,-0.002722957178182657,0.011608097245489543,25,0.01592523161449116,0.013934975211447985,0.0016786502429480923,0.2159517079186254,0.32046660212355976,0.21155130604022976,0.31093930740780995,-0.014223336600215035,0.035693837053266196,0.22227408084061695,0.32615544452581424,0.22227408084061695,0.32615544452581424,0.22342019596872142,0.31870441925083626,-0.015130407750564739,0.01052633152710284,-0.016329387502198155,0.009847243291864392,-0.0017317571130813008,0.004484461368566554,0.11549486808335337,0.17927897372411075,-0.01292543069453021,0.0390214739316873,-0.01726741065987539,0.00642168456333786,-0.0017297682352169683,0.002188021477845527,-0.016643737957066976,0.01640999284008574,-0.023092381340824367,0.021758496303055316,-0.020977921043651603,0.013222591495894422,0.27207626021061737,0.27207626021061737,0.269040903673173,0.2852785346469259,0.26797498698006433,0.013202274436308503
Forli_2023b,A_authoritative,B_surface_first,R4_+hydrography,14,0.045382324902609246,0.2774395582054523,0.2642914885288108,0.25369348924615903,0.27073823281826315,-0.0005340529183699388,-0.01059799928265176,-0.014405160627350965,-0.00670132538718915,0.0012306716394442918,-0.004430339822942941,0.2807506799429819,0.047521183158573996,5,0.2807506799429819,0.047521183158573996,0.27535962415883847,0.0474499077176626,0.27608126330191524,0.04508184942599636,0.3005097258586079,0.0513054090098674,0.27841192630947476,0.04955639778343407,0.00015121891147687594,0.14560651494129004,-0.00539105578414345,-0.0046694166410666815,0.019759045915625995,-0.0023387536335071624,fold_mean_null,0.38,-0.0010379176422919093,0.00010726902687926976,99,0.0005038647239219705,0.08,-0.0012304379670351271,0.00032591573170369245,99,0.0013816568785120031,0.73,-0.006227165984638609,0.008815017249413429,99,-0.004370833298013151,0.53,-0.0064838850629614616,0.00351252135928507,99,0.0010928292788180112,0.36,-0.01568058850863781,0.0003992566699796728,99,0.008979263121448661,0.39,-0.008466396453843393,0.0,99,0.003796979812776711,0.3076923076923077,-0.0024207633810048824,0.016482879299191944,25,0.0036514350204491742,0.11538461538461539,0.001800492514186447,0.024704260994938058,25,0.017958553401439547,0.009488977049338078,0.0015194025887037027,0.21698931442083058,0.34331088877927873,0.20964267339368145,0.3241999793853929,-0.024153070769644614,0.03089012799547339,0.2220307588935768,0.3374610821915794,0.2220307588935768,0.3374610821915794,0.22197478669520448,0.329201766255682,-0.015081933772753091,0.0077522543001410415,-0.013324964340155319,0.00770546005064272,-0.0019424334821751363,0.002655706524440828,0.11565340020799815,0.17949320577867614,-0.0008579595431880824,0.04210483020812175,-0.012352115885013242,0.007709576369291987,-0.002153969083622761,0.001119245771196491,-0.03095382715402893,0.0056589814336290446,-0.04346293157244615,0.007170596650729879,-0.022599410773120915,0.008034715909621373,0.2807506799429819,0.2807506799429819,0.27535962415883847,0.3005097258586079,0.27608126330191524,0.019759045915625995
Forli_2023b,A_authoritative,B_surface_first,R5_+sar_event,15,0.045382324902609246,0.3788359546575025,0.3691133789425794,0.36702414960825797,0.37558549948021985,-7.636766480954985e-05,-0.0020892293343214297,-0.003311576540995116,-0.003250455177282674,-0.0035838101601959327,-0.03570481147951554,0.378974984080082,0.04231258593245952,5,0.378974984080082,0.04231258593245952,0.378077701152323,0.04829754683329175,0.37798887749818616,0.04715882755488015,0.38515660673844804,0.05707361814399716,0.3507391461509165,0.045457157570009434,0.0005906128181370453,0.13764784628079813,-0.0008972829277590355,-0.0009861065818958514,0.006181622658366026,-0.028235837929165508,fold_mean_null,0.12,-0.0008440114088680513,0.00016363381280778128,99,0.0007676437440585014,0.02,-0.001025311666869012,0.00022396253526313204,99,0.0016159244850060574,0.27,-0.0071101672992673745,0.003076082583753009,99,0.005020937964945945,0.18,-0.00629040881229062,0.0016090665452434478,99,0.005393125884531585,0.6,-0.004811526657398734,0.0008635091580263245,99,0.0015610714801160604,0.41,-0.003382331211540523,0.0009403926773222392,99,0.0023962246296446717,0.4230769230769231,-0.006184869996309115,0.014708718776370203,25,0.0026010598361131823,0.23076923076923078,-0.0014650885485123788,0.016960167205957215,25,0.007646711206878405,0.011739555166810328,0.008684232915388767,0.3096597164782313,0.4444718041529601,0.3027884446454279,0.4328611647684923,-0.02426857824189153,0.018794300961959026,0.30699853127351484,0.44072206892299925,0.30699853127351484,0.44072206892299925,0.3117922599001606,0.4363542435619798,-0.01076389615680999,0.009892556781891748,-0.01208100299675836,0.010314389237154614,-0.0013875349955774876,0.003038898143895632,0.11033138798199907,0.16956353340340816,-0.010518517513907425,0.02549110036114291,-0.04182424195215196,-0.013977329963764183,-0.0014421589830457568,0.0014331436714867618,-0.017364774377906372,0.01492528999783763,-0.0284275554473469,0.022468526373012224,-0.016536127204648168,0.012548236973066493,0.378974984080082,0.378974984080082,0.378077701152323,0.38515660673844804,0.37798887749818616,0.006181622658366026
York_2015,A_authoritative,A_terrain_first,R0_none,0,0.04750462107208873,0.03233046232730408,0.032974565063862336,0.03519346103102708,0.03233046232730408,-0.011551320957148569,0.0022188959671647426,0.002294558019884222,0.0,0.020317571751887697,-0.00010844533634722653,0.10899430100877647,0.08895948935666119,5,0.10899430100877647,0.08895948935666119,0.13643409259086278,0.08363059025150972,0.10899430100877647,0.08895948935666119,0.17495162188578112,0.18988873449861418,0.13984416271810662,0.08391293166437523,-0.000568357630884591,0.3889916605598265,0.027439791582086315,0.0,0.06595732087700465,0.030849861709330156,fold_mean_null,0.52,-0.028354656570438782,0.03022296371581111,99,0.016803335613290213,0.15,-0.03237913514200505,0.019094590913139392,99,0.03181077751112046,0.31,0.0022883423385592436,0.02650257413001484,99,-6.944637139450101e-05,0.31,0.026790139290809655,0.10626602171188158,99,0.0006496522912766596,1.0,0.004783305073360114,0.0167860546871886,99,-0.004783305073360114,0.71,0.0008911662253422226,0.0071132496505650665,99,-0.0008911662253422226,0.23076923076923078,0.013483393076168249,0.029941392789368526,25,0.006834178675719449,0.038461538461538464,0.02688037359457621,0.0632158067420785,25,0.03907694728242844,0.08177753082248404,0.0007291224871088717,0.018394243243995332,0.05273340863293691,0.019399924106774366,0.05315030285259684,-5.41938568664828e-05,0.05402825540804701,0.04764680321274814,0.13983490465935564,0.04764680321274814,0.13983490465935564,0.057477202997930375,0.16302800814389218,-0.0065141152900236015,0.045348219964890836,0.0,0.0,-0.010852497985650182,0.006235586662246123,0.20661287418983604,0.45968234895893534,1.2175488311957694e-05,0.09380731249138692,0.0002566068922158969,0.04410059798326275,-0.032080683921435815,0.006296682173050123,-0.005231470285511693,0.006785006859526932,-0.005463701140844386,0.007084464948721062,0.0,0.0,0.10899430100877647,0.10899430100877647,0.13643409259086278,0.17495162188578112,0.10899430100877647,0.06595732087700465
York_2015,A_authoritative,A_terrain_first,R1_+terrain,3,0.04750462107208873,0.5446245561706886,0.4895387918199615,0.4867277519203604,0.5518137708233004,0.0005777786516551563,-0.002811039899601131,-0.005506862920344936,0.007189214652611797,-0.006378171074783889,-0.1272687806982713,0.6288359904348544,0.20670370977627567,5,0.6288359904348544,0.20670370977627567,0.6416594026739082,0.21340203999649335,0.6194859156079757,0.2232952930981468,0.6753919332135485,0.1772235882928693,0.5515876736830678,0.2299278802196908,-0.0016571358779926479,0.21696155173150458,0.01282341223905381,-0.009350074826878663,0.046555942778694126,-0.07724831675178656,fold_mean_null,0.3,-0.013445408640710716,0.032256305692605965,99,0.014023187292365872,0.35,-0.028141911509696697,0.04478296783076836,99,0.02648477563170405,0.28,-0.09409798690439276,0.1695810389084811,99,0.09128694700479163,0.31,-0.021927145601538616,0.08013576050668836,99,0.03475055784059243,0.04,-0.04272200007390116,0.0,99,0.049911214726512956,0.75,-0.007926298863229079,0.0015615059740340938,99,-0.0014237759636495841,0.7692307692307693,0.019062468271511934,0.13547812369983575,25,-0.025440639346295823,0.46153846153846156,0.042390562364710005,0.1187714120731676,25,0.004165380413984121,0.12207128599669875,0.09362588221122532,0.26887663712664867,0.7239631007958675,0.2191009313017958,0.6725790256715533,-0.16655533491442054,0.15376997171809986,0.38093902571229576,0.7153499972913664,0.38093902571229576,0.7153499972913664,0.42167902370059523,0.729857018620793,-0.05728926204429647,0.08919793247827307,-0.047049073084299314,0.029210869996825574,-0.032060556035117045,0.015039194979162514,0.14839602832734122,0.26532614406889765,-0.07995020665884921,0.15119599795852204,-0.13591442272261828,-0.008875671561980845,-0.013973562022981743,0.013925501451737187,-0.11265070510883113,0.13928708684132843,-0.27033623006096524,0.23666602448898447,-0.0463046363158487,0.05862177284393819,0.6288359904348544,0.6288359904348544,0.6416594026739082,0.6753919332135485,0.6194859156079757,0.046555942778694126
York_2015,A_authoritative,A_terrain_first,R2_+surface,6,0.04750462107208873,0.5933143779378663,0.5469159688779738,0.5132317584358767,0.6093065116369751,-0.00014196516656557194,-0.03368421044209713,-0.07434428964243318,0.01599213369910879,-0.03624864467886835,-0.20990047648031607,0.6775810726413799,0.17212247534714398,5,0.6775810726413799,0.17212247534714398,0.6757529615755098,0.17585943693846723,0.6815690918103325,0.17317512617069883,0.6950535398104891,0.16456674854269115,0.5447661884056018,0.21532075919448873,-0.006024538925132816,0.2159273714604395,-0.0018281110658701083,0.003988019168952639,0.017472467169109218,-0.13281488423577814,fold_mean_null,0.3,-0.013434245825756638,0.03167874008861962,99,0.013292280659191066,0.39,-0.03544637504285368,0.04862319381285005,99,0.029421836117720864,0.32,-0.11505063699890741,0.14117996767612326,99,0.08136642655681028,0.36,-0.041150722754396275,0.06948140650784228,99,0.03932261168852617,0.01,-0.041236641822343746,0.0,99,0.057228775521452536,0.03,-0.0134750302672425,8.919734346051175e-05,99,0.017463049436195137,0.8076923076923077,0.00011158237700040763,0.11613964959397614,25,-0.036360227055868756,0.7307692307692307,0.01934864676721274,0.08111121279116407,25,-0.0018761795981035202,0.1362580200866813,0.12196123847527231,0.3207198097031026,0.7491950594793959,0.2810611675774033,0.7076507859357017,-0.19791041055461123,0.08647036252143565,0.42914301673036803,0.7591694912159347,0.42914301673036803,0.7591694912159347,0.4347633614657884,0.7748672938215523,-0.06641576112241261,0.071975728723563,-0.014868521259771358,0.041727062468397434,-0.031342250756646095,0.010084946699376884,0.13658333912161968,0.27304022733017147,-0.08738828933926152,0.10029475204893498,-0.17807624425072657,-0.05797106960016083,-0.014272429624901932,0.01241423881035386,-0.14197897844304896,0.07608133519118805,-0.3854056880303911,0.14530318802361883,-0.02847542248213422,0.05896165741802326,0.6775810726413799,0.6775810726413799,0.6757529615755098,0.6950535398104891,0.6815690918103325,0.017472467169109218
York_2015,A_authoritative,A_terrain_first,R3_+hydrography,10,0.04750462107208873,0.5850002259759433,0.48963430137357167,0.47148624799065486,0.6049718241565665,0.0015502911176125851,-0.018148053382916807,-0.03555892065583469,0.019971598180623218,-0.06278388363640919,-0.1960411327378182,0.7270808067145936,0.152269233828804,5,0.7270808067145936,0.152269233828804,0.7103400239614348,0.15357547118354392,0.7277930313481198,0.14561319989251142,0.7478511963397211,0.11056551040066057,0.5728807364245017,0.22544624798568205,0.003067914779988019,0.22368018514355636,-0.016740782753158823,0.0007122246335261595,0.02077038962512745,-0.15420007029009197,fold_mean_null,0.31,-0.01520091660997866,0.0397807269820665,99,0.016751207727591245,0.36,-0.02836235535781271,0.06273448706766623,99,0.031430270137800725,0.37,-0.08158782345338639,0.21051881728677788,99,0.06343977007046958,0.35,-0.05532660491754864,0.05818363602587097,99,0.03858582216438982,0.01,-0.046833479999595716,0.0,99,0.06680507818021894,0.01,-0.015431129419891719,5.94691401045699e-07,99,0.01614335405341788,0.8461538461538461,0.003076778742156563,0.1328785176853364,25,-0.06586066237856575,0.38461538461538464,-0.0005786444745539621,0.05603828472104056,25,0.021349034099681412,0.14051432458189803,0.1413818562919411,0.32150799973902805,0.7538819850186871,0.23341708894744112,0.6721043003865358,-0.2334067932183016,0.06841006603043906,0.49579159290180236,0.8060956475845348,0.49579159290180236,0.8060956475845348,0.47053804499055696,0.8085202673498717,-0.1055398053270763,0.0515328242228653,-0.013155879006889587,0.04471188756639624,-0.02375961080438094,0.018492343479478507,0.1367203595927541,0.2827460873347593,-0.0668738042770102,0.06635330493270557,-0.21593687021683264,-0.05737415467186465,-0.011765671473452711,0.013581522741378334,-0.13047287857047388,0.1018800122428481,-0.32873534540859006,0.17691601393115602,-0.02547093300643264,0.0640525740391873,0.7270808067145936,0.7270808067145936,0.7103400239614348,0.7478511963397211,0.7277930313481198,0.02077038962512745
York_2015,A_authoritative,A_terrain_first,R4_+forcing,14,0.04750462107208873,0.5232680928909726,0.4200616085300108,0.4362163474582253,0.549243047127351,-0.0013745649174388098,0.016154738928214507,0.027855957056518627,0.0259749542363783,-0.009341577152888525,-0.13036400170470303,0.7495431263947999,0.130234094710138,5,0.7495431263947999,0.130234094710138,0.7386750297872552,0.13272667273744457,0.7447746981932037,0.12618067698284846,0.7586435187919089,0.112843185453522,0.6355955630153826,0.2357580577604354,0.0019392391568774953,0.24752956758978897,-0.01086809660754473,-0.004768428201596175,0.009100392397109025,-0.11394756337941736,fold_mean_null,0.26,-0.0135581430189787,0.03974036693778357,99,0.012183578101539892,0.45,-0.026089466123000542,0.07270043194805231,99,0.02802870527987804,0.32,-0.036997067743264174,0.23315890997419222,99,0.05315180667147868,0.28,-0.06508368373214674,0.03761317654536423,99,0.054215587124602005,0.02,-0.05061692951069385,0.0006468621178652732,99,0.07659188374707215,0.64,-0.022010471443808854,0.0,99,0.01724204324221268,0.7307692307692307,0.052982101766420195,0.18679680076669203,25,-0.06232367891930872,0.34615384615384615,-0.005328443359798119,0.03557447571171429,25,0.014428835756907144,0.11323376658714072,0.21646675670823498,0.27512471317357184,0.7130198306224835,0.17919758251261925,0.6373016956239536,-0.07125275787922694,0.04481032126963705,0.542138078284101,0.8189087362019264,0.542138078284101,0.8189087362019264,0.5100708369893142,0.8208208629049845,-0.09306812430552061,0.026468356152925806,-0.01848338405428543,0.005620293385148959,-0.024106500838467586,0.018906470879996296,0.13613659436050196,0.2986481553197147,-0.06360293282351985,0.034145102937654194,-0.16945827465349392,-0.000820848675100837,-0.013774618622752538,0.009837959746193635,-0.08473454988049677,0.09850167846614721,-0.16757482159445294,0.16797696519894156,-0.022283311748481437,0.058992957919381146,0.7495431263947999,0.7495431263947999,0.7386750297872552,0.7586435187919089,0.7447746981932037,0.009100392397109025
York_2015,A_authoritative,A_terrain_first,R5_+sar_event,15,0.04750462107208873,0.49941268486571355,0.3786765296865001,0.409554412659284,0.5479058030454441,0.001047438112169078,0.030877882972783877,0.04969695247019059,0.048493118179730565,-0.03579921672526065,-0.19239047945721643,0.7588481842608242,0.11753347903277764,5,0.7588481842608242,0.11753347903277764,0.7529972180404693,0.12182981180765665,0.7570935492083233,0.12020712326501672,0.7466802885203864,0.10665119350299228,0.6226996045679722,0.2538132807701678,0.005322991242304934,0.25596253239101124,-0.0058509662203549695,-0.0017546350525009524,-0.012167895740437862,-0.136148579692852,fold_mean_null,0.28,-0.015210444203445245,0.04718660396147027,99,0.016257882315614324,0.44,-0.02505460054992368,0.08082155324356659,99,0.03037759179222861,0.35,-0.02404871283640175,0.2682896677724892,99,0.05492659580918563,0.27,-0.06531890228842673,0.031320232605489676,99,0.059467936068071756,0.01,-0.05886462642372475,0.0029848950819781894,99,0.10735774460345532,0.64,-0.02432069714128151,0.0,99,0.022566062088780557,0.8846153846153846,0.050951904157910344,0.2061718645801443,25,-0.086751120883171,0.4230769230769231,-0.016467870354804418,0.03322773771365933,25,0.004299974614366556,0.1186798376639885,0.24659957830212192,0.24865182826712376,0.6930484355607293,0.14949487087850433,0.5932097087751379,-0.1095512629828108,0.03842455011338628,0.5571220005985291,0.8253972832267107,0.5571220005985291,0.8253972832267107,0.5354803685800817,0.8296805445741824,-0.07784407347744764,0.02713487565544958,-0.015154594228052437,0.005256719652336462,-0.02384389175106112,0.024695817311395044,0.144617721277627,0.3066974379870343,-0.08599085466816364,0.01593093101862437,-0.19918809366057846,-0.014925830965656507,-0.012754604091279256,0.014161419616384202,-0.0665300731359652,0.10923324242317994,-0.11799443763377504,0.17321614430850732,-0.012684250089702658,0.09236557200085688,0.7588481842608242,0.7588481842608242,0.7529972180404693,0.7466802885203864,0.7570935492083233,-0.012167895740437862
York_2015,A_authoritative,B_surface_first,R0_none,0,0.04750462107208873,0.03233046232730408,0.032974565063862336,0.03519346103102708,0.03233046232730408,-0.011551320957148569,0.0022188959671647426,0.002294558019884222,0.0,0.020317571751887697,-0.00010844533634722653,0.10899430100877647,0.08895948935666119,5,0.10899430100877647,0.08895948935666119,0.13643409259086278,0.08363059025150972,0.10899430100877647,0.08895948935666119,0.17495162188578112,0.18988873449861418,0.13984416271810662,0.08391293166437523,-0.000568357630884591,0.3889916605598265,0.027439791582086315,0.0,0.06595732087700465,0.030849861709330156,fold_mean_null,0.52,-0.028354656570438782,0.03022296371581111,99,0.016803335613290213,0.15,-0.03237913514200505,0.019094590913139392,99,0.03181077751112046,0.31,0.0022883423385592436,0.02650257413001484,99,-6.944637139450101e-05,0.31,0.026790139290809655,0.10626602171188158,99,0.0006496522912766596,1.0,0.004783305073360114,0.0167860546871886,99,-0.004783305073360114,0.71,0.0008911662253422226,0.0071132496505650665,99,-0.0008911662253422226,0.23076923076923078,0.013483393076168249,0.029941392789368526,25,0.006834178675719449,0.038461538461538464,0.02688037359457621,0.0632158067420785,25,0.03907694728242844,0.08177753082248404,0.0007291224871088717,0.018394243243995332,0.05273340863293691,0.019399924106774366,0.05315030285259684,-5.41938568664828e-05,0.05402825540804701,0.04764680321274814,0.13983490465935564,0.04764680321274814,0.13983490465935564,0.057477202997930375,0.16302800814389218,-0.0065141152900236015,0.045348219964890836,0.0,0.0,-0.010852497985650182,0.006235586662246123,0.20661287418983604,0.45968234895893534,1.2175488311957694e-05,0.09380731249138692,0.0002566068922158969,0.04410059798326275,-0.032080683921435815,0.006296682173050123,-0.005231470285511693,0.006785006859526932,-0.005463701140844386,0.007084464948721062,0.0,0.0,0.10899430100877647,0.10899430100877647,0.13643409259086278,0.17495162188578112,0.10899430100877647,0.06595732087700465
York_2015,A_authoritative,B_surface_first,R1_+surface,3,0.04750462107208873,0.06329501489312453,0.03517021418335168,0.03347064687133974,0.05521894679982331,-0.01447193625415778,-0.0016995673120119362,-0.0017615203603746474,-0.00807606809330122,-0.004233904903272259,0.00024197601904625554,0.18860578328013902,0.13184739104237506,5,0.09696548295392746,0.06384020816828345,0.10429746985015872,0.08368034365561766,0.1598824472652172,0.1119287570749661,0.1394972574611623,0.11064198188251351,0.19113361355228564,0.1320653620588098,-0.008444354952471755,0.4042000225312833,0.007331986896231268,-0.02872333601492183,-0.049108525818976734,0.0025278302721466195,fold_mean_null,0.55,-0.009183380460245442,0.03112027192799543,99,-0.005288555793912337,0.38,-0.027972395680855005,0.03864332003755594,99,0.01952804072838325,0.61,0.009475962990680785,0.061052470330362506,99,-0.011175530302692721,0.76,0.04235794218985599,0.13152802278165973,99,-0.03502595529362472,0.96,0.0033449438430945945,0.030190179604217205,99,-0.011421011936395813,0.97,-0.0031059389385974813,0.019859383719024404,99,-0.02561739707632435,0.3076923076923077,-0.007607372026391992,0.013513620063614685,25,0.003373467123119733,0.7307692307692307,-0.03252086120004096,0.010080922634799962,25,-0.016587664618935773,0.048312814546842005,-0.03878695070062057,0.02986227308745402,0.10492227953095162,0.01895974895699717,0.05881668103124941,-0.025172962853401322,0.032533906503366676,0.10060619796058401,0.2534753498999613,0.05454328440716369,0.12424872649655827,0.05110259689627845,0.14287903978674246,-0.022156609787907934,0.025803314946679753,-0.0365954291924319,0.025818481159079743,-0.013771429617855813,-0.004643041418345824,0.2011740232669508,0.48804760123217994,-0.09620434794588983,0.001812915760260634,-0.0007219868627394581,0.004264176792370554,-0.026027385094466168,-0.004051206521794022,-0.011145322145008954,0.0029138816460929817,-0.01179382403079504,0.00302345059722553,-0.01800186358378076,-0.0004939368267839394,0.18860578328013902,0.09696548295392746,0.10429746985015872,0.1394972574611623,0.1598824472652172,-0.049108525818976734
York_2015,A_authoritative,B_surface_first,R2_+forcing,7,0.04750462107208873,0.08413066832201874,0.04302230712219422,0.033227249238403186,0.0899632060906996,-0.017027007071750574,-0.009795057883791036,-0.010235408784018275,0.005832537768680868,0.06773323826025293,-0.003999021582791501,0.25104042199133286,0.15713622576063366,5,0.25104042199133286,0.15713622576063366,0.17286533907000406,0.16521774091492258,0.24614931709212015,0.15875248299124092,0.2829024058487091,0.23153078060346696,0.24959059303732442,0.15857323540050372,-0.008694531141070758,0.3963849970092347,-0.0781750829213288,-0.0048911048992127115,0.031861983857376264,-0.001449828954008442,fold_mean_null,0.39,-0.021482785122619263,0.029523696206185182,99,0.004455778050868688,0.36,-0.03489373316728034,0.03784782570371629,99,0.02619920202620958,0.66,0.005691420431827132,0.06951028070837702,99,-0.015486478315618168,0.36,-0.07564909412151762,0.010332097173947966,99,-0.0025259887998111824,0.09,-0.008939405917318326,0.024399123917652206,99,0.014771943685999194,0.3,-0.005242191232000322,0.01864401095985385,99,0.0003510863327876104,0.038461538461538464,0.00011615197339982619,0.045609266803143166,25,0.0676170862868531,0.11538461538461539,-0.012936401867930524,0.05648140138007031,25,0.04479838572530679,0.06609534221498098,-0.003372663724425928,0.03593190427449507,0.14456696821374643,0.019847564552158463,0.08888126862211754,-0.005674558559867653,0.18829906189942563,0.12705152949208287,0.3084523826535211,0.12705152949208287,0.3084523826535211,0.05463867521482156,0.2461332457623033,-0.10584298906783846,-0.027086205924387517,-0.012634098022441217,0.002379850926306826,-0.016746151702288874,-0.0044571013734621,0.19717179387587647,0.4793983760328856,-0.050464428046596746,0.10844600285074728,-0.011271839474496226,0.015618013912227703,-0.029762919886563797,-0.006123753936176676,-0.05187446988115782,0.002557681045995049,-0.05696224785428106,0.002618452882720951,-0.01231784997916394,0.02757913230677851,0.25104042199133286,0.25104042199133286,0.17286533907000406,0.2829024058487091,0.24614931709212015,0.031861983857376264
York_2015,A_authoritative,B_surface_first,R3_+terrain,10,0.04750462107208873,0.6306948033795259,0.5821811684297985,0.5573209409513366,0.634994541562045,-0.005896376783274694,-0.02486022747846195,-0.05950001675375649,0.004299738182519164,-0.04140154038258681,-0.16967991771835134,0.7188594484359535,0.16617742769202665,5,0.7188594484359535,0.16617742769202665,0.7113953192596117,0.18120291661473448,0.7086116667352409,0.18115409015350814,0.7249765235498496,0.13777864166594048,0.5948427907700442,0.18376332679823418,-0.008558613250743355,0.20429714446675504,-0.0074641291763417605,-0.01024778170071261,0.006117075113896142,-0.1240166576659093,fold_mean_null,0.29,-0.01574652032268824,0.023113209306154788,99,0.009850143539413547,0.36,-0.03838925586251361,0.027977171295217255,99,0.029830642611770257,0.24,-0.10194664054676617,0.09042232211127026,99,0.07708641306830422,0.29,-0.058007531387720454,0.0226557181002076,99,0.050543402211378693,0.01,-0.028281474516090213,0.0,99,0.03258121269860938,0.81,-0.01082952286861781,0.000141608880756283,99,0.0005817411679052004,0.8076923076923077,-0.005015164888242334,0.09118799436789368,25,-0.036386375494344474,0.5769230769230769,0.00840457621791411,0.05194404786698151,25,-0.0022875011040179687,0.14601595479776544,0.17977983585147952,0.3462303904920107,0.7767937682556261,0.3071710791050163,0.7458479748538135,-0.10757142488663138,0.009049261563770302,0.5114713185935778,0.7921028897712792,0.5114713185935778,0.7921028897712792,0.5042899945129555,0.7958139347043647,-0.03739356756106245,0.03557502414327996,-0.02581678435994466,0.00413391980218963,-0.02574511808080095,0.006749360862241012,0.13739811016945366,0.2565299459490991,-0.08123945138773275,0.03293936192782565,-0.17812271776519573,-0.01814224521324186,-0.016372601751745965,0.0039058617721514496,-0.08973710971663214,0.028400956134144333,-0.20296874848045493,0.06508350910890412,-0.02225124573967356,0.0319627136596406,0.7188594484359535,0.7188594484359535,0.7113953192596117,0.7249765235498496,0.7086116667352409,0.006117075113896142
York_2015,A_authoritative,B_surface_first,R4_+hydrography,14,0.04750462107208873,0.5232680928909726,0.4200616085300108,0.4362163474582253,0.549243047127351,-0.0013745649174388098,0.016154738928214507,0.027855957056518627,0.0259749542363783,-0.009341577152888525,-0.13036400170470303,0.7495431263947999,0.130234094710138,5,0.7495431263947999,0.130234094710138,0.7386750297872552,0.13272667273744457,0.7447746981932037,0.12618067698284846,0.7586435187919089,0.112843185453522,0.6355955630153826,0.2357580577604354,0.0019392391568774953,0.24752956758978897,-0.01086809660754473,-0.004768428201596175,0.009100392397109025,-0.11394756337941736,fold_mean_null,0.26,-0.0135581430189787,0.03974036693778357,99,0.012183578101539892,0.45,-0.026089466123000542,0.07270043194805231,99,0.02802870527987804,0.32,-0.036997067743264174,0.23315890997419222,99,0.05315180667147868,0.28,-0.06508368373214674,0.03761317654536423,99,0.054215587124602005,0.02,-0.05061692951069385,0.0006468621178652732,99,0.07659188374707215,0.64,-0.022010471443808854,0.0,99,0.01724204324221268,0.7307692307692307,0.052982101766420195,0.18679680076669203,25,-0.06232367891930872,0.34615384615384615,-0.005328443359798119,0.03557447571171429,25,0.014428835756907144,0.11323376658714072,0.21646675670823498,0.27512471317357184,0.7130198306224835,0.17919758251261925,0.6373016956239536,-0.07125275787922694,0.04481032126963705,0.542138078284101,0.8189087362019264,0.542138078284101,0.8189087362019264,0.5100708369893142,0.8208208629049845,-0.09306812430552061,0.026468356152925806,-0.01848338405428543,0.005620293385148959,-0.024106500838467586,0.018906470879996296,0.13613659436050196,0.2986481553197147,-0.06360293282351985,0.034145102937654194,-0.16945827465349392,-0.000820848675100837,-0.013774618622752538,0.009837959746193635,-0.08473454988049677,0.09850167846614721,-0.16757482159445294,0.16797696519894156,-0.022283311748481437,0.058992957919381146,0.7495431263947999,0.7495431263947999,0.7386750297872552,0.7586435187919089,0.7447746981932037,0.009100392397109025
York_2015,A_authoritative,B_surface_first,R5_+sar_event,15,0.04750462107208873,0.49941268486571355,0.3786765296865001,0.409554412659284,0.5479058030454441,0.001047438112169078,0.030877882972783877,0.04969695247019059,0.048493118179730565,-0.03579921672526065,-0.19239047945721643,0.7588481842608242,0.11753347903277764,5,0.7588481842608242,0.11753347903277764,0.7529972180404693,0.12182981180765665,0.7570935492083233,0.12020712326501672,0.7466802885203864,0.10665119350299228,0.6226996045679722,0.2538132807701678,0.005322991242304934,0.25596253239101124,-0.0058509662203549695,-0.0017546350525009524,-0.012167895740437862,-0.136148579692852,fold_mean_null,0.28,-0.015210444203445245,0.04718660396147027,99,0.016257882315614324,0.44,-0.02505460054992368,0.08082155324356659,99,0.03037759179222861,0.35,-0.02404871283640175,0.2682896677724892,99,0.05492659580918563,0.27,-0.06531890228842673,0.031320232605489676,99,0.059467936068071756,0.01,-0.05886462642372475,0.0029848950819781894,99,0.10735774460345532,0.64,-0.02432069714128151,0.0,99,0.022566062088780557,0.8846153846153846,0.050951904157910344,0.2061718645801443,25,-0.086751120883171,0.4230769230769231,-0.016467870354804418,0.03322773771365933,25,0.004299974614366556,0.1186798376639885,0.24659957830212192,0.24865182826712376,0.6930484355607293,0.14949487087850433,0.5932097087751379,-0.1095512629828108,0.03842455011338628,0.5571220005985291,0.8253972832267107,0.5571220005985291,0.8253972832267107,0.5354803685800817,0.8296805445741824,-0.07784407347744764,0.02713487565544958,-0.015154594228052437,0.005256719652336462,-0.02384389175106112,0.024695817311395044,0.144617721277627,0.3066974379870343,-0.08599085466816364,0.01593093101862437,-0.19918809366057846,-0.014925830965656507,-0.012754604091279256,0.014161419616384202,-0.0665300731359652,0.10923324242317994,-0.11799443763377504,0.17321614430850732,-0.012684250089702658,0.09236557200085688,0.7588481842608242,0.7588481842608242,0.7529972180404693,0.7466802885203864,0.7570935492083233,-0.012167895740437862
Carlisle_2015,A_authoritative,A_terrain_first,R0_none,0,0.08796065293320977,0.05574514199150134,0.056086556496148694,0.08756596192253613,0.10921357221348896,0.11284862263852824,0.031479405426387434,0.03334988567334563,0.05346843022198762,0.009627377716583688,0.0,0.333027094939134,0.2144030589877552,5,0.333027094939134,0.2144030589877552,0.3634646394515664,0.238456080548121,0.3508132228369375,0.21825861607848496,0.3224786527484958,0.2385035583562539,0.333027094939134,0.2144030589877552,0.01274439600928961,0.7749577708569355,0.030437544512432357,0.017786127897803483,-0.010548442190638219,0.0,fold_mean_null,0.28,-0.1761598774068026,0.24235479483914865,99,0.28900850004533085,0.35,-0.06193812384327406,0.07968240335500122,99,0.07468251985256368,0.2,0.014760726533093918,0.057997096588298054,99,0.016718678893293516,0.52,0.0463094161488668,0.23856880447749518,99,-0.015871871636434443,0.05,0.007070638523415556,0.034860830259918936,99,0.04639779169857206,0.26,0.024092486094019507,0.1897824724582845,99,-0.006306358196216024,0.4230769230769231,0.027414866114093887,0.10953893717327198,25,-0.0177874883975102,0.9615384615384616,0.07323797836999961,0.17148640071917984,25,-0.08378642056063783,0.09636979285978509,-0.02379687617892967,0.025621354989465262,0.10067185085970955,0.02562374407233946,0.10074234371020589,-0.006394155498858985,0.022171766400020766,0.15862320804629867,0.4283565806281935,0.15862320804629867,0.4283565806281935,0.21043274765891654,0.5671046368064926,-0.03610648929227273,0.18505139104194812,-0.04310787440736703,0.18421023884558305,-0.03684444458743903,0.06503963899438799,0.527189510381699,0.8845659767469023,-0.0362747442699751,0.11052071407087762,0.0,0.0,0.04050463075227442,0.17449812725029248,-0.015453992709563076,0.12145575951457782,-0.016523798431203923,0.13004500516863332,0.013921370941131815,0.11611138412952776,0.333027094939134,0.333027094939134,0.3634646394515664,0.3224786527484958,0.3508132228369375,-0.010548442190638219
Carlisle_2015,A_authoritative,A_terrain_first,R1_+terrain,3,0.08796065293320977,0.18304745943509543,0.1458963454541843,0.37796863338661296,0.20550432475679942,0.2490791937979532,0.23207228793242865,0.2717144303238429,0.02245686532170399,0.10874955581649792,0.0,0.6637937138129788,0.315035595644628,5,0.6637937138129788,0.315035595644628,0.7423499516100103,0.20340120207069617,0.6760798133452417,0.31255616555023236,0.7020026608411694,0.3364513113398227,0.6637937138129788,0.315035595644628,0.31923844322610273,1.0193612679303183,0.07855623779703147,0.012286099532262895,0.038208947028190554,0.0,fold_mean_null,0.05,-0.2877922973622489,0.2204367774333765,99,0.536871491160202,0.04,-0.04371718187147574,0.2974310108420238,99,0.36295562509757845,0.01,-0.013282260820077359,0.05240382087206158,99,0.245354548752506,0.01,-0.04954443918645151,0.014113585900108304,99,0.128100676983483,0.06,-0.0007915879927570403,0.015585931421531606,99,0.02324845331446103,0.09,-0.006668848786209172,0.03909338457542819,99,0.018954948318472067,0.11538461538461539,0.014622154392675503,0.11312284517042151,25,0.09412740142382242,0.3076923076923077,0.015773817027366466,0.07935997836494847,25,0.02243513000082409,0.35606181686156574,0.3810180899241858,0.07581027900342505,0.35151596842373545,0.061532806968093094,0.26552119930401025,-0.004299915340200671,0.2445395729504318,0.42758522499372803,0.8459089755399404,0.42758522499372803,0.8459089755399404,0.5750452840455795,0.8496845136899863,-0.012688591443066723,0.17950537935711067,-0.03086784753262254,0.04635909866138085,0.1270575378906736,0.4536848923745471,0.5174300507209313,1.2360536610822224,-0.04035117135116947,0.09321403852696644,0.0,0.0,0.08759357188204814,0.39907830548861273,0.01924264090051006,0.43623455588254645,0.02299961042495992,0.5070127429217515,0.006592756447025216,0.051036863916974214,0.6637937138129788,0.6637937138129788,0.7423499516100103,0.7020026608411694,0.6760798133452417,0.038208947028190554
Carlisle_2015,A_authoritative,A_terrain_first,R2_+surface,6,0.08796065293320977,0.173506981140349,0.12912091320101451,0.3134455245318091,0.19042494910100152,0.24827825267552245,0.1843246113307946,0.21165350520506876,0.016917967960652536,0.09329263661530787,0.0,0.6733494737710408,0.31758425374566845,5,0.6733494737710408,0.31758425374566845,0.7230812611330544,0.1941230135300237,0.6717554572294905,0.31122267140047005,0.7040916639957915,0.33547377638639975,0.6733494737710408,0.31758425374566845,0.3272157132992941,1.0216041566562661,0.04973178736201356,-0.001594016541550336,0.030742190224750665,0.0,fold_mean_null,0.06,-0.2610411741057154,0.2091062150399161,99,0.5093194267812379,0.03,-0.03855612707593006,0.29593304010412197,99,0.36577184037522414,0.02,-0.0038922031593431427,0.07638577755421884,99,0.18821681449013775,0.02,-0.04942362405389076,0.025154461964083247,99,0.09915541141590431,0.08,-0.0002753781523422716,0.03926667515334712,99,0.017193346112994806,0.48,-0.0074141605154648986,0.040727542482021345,99,0.0058201439739145626,0.15384615384615385,0.02210484647596085,0.10379552650031579,25,0.07118779013934702,0.34615384615384615,0.013095130194385036,0.06335817097112795,25,0.01764706003036563,0.35803675816316544,0.3035519720742874,0.07194439989957767,0.3368438195597069,0.054421549653742206,0.23902506066587298,-0.004109511168795736,0.2261351020266632,0.4298944520158242,0.847691143853023,0.4298944520158242,0.847691143853023,0.531680063948845,0.8168510659538729,-0.06757772245718412,0.14940809979509082,-0.04066420545849968,0.025072450595571633,0.12911606221523153,0.4445831102200964,0.5310286464472329,1.2354735872107483,-0.04039649763424442,0.08914676046314303,0.0,0.0,0.10103581675875693,0.3830482554263983,0.022323448811027418,0.3543688032974806,0.02610475895373148,0.40889818369842734,0.003535571396256521,0.04122491855335827,0.6733494737710408,0.6733494737710408,0.7230812611330544,0.7040916639957915,0.6717554572294905,0.030742190224750665
Carlisle_2015,A_authoritative,A_terrain_first,R3_+hydrography,10,0.08796065293320977,0.7412285711507623,0.41893354219769585,0.7028361548368265,0.7645566307146758,0.026000581774710613,0.28390261263913064,0.48858888484615065,0.023328059563913484,-0.0023036646368648217,0.0,0.8781674089585099,0.08122065133004229,5,0.8781674089585099,0.08122065133004229,0.8773494298991957,0.0671104481456387,0.85543619678489,0.08957702009982717,0.8748307008649142,0.07901605959847736,0.8781674089585099,0.08122065133004229,0.05097578325047193,0.5437351099001203,-0.0008179790593141334,-0.02273121217361984,-0.003336708093595653,0.0,fold_mean_null,0.1,-0.22363100466215322,0.04646552019811854,99,0.24963158643686384,0.15,-0.12111544715989653,0.11369422208608226,99,0.17209123041036845,0.03,-0.024403737234939903,0.23624949628776634,99,0.3083063498740705,0.13,-0.058886103359168364,0.0012758043211183274,99,0.05806812429985423,0.02,-0.14683448318249676,0.004224054453672398,99,0.17016254274641024,0.58,-0.04741206552142476,0.00397758784172566,99,0.02468085334780492,0.19230769230769232,-0.052048402083914154,0.013898853259898382,25,0.04974473744704933,0.5769230769230769,-0.000968297514513119,0.0205742038744791,25,-0.0023684105790825337,0.31649828616360676,0.4766222552065654,0.509903926042693,0.8979942312120375,0.15135429446172535,0.6778464185276676,-0.05348918272118433,0.045175550639514846,0.6415135834757195,0.9458816715847476,0.6415135834757195,0.9458816715847476,0.6025243394318999,0.9449813277424596,-0.06303557476926984,0.013394757428734218,-0.030489090524836227,-0.0010492730450970614,-0.07045356776766956,0.15157673955220158,0.2993508737312386,0.8297847452006584,-0.009769069244696964,0.027134267557031144,0.0,0.0,-0.009981152894006423,0.0624079439036837,0.0453766364275223,0.5861688471791568,0.09704055713316875,0.8033831253137393,-0.0008200555398294977,0.06865019930978843,0.8781674089585099,0.8781674089585099,0.8773494298991957,0.8748307008649142,0.85543619678489,-0.003336708093595653
Carlisle_2015,A_authoritative,A_terrain_first,R4_+forcing,14,0.08796065293320977,0.7387535833113248,0.4044735478695612,0.6995196969364638,0.7680420409510056,0.032569078829573335,0.2950461490669026,0.49543752088828835,0.0292884576396808,-0.010914900860417687,0.0,0.8820834399695163,0.07845308577529056,5,0.8820834399695163,0.07845308577529056,0.8791283080355701,0.06790072525119092,0.8632259438621748,0.08855593316689783,0.8738326852995633,0.08138078150774013,0.8820834399695163,0.07845308577529056,0.05595521986732669,0.5471782479822839,-0.0029551319339462534,-0.018857496107341554,-0.008250754669953064,0.0,fold_mean_null,0.07,-0.22872603422080584,0.0461404798885932,99,0.26129511305037917,0.15,-0.12689291133838815,0.1062750150627429,99,0.18284813120571483,0.03,-0.026506979626047637,0.24095839558300408,99,0.3215531286929502,0.14,-0.058788943711312144,0.0019483764340482697,99,0.05583381177736589,0.02,-0.12499054012182301,0.0023653300723077966,99,0.1542789977615038,0.59,-0.04059113979333003,0.004210979324418517,99,0.021733643685988478,0.34615384615384615,-0.04135762612667378,0.01723783141000301,25,0.03044272526625609,0.5769230769230769,-0.005317721608897288,0.013408676667151996,25,-0.0029330330610557766,0.33416557014092957,0.4735027188965807,0.4946266198781528,0.8990983219742928,0.13918039091884038,0.6707685665268945,-0.06264005593674717,0.031721042038195785,0.6724928676842777,0.9462244212219415,0.6724928676842777,0.9462244212219415,0.6220998636741006,0.9445880155619532,-0.11214156723441691,0.00983662438177432,-0.028084842338841946,-0.001142076638067585,-0.06504089105675669,0.16491598995408044,0.29661394202911107,0.8657230751972218,-0.015221550349183684,0.04010729312668371,0.0,0.0,-0.0024929001414444605,0.07086129031650623,0.05278694914218004,0.5843482874638141,0.11590776515971012,0.791744801115061,-0.002999886884281025,0.09628522965520715,0.8820834399695163,0.8820834399695163,0.8791283080355701,0.8738326852995633,0.8632259438621748,-0.008250754669953064
Carlisle_2015,A_authoritative,A_terrain_first,R5_+sar_event,15,0.08796065293320977,0.7362484139652412,0.4090718380278484,0.712328290019236,0.766111396093778,0.03487513267116991,0.3032564519913876,0.5131866638058097,0.029862982128536775,0.008210093124161877,0.0,0.8854847092501428,0.07504825234550656,5,0.8854847092501428,0.07504825234550656,0.8806449823607408,0.06610488189446277,0.8645313496012997,0.08457491144618083,0.8810400355708905,0.07716874562661069,0.8854847092501428,0.07504825234550656,0.056749463727441427,0.541349881331684,-0.00483972688940193,-0.02095335964884304,-0.004444673679252276,0.0,fold_mean_null,0.14,-0.2645432603249552,0.05919025681115522,99,0.2994183929961251,0.15,-0.13321563898608796,0.11510365212112669,99,0.1899651027135294,0.04,-0.022857568961201877,0.27993808134403686,99,0.3261140209525895,0.14,-0.054693437087478744,-0.0005487003786036463,99,0.049853710198076814,0.02,-0.138209124846134,0.0040007981038140805,99,0.1680721069746708,0.57,-0.04766361248944199,0.003720927655812287,99,0.02671025284059895,0.4230769230769231,-0.019582456519780172,0.03504126847970585,25,0.02779254964394205,0.5384615384615384,-0.002040076423311525,0.020479773912573798,25,-0.0024045972559407504,0.3509100292886887,0.43534544488888677,0.4892995191923451,0.8964792934757585,0.13835225325732975,0.6800860334098726,-0.051125690156348075,0.07308390875534303,0.6734998190150007,0.947361501545691,0.6734998190150007,0.947361501545691,0.6282157935514395,0.9477204333162474,-0.09159757630625466,0.013246144665683905,-0.030226391569931226,-0.0011193233719528186,-0.06689314603220974,0.1682345136016323,0.30019010573826926,0.8384865160735925,-0.013234344828403535,0.05777275650467816,0.0,0.0,-0.0044005838584753034,0.07408806453865291,0.058668911735713196,0.5957826039474724,0.12797813211358622,0.8069044319638067,0.002503917809703864,0.08632016426828829,0.8854847092501428,0.8854847092501428,0.8806449823607408,0.8810400355708905,0.8645313496012997,-0.004444673679252276
Carlisle_2015,A_authoritative,B_surface_first,R0_none,0,0.08796065293320977,0.05574514199150134,0.056086556496148694,0.08756596192253613,0.10921357221348896,0.11284862263852824,0.031479405426387434,0.03334988567334563,0.05346843022198762,0.009627377716583688,0.0,0.333027094939134,0.2144030589877552,5,0.333027094939134,0.2144030589877552,0.3634646394515664,0.238456080548121,0.3508132228369375,0.21825861607848496,0.3224786527484958,0.2385035583562539,0.333027094939134,0.2144030589877552,0.01274439600928961,0.7749577708569355,0.030437544512432357,0.017786127897803483,-0.010548442190638219,0.0,fold_mean_null,0.28,-0.1761598774068026,0.24235479483914865,99,0.28900850004533085,0.35,-0.06193812384327406,0.07968240335500122,99,0.07468251985256368,0.2,0.014760726533093918,0.057997096588298054,99,0.016718678893293516,0.52,0.0463094161488668,0.23856880447749518,99,-0.015871871636434443,0.05,0.007070638523415556,0.034860830259918936,99,0.04639779169857206,0.26,0.024092486094019507,0.1897824724582845,99,-0.006306358196216024,0.4230769230769231,0.027414866114093887,0.10953893717327198,25,-0.0177874883975102,0.9615384615384616,0.07323797836999961,0.17148640071917984,25,-0.08378642056063783,0.09636979285978509,-0.02379687617892967,0.025621354989465262,0.10067185085970955,0.02562374407233946,0.10074234371020589,-0.006394155498858985,0.022171766400020766,0.15862320804629867,0.4283565806281935,0.15862320804629867,0.4283565806281935,0.21043274765891654,0.5671046368064926,-0.03610648929227273,0.18505139104194812,-0.04310787440736703,0.18421023884558305,-0.03684444458743903,0.06503963899438799,0.527189510381699,0.8845659767469023,-0.0362747442699751,0.11052071407087762,0.0,0.0,0.04050463075227442,0.17449812725029248,-0.015453992709563076,0.12145575951457782,-0.016523798431203923,0.13004500516863332,0.013921370941131815,0.11611138412952776,0.333027094939134,0.333027094939134,0.3634646394515664,0.3224786527484958,0.3508132228369375,-0.010548442190638219
Carlisle_2015,A_authoritative,B_surface_first,R1_+surface,3,0.08796065293320977,0.05536866529825754,0.05403119691687952,0.05331064813859271,0.08696346221354401,0.17025634353361216,-0.0007205487782868114,-0.0007617045889234237,0.031594796915286466,0.005755660248624325,0.0,0.4000538383468563,0.20773305554836835,5,0.31164223928502977,0.23414978208182707,0.309098476936597,0.2242291035784081,0.3944519288632101,0.21184091822683215,0.33565739105020365,0.21017063530531083,0.4000538383468563,0.20773305554836835,0.03736747369829789,0.9412884671734771,-0.0025437623484327876,-0.005601909483646195,-0.06439644729665267,0.0,fold_mean_null,0.15,0.035382328576127456,0.28530923604350833,99,0.1348740149574847,0.36,-0.00531303406905397,0.1309394500633763,99,0.04268050776735186,0.6,0.007599602171765781,0.04341568783885638,99,-0.008320150950052592,0.56,0.008136732523500455,0.07160386874348168,99,-0.010680494871933243,0.06,0.008758893358355448,0.028078947716821595,99,0.02283590355693102,0.61,0.0017605921614097914,0.10417445115805389,99,-0.0073625016450559865,0.5,0.025721302919005883,0.18405164383563977,25,-0.019965642670381558,0.9615384615384616,0.02167447459454203,0.13249550324753676,25,-0.0860709218911947,0.04534264389269942,-0.015515906816885208,0.022508187814274487,0.1040259822059773,0.02268506156365923,0.10079215246359238,-0.006045537357968921,0.012883841043768338,0.2430696734346992,0.5115872291781952,0.13674023779404018,0.4240557380683636,0.13205836422747094,0.4426607428949449,-0.013218624402255411,0.03481736747257147,-0.034369971708400344,0.11456639485315928,0.004026984724545875,0.10282025405325017,0.6401687287584465,1.093047616521685,-0.08737751010524196,0.03333823096483986,0.0,0.0,0.06669159754163284,0.26706458677895456,-0.012986013954532567,0.006979977525710757,-0.014214418300734898,0.007500127631244976,-0.001090937549234109,0.09945363759561618,0.4000538383468563,0.31164223928502977,0.309098476936597,0.33565739105020365,0.3944519288632101,-0.06439644729665267
Carlisle_2015,A_authoritative,B_surface_first,R2_+forcing,7,0.08796065293320977,0.06102309551203499,0.05677432833434112,0.053349216442792245,0.07673443228940464,0.09349376465479486,-0.003425111891548878,-0.0036312750961288113,0.015711336777369654,0.04325959325972079,0.0,0.4146869731850977,0.21099214364381805,5,0.3003223792542388,0.21615640146833143,0.35631141904318664,0.22572722429558933,0.4121806897375091,0.2211146636349282,0.4307433545777889,0.1976615239406102,0.4146869731850977,0.21099214364381805,0.015785719819255344,1.0849252958069793,0.055989039788947814,-0.0025062834475885754,0.01605638139269122,0.0,fold_mean_null,0.22,0.014516076690683414,0.2716822231694963,99,0.07897768796411145,0.29,-0.035232194985548734,0.19950097508991416,99,0.05101791480480408,0.63,0.004484930869099691,0.041537940651740296,99,-0.00791004276064857,0.21,0.022763595903712925,0.07908949152250085,99,0.03322544388523489,0.1,0.010953490391530898,0.031458121495886,99,0.004757846385838756,0.73,0.013098000809535984,0.07289245456098907,99,-0.015604284257124559,0.5384615384615384,0.05837346440639022,0.20499333528745378,25,-0.015113871146669428,0.8076923076923077,0.07700152961200095,0.17960728623565594,25,-0.06094514821930973,0.04702435734697881,0.04748678948716566,0.022899756293486118,0.1208125546445498,0.02194992375788838,0.11519205161647346,0.0060898569396724295,0.10882857149959779,0.24997948345138013,0.5018283617505367,0.131171493113336,0.4661654676723066,0.19889976423232547,0.5083020754706926,-0.03547045362181406,0.12025783651901323,-0.036560434746047366,0.08529131326693441,-0.06581678421779863,0.08456561410004494,0.6184777324539084,1.2925597967395874,-0.012784850818721081,0.11896114130266094,0.0,0.0,0.014888078514560376,0.16201434767650985,-0.030684019076472172,0.002867510592362754,-0.03381965197611864,0.003004449365186115,-0.021472037923876044,0.043360554421528016,0.4146869731850977,0.3003223792542388,0.35631141904318664,0.4307433545777889,0.4121806897375091,0.01605638139269122
Carlisle_2015,A_authoritative,B_surface_first,R3_+terrain,10,0.08796065293320977,0.5819679551979192,0.22681040598675603,0.6677025800311726,0.616376106074399,0.06657753403716178,0.4408921740444165,0.5702251782204721,0.03440815087647975,0.05422198142993795,0.0,0.8153461616320208,0.23748699361638262,5,0.8153461616320208,0.23748699361638262,0.8482541546764134,0.15364822240937903,0.7871678698620459,0.2317215787488541,0.8269878218917428,0.1751089203671856,0.8153461616320208,0.23748699361638262,0.18240663342976848,0.6915821975801333,0.032907993044392625,-0.028178291769974884,0.01164166025972202,0.0,fold_mean_null,0.13,-0.3176863796523088,0.11071361571341447,99,0.38426391368947055,0.13,-0.07604641426742809,0.26581084478106853,99,0.25845304769719657,0.04,0.004679835050911056,0.34044935851023267,99,0.4362123389935054,0.04,-0.040278872940741284,0.007807774380052628,99,0.07318686598513391,0.01,-0.10964926933814988,0.005607407718322476,99,0.14405742021462964,0.65,-0.01962922084294978,0.00027449797120223627,99,-0.008549070927025105,0.19230769230769232,-0.08695588287573934,0.07381604892276342,25,0.1411778643056773,0.5,0.01072033582577805,0.06838357907656598,25,0.0009213244339439704,0.37371269619364333,0.39634630198851706,0.28959210544877395,0.8007628955831592,0.09048960437366,0.4743779352754622,-0.056930963757800976,0.2353794349959142,0.6454716785609768,0.9332055375351463,0.6454716785609768,0.9332055375351463,0.671863448546097,0.9217897950919814,-0.016497236010477083,0.07823533261008324,-0.051443700873451355,-0.00011982773371933459,-0.0809742235005624,0.3152816023830777,0.35185641327095696,0.9232340130241012,-0.02151645003876327,0.09554363567019812,0.0,0.0,-0.0007144791513250153,0.14504116525062377,0.20114053198524534,0.6573132669083788,0.2902152730106312,0.7816040951292436,-0.006996419362695496,0.12519969390475125,0.8153461616320208,0.8153461616320208,0.8482541546764134,0.8269878218917428,0.7871678698620459,0.01164166025972202
Carlisle_2015,A_authoritative,B_surface_first,R4_+hydrography,14,0.08796065293320977,0.7387535833113248,0.4044735478695612,0.6995196969364638,0.7680420409510056,0.032569078829573335,0.2950461490669026,0.49543752088828835,0.0292884576396808,-0.010914900860417687,0.0,0.8820834399695163,0.07845308577529056,5,0.8820834399695163,0.07845308577529056,0.8791283080355701,0.06790072525119092,0.8632259438621748,0.08855593316689783,0.8738326852995633,0.08138078150774013,0.8820834399695163,0.07845308577529056,0.05595521986732669,0.5471782479822839,-0.0029551319339462534,-0.018857496107341554,-0.008250754669953064,0.0,fold_mean_null,0.07,-0.22872603422080584,0.0461404798885932,99,0.26129511305037917,0.15,-0.12689291133838815,0.1062750150627429,99,0.18284813120571483,0.03,-0.026506979626047637,0.24095839558300408,99,0.3215531286929502,0.14,-0.058788943711312144,0.0019483764340482697,99,0.05583381177736589,0.02,-0.12499054012182301,0.0023653300723077966,99,0.1542789977615038,0.59,-0.04059113979333003,0.004210979324418517,99,0.021733643685988478,0.34615384615384615,-0.04135762612667378,0.01723783141000301,25,0.03044272526625609,0.5769230769230769,-0.005317721608897288,0.013408676667151996,25,-0.0029330330610557766,0.33416557014092957,0.4735027188965807,0.4946266198781528,0.8990983219742928,0.13918039091884038,0.6707685665268945,-0.06264005593674717,0.031721042038195785,0.6724928676842777,0.9462244212219415,0.6724928676842777,0.9462244212219415,0.6220998636741006,0.9445880155619532,-0.11214156723441691,0.00983662438177432,-0.028084842338841946,-0.001142076638067585,-0.06504089105675669,0.16491598995408044,0.29661394202911107,0.8657230751972218,-0.015221550349183684,0.04010729312668371,0.0,0.0,-0.0024929001414444605,0.07086129031650623,0.05278694914218004,0.5843482874638141,0.11590776515971012,0.791744801115061,-0.002999886884281025,0.09628522965520715,0.8820834399695163,0.8820834399695163,0.8791283080355701,0.8738326852995633,0.8632259438621748,-0.008250754669953064
Carlisle_2015,A_authoritative,B_surface_first,R5_+sar_event,15,0.08796065293320977,0.7362484139652412,0.4090718380278484,0.712328290019236,0.766111396093778,0.03487513267116991,0.3032564519913876,0.5131866638058097,0.029862982128536775,0.008210093124161877,0.0,0.8854847092501428,0.07504825234550656,5,0.8854847092501428,0.07504825234550656,0.8806449823607408,0.06610488189446277,0.8645313496012997,0.08457491144618083,0.8810400355708905,0.07716874562661069,0.8854847092501428,0.07504825234550656,0.056749463727441427,0.541349881331684,-0.00483972688940193,-0.02095335964884304,-0.004444673679252276,0.0,fold_mean_null,0.14,-0.2645432603249552,0.05919025681115522,99,0.2994183929961251,0.15,-0.13321563898608796,0.11510365212112669,99,0.1899651027135294,0.04,-0.022857568961201877,0.27993808134403686,99,0.3261140209525895,0.14,-0.054693437087478744,-0.0005487003786036463,99,0.049853710198076814,0.02,-0.138209124846134,0.0040007981038140805,99,0.1680721069746708,0.57,-0.04766361248944199,0.003720927655812287,99,0.02671025284059895,0.4230769230769231,-0.019582456519780172,0.03504126847970585,25,0.02779254964394205,0.5384615384615384,-0.002040076423311525,0.020479773912573798,25,-0.0024045972559407504,0.3509100292886887,0.43534544488888677,0.4892995191923451,0.8964792934757585,0.13835225325732975,0.6800860334098726,-0.051125690156348075,0.07308390875534303,0.6734998190150007,0.947361501545691,0.6734998190150007,0.947361501545691,0.6282157935514395,0.9477204333162474,-0.09159757630625466,0.013246144665683905,-0.030226391569931226,-0.0011193233719528186,-0.06689314603220974,0.1682345136016323,0.30019010573826926,0.8384865160735925,-0.013234344828403535,0.05777275650467816,0.0,0.0,-0.0044005838584753034,0.07408806453865291,0.058668911735713196,0.5957826039474724,0.12797813211358622,0.8069044319638067,0.002503917809703864,0.08632016426828829,0.8854847092501428,0.8854847092501428,0.8806449823607408,0.8810400355708905,0.8645313496012997,-0.004444673679252276
PortoAlegre_2024,A_authoritative,A_terrain_first,R0_none,0,0.40075786946136244,0.38114361240419675,0.38308976562703767,0.335997359302793,0.36620733271146166,-0.04046627677780693,-0.04709240632424466,-0.0763359135581697,-0.014936279692735088,-0.023832458794155964,0.03763206160008442,0.40356152319702215,0.03404620686481856,5,0.40356152319702215,0.03404620686481856,0.36599418242990733,0.04711832148667,0.373119889221715,0.01928044735601617,0.379397324738998,0.06667681416537197,0.42177546803179194,0.05747049148554999,-0.037531482303228406,0.6766134370697965,-0.03756734076711482,-0.030441633975307136,-0.024164198458024144,0.01821394483476979,fold_mean_null,0.93,0.0004459116102692939,0.056988607837096396,99,-0.040912188388076226,0.93,0.0010875213660240415,0.05670604303319214,99,-0.038619003669252444,1.0,0.07094227519803176,0.20008872001422898,99,-0.11803468152227642,0.94,0.09104904353247999,0.207740898880177,99,-0.12861638429959482,0.93,0.06424532603017254,0.2114428845436495,99,-0.07918160572290762,0.98,0.06148391981980827,0.2058304567379531,99,-0.09192555379511541,1.0,0.09527205389065713,0.20813048426717823,25,-0.11910451268481309,0.9615384615384616,0.09743904863935554,0.21045806605204664,25,-0.12160324709737969,-0.05707690913810314,-0.215640655829253,0.29613591024741076,0.4791798981337446,0.29879099052413344,0.4728540872573417,-0.10595698125562086,0.038585791716648235,0.32602610494693535,0.48150898961110317,0.32602610494693535,0.48150898961110317,0.302291186465212,0.45365778898738884,-0.07713073091107285,0.03246475119426185,-0.07072026582792744,0.038103147579540815,-0.07638352306064201,-0.012242175765510156,0.6437089473107854,0.708030500464013,-0.05117154568882171,0.027465658799968574,-0.02056918250837195,0.06358034721831184,-0.09205471240138753,-0.009933663042760308,-0.11542363230645712,0.0035137149554208564,-0.20976822694694253,0.005488630687742954,-0.08985608852747179,0.05163413351153344,0.40356152319702215,0.40356152319702215,0.36599418242990733,0.379397324738998,0.373119889221715,-0.024164198458024144
PortoAlegre_2024,A_authoritative,A_terrain_first,R1_+terrain,3,0.40075786946136244,0.9280234136143102,0.9280066989784477,0.9265671050685177,0.9280234136143102,-0.0017800391752085085,-0.0014395939099299815,-0.019996220335820086,0.0,0.0014630253775784752,-0.07779946131069526,0.9280982168255376,0.013355824672701891,5,0.9280982168255376,0.013355824672701891,0.9270854129746006,0.013062409111424325,0.9280982168255376,0.013355824672701891,0.9296073695092737,0.01162887337110593,0.8522529988512855,0.03310865959029073,-0.0017821310349120136,0.29093616774449776,-0.0010128038509370496,0.0,0.0015091526837360814,-0.07584521797425214,fold_mean_null,0.96,0.00012643282742485834,0.001788020006839587,99,-0.0019064720026333668,0.96,0.00011873688320852854,0.0017990214194452626,99,-0.0019008679181205421,1.0,0.00010772339292462559,0.0010124615264848961,99,-0.0015473173028546072,0.95,0.0001595785719365119,0.001273062784145761,99,-0.0011723824228735615,0.69,-1.6079800734023353e-07,0.001308955426346369,99,1.6079800734023353e-07,0.68,4.1240808461377154e-05,0.00145297953759662,99,-4.1240808461377154e-05,0.38461538461538464,0.0006498749474871657,0.0028931659729078724,25,0.0008131504300913095,0.38461538461538464,0.0006143022878766091,0.0026099632327541526,25,0.0008948503958594722,-0.00653362534076512,-0.016305331677642743,0.8831789859679801,0.9548155385105582,0.8832343144055314,0.9548117790460714,-0.0012577969037513817,0.004910473553782749,0.856509553914365,0.9503976533818432,0.856509553914365,0.9503976533818432,0.8561078147019662,0.9494419786389428,-0.0016483606197560119,0.0003825527496741612,0.0,0.0,-0.0036053497983168934,-0.00014109447344406764,0.26297114193674065,0.31946408889185407,-0.0018320051510654245,0.0067903548942265055,-0.09174665070346491,-0.05679586749931594,-0.0038861142619249192,-0.00016218556996927435,-0.003354370256108513,0.00017528460578066773,-0.04649539077090761,0.0021765571883789695,0.0,0.0,0.9280982168255376,0.9280982168255376,0.9270854129746006,0.9296073695092737,0.9280982168255376,0.0015091526837360814
PortoAlegre_2024,A_authoritative,A_terrain_first,R2_+surface,6,0.40075786946136244,0.9350972093170326,0.9351131002333519,0.9345256805140623,0.9350972093170326,-0.0012287482047938936,-0.0005874197192896613,-0.009052978665989456,0.0,0.00019688970545861384,-0.09767968342880995,0.9351969353951747,0.012116802422570065,5,0.9351969353951747,0.012116802422570065,0.9347102448891678,0.012121344431650465,0.9351969353951747,0.012116802422570065,0.9356273674132923,0.0104531064267054,0.8410250096394281,0.04799860373736203,-0.0012515017439182626,0.27653317137034217,-0.0004866905060069149,0.0,0.00043043201811765464,-0.09417192575574662,fold_mean_null,0.94,9.131110327506921e-05,0.0015907423474316772,99,-0.0013200593080689629,0.96,8.669464612222843e-05,0.0015468563816557353,99,-0.001338196390040491,0.96,4.082779814911051e-05,0.0009371375889253072,99,-0.0006282475174387718,0.94,0.00010704086392417451,0.0009271102262695336,99,-0.0005937313699310894,0.75,1.7830732315905833e-05,0.0010107638198467936,99,-1.7830732315905833e-05,0.77,4.625938739832185e-05,0.0010263617749951546,99,-4.625938739832185e-05,0.6538461538461539,0.000545946711248857,0.0024981381216587313,25,-0.0003490570057902431,0.5769230769230769,0.000543811705323849,0.0021960121299548375,25,-0.00011337968720619433,-0.004839189394202315,-0.009162087835686698,0.8945556358019077,0.9603811042395687,0.8945544558478336,0.9604355672349542,-0.0023565057132591215,0.003298019879439375,0.8665235917407749,0.9558428308056125,0.8665235917407749,0.9558428308056125,0.8661407141398326,0.9555447002192192,-0.0007479622745764164,-1.0733372043772516e-05,0.0,0.0,-0.0024107922592228955,-0.0002796396205054302,0.24839519806291926,0.30591690951535233,-0.0030283493689031576,0.004384925240277861,-0.11063500918535063,-0.07440664554623046,-0.0025003985893699682,-0.00026482881216646537,-0.0013389915672731788,-3.943627305302583e-05,-0.020657745700254918,-0.0005481583154103051,0.0,0.0,0.9351969353951747,0.9351969353951747,0.9347102448891678,0.9356273674132923,0.9351969353951747,0.00043043201811765464
PortoAlegre_2024,A_authoritative,A_terrain_first,R3_+hydrography,10,0.40075786946136244,0.9426916832721538,0.942715787967554,0.9423444817346979,0.9426916832721538,-0.0007194626610101877,-0.00037130623285608344,-0.0064818249161876194,0.0,0.00048499384197941975,-0.0953789955454245,0.9424184012127231,0.011935834243030402,5,0.9424184012127231,0.011935834243030402,0.9422188818443266,0.011880979933299453,0.9424184012127231,0.011935834243030402,0.9431796810004875,0.010877103696218039,0.849198620133277,0.03576097040624549,-0.0007386081386143003,0.2602903526383332,-0.00019951936839657236,0.0,0.0007612797877644129,-0.09321978107944617,fold_mean_null,0.9,0.00010780879052531679,0.0011983033670060624,99,-0.0008272714515355045,0.91,0.0001079745456624622,0.0011410608877136827,99,-0.0008465826842767626,0.92,1.1428592601441739e-05,0.00058781119976502,99,-0.00038273482545752517,0.86,8.12988760891772e-05,0.0007056682603341467,99,-0.0002808182444857496,0.77,-3.353598068710484e-05,0.0005065695712995419,99,3.353598068710484e-05,0.78,-1.011768245481068e-05,0.0005483563197110287,99,1.011768245481068e-05,0.34615384615384615,0.0003249037584204295,0.0016723722806200028,25,0.00016009008355899023,0.15384615384615385,0.00038166258544753974,0.001550424690242068,25,0.0003796172023168731,-0.0032524550975312847,-0.004876874737764293,0.9066465494718309,0.9653037696946644,0.9066037092803726,0.965301091694295,-0.0010724058759402967,0.0026312673814397583,0.880042363540085,0.9601348674994448,0.880042363540085,0.9601348674994448,0.8799315256853534,0.9600444766896236,-0.00043505868112349576,0.0002037164654565826,0.0,0.0,-0.0015190578192684292,-4.080639762788411e-06,0.23276865652601034,0.288144207107248,-0.0016796730000459364,0.003990662007125811,-0.10880356719447241,-0.07541656554786542,-0.0016239811592512088,5.8266896111661316e-05,-0.0010231253784263067,0.0001217613827280055,-0.016532913194628247,0.002012114677993159,0.0,0.0,0.9424184012127231,0.9424184012127231,0.9422188818443266,0.9431796810004875,0.9424184012127231,0.0007612797877644129
PortoAlegre_2024,A_authoritative,A_terrain_first,R4_+forcing,14,0.40075786946136244,0.9462886987881282,0.946097964457898,0.9460088074993501,0.9462886987881282,-0.00029879635666193825,-8.915695854783134e-05,-0.0016540555036774487,0.0,0.00012084460692618482,-0.09858420077718555,0.9463989098794879,0.010498656011372981,5,0.9463989098794879,0.010498656011372981,0.9462607716602556,0.010560468035866556,0.9463989098794879,0.010498656011372981,0.9464861922152238,0.010363121957343438,0.8504085333049847,0.03371144273683679,-0.0003010758666776047,0.25320660034614917,-0.00013813821923236436,0.0,8.728233573584987e-05,-0.09599037657450327,fold_mean_null,0.67,-0.0002196441037559495,0.0003056453986677222,99,-7.915225290598874e-05,0.68,-0.00022694078835067878,0.0002999692348722773,99,-7.413507832692594e-05,0.48,-0.00012437621064814776,0.0001424692660355386,99,3.5219252100316415e-05,0.61,-0.00011586693928380655,0.00010751689716566036,99,-2.2271279948557802e-05,0.65,-8.064982620573007e-05,0.0,99,8.064982620573007e-05,0.67,-8.819247896066502e-05,0.0,99,8.819247896066502e-05,0.38461538461538464,-7.219181904543071e-05,0.0003315247185235792,25,0.0001930364259716155,0.2692307692307692,-0.00012788987137305697,0.00045211721666173964,25,0.00021517220710890684,-0.0002927849361966816,-0.0004155005037861166,0.9122227560177527,0.9676642456294702,0.9118117283523136,0.9675090318275744,-0.0007063268397500183,0.0010482421067619983,0.888407784000014,0.962857496501574,0.888407784000014,0.962857496501574,0.8879727106471381,0.9627523383833468,-0.00045355901906183883,0.00014246746154827333,0.0,0.0,-0.0008013817888770106,0.00018608495291075515,0.2262383861679928,0.2811925010463597,-0.0012598652604715126,0.0013989474159337462,-0.11031806519899497,-0.07814188655117922,-0.000859808564905945,0.00022870443950548887,-0.0003808401526725902,0.0001708114361842705,-0.006142365781361277,0.0026768388473401464,0.0,0.0,0.9463989098794879,0.9463989098794879,0.9462607716602556,0.9464861922152238,0.9463989098794879,8.728233573584987e-05
PortoAlegre_2024,A_authoritative,B_surface_first,R0_none,0,0.40075786946136244,0.38114361240419675,0.38308976562703767,0.335997359302793,0.36620733271146166,-0.04046627677780693,-0.04709240632424466,-0.0763359135581697,-0.014936279692735088,-0.023832458794155964,0.03763206160008442,0.40356152319702215,0.03404620686481856,5,0.40356152319702215,0.03404620686481856,0.36599418242990733,0.04711832148667,0.373119889221715,0.01928044735601617,0.379397324738998,0.06667681416537197,0.42177546803179194,0.05747049148554999,-0.037531482303228406,0.6766134370697965,-0.03756734076711482,-0.030441633975307136,-0.024164198458024144,0.01821394483476979,fold_mean_null,0.93,0.0004459116102692939,0.056988607837096396,99,-0.040912188388076226,0.93,0.0010875213660240415,0.05670604303319214,99,-0.038619003669252444,1.0,0.07094227519803176,0.20008872001422898,99,-0.11803468152227642,0.94,0.09104904353247999,0.207740898880177,99,-0.12861638429959482,0.93,0.06424532603017254,0.2114428845436495,99,-0.07918160572290762,0.98,0.06148391981980827,0.2058304567379531,99,-0.09192555379511541,1.0,0.09527205389065713,0.20813048426717823,25,-0.11910451268481309,0.9615384615384616,0.09743904863935554,0.21045806605204664,25,-0.12160324709737969,-0.05707690913810314,-0.215640655829253,0.29613591024741076,0.4791798981337446,0.29879099052413344,0.4728540872573417,-0.10595698125562086,0.038585791716648235,0.32602610494693535,0.48150898961110317,0.32602610494693535,0.48150898961110317,0.302291186465212,0.45365778898738884,-0.07713073091107285,0.03246475119426185,-0.07072026582792744,0.038103147579540815,-0.07638352306064201,-0.012242175765510156,0.6437089473107854,0.708030500464013,-0.05117154568882171,0.027465658799968574,-0.02056918250837195,0.06358034721831184,-0.09205471240138753,-0.009933663042760308,-0.11542363230645712,0.0035137149554208564,-0.20976822694694253,0.005488630687742954,-0.08985608852747179,0.05163413351153344,0.40356152319702215,0.40356152319702215,0.36599418242990733,0.379397324738998,0.373119889221715,-0.024164198458024144
PortoAlegre_2024,A_authoritative,B_surface_first,R1_+surface,3,0.40075786946136244,0.6650807248304693,0.6635745679335731,0.6507694931649609,0.6566539683822485,-0.010394164188231298,-0.012805074768612146,-0.038062148541980007,-0.008426756448220774,-0.07233594114334052,-0.09082977634534983,0.6729612564893172,0.07050861037243664,5,0.6729612564893172,0.07050861037243664,0.6559029224968342,0.06427148648514162,0.661208828736996,0.06490426965242675,0.603335153499172,0.07467614753576698,0.5829135361467426,0.09924901056411435,-0.010424066387038414,0.5856102077274583,-0.01705833399248291,-0.011752427752321104,-0.06962610299014516,-0.09004772034257458,fold_mean_null,0.81,0.0012320190048696403,0.0383149095347198,99,-0.011626183193100938,0.83,0.0015621296417988864,0.03842826523263823,99,-0.011986196028837302,0.8,0.008399118139366127,0.06166993879989009,99,-0.021204192907978273,0.97,0.010942803444552483,0.06056406697252076,99,-0.028001137437035393,0.76,7.449794187917451e-06,0.04725401975584935,99,-0.008434206242408692,0.9,0.004445754995765501,0.05089299183413577,99,-0.016198182748086605,1.0,0.014312239932478267,0.07218010025443652,25,-0.08664818107581879,1.0,0.01364125302927642,0.06752024527519002,25,-0.08326735601942158,-0.02046787414336816,-0.08562024528485483,0.5701731081212686,0.7474915825593016,0.5683520693526709,0.7483933897434526,-0.11876726113268245,-0.03268201809669311,0.5525739096437244,0.7404583717569097,0.5525739096437244,0.7404583717569097,0.5351130536748799,0.7260887540457166,-0.03306090344092667,0.0031243724206777407,-0.03177835479115516,0.0063724439481007335,-0.021968468003872848,0.00033213300403024096,0.5557695120977799,0.6240115790413543,-0.10392934676509417,-0.03172561853533063,-0.1079281027846764,-0.05692066036942831,-0.022815569936786524,0.00043784895500939867,-0.030323316099287505,0.006109855989401765,-0.10212327911426701,0.016098936313283702,-0.02885066079737416,0.00958334200665308,0.6729612564893172,0.6729612564893172,0.6559029224968342,0.603335153499172,0.661208828736996,-0.06962610299014516
PortoAlegre_2024,A_authoritative,B_surface_first,R2_+forcing,7,0.40075786946136244,0.7934169430704676,0.7968842679477236,0.7938426153272091,0.7917250370951282,-0.004995892566858143,-0.003041652620514479,-0.014974973084466157,-0.001691905975339414,-0.011924502388333869,-0.1387006064604639,0.806294733953942,0.03848620827083284,5,0.806294733953942,0.03848620827083284,0.8004206487765639,0.04382097078241636,0.8040395162824673,0.03904983541546795,0.7925445156916349,0.03158819124135959,0.6812630390566391,0.11010541325993352,-0.004778628364365907,0.4843178437434979,-0.0058740851773780856,-0.0022552176714747407,-0.013750218262307157,-0.12503169489730293,fold_mean_null,0.65,-0.004968900000451018,0.00524923751891682,99,-2.6992566407125183e-05,0.65,-0.00497915386694011,0.004854431836750755,99,0.00020052550257420275,0.43,-0.008262833631850586,0.007629897696021179,99,0.0052211810113361075,0.63,-0.004993705941085176,0.003985865138672894,99,-0.0008803792362929094,0.71,-0.003939173638412978,0.0018127937591320758,99,0.0022472676630735638,0.66,-0.003422573788426843,0.0,99,0.0011673561169521021,0.8076923076923077,-0.0030993769178073193,0.016821332642703114,25,-0.00882512547052655,0.7692307692307693,-0.006305684767402608,0.012519671067040994,25,-0.0074445334949045485,0.0004140369907172037,-0.004544942191109965,0.7060008987513778,0.8566473270846966,0.7088852271438063,0.8587694579813532,-0.03498854702682619,0.009970416908724513,0.6849190360024457,0.8491692433731599,0.6849190360024457,0.8491692433731599,0.6734827889408894,0.8458720974410451,-0.016334026406484393,0.00030901108217157216,-0.006826609217894638,0.00010157463158551035,-0.011345236833612816,0.0006783622590888281,0.4451382782351027,0.5250391574924834,-0.04049913212236203,0.0026990818108194804,-0.14474906783302702,-0.0782709077932248,-0.012193833519239815,0.0004858659170672457,-0.009905189336337593,0.0018496535548554246,-0.04771587186234538,0.008679012874977758,-0.0037738436842707753,-0.0001947087067685049,0.806294733953942,0.806294733953942,0.8004206487765639,0.7925445156916349,0.8040395162824673,-0.013750218262307157
PortoAlegre_2024,A_authoritative,B_surface_first,R3_+terrain,10,0.40075786946136244,0.9404826867270573,0.940286696146406,0.9399720479255524,0.9404826867270573,-0.0007615591755718385,-0.0003146482208535861,-0.005269315220357689,0.0,-0.0011157510299401041,-0.10311070643064524,0.94061882474321,0.010648878568294775,5,0.94061882474321,0.010648878568294775,0.9403556201547927,0.010646067956701033,0.94061882474321,0.010648878568294775,0.9395900075686237,0.009898756566709143,0.8409794319279656,0.039949851534078255,-0.000804644144745521,0.26851770349810333,-0.00026320458841733174,0.0,-0.0010288171745863606,-0.09963939281524437,fold_mean_null,0.87,-0.0003274966762415991,0.00040019882931820275,99,-0.0004340624993302394,0.88,-0.00033496798949561954,0.00040366146656114636,99,-0.00046967615524990146,0.82,-0.00018026959368994626,6.705097804203795e-05,99,-0.00013437862716363986,0.71,-0.00016385128878811345,0.00012291760137715925,99,-9.93532996292183e-05,0.63,-0.00010064816603843332,1.8937592244705448e-05,99,0.00010064816603843332,0.62,-9.360708591300121e-05,5.5362025519475514e-08,99,9.360708591300121e-05,0.7307692307692307,-0.0009651535856887606,-0.000300783439206121,25,-0.00015059744425134354,0.7692307692307693,-0.0008743901205661464,-0.00019654364319361434,25,-0.00015442705402021414,-0.0017491440941554866,-0.0016731447163107077,0.9042228951828027,0.9637378561063055,0.9037132785655863,0.9635191747207463,-0.002374675231588344,-6.936631616953925e-05,0.8778821372357896,0.959082374211478,0.8778821372357896,0.959082374211478,0.8776417189351614,0.95886225765132,-0.0005867227236570488,4.0042210171828373e-05,0.0,0.0,-0.0016429800375945811,-7.839285497955932e-05,0.24084091467719682,0.29598781997173323,-0.003433207837296201,0.00031212108952506076,-0.11427606623176544,-0.07901074903906737,-0.0015368129044518808,-3.4215503140238643e-05,-0.0007107299023343227,2.834899788336941e-06,-0.010213658754444037,4.952872526851537e-05,0.0,0.0,0.94061882474321,0.94061882474321,0.9403556201547927,0.9395900075686237,0.94061882474321,-0.0010288171745863606
PortoAlegre_2024,A_authoritative,B_surface_first,R4_+hydrography,14,0.40075786946136244,0.9462886987881282,0.946097964457898,0.9460088074993501,0.9462886987881282,-0.00029879635666193825,-8.915695854783134e-05,-0.0016540555036774487,0.0,0.00012084460692618482,-0.09858420077718555,0.9463989098794879,0.010498656011372981,5,0.9463989098794879,0.010498656011372981,0.9462607716602556,0.010560468035866556,0.9463989098794879,0.010498656011372981,0.9464861922152238,0.010363121957343438,0.8504085333049847,0.03371144273683679,-0.0003010758666776047,0.25320660034614917,-0.00013813821923236436,0.0,8.728233573584987e-05,-0.09599037657450327,fold_mean_null,0.67,-0.0002196441037559495,0.0003056453986677222,99,-7.915225290598874e-05,0.68,-0.00022694078835067878,0.0002999692348722773,99,-7.413507832692594e-05,0.48,-0.00012437621064814776,0.0001424692660355386,99,3.5219252100316415e-05,0.61,-0.00011586693928380655,0.00010751689716566036,99,-2.2271279948557802e-05,0.65,-8.064982620573007e-05,0.0,99,8.064982620573007e-05,0.67,-8.819247896066502e-05,0.0,99,8.819247896066502e-05,0.38461538461538464,-7.219181904543071e-05,0.0003315247185235792,25,0.0001930364259716155,0.2692307692307692,-0.00012788987137305697,0.00045211721666173964,25,0.00021517220710890684,-0.0002927849361966816,-0.0004155005037861166,0.9122227560177527,0.9676642456294702,0.9118117283523136,0.9675090318275744,-0.0007063268397500183,0.0010482421067619983,0.888407784000014,0.962857496501574,0.888407784000014,0.962857496501574,0.8879727106471381,0.9627523383833468,-0.00045355901906183883,0.00014246746154827333,0.0,0.0,-0.0008013817888770106,0.00018608495291075515,0.2262383861679928,0.2811925010463597,-0.0012598652604715126,0.0013989474159337462,-0.11031806519899497,-0.07814188655117922,-0.000859808564905945,0.00022870443950548887,-0.0003808401526725902,0.0001708114361842705,-0.006142365781361277,0.0026768388473401464,0.0,0.0,0.9463989098794879,0.9463989098794879,0.9462607716602556,0.9464861922152238,0.9463989098794879,8.728233573584987e-05
TaquariValley_2024,A_authoritative,A_terrain_first,R0_none,0,0.09271523178807947,0.08102011429579835,0.08045103203743108,0.07295512429773561,0.06859034517024352,-0.012552616916073433,-0.007495907739695468,-0.00815172220388006,-0.012429769125554824,-0.00641901149796692,0.001895022730356452,0.09745170885687106,0.019409325507427317,5,0.09745170885687106,0.019409325507427317,0.10280342091944675,0.05131879397884111,0.08549536513202109,0.015735082903703013,0.08627253921996707,0.017725807743371954,0.11338370816308851,0.04212406730847259,-0.014297792726378128,0.32423261873554887,0.005351712062575689,-0.011956343724849966,-0.01117916963690399,0.015931999306217456,fold_mean_null,0.78,-0.014690569599050718,0.003907584154251321,99,0.0021379526829772844,0.79,-0.016401340047176187,0.003520120959284353,99,0.002103547320798059,0.98,0.005384740162348704,0.030196236529084756,99,-0.01288064790204417,0.54,0.011192558248819528,0.041429662526343974,99,-0.005840846186243838,1.0,0.006209842029288946,0.029889589719914206,99,-0.01863961115484377,1.0,0.005130140716025026,0.026225067948950687,99,-0.017086484440874992,0.8846153846153846,0.004151441143742808,0.020590819812794054,25,-0.010570452641709728,1.0,0.01001710641679849,0.03373295164978607,25,-0.02119627605370248,0.006487772047740075,-0.006471505451354933,0.053076690562004855,0.12356079295132856,0.05495585180373943,0.11554927997330065,-0.02872457707765533,0.007996035225647265,0.06439420896458287,0.14742312070851382,0.06439420896458287,0.14742312070851382,0.05483687963295956,0.18882903808919338,-0.0232844527869025,0.049147671685445454,-0.0176525980464409,0.10267898161942132,-0.01902738283584863,-0.007548131120399329,0.24729939118468827,0.4348576406976306,-0.016971606432504605,0.03004345123701704,-0.0008956685292834526,0.036377520213850593,-0.021872295960298653,-0.003770171302826346,-0.02721620834515467,0.004011455613881497,-0.03022446826514989,0.004291239071362121,-0.03340764899157658,0.004239828344995869,0.09745170885687106,0.09745170885687106,0.10280342091944675,0.08627253921996707,0.08549536513202109,-0.01117916963690399
TaquariValley_2024,A_authoritative,A_terrain_first,R1_+terrain,3,0.09271523178807947,0.3861249585762108,0.366355992384729,0.33706151827460007,0.3590404812233788,-0.015940925860831394,-0.02929447411012892,-0.046231754357433485,-0.027084477352832037,-0.0008972182964307462,-0.05468450705115274,0.41992047663017107,0.11585828960922452,5,0.41992047663017107,0.11585828960922452,0.40345287794692253,0.11915677170632791,0.4064988549330074,0.11572358745042317,0.40820577925302387,0.13029212183243213,0.372820733950303,0.11587150222868872,-0.018889853772652683,0.2401862366531268,-0.01646759868324854,-0.013421621697163655,-0.011714697377147198,-0.04709974267986805,fold_mean_null,0.82,-0.012396851403109107,0.00037107004188671164,99,-0.0035440744577222866,0.84,-0.013900085415979407,0.0006773234006886233,99,-0.004989768356673276,0.8,-0.013235922041445594,0.014907811852132266,99,-0.016058552068683327,0.76,-0.009379981617834487,0.0041658095650454665,99,-0.0070876170654140536,0.88,-0.011956764181963356,0.0011586224469312975,99,-0.015127713170868681,0.93,-0.00225020403523892,0.011561242748463867,99,-0.011171417661924735,0.6923076923076923,0.012220814593973332,0.04634867170670147,25,-0.013118032890404079,1.0,0.012826215079798906,0.03593977665334062,25,-0.024540912456946104,-0.020774580701222366,-0.012218354173648967,0.30400549601468013,0.4811632331392342,0.2891361132688098,0.46598743493433203,-0.06362585220026894,0.06715892034968456,0.37319567587371905,0.5197640286570636,0.37319567587371905,0.5197640286570636,0.3630705563246814,0.5033202078488571,-0.03787248339917795,0.006194906410087037,-0.01712657613095837,0.006939584319516813,-0.02830955417007128,-0.009390987226667069,0.16271112566904092,0.34348077508699715,-0.04378254589494284,0.018764560350004143,-0.07641860623183339,-0.012810943192892166,-0.027782357849932902,-0.005569137601612937,-0.0605994441475573,3.918538410022644e-05,-0.10819497132877978,6.0780591129314725e-05,-0.06579943615862445,0.002978566281615557,0.41992047663017107,0.41992047663017107,0.40345287794692253,0.40820577925302387,0.4064988549330074,-0.011714697377147198
TaquariValley_2024,A_authoritative,A_terrain_first,R2_+surface,6,0.09271523178807947,0.4071021243370774,0.3873112138604198,0.35574840956668813,0.393059997599368,-0.015839028114077232,-0.03156280429373165,-0.05151523090964675,-0.014042126737709382,0.002163278229070531,-0.022344647099847292,0.44520621676536376,0.10327856787286775,5,0.44520621676536376,0.10327856787286775,0.42545802964052826,0.09980531120799047,0.4317603348271879,0.0921284602961449,0.4512482578556541,0.11168180107333253,0.4220185542921745,0.08600758084771119,-0.018899445842446193,0.2332850133143086,-0.019748187124835503,-0.013445881938175863,0.006042041090290329,-0.023187662473189263,fold_mean_null,0.82,-0.011624777474947166,0.0013926805013432218,99,-0.004214250639130066,0.83,-0.013192673554378585,0.0016908989461348468,99,-0.0057067722880676085,0.92,-0.008044780266580636,0.017310517521131455,99,-0.023518024027151016,0.82,-0.00808724628369752,0.006807678732290589,99,-0.011660940841137984,0.82,-0.007685885759713344,0.010479304510966118,99,-0.006356240977996037,0.97,-0.00018528557052878607,0.02446494906695143,99,-0.013260596367647077,0.2692307692307692,-0.008183747571035798,0.023947258154491474,25,0.01034702580010633,0.23076923076923078,-0.0003894272764229334,0.02842939442446624,25,0.006431468366713262,-0.02446266138999158,-0.021018513893848515,0.3113520467026317,0.49946428462985465,0.2948903886738555,0.4790949838148559,-0.0378461625307737,0.03692462277578986,0.3851055173522068,0.5508469115337373,0.3851055173522068,0.5508469115337373,0.37673278030819146,0.5398143289554294,-0.028324566194713602,0.006342826923907183,-0.01784435172656533,0.007607246615534354,-0.03148543491127981,-0.008155757578861035,0.15983317451815904,0.3314327564298572,-0.030779352353373056,0.030118880835791607,-0.04634168679975798,0.011183598961643091,-0.03159889105327847,-0.005414504016996239,-0.047262335076495944,-0.007525208276456938,-0.08127234352855517,-0.011343346770304904,-0.03910842770861673,0.0027677758771608362,0.44520621676536376,0.44520621676536376,0.42545802964052826,0.4512482578556541,0.4317603348271879,0.006042041090290329
TaquariValley_2024,A_authoritative,A_terrain_first,R3_+hydrography,10,0.09271523178807947,0.39438982401058287,0.3749031319131383,0.33528908186183326,0.347492235823861,-0.02618547017315266,-0.03961405005130503,-0.0633726580210611,-0.04689758818672185,0.04557021551135615,-0.028301876624703126,0.4575642109478847,0.10983147712314861,5,0.4575642109478847,0.10983147712314861,0.42822437650490813,0.12934654122702985,0.4247566287537011,0.12153306768139094,0.49031438791698767,0.1215338404595513,0.413048589855092,0.096303353725212,-0.03132654413580196,0.2367532494286621,-0.029339834442976553,-0.03280758219418356,0.032750176969102984,-0.04451562109279267,fold_mean_null,0.85,-0.014292781798155763,0.0013955593640229368,99,-0.011892688374996898,0.85,-0.016130934826441824,0.0017657754722071482,99,-0.015195609309360134,0.97,-0.007782167462020891,0.020693423087881607,99,-0.031831882589284134,0.93,-0.01260380043425089,0.0044707696472886,99,-0.016736034008725663,0.98,-0.010145954353240054,0.0062026170355539215,99,-0.036751633833481796,0.97,-0.006286566212264828,0.006334587003153569,99,-0.026521015981918732,0.038461538461538464,0.006521249154312434,0.02323622752364741,25,0.03904896635704372,0.038461538461538464,0.00728600116153926,0.023521091254337406,25,0.025464175807563723,-0.06418331890282603,-0.030853484129377245,0.2949572141568716,0.5231796432835747,0.281370007890205,0.5150326187521118,-0.006049821709420308,0.0949918419116095,0.3965169395518565,0.5810679599954962,0.3965169395518565,0.5810679599954962,0.38731206221962056,0.5663862974024085,-0.059979225632474785,0.02166190262365843,-0.041031279389117124,0.012669973536055885,-0.05622142487278697,-0.012260182784572703,0.1561695237724449,0.35436758675169594,-0.008217772274068122,0.06888789721631643,-0.06673553961503349,-0.012405010020507794,-0.052700973381466655,-0.007909883291574644,-0.08316286825212783,-0.011230370183075065,-0.15847595414608948,-0.01616608089647079,-0.12259013721780973,-0.0035862049184186757,0.4575642109478847,0.4575642109478847,0.42822437650490813,0.49031438791698767,0.4247566287537011,0.032750176969102984
TaquariValley_2024,A_authoritative,A_terrain_first,R4_+forcing,14,0.09271523178807947,0.4264854980041642,0.41296759639507724,0.36659131869625944,0.37464584425216974,-0.02523903537023752,-0.0463762776988178,-0.07900122278433779,-0.05183965375199445,0.025328210151922215,-0.010531172755226192,0.5017717240055936,0.13491907333917266,5,0.5017717240055936,0.13491907333917266,0.4609441359262319,0.14288475385179045,0.4643236748671045,0.14109295122221285,0.5320839617318982,0.15324720751313906,0.4813806805810906,0.12218091634799816,-0.029823985985817075,0.22663346433367035,-0.040827588079361654,-0.03744804913848904,0.030312237726304647,-0.02039104342450293,fold_mean_null,0.86,-0.012883256675319237,0.0016257133818633304,99,-0.012355778694918284,0.86,-0.01439083067465577,0.0020133064577596486,99,-0.015433155311161304,0.97,-0.008031917796275496,0.033098211729647616,99,-0.038344359902542306,0.93,-0.015243414371698514,0.00347065143831682,99,-0.025584173707663138,0.99,-0.009299799456623152,0.011933012500287258,99,-0.0425398542953713,0.99,-0.004579820524351077,0.013104395389434313,99,-0.03286822861413796,0.038461538461538464,0.00021332987203707577,0.014705274166315705,25,0.02511488027988514,0.038461538461538464,0.007168771686363036,0.017725508619575316,25,0.02314346603994161,-0.06809742487296233,-0.05135030454985732,0.3091067410443771,0.5815106488935803,0.30332041242491786,0.572472105217395,-0.01124277816912656,0.06570441928926082,0.4351285045737616,0.6250507879065278,0.4351285045737616,0.6250507879065278,0.4244602207885423,0.6086618109656532,-0.06759672235428138,0.010689570372967862,-0.04072891308785186,0.01666454737498729,-0.05030678028908765,-0.01113188226409144,0.14924868597608054,0.3378944209620457,-0.0031006000607551147,0.0533691698849718,-0.038150435565776554,-0.004055756823314966,-0.05207096964284361,-0.007542115114136906,-0.09125955640670183,-0.010631636337492301,-0.18418068409439048,-0.01588290030659908,-0.1412367429872267,-0.002624118780142822,0.5017717240055936,0.5017717240055936,0.4609441359262319,0.5320839617318982,0.4643236748671045,0.030312237726304647
TaquariValley_2024,A_authoritative,B_surface_first,R0_none,0,0.09271523178807947,0.08102011429579835,0.08045103203743108,0.07295512429773561,0.06859034517024352,-0.012552616916073433,-0.007495907739695468,-0.00815172220388006,-0.012429769125554824,-0.00641901149796692,0.001895022730356452,0.09745170885687106,0.019409325507427317,5,0.09745170885687106,0.019409325507427317,0.10280342091944675,0.05131879397884111,0.08549536513202109,0.015735082903703013,0.08627253921996707,0.017725807743371954,0.11338370816308851,0.04212406730847259,-0.014297792726378128,0.32423261873554887,0.005351712062575689,-0.011956343724849966,-0.01117916963690399,0.015931999306217456,fold_mean_null,0.78,-0.014690569599050718,0.003907584154251321,99,0.0021379526829772844,0.79,-0.016401340047176187,0.003520120959284353,99,0.002103547320798059,0.98,0.005384740162348704,0.030196236529084756,99,-0.01288064790204417,0.54,0.011192558248819528,0.041429662526343974,99,-0.005840846186243838,1.0,0.006209842029288946,0.029889589719914206,99,-0.01863961115484377,1.0,0.005130140716025026,0.026225067948950687,99,-0.017086484440874992,0.8846153846153846,0.004151441143742808,0.020590819812794054,25,-0.010570452641709728,1.0,0.01001710641679849,0.03373295164978607,25,-0.02119627605370248,0.006487772047740075,-0.006471505451354933,0.053076690562004855,0.12356079295132856,0.05495585180373943,0.11554927997330065,-0.02872457707765533,0.007996035225647265,0.06439420896458287,0.14742312070851382,0.06439420896458287,0.14742312070851382,0.05483687963295956,0.18882903808919338,-0.0232844527869025,0.049147671685445454,-0.0176525980464409,0.10267898161942132,-0.01902738283584863,-0.007548131120399329,0.24729939118468827,0.4348576406976306,-0.016971606432504605,0.03004345123701704,-0.0008956685292834526,0.036377520213850593,-0.021872295960298653,-0.003770171302826346,-0.02721620834515467,0.004011455613881497,-0.03022446826514989,0.004291239071362121,-0.03340764899157658,0.004239828344995869,0.09745170885687106,0.09745170885687106,0.10280342091944675,0.08627253921996707,0.08549536513202109,-0.01117916963690399
TaquariValley_2024,A_authoritative,B_surface_first,R1_+surface,3,0.09271523178807947,0.2034745057213514,0.19819398153181556,0.18523835903934588,0.20346375586190474,-0.006758126463234572,-0.012955622492469676,-0.016158050942571906,-1.0749859446657073e-05,0.000826023654512037,0.003475217764993599,0.22402885276637594,0.053604473402866705,5,0.22402885276637594,0.053604473402866705,0.21397904496939063,0.05343093225217192,0.23840329491455114,0.076413293960025,0.24635585017598793,0.1105090806586112,0.2236506936488861,0.04810087331819746,-0.007790182904431582,0.2769514489810978,-0.010049807796985305,0.01437444214817521,0.022326997409612,-0.0003781591174898402,fold_mean_null,0.58,-0.012889148351736704,0.001485897114083406,99,0.006131021888502132,0.59,-0.014421559706493567,0.0016988106335673512,99,0.006631376802061985,0.68,-0.0057692769140892265,0.01587866046031109,99,-0.00718634557838045,0.63,-0.007044354191872205,0.011647754857270341,99,-0.0030054536051131,0.43,-0.00498510128624747,0.026141567833827605,99,0.004974351426800813,0.1,-0.006211116002535997,0.03114894541799946,99,0.020585558150711204,0.23076923076923078,-0.012591471265465656,0.0065109451653824835,25,0.013417494919977693,0.07692307692307693,-0.011194415777966902,0.015828129671240847,25,0.0335214131875789,0.023944185258675366,-0.0038731512322689996,0.14825208714721327,0.27597932459231034,0.14469096853134586,0.26830831846403697,-0.048892151300383435,0.053173415511427534,0.1637112893649794,0.31639423168104835,0.1637112893649794,0.31639423168104835,0.16188639424387039,0.3082424829763105,-0.015358502401126257,0.0016856976475802437,-0.024531419779812328,0.03548704413960893,-0.010706246698293247,-0.003892153734481791,0.20661669556193873,0.3705998230756224,-0.053804319875187544,0.06291101478372867,-0.009673407670442842,0.006583187694080272,-0.011489596191054165,-0.0024063693277186163,-0.019992266244449178,-0.00029541074503048974,-0.025696763974535252,-0.0003608868247541374,-0.03779061217404387,0.033569319543252533,0.22402885276637594,0.22402885276637594,0.21397904496939063,0.24635585017598793,0.23840329491455114,0.022326997409612
TaquariValley_2024,A_authoritative,B_surface_first,R2_+forcing,7,0.09271523178807947,0.1942227025279899,0.18974704860416813,0.17465517508454517,0.20191766730800467,-0.009267661030387155,-0.015091873519622961,-0.018626125944526364,0.007694964780014774,-0.043943951258725994,0.0045540062623940225,0.20840266246370143,0.03445770456473133,5,0.20840266246370143,0.03445770456473133,0.19414259977269618,0.028439327820837534,0.22085855752291353,0.039255373714713646,0.16515074443990313,0.03677335330360975,0.20977752869704505,0.03248035541474912,-0.010990672569853269,0.2799593049746909,-0.014260062691005243,0.012455895059212102,-0.0432519180237983,0.0013748662333436246,fold_mean_null,0.66,-0.013914120235444055,0.0011146696399052186,99,0.004646459205056901,0.71,-0.015424157515686597,0.001129837386380856,99,0.004433484945833328,0.72,-0.006603446578571572,0.01394876897971661,99,-0.00848842694105139,0.8,-0.0053217573097475235,0.016317389259353714,99,-0.00893830538125772,0.15,-0.0011244345700817007,0.02674427059960593,99,0.008819399350096475,0.14,-0.0010668118530094146,0.04046867902237185,99,0.013522706912221516,1.0,-0.007587440324148408,0.0031951394762210206,25,-0.036356510934577584,1.0,-0.005614869633310293,0.014293780463205065,25,-0.037637048390488,0.015836176426549307,-0.011291479843876882,0.14095257026492133,0.26291883989298187,0.13890104075996268,0.25470659206262375,-0.09496956915268535,0.003135590528302994,0.15598328681889334,0.3158008798924818,0.15598328681889334,0.3158008798924818,0.15577416299185584,0.3015318450407882,-0.05050983197769397,0.0036042091929204337,-0.008019887017218348,0.04860405919801085,-0.01599608572113237,-0.00281170709855681,0.20735233838107667,0.37717774860233844,-0.0887040612649427,0.01569753691521642,-0.015078356622556008,0.009031890599700877,-0.0201177825997349,-0.0014588342612755472,-0.031003013441361804,-0.0009290666533061863,-0.04014173099111002,-0.0011307070638856313,-0.008254124704886241,0.030019618753626548,0.20840266246370143,0.20840266246370143,0.19414259977269618,0.16515074443990313,0.22085855752291353,-0.0432519180237983
TaquariValley_2024,A_authoritative,B_surface_first,R3_+terrain,10,0.09271523178807947,0.4497929454520074,0.43217754017787297,0.38229569159272714,0.43244085944947697,-0.022537386786328252,-0.04988184858514583,-0.08784761455327346,-0.01735208600253041,0.0020427915486004866,-0.011794456166339895,0.4998941859079947,0.1270000355968402,5,0.4998941859079947,0.1270000355968402,0.4792535106980983,0.13423681964624562,0.4880951345662723,0.11959969466138386,0.5053888046534345,0.12823143482724486,0.49725757399218534,0.11664254994816954,-0.0265339946586653,0.21975828406021397,-0.02064067520989643,-0.011799051341722433,0.005494618745439772,-0.0026366119158093837,fold_mean_null,0.88,-0.011657841110818893,0.0009869485071754686,99,-0.01087954567550936,0.88,-0.013126570861336012,0.0012903738647974273,99,-0.01340742379732929,0.95,-0.01277128968908595,0.0187449702843443,99,-0.03711055889605988,0.83,-0.008308478498623104,0.005785511021989593,99,-0.012332196711273327,0.76,-0.007780379651438128,0.029510148086244255,99,-0.009571706351092281,0.92,-0.0006228800331456923,0.0446463296626947,99,-0.011176171308576741,0.34615384615384615,-0.0041509147746004674,0.02323671468619042,25,0.006193706323200954,0.4230769230769231,0.0014594829355005579,0.018287079841419567,25,0.004035135809939214,-0.061009867521788816,-0.024659174846154763,0.3233986373598062,0.572063515494542,0.30849347343549743,0.5541925252636323,-0.04701327948022588,0.03623275144677556,0.4291602158988384,0.6157122311389028,0.4291602158988384,0.6157122311389028,0.4203605915861246,0.6021897778197456,-0.030523967411525188,0.0009523549911893754,-0.014834565399626144,0.00041976950134443934,-0.0489639798220097,-0.005874063412612957,0.14820645516157993,0.31281598246435194,-0.030274570189494514,0.031551825488807334,-0.02958280011705131,0.023902178265291875,-0.0511826804899506,-0.004601977017584187,-0.07219586633447464,-0.012975408335001798,-0.12789860013701224,-0.0203858792880565,-0.04323836726286382,0.00011738791783120286,0.4998941859079947,0.4998941859079947,0.4792535106980983,0.5053888046534345,0.4880951345662723,0.005494618745439772
TaquariValley_2024,A_authoritative,B_surface_first,R4_+hydrography,14,0.09271523178807947,0.4264854980041642,0.41296759639507724,0.36659131869625944,0.37464584425216974,-0.02523903537023752,-0.0463762776988178,-0.07900122278433779,-0.05183965375199445,0.025328210151922215,-0.010531172755226192,0.5017717240055936,0.13491907333917266,5,0.5017717240055936,0.13491907333917266,0.4609441359262319,0.14288475385179045,0.4643236748671045,0.14109295122221285,0.5320839617318982,0.15324720751313906,0.4813806805810906,0.12218091634799816,-0.029823985985817075,0.22663346433367035,-0.040827588079361654,-0.03744804913848904,0.030312237726304647,-0.02039104342450293,fold_mean_null,0.86,-0.012883256675319237,0.0016257133818633304,99,-0.012355778694918284,0.86,-0.01439083067465577,0.0020133064577596486,99,-0.015433155311161304,0.97,-0.008031917796275496,0.033098211729647616,99,-0.038344359902542306,0.93,-0.015243414371698514,0.00347065143831682,99,-0.025584173707663138,0.99,-0.009299799456623152,0.011933012500287258,99,-0.0425398542953713,0.99,-0.004579820524351077,0.013104395389434313,99,-0.03286822861413796,0.038461538461538464,0.00021332987203707577,0.014705274166315705,25,0.02511488027988514,0.038461538461538464,0.007168771686363036,0.017725508619575316,25,0.02314346603994161,-0.06809742487296233,-0.05135030454985732,0.3091067410443771,0.5815106488935803,0.30332041242491786,0.572472105217395,-0.01124277816912656,0.06570441928926082,0.4351285045737616,0.6250507879065278,0.4351285045737616,0.6250507879065278,0.4244602207885423,0.6086618109656532,-0.06759672235428138,0.010689570372967862,-0.04072891308785186,0.01666454737498729,-0.05030678028908765,-0.01113188226409144,0.14924868597608054,0.3378944209620457,-0.0031006000607551147,0.0533691698849718,-0.038150435565776554,-0.004055756823314966,-0.05207096964284361,-0.007542115114136906,-0.09125955640670183,-0.010631636337492301,-0.18418068409439048,-0.01588290030659908,-0.1412367429872267,-0.002624118780142822,0.5017717240055936,0.5017717240055936,0.4609441359262319,0.5320839617318982,0.4643236748671045,0.030312237726304647
Houston_SanJacinto_2017,A_authoritative,A_terrain_first,R0_none,0,0.29285428228159505,0.24941874026023633,0.24916721038957793,0.23856178115996549,0.2625850595117544,-0.006298826152033267,-0.01060542922961244,-0.01412488822593268,0.013166319251518094,-0.0021117685412288534,0.0,0.3162672339625331,0.07036303569186693,5,0.3162672339625331,0.07036303569186693,0.3298541876342782,0.08568769182192278,0.31628833024070196,0.07309374372906031,0.3162682270002979,0.08376860100403304,0.3162672339625331,0.07036303569186693,-0.004036517719450386,0.6379038692924709,0.013586953671745117,2.109627816887505e-05,9.930377647959787e-07,0.0,fold_mean_null,0.85,-0.0018047970074267048,0.005238629687952846,99,-0.004494029144606562,0.76,-0.0017129758837772418,0.004733711998155893,99,-0.0023235418356731445,0.83,0.0027979754966458,0.04691676467658037,99,-0.01340340472625824,0.37,0.010020383791249856,0.05538771267085984,99,0.0035665698804952604,0.57,0.021438905225598454,0.06890586615691624,99,-0.00827258597408036,0.45,0.009615431102704672,0.05538771885408983,99,-0.009594334824535797,0.9230769230769231,0.01807817514176158,0.06023618029589862,25,-0.020189943682990433,0.8846153846153846,0.01729931603444296,0.05408049346183114,25,-0.017298322996678165,-0.0036424639315172894,0.005216321430908024,0.21223929131169053,0.29079754905622995,0.21135197349260482,0.29127338195405084,-0.016566714947394673,0.012227209888437514,0.2797066162115774,0.3588788681799627,0.2797066162115774,0.3588788681799627,0.2834710136752287,0.37831357915159514,-0.016824497251751756,0.046138798222415456,-0.023765297160502623,0.02842683237242605,-0.007635252279726653,-0.0006489577188199009,0.6056193165350873,0.6753866761395962,-0.018201511247438896,0.02269419818628077,0.0,0.0,-0.012646990067957999,-0.0012497029200120892,-0.022846396734582195,0.0018885245487646688,-0.030760336823263536,0.002545274347094232,-0.011843853799045768,0.03862917258262733,0.3162672339625331,0.3162672339625331,0.3298541876342782,0.3162682270002979,0.31628833024070196,9.930377647959787e-07
Houston_SanJacinto_2017,A_authoritative,A_terrain_first,R1_+terrain,3,0.29285428228159505,0.5090418267209535,0.47934899888739474,0.4713135476834507,0.5090418267209535,-0.001278917890638928,-0.008035451203944055,-0.015433469227510741,0.0,0.04026418645142393,-0.04980574329308085,0.5421540326918026,0.057443121283299085,5,0.5421540326918026,0.057443121283299085,0.5380690611392411,0.0682436087743021,0.5421540326918026,0.057443121283299085,0.5757060001790362,0.07651466883259116,0.4984803004696353,0.07501970826029611,-3.8295218227490154e-05,0.5802941880421504,-0.004084971552561489,0.0,0.03355196748723355,-0.043673732222167305,fold_mean_null,0.65,-0.0005829517353092007,0.005573550693238972,99,-0.0006959661553297272,0.5,-0.0008979822585516186,0.0046363937472220385,99,0.0008596870403241284,0.92,0.0006415793491959369,0.017890508149122672,99,-0.008677030553139993,0.62,-0.0016823649058416291,0.012256587159646372,99,-0.0024026066467198602,0.59,-0.0009182245063215571,0.01962654046407903,99,0.0009182245063215571,0.53,-0.0011799926382262632,0.01664970212759751,99,0.0011799926382262632,0.5,0.03513376455600567,0.06409772623227301,25,0.0051304218954182634,0.46153846153846156,0.02667586092160104,0.05465672441746775,25,0.006876106565632506,0.0014814676039141788,-0.005247630902692989,0.4502103556182089,0.5674286286206549,0.4174554530256749,0.5416888503600533,0.016431320748421276,0.06772591071072571,0.48644972188092916,0.5931957184970494,0.48644972188092916,0.5931957184970494,0.4829941195619929,0.5890040278951283,-0.011067684656614082,0.002765082735359258,0.0,0.0,-0.0026357205769781296,0.0027043900370183637,0.5466793626391293,0.616679758185797,0.00965477185550829,0.06015360082891745,-0.06484253527875908,-0.019884761292774857,-0.00463891983015642,0.0019127283822960074,-0.018767312228137007,0.0008151791683803757,-0.03605478968688324,0.0015238626936782086,0.0,0.0,0.5421540326918026,0.5421540326918026,0.5380690611392411,0.5757060001790362,0.5421540326918026,0.03355196748723355
Houston_SanJacinto_2017,A_authoritative,A_terrain_first,R2_+surface,6,0.29285428228159505,0.6552937690042713,0.6409726610078837,0.6376225676437159,0.6521349404802499,-0.0016286437542189446,-0.0033500933641678055,-0.0093310258031391,-0.0031588285240213843,0.02132425120612491,-0.07376781398331334,0.6813928678035821,0.050279252566378996,5,0.6813928678035821,0.050279252566378996,0.6811289935549194,0.05374928593217402,0.6819983830935549,0.05164225652694156,0.7015906578185065,0.06180257704352383,0.6135361841757916,0.0780816131727515,-0.0004538127586603515,0.5002671608054488,-0.0002638742486626988,0.0006055152899727689,0.02019779001492439,-0.06785668362779051,fold_mean_null,0.69,-0.0006075015020749472,0.004912515224141282,99,-0.0010211422521439974,0.44,-0.0007774000792056373,0.004749222433809288,99,0.0003235873205452858,0.68,-0.001383646053175465,0.007816155730385018,99,-0.0019664473109923405,0.31,-0.0018482768502652224,0.006583463608258016,99,0.0015844026016025236,0.77,-0.0011061024887319556,0.005629328832308733,99,-0.002052726035289429,0.14,-0.000954716274888588,0.004866622955748858,99,0.001560231564861357,0.5384615384615384,0.019154272296889863,0.03341095494021542,25,0.002169978909235048,0.2692307692307692,0.013285018174269414,0.02483618519270243,25,0.006912771840654974,0.00064682902636323,0.004972903747257473,0.5987378621148952,0.710185010123226,0.5832000614249526,0.6978012294815137,8.134227320632824e-05,0.04066409281447817,0.6256505581749069,0.7284861474265417,0.6256505581749069,0.7284861474265417,0.6237121790500784,0.7269624592330275,-0.009466056210717253,0.010339649361134729,-0.0071068167822406995,0.009624757539939067,-0.003955223417519376,0.0031352109677218053,0.4629013313930651,0.5409011455189859,-0.002199569205944762,0.041461875178523434,-0.09128925197150974,-0.04231021517619397,-0.006611952551723823,0.0024866386017877444,-0.016253190058549215,0.006438188480434159,-0.04549516714615738,0.018629779863215908,-0.013660958572642126,0.005093799091693025,0.6813928678035821,0.6813928678035821,0.6811289935549194,0.7015906578185065,0.6819983830935549,0.02019779001492439
Houston_SanJacinto_2017,A_authoritative,A_terrain_first,R3_+hydrography,10,0.29285428228159505,0.7124405533210718,0.7002413268909978,0.6976473190482687,0.7098006553898841,-0.0006290638063557034,-0.002594007842729118,-0.008653654007154786,-0.0026398979311876847,0.02083164104493429,-0.08865461856425261,0.7311640109948814,0.05008990206667797,5,0.7311640109948814,0.05008990206667797,0.7292621498417423,0.05466940237495342,0.7305402663881845,0.050343613177611664,0.7491691577230392,0.05796589390312213,0.6457546898259314,0.07486029223044026,-0.0001161593932953418,0.46746776344293445,-0.0019018611531390617,-0.0006237446066968966,0.018005146728157784,-0.08540932116894995,fold_mean_null,0.5,-0.0009754128007430913,0.004169868664454945,99,0.000346348994387388,0.38,-0.00119736588881758,0.0037822492497315255,99,0.0010812064955222382,0.55,-0.0023641401031003436,0.00482790319313172,99,-0.00022986773962877438,0.48,-0.0026605425324280917,0.0028290938013279736,99,0.0007586813792890301,0.82,-0.000788700984542745,0.0020514311767924937,99,-0.0018511969466449398,0.65,-0.0007628682710733093,0.0019690885841157075,99,0.00013912366437641272,0.19230769230769232,0.01112129041668979,0.0272530257451141,25,0.009710350628244501,0.19230769230769232,0.0069411659914996315,0.018992753827639163,25,0.011063980736658152,0.0023129006534248968,0.002822097525322716,0.6605880920796344,0.7565131807909695,0.6458295340327634,0.7479824515902438,0.005731967905997674,0.03612081934080397,0.6745322403122216,0.7704524331088816,0.6745322403122216,0.7704524331088816,0.6739207021526695,0.7688785990941255,-0.008745138640782643,0.005173765453990774,-0.006255165525899614,0.007551097881516262,-0.0025972063677384707,0.002758868535209422,0.43229546101185123,0.505408405168196,0.0034681182486274585,0.03509171811931982,-0.10539051092686558,-0.06498192112867801,-0.0034022463804262177,0.0023056624166541287,-0.009727285727296947,0.003946318622093744,-0.031612979220025955,0.01345768561391261,-0.008618637434813836,0.002991570502345944,0.7311640109948814,0.7311640109948814,0.7292621498417423,0.7491691577230392,0.7305402663881845,0.018005146728157784
Houston_SanJacinto_2017,A_authoritative,A_terrain_first,R4_+forcing,14,0.29285428228159505,0.8397754446736387,0.8362098240723679,0.8362673332676724,0.8404335926111954,-0.0007357440748710639,5.7509195304561445e-05,0.0003511150469120376,0.0006581479375566968,0.009012108312602463,-0.11167432650091647,0.8417684445192389,0.02803083303270671,5,0.8417684445192389,0.02803083303270671,0.8423970413536885,0.028272715342130324,0.8424185398953729,0.02796395792961622,0.8504395704248523,0.02441700804221788,0.7288406895270872,0.031034046056913435,-0.00030663886407709154,0.35404666018518316,0.0006285968344496018,0.000650095376133919,0.008671125905613364,-0.11292775499215169,fold_mean_null,0.3,-0.0022131205716312066,0.0007272213417303825,99,0.0014773764967601429,0.16,-0.002378300230835267,0.000286145085760378,99,0.0020716613667581753,0.09,-0.0033901810587179866,0.0004097590078133815,99,0.003447690254022548,0.06,-0.003052030283447646,0.0005417484024865184,99,0.0036806271178972476,0.05,-0.000998045132233852,0.00011335136427664736,99,0.0016561930697905488,0.05,-0.0009449226404919564,0.00022226378551576327,99,0.0015950180166258753,0.07692307692307693,0.0013240627445843956,0.008285499647419202,25,0.007688045568018067,0.07692307692307693,0.0013138850467544173,0.008134701843778357,25,0.007357240858858947,0.005851379492394021,0.023261018364600258,0.8066635031365036,0.8694909056057258,0.8004035632488699,0.8677823135608459,0.003166158697471702,0.015254345945377577,0.8068568996043233,0.8676212956816692,0.8068568996043233,0.8676212956816692,0.8075521125244938,0.8679963680792618,-0.0014883531433479257,0.003133440038562675,-0.00036927317783730373,0.001712587964744756,-0.0016107881379291134,0.001021569780212796,0.32933974755548934,0.38178508096937547,0.0029746470329022807,0.015135399334275764,-0.13525377271470188,-0.09110366454796881,-0.0023589372254198032,0.0008462649083034418,-0.001746359770720496,0.0018558934049109702,-0.010654831773239738,0.011117946143761617,-0.0002570687927221565,0.0019853855965045737,0.8417684445192389,0.8417684445192389,0.8423970413536885,0.8504395704248523,0.8424185398953729,0.008671125905613364
Houston_SanJacinto_2017,A_authoritative,A_terrain_first,R5_+sar_event,15,0.29285428228159505,0.8466978994007291,0.8429828615454238,0.8426288985648325,0.8473522209020345,-0.00121786196891211,-0.0003539629805913158,-0.0022542951939842825,0.0006543215013053993,0.007231879366667027,-0.11469758321975121,0.8487329541335361,0.029791145091001864,5,0.8487329541335361,0.029791145091001864,0.849164762007393,0.0301101898940211,0.8493950157018629,0.02978731537396002,0.8555281635656407,0.028911495355534108,0.7335447502403241,0.03353150018989384,-0.0006644605392734887,0.3454744384115517,0.000431807873856882,0.0006620615683268216,0.006795209432104543,-0.11518820389321205,fold_mean_null,0.45,-0.002163021107308018,0.000679566543862126,99,0.0009451591383959081,0.26,-0.0023468078810417385,0.00019676265189526586,99,0.0016823473417682498,0.17,-0.003145851750586964,0.0003094923497643945,99,0.002791888769995648,0.1,-0.002776126786931002,0.0005504847479259166,99,0.003207934660787884,0.04,-0.0008835905343595625,0.00022309675805998132,99,0.0015379120356649619,0.04,-0.000858498340557364,0.0002698056364634044,99,0.0015205599088841857,0.19230769230769232,0.001910337696395823,0.00932216634705456,25,0.005321541670271204,0.19230769230769232,0.0015886613600030763,0.009085754421118516,25,0.005206548072101467,0.004869672411954623,0.021207095322135112,0.8141390604144207,0.874726511072999,0.8098154719360336,0.8730710382095807,0.0016300316410721636,0.012721490280275785,0.8142841016554598,0.8747768201585159,0.8142841016554598,0.8747768201585159,0.8127283025297309,0.8741352221563794,-0.0017180934125524737,0.003244676198827159,-0.00030860215326785067,0.0016926576943109533,-0.0019563113248963287,0.000656049864774455,0.3213731260493972,0.3727256521161961,0.0013576716099838126,0.012693498462532399,-0.13761728026270306,-0.09352889473395495,-0.003258081362011635,0.0005228942504846619,-0.0022788487201708895,0.0015537037476266516,-0.014462082453121217,0.009843099014645272,-0.00025518814366639605,0.0019819456151121094,0.8487329541335361,0.8487329541335361,0.849164762007393,0.8555281635656407,0.8493950157018629,0.006795209432104543
Houston_SanJacinto_2017,A_authoritative,B_surface_first,R0_none,0,0.29285428228159505,0.24941874026023633,0.24916721038957793,0.23856178115996549,0.2625850595117544,-0.006298826152033267,-0.01060542922961244,-0.01412488822593268,0.013166319251518094,-0.0021117685412288534,0.0,0.3162672339625331,0.07036303569186693,5,0.3162672339625331,0.07036303569186693,0.3298541876342782,0.08568769182192278,0.31628833024070196,0.07309374372906031,0.3162682270002979,0.08376860100403304,0.3162672339625331,0.07036303569186693,-0.004036517719450386,0.6379038692924709,0.013586953671745117,2.109627816887505e-05,9.930377647959787e-07,0.0,fold_mean_null,0.85,-0.0018047970074267048,0.005238629687952846,99,-0.004494029144606562,0.76,-0.0017129758837772418,0.004733711998155893,99,-0.0023235418356731445,0.83,0.0027979754966458,0.04691676467658037,99,-0.01340340472625824,0.37,0.010020383791249856,0.05538771267085984,99,0.0035665698804952604,0.57,0.021438905225598454,0.06890586615691624,99,-0.00827258597408036,0.45,0.009615431102704672,0.05538771885408983,99,-0.009594334824535797,0.9230769230769231,0.01807817514176158,0.06023618029589862,25,-0.020189943682990433,0.8846153846153846,0.01729931603444296,0.05408049346183114,25,-0.017298322996678165,-0.0036424639315172894,0.005216321430908024,0.21223929131169053,0.29079754905622995,0.21135197349260482,0.29127338195405084,-0.016566714947394673,0.012227209888437514,0.2797066162115774,0.3588788681799627,0.2797066162115774,0.3588788681799627,0.2834710136752287,0.37831357915159514,-0.016824497251751756,0.046138798222415456,-0.023765297160502623,0.02842683237242605,-0.007635252279726653,-0.0006489577188199009,0.6056193165350873,0.6753866761395962,-0.018201511247438896,0.02269419818628077,0.0,0.0,-0.012646990067957999,-0.0012497029200120892,-0.022846396734582195,0.0018885245487646688,-0.030760336823263536,0.002545274347094232,-0.011843853799045768,0.03862917258262733,0.3162672339625331,0.3162672339625331,0.3298541876342782,0.3162682270002979,0.31628833024070196,9.930377647959787e-07
Houston_SanJacinto_2017,A_authoritative,B_surface_first,R1_+surface,3,0.29285428228159505,0.42897782934077466,0.4038711536295215,0.399548693418691,0.43369334524996295,-0.006682443104810397,-0.004322460210830492,-0.007250882484797918,0.004715515909188284,-0.007925289751209763,0.010532121600014988,0.5043388056705833,0.09985121146510567,5,0.5043388056705833,0.09985121146510567,0.5158434929412595,0.111394589283162,0.524422595499982,0.11257942520199399,0.5110925511800587,0.12696686083892064,0.5007336902611366,0.08624682469105406,-0.0036306824875272114,0.5834739497254565,0.011504687270676217,0.020083789829398735,0.006753745509475384,-0.0036051154094467464,fold_mean_null,0.9,-0.0008077011967381185,0.006464740764712583,99,-0.005874741908072278,0.8,-0.0009060195325310267,0.005963459070882666,99,-0.0027246629549961847,0.81,0.004215396615448369,0.02643858504799066,99,-0.008537856826278861,0.17,0.0004900640363250052,0.018722510497698495,99,0.011014623234351211,0.2,0.002201551027781314,0.027789158223697277,99,0.0025139648814069696,0.04,-0.0014859342379440698,0.013939132541615605,99,0.021569724067342803,0.8461538461538461,0.012712264894920652,0.036250925550428956,25,-0.020637554646130415,0.23076923076923078,-0.001171853804657481,0.020644365256685858,25,0.007925599314132866,-0.004669725111597916,0.022222081051257135,0.3705825556246206,0.48597200216374925,0.34464110378691815,0.4650067232025131,-0.03214768537628334,0.022144731901861062,0.4516686074728874,0.5529408493758102,0.4516686074728874,0.5529408493758102,0.46056692344905037,0.5609908455119146,-0.003978085657225325,0.02754787315300492,-0.005411696201274746,0.042854130949329536,-0.009036215932781493,0.0013275983878934666,0.5527033390891072,0.6243862077129404,-0.016697283436071138,0.030273270211674985,-0.021270489650059617,0.01595587920552352,-0.015178562775674835,0.0010639282165835692,-0.019890743641807027,0.013353944841989932,-0.03277339705415709,0.02197995818823177,-0.020265607498183697,0.032623912891373466,0.5043388056705833,0.5043388056705833,0.5158434929412595,0.5110925511800587,0.524422595499982,0.006753745509475384
Houston_SanJacinto_2017,A_authoritative,B_surface_first,R2_+forcing,7,0.29285428228159505,0.5933339255135001,0.580566100086474,0.5666697159840806,0.583390882618305,-0.0049173402475358625,-0.013896384102393466,-0.03313128506126582,-0.009943042895195098,0.027082033490570145,-0.025144958154104224,0.6044041790209198,0.08472683105425424,5,0.6044041790209198,0.08472683105425424,0.6038658803152326,0.09439431225017164,0.6052019554279514,0.09488976660204868,0.6371327695170972,0.06506422632569281,0.5759212729115996,0.08330144277769859,-0.0032600838130988708,0.5224323586499713,-0.0005382987056872235,0.0007977764070316029,0.03272859049617738,-0.02848290610932025,fold_mean_null,0.86,-0.002338549291049076,0.0025881074957403018,99,-0.0025787909564867866,0.68,-0.0026274122421205753,0.0009013606021760305,99,-0.0006326715709782955,0.91,-0.005295146991654921,0.004407863697657353,99,-0.008601237110738544,0.22,-0.0044894440913918815,0.0032765677973053274,99,0.003951145385704658,0.86,-0.003526709693216623,0.001193307745280395,99,-0.006416333201978475,0.07,-0.002842354450080336,0.001472714195059886,99,0.003640130857111939,0.07692307692307693,0.00043360132364136386,0.024731198596537825,25,0.026648432166928783,0.038461538461538464,0.00015541311362520904,0.021041946633635872,25,0.03257317738255217,-0.0012110114553646634,0.009987833986531424,0.5444643417443326,0.6406401991712348,0.5308085069089225,0.6275255955919335,-0.006101307267064562,0.05499420762485283,0.5493322997824922,0.6475396574896227,0.5493322997824922,0.6475396574896227,0.5500594908853512,0.6477348656715507,-0.011268126640556871,0.008037339916637708,-0.009413890917142004,0.011053347924227097,-0.0063034297457813275,-0.0005790540630550226,0.4956184671951704,0.5540117518513328,-0.00030883956447672544,0.06065091910717236,-0.05587988297442688,-0.004762915078004507,-0.009556449727228085,-0.0012262035795973995,-0.029152310632618098,-0.0016961185843342847,-0.06959260004823771,-0.004114663266935425,-0.02439117439220106,0.0029699605444525098,0.6044041790209198,0.6044041790209198,0.6038658803152326,0.6371327695170972,0.6052019554279514,0.03272859049617738
Houston_SanJacinto_2017,A_authoritative,B_surface_first,R3_+terrain,10,0.29285428228159505,0.8368361518343745,0.8309973075860033,0.8285019565980242,0.8366721930960739,-0.0036798736004446282,-0.0024953509879791502,-0.014765155231174809,-0.00016395873830066243,0.004560361131272783,-0.11551551568251295,0.8389105786898305,0.02529122049073949,5,0.8389105786898305,0.02529122049073949,0.8373837603841068,0.027169421993572952,0.8389999416479601,0.024214971747660005,0.8433803074012133,0.024807567286857818,0.72284225701223,0.032250119575190625,-0.002059473543622605,0.35680892024458866,-0.001526818305723765,8.936295812955741e-05,0.004469728711382737,-0.1160683216776005,fold_mean_null,0.81,-0.0019854968673749455,0.0006858791944783824,99,-0.0016943767330696827,0.63,-0.002027976637190386,0.0003699048171527192,99,-3.1496906432218995e-05,0.59,-0.002979417608819112,0.0004579231681911654,99,0.0004840666208399619,0.43,-0.003005392525281932,6.590549826912443e-06,99,0.001478574219558167,0.56,-0.0008200879612417419,0.0002962526940169621,99,0.0006561292229410794,0.11,-0.0007924177642674796,0.00019960104437984874,99,0.000881780722397037,0.15384615384615385,-0.00010362703603006729,0.008917857467033961,25,0.00466398816730285,0.11538461538461539,-0.0004185636389441827,0.007850822729938454,25,0.004888292350326919,-8.827387614252527e-05,0.009178592905310945,0.8005256291284849,0.8673186870992212,0.7934690769107234,0.8632061471388043,-0.0034864484307158797,0.011938012323851856,0.8030813997624108,0.8641698731778227,0.8030813997624108,0.8641698731778227,0.8004496080959909,0.8632255043408132,-0.004124343070291991,0.000728599897050773,-0.001023699506637546,0.0013118506555782777,-0.004600982950075441,3.334198757466441e-05,0.3334404292107298,0.3818638645567285,-0.004493815389848907,0.01279411516232018,-0.13460881201157937,-0.09398054684551586,-0.007969024088802611,-0.00035075119924381513,-0.006211596198511729,0.0001267106692411947,-0.03535833100738206,0.0007805860418093242,-0.001197915239863237,0.0013151459676902756,0.8389105786898305,0.8389105786898305,0.8373837603841068,0.8433803074012133,0.8389999416479601,0.004469728711382737
Houston_SanJacinto_2017,A_authoritative,B_surface_first,R4_+hydrography,14,0.29285428228159505,0.8397754446736387,0.8362098240723679,0.8362673332676724,0.8404335926111954,-0.0007357440748710639,5.7509195304561445e-05,0.0003511150469120376,0.0006581479375566968,0.009012108312602463,-0.11167432650091647,0.8417684445192389,0.02803083303270671,5,0.8417684445192389,0.02803083303270671,0.8423970413536885,0.028272715342130324,0.8424185398953729,0.02796395792961622,0.8504395704248523,0.02441700804221788,0.7288406895270872,0.031034046056913435,-0.00030663886407709154,0.35404666018518316,0.0006285968344496018,0.000650095376133919,0.008671125905613364,-0.11292775499215169,fold_mean_null,0.3,-0.0022131205716312066,0.0007272213417303825,99,0.0014773764967601429,0.16,-0.002378300230835267,0.000286145085760378,99,0.0020716613667581753,0.09,-0.0033901810587179866,0.0004097590078133815,99,0.003447690254022548,0.06,-0.003052030283447646,0.0005417484024865184,99,0.0036806271178972476,0.05,-0.000998045132233852,0.00011335136427664736,99,0.0016561930697905488,0.05,-0.0009449226404919564,0.00022226378551576327,99,0.0015950180166258753,0.07692307692307693,0.0013240627445843956,0.008285499647419202,25,0.007688045568018067,0.07692307692307693,0.0013138850467544173,0.008134701843778357,25,0.007357240858858947,0.005851379492394021,0.023261018364600258,0.8066635031365036,0.8694909056057258,0.8004035632488699,0.8677823135608459,0.003166158697471702,0.015254345945377577,0.8068568996043233,0.8676212956816692,0.8068568996043233,0.8676212956816692,0.8075521125244938,0.8679963680792618,-0.0014883531433479257,0.003133440038562675,-0.00036927317783730373,0.001712587964744756,-0.0016107881379291134,0.001021569780212796,0.32933974755548934,0.38178508096937547,0.0029746470329022807,0.015135399334275764,-0.13525377271470188,-0.09110366454796881,-0.0023589372254198032,0.0008462649083034418,-0.001746359770720496,0.0018558934049109702,-0.010654831773239738,0.011117946143761617,-0.0002570687927221565,0.0019853855965045737,0.8417684445192389,0.8417684445192389,0.8423970413536885,0.8504395704248523,0.8424185398953729,0.008671125905613364
Houston_SanJacinto_2017,A_authoritative,B_surface_first,R5_+sar_event,15,0.29285428228159505,0.8466978994007291,0.8429828615454238,0.8426288985648325,0.8473522209020345,-0.00121786196891211,-0.0003539629805913158,-0.0022542951939842825,0.0006543215013053993,0.007231879366667027,-0.11469758321975121,0.8487329541335361,0.029791145091001864,5,0.8487329541335361,0.029791145091001864,0.849164762007393,0.0301101898940211,0.8493950157018629,0.02978731537396002,0.8555281635656407,0.028911495355534108,0.7335447502403241,0.03353150018989384,-0.0006644605392734887,0.3454744384115517,0.000431807873856882,0.0006620615683268216,0.006795209432104543,-0.11518820389321205,fold_mean_null,0.45,-0.002163021107308018,0.000679566543862126,99,0.0009451591383959081,0.26,-0.0023468078810417385,0.00019676265189526586,99,0.0016823473417682498,0.17,-0.003145851750586964,0.0003094923497643945,99,0.002791888769995648,0.1,-0.002776126786931002,0.0005504847479259166,99,0.003207934660787884,0.04,-0.0008835905343595625,0.00022309675805998132,99,0.0015379120356649619,0.04,-0.000858498340557364,0.0002698056364634044,99,0.0015205599088841857,0.19230769230769232,0.001910337696395823,0.00932216634705456,25,0.005321541670271204,0.19230769230769232,0.0015886613600030763,0.009085754421118516,25,0.005206548072101467,0.004869672411954623,0.021207095322135112,0.8141390604144207,0.874726511072999,0.8098154719360336,0.8730710382095807,0.0016300316410721636,0.012721490280275785,0.8142841016554598,0.8747768201585159,0.8142841016554598,0.8747768201585159,0.8127283025297309,0.8741352221563794,-0.0017180934125524737,0.003244676198827159,-0.00030860215326785067,0.0016926576943109533,-0.0019563113248963287,0.000656049864774455,0.3213731260493972,0.3727256521161961,0.0013576716099838126,0.012693498462532399,-0.13761728026270306,-0.09352889473395495,-0.003258081362011635,0.0005228942504846619,-0.0022788487201708895,0.0015537037476266516,-0.014462082453121217,0.009843099014645272,-0.00025518814366639605,0.0019819456151121094,0.8487329541335361,0.8487329541335361,0.849164762007393,0.8555281635656407,0.8493950157018629,0.006795209432104543
Jakarta_2020,B_crowdsourced,A_terrain_first,R0_none,0,0.016483946137845828,0.011958598081471044,0.011895143186387184,0.014860355962113691,0.011958598081471044,0.0022822139468316838,0.0029652127757265074,0.0030009090181871644,0.0,0.009593202973479585,-0.0011591730934552482,0.02921138311608575,0.017015141992769836,5,0.02921138311608575,0.017015141992769836,0.03670780000934576,0.02141956786971268,0.02921138311608575,0.017015141992769836,0.041096613642889655,0.023807039635620603,0.02745993128164658,0.016656233026820306,0.0032593030909114735,0.13972950100857323,0.00749641689326001,0.0,0.011885230526803906,-0.0017514518344391682,fold_mean_null,0.48,0.002056146334184987,0.006331896019357671,99,0.00022606761264669676,0.3,0.002136618388395561,0.007061393581344307,99,0.0011226847025159127,0.58,0.005819220544289481,0.016241859475574275,99,-0.0028540077685629732,0.43,0.008518129167391078,0.027179140317192516,99,-0.0010217122741310678,1.0,0.0,0.0,99,0.0,1.0,0.0,0.0,99,0.0,0.19230769230769232,0.0061387745639756505,0.011178324439977573,25,0.003454428409503935,0.2692307692307692,0.007558517027569726,0.014486347198332902,25,0.00432671349923418,0.008034700577990538,-0.0010524559686439369,0.007980422801536526,0.01762656428082859,0.007934983103072439,0.017362336875418733,0.005040201468423985,0.015638910156637743,0.019716579757386037,0.04080009561191086,0.019716579757386037,0.04080009561191086,0.02384980006255031,0.05877255703437632,-0.0002992170026846586,0.03091133344576494,0.0,0.0,3.644458168181912e-05,0.006987082462246976,0.09976477640695813,0.18729667218506532,0.0052358824438324255,0.025476171070513375,-0.004733783256996832,0.00444015462497424,0.0008065127737032406,0.004067059933585257,0.0011512502538472832,0.005259388658298496,0.0011676668702536393,0.005331009766814456,0.0,0.0,0.02921138311608575,0.02921138311608575,0.03670780000934576,0.041096613642889655,0.02921138311608575,0.011885230526803906
Jakarta_2020,B_crowdsourced,A_terrain_first,R1_+terrain,3,0.016483946137845828,0.025599184231380787,0.018973835255674133,0.022500384461945383,0.02848259920821348,0.001088292504658381,0.0035265492062712504,0.003594755505007694,0.002883414976832692,0.015586041484182467,-0.00018308271089885475,0.04878237964413677,0.03293579246639045,5,0.0462927082490054,0.03344403938991609,0.03939366108292487,0.02498233752775174,0.05011923862231334,0.03426877580078836,0.066830742849359,0.04527931199387412,0.048612046258959415,0.033177464437122724,0.0020844571148602477,0.13746032342737113,-0.00689904716608053,0.0013368589781765708,0.018048363205222226,-0.00017033338517735697,fold_mean_null,0.57,0.0016612978259074518,0.005047268209635695,99,-0.0005730053212490707,0.43,0.0017461093232000718,0.0063752085037208205,99,0.0003383477916601759,0.66,0.007153109524196119,0.018129522495182668,99,-0.0036265603179248687,0.97,0.007578607286704628,0.030017889665295273,99,-0.014477654452785158,0.3,0.002590257580728737,0.011064399611814376,99,0.0002931573961039548,0.38,0.0036552617830941264,0.01809444091589286,99,-0.0023184028049175556,0.11538461538461539,0.006711990977043464,0.01827879503490812,25,0.008874050507139002,0.19230769230769232,0.0067595766159802674,0.021965651801092403,25,0.01128878658924196,0.0024614214722035494,-0.01518039610057334,0.014143297316320812,0.038499172145569756,0.010860480104091814,0.029729205983713557,0.005397823323885666,0.03145442635642132,0.02645155774032739,0.07418834923748481,0.025246230033793268,0.07296388510488748,0.024735010752491647,0.06027608802232806,-0.020869700051466517,0.0037694759569432976,-0.001869278432268495,0.004844305300396574,-0.0006899579106528154,0.005276856938037141,0.09937558687856243,0.18087343407822984,0.0014907619901058993,0.03229802328939003,-0.00100907012902216,0.0007363425096919967,-0.0004334824222337648,0.0026750059478690084,-0.0012344816382022063,0.010047631400990117,-0.0012673294020906667,0.010286757983317801,0.00018809048024134048,0.008720648201306105,0.04878237964413677,0.0462927082490054,0.03939366108292487,0.066830742849359,0.05011923862231334,0.018048363205222226
Jakarta_2020,B_crowdsourced,A_terrain_first,R2_+surface,6,0.016483946137845828,0.02858909591365155,0.020060927635658376,0.02336057771087146,0.03088122214917638,0.0008525502506421658,0.0032996500752130835,0.003367199215000045,0.0022921262355248308,0.015181145292852433,3.760947214048738e-05,0.054680722821519236,0.032796148249582,5,0.047743560866913795,0.03263349722678423,0.04030464561716694,0.02443453146376524,0.05378764579636826,0.03388254614314633,0.0686958821201287,0.04401120798370424,0.05463703149110717,0.03272852086307228,0.0012529961640751674,0.13652722882427168,-0.0074389152497468525,-0.0008930770251509776,0.014015159298609463,-4.3691330412064244e-05,fold_mean_null,0.57,0.0015047136305423843,0.004510585772262232,99,-0.0006521633799002186,0.5,0.001543266979700451,0.005459677018507914,99,-0.0002902708156252835,0.64,0.006747882504697245,0.01778781786113013,99,-0.0034482324294841616,0.98,0.0060889102743583706,0.02331777771280103,99,-0.013527825524105223,0.35,0.0026794146808693676,0.01104670992747515,99,-0.0003872884453445368,0.8,0.0022613006221284273,0.013737779323932942,99,-0.003154377647279405,0.11538461538461539,0.0067032233578123756,0.018967236365781376,25,0.008477921935040059,0.15384615384615385,0.003480571913744829,0.015096788275897347,25,0.010534587384864635,-0.0021261020100166233,-0.014206074086955678,0.016395351622935306,0.04275930944054221,0.01145818559604032,0.03033731318703263,0.005577735689639288,0.029054374699809888,0.03030274741101882,0.07730212989259845,0.027217650007900523,0.0689220621532514,0.02577945014751959,0.059612886300865524,-0.018137561502780394,0.003823628097089228,-0.003852524394736254,0.002757906801733222,-0.0010263060025058406,0.0038227255448003514,0.09884095532246463,0.17880156706758615,-0.0017100317199370784,0.027123798565148897,-0.0007799159488556819,0.00029265671563872387,-0.000463618742840182,0.002251196101984082,-0.0005657173200994245,0.008434245535603083,-0.0005776292586394292,0.008593993098843587,-0.00021395456033278232,0.0072700841368736275,0.054680722821519236,0.047743560866913795,0.04030464561716694,0.0686958821201287,0.05378764579636826,0.014015159298609463
Jakarta_2020,B_crowdsourced,A_terrain_first,R3_+hydrography,10,0.016483946137845828,0.031457192098713574,0.020013677394780504,0.02443332337550739,0.03235174552198704,0.001660009480518392,0.004419645980726885,0.004509905780090472,0.0008945534232734642,0.012734163934338655,0.00012800470449825935,0.05363316123135544,0.02789657003593441,5,0.04128177870293558,0.022180719176969916,0.03840163909526124,0.018599040344885256,0.0493890923266814,0.025015747106107232,0.0586750773750764,0.023773382359442576,0.054641536602685295,0.028902231919536104,0.002020648557288891,0.1371243771632884,-0.002880139607674345,-0.004244068904674041,0.005041916143720959,0.0010083753713298546,fold_mean_null,0.5,0.0017122615806147029,0.005087523294240135,99,-5.2252100096310825e-05,0.4,0.001772810994672831,0.006145679012140615,99,0.0002478375626160602,0.56,0.005794148747848386,0.015048897311590785,99,-0.0013745027671215014,0.95,0.008074297053482862,0.024840806047224228,99,-0.010954436661157207,0.41,0.0017781013309694112,0.010773698663450503,99,-0.000883547907695947,0.89,-0.0008546302457965186,0.005045527297398881,99,-0.0033894386588775222,0.15384615384615385,0.0063564671069363966,0.015861714934120974,25,0.006377696827402258,0.4230769230769231,0.0031228653608407707,0.010844490569922753,25,0.0019190507828801885,0.0018073924399374588,-0.011426127529251278,0.018320537267594195,0.04647044459628883,0.01238877664186017,0.029719365543063272,0.0045894163820525335,0.024533426860752865,0.032199364247602565,0.07365311426498201,0.02748645962467125,0.05962923126655532,0.026421376877634142,0.056262584093420304,-0.010390009178338988,0.0043940743554917675,-0.010953356496408074,0.0008870736313056122,-0.000551807026028319,0.005282015795664614,0.09867914230388085,0.18121015105221291,-0.00816016872596537,0.02332741185107293,-0.00023629493352756383,0.0017808035144399514,0.00027803719523078853,0.0032849445846274655,0.0004839502342497615,0.00886601477394227,0.0004940776939771122,0.009072380362057578,-0.002999692748001905,0.0033380849353053608,0.05363316123135544,0.04128177870293558,0.03840163909526124,0.0586750773750764,0.0493890923266814,0.005041916143720959
Jakarta_2020,B_crowdsourced,A_terrain_first,R4_+forcing,14,0.016483946137845828,0.058101724240724344,0.034999965045255835,0.0316956125978235,0.053049134936769604,0.00042657396741487897,-0.0033043524474323377,-0.003424199303357852,-0.0050525893039547395,-0.010445161236391429,-0.0029920260109806696,0.07421992805306601,0.032617336076938036,5,0.05510741490818207,0.026662362862955567,0.04787335430714959,0.024679947232034573,0.07102982531549769,0.032193233314516706,0.06422855937583692,0.02506192252127035,0.07050166965929013,0.02990372273923814,0.00033438134970299835,0.13571114753177177,-0.007234060601032481,-0.003190102737568326,-0.009991368677229093,-0.003718258393775889,fold_mean_null,0.64,0.0012128155457008767,0.003667437960765719,99,-0.0007862415782859978,0.7,0.001633268256460079,0.004750431739994823,99,-0.0012988869067570808,0.84,0.004145232592651215,0.016862372547015163,99,-0.007449585040083553,0.97,0.008467471970050744,0.02733770360092885,99,-0.015701532571083227,0.51,-0.0032587721893999133,0.007435622428563893,99,-0.0017938171145548262,0.45,-0.0024652947120795397,0.006930604083555806,99,-0.0007248080254887864,0.8461538461538461,-0.002809327979634372,0.005233067122684181,25,-0.0076358332567570564,0.8846153846153846,-0.003282877981873068,0.004333019607155055,25,-0.006708490695356025,-0.009570966942512915,-0.016617267209856942,0.028363084220025474,0.0905065138888288,0.015590304307887423,0.06850152214945168,-0.028033143455419355,0.004987418210864584,0.043011927013459704,0.10229461508784125,0.031156502711813406,0.08148820037099598,0.029656077926475382,0.0694122119134457,-0.01563090198367497,0.000780468844749701,-0.009171555845386158,0.0033547864808130563,-0.0017137130403503237,0.0024199325153272688,0.09867971463430862,0.17736763694409358,-0.024428782010359463,0.014115228477403267,-0.007739064227006255,0.0003555905812485185,-0.0006063939661262741,0.0016198039734310506,-0.013792370229204563,0.0032605037612722402,-0.014626039351921194,0.003320510973393719,-0.015712305721843046,0.0030322719218757194,0.07421992805306601,0.05510741490818207,0.04787335430714959,0.06422855937583692,0.07102982531549769,-0.009991368677229093
Jakarta_2020,B_crowdsourced,A_terrain_first,R5_+sar_event,15,0.016483946137845828,0.07978361634145428,0.053320434805126986,0.04560918668301983,0.07491318275693655,0.0004647481705568454,-0.007711248122107155,-0.00814557365091091,-0.004870433584517733,-0.012777697342009314,-0.0038204433293932555,0.09630032699163509,0.028523986327667845,5,0.07653622320627537,0.03541579295220838,0.06830294122967183,0.030381409536870674,0.09213352358819202,0.029645869734068013,0.08248304994798086,0.028421777320796125,0.09497034000660573,0.02683763391674938,0.0002225992007071389,0.1318556206001614,-0.008233281976603543,-0.004166803403443067,-0.013817277043654222,-0.001329986985029355,fold_mean_null,0.62,0.0011389515525335565,0.003523472177891772,99,-0.0006742033819767111,0.68,0.0014737153617561478,0.004652537025159493,99,-0.001251116161049009,0.92,0.005202394594604863,0.023602467092167838,99,-0.012913642716712017,0.98,0.015080870603257973,0.031943405196733964,99,-0.023314152579861518,0.72,-0.002689942825155641,0.002385672344826457,99,-0.002180490759362092,0.84,0.0003383238283125749,0.008400643657846929,99,-0.004505127231755642,0.8461538461538461,-0.00658362942580911,0.003333826701998124,25,-0.006194067916200204,0.8461538461538461,-0.006699816491182728,0.0013586672903823423,25,-0.007117460552471494,-0.009488531132418617,-0.02524641806829553,0.039705588669988884,0.11750084542219758,0.01993611248108209,0.0956561466893854,-0.03474816611058881,0.007295642478544867,0.05292062070380889,0.1310566890320215,0.03821200957619338,0.10834077332719497,0.037763197390038424,0.09865706890278028,-0.0140045078631212,0.0032257992381057544,-0.012645263811064128,0.002829862260542364,-0.0016767419148554427,0.0021344181061288066,0.0969270205326709,0.1711460119826788,-0.030533452825782428,0.005602601190754025,-0.003419426918287817,0.001064155600975902,-0.0005113989605562713,0.001568901286068102,-0.01712019906917765,0.002088461359723756,-0.018493928702305387,0.00214743314354313,-0.01709202463443038,0.003185965243992251,0.09630032699163509,0.07653622320627537,0.06830294122967183,0.08248304994798086,0.09213352358819202,-0.013817277043654222
Jakarta_2020,B_crowdsourced,B_surface_first,R0_none,0,0.016483946137845828,0.011958598081471044,0.011895143186387184,0.014860355962113691,0.011958598081471044,0.0022822139468316838,0.0029652127757265074,0.0030009090181871644,0.0,0.009593202973479585,-0.0011591730934552482,0.02921138311608575,0.017015141992769836,5,0.02921138311608575,0.017015141992769836,0.03670780000934576,0.02141956786971268,0.02921138311608575,0.017015141992769836,0.041096613642889655,0.023807039635620603,0.02745993128164658,0.016656233026820306,0.0032593030909114735,0.13972950100857323,0.00749641689326001,0.0,0.011885230526803906,-0.0017514518344391682,fold_mean_null,0.48,0.002056146334184987,0.006331896019357671,99,0.00022606761264669676,0.3,0.002136618388395561,0.007061393581344307,99,0.0011226847025159127,0.58,0.005819220544289481,0.016241859475574275,99,-0.0028540077685629732,0.43,0.008518129167391078,0.027179140317192516,99,-0.0010217122741310678,1.0,0.0,0.0,99,0.0,1.0,0.0,0.0,99,0.0,0.19230769230769232,0.0061387745639756505,0.011178324439977573,25,0.003454428409503935,0.2692307692307692,0.007558517027569726,0.014486347198332902,25,0.00432671349923418,0.008034700577990538,-0.0010524559686439369,0.007980422801536526,0.01762656428082859,0.007934983103072439,0.017362336875418733,0.005040201468423985,0.015638910156637743,0.019716579757386037,0.04080009561191086,0.019716579757386037,0.04080009561191086,0.02384980006255031,0.05877255703437632,-0.0002992170026846586,0.03091133344576494,0.0,0.0,3.644458168181912e-05,0.006987082462246976,0.09976477640695813,0.18729667218506532,0.0052358824438324255,0.025476171070513375,-0.004733783256996832,0.00444015462497424,0.0008065127737032406,0.004067059933585257,0.0011512502538472832,0.005259388658298496,0.0011676668702536393,0.005331009766814456,0.0,0.0,0.02921138311608575,0.02921138311608575,0.03670780000934576,0.041096613642889655,0.02921138311608575,0.011885230526803906
Jakarta_2020,B_crowdsourced,B_surface_first,R1_+surface,3,0.016483946137845828,0.01436768524377297,0.011374932712479469,0.01561579767339052,0.014799050814632755,0.0023066622737296563,0.004240864960911051,0.004289659549647739,0.0004313655708597843,0.00879311537353702,-2.4886462533202716e-05,0.02985199457082898,0.01716033828783955,5,0.029212571964339674,0.016975307074906545,0.030261776677543123,0.014024855064343065,0.03016975709876224,0.016987223423762337,0.03928767183856076,0.020959873993192837,0.029864036069327842,0.017267592909137458,0.002831029400426499,0.14150397044341362,0.0010492047132034492,0.0003177625279332588,0.009435677267731778,1.2041498498861075e-05,fold_mean_null,0.48,0.0020257823255829567,0.0061262805782971415,99,0.00028087994814669955,0.42,0.00232025437133944,0.007412162248614628,99,0.0005107750290870589,0.53,0.005426680878754837,0.015064192190409633,99,-0.001185815917843786,0.77,0.007089703579110158,0.02270222357511389,99,-0.006040498865906709,0.38,0.00032257420826610776,0.000632162516134002,99,0.00010879136259367656,0.39,0.0002758129240203445,0.000726358226108361,99,4.1949603912914306e-05,0.19230769230769232,0.005806348882993644,0.012894278455521158,25,0.002986766490543376,0.3076923076923077,0.006334718651625288,0.015037153617932432,25,0.0031009586161064896,0.0036096162354067236,-0.0062222672971047385,0.009646304118688363,0.01925499920852157,0.00736409528953073,0.017527885527153793,0.004858034000047477,0.014232167100631122,0.020329271486817336,0.0415902758743995,0.02001081647429568,0.04085613575948937,0.02185982059531741,0.044227172870881196,-0.0025434954382889258,0.009036930435526063,8.423702451607644e-05,0.0011965624461086192,-3.4470497220195525e-05,0.006228560496842352,0.10051547910566166,0.1903012419304014,0.00369618608167683,0.016738091289339795,-0.00019475227955552087,0.0007540292577647531,0.0008839403497715769,0.0040102311179149525,0.00179745879182121,0.00698017660218835,0.001821283415429289,0.007070166545146487,0.0002086552719348307,0.0007835831721047003,0.02985199457082898,0.029212571964339674,0.030261776677543123,0.03928767183856076,0.03016975709876224,0.009435677267731778
Jakarta_2020,B_crowdsourced,B_surface_first,R2_+forcing,7,0.016483946137845828,0.04142246218117328,0.029466098626476825,0.027039188954537108,0.039744062641810976,-7.08312714267282e-05,-0.002426909671939717,-0.0025005923734401194,-0.001678399539362302,-0.003086259451369616,0.0006462016816135355,0.057504916595097225,0.022689820404353418,5,0.048803812528301176,0.024111585406241004,0.04553837317346764,0.026997124221689057,0.05641415944683335,0.024909053357518036,0.05092106001806742,0.019095481158136616,0.05779865949042547,0.022220331862104814,-0.0007668817679616499,0.13754165418094047,-0.0032654393548335325,-0.001090757148263878,-0.006583856577029805,0.00029374289532824865,fold_mean_null,0.76,0.0007869508995267686,0.0026864402737801028,99,-0.0008577821709534969,0.88,0.001479100943100595,0.004276836521340628,99,-0.0022459827110622448,0.93,0.002913316548623891,0.011402698287609552,99,-0.005340226220563608,0.94,0.005377640959267694,0.020418961410310143,99,-0.008643080314101227,0.83,0.001011560785727318,0.006436830178140031,99,-0.00268996032508962,0.81,0.0013672551545461456,0.006603788302472241,99,-0.0024580123028100235,0.6923076923076923,-0.001224177808990762,0.012905523550638433,25,-0.0018620816423788541,0.7692307692307693,-0.0015938163532238639,0.014978394865508298,25,-0.004990040223805941,-0.01632947287450522,-0.009086538011758363,0.022902414351383942,0.058784366704711856,0.015616157000584345,0.048460983299234525,-0.011445282480282839,0.005574999675762896,0.03703506945769312,0.07423532654419099,0.0309436568336015,0.06444016408809969,0.029262309618002934,0.06050776654140819,-0.0067120430625705885,0.0014750104942173549,-0.004923198219364097,0.004134855539729985,-0.0029701490228279926,0.0016035811039817802,0.09896812645204307,0.1802634681385863,-0.01593057859427739,0.005821053725790523,-0.0017153389786925103,0.00108252628731586,-0.00113299685287361,0.0010932770824249856,-0.006173074052436108,0.0011698320315726885,-0.0064881632772159446,0.0011888094458815156,-0.00640062676827666,0.0029126261018815555,0.057504916595097225,0.048803812528301176,0.04553837317346764,0.05092106001806742,0.05641415944683335,-0.006583856577029805
Jakarta_2020,B_crowdsourced,B_surface_first,R3_+terrain,10,0.016483946137845828,0.056299798044576944,0.03966776285507989,0.03276873100294231,0.051257601145524335,-0.000533808607394755,-0.006899031852137583,-0.007184005269518486,-0.005042196899052609,-0.006575850829230477,0.0027162837730221254,0.07947999636047291,0.035997791374495054,5,0.0660479737250876,0.0405860736161094,0.059309640586021714,0.04080508856489621,0.07438046050317784,0.0381132028108537,0.06980838567723467,0.02979138700482311,0.08147600255965969,0.034883767788910815,-0.0017271343083502682,0.13400029277160846,-0.006738333139065883,-0.0050995358572950705,-0.009671610683238241,0.001996006199186773,fold_mean_null,0.89,0.0009971396295104257,0.003050038640602005,99,-0.0015309482369051807,0.94,0.0014074195947050589,0.004546519915484315,99,-0.003134553903055327,0.98,0.004053046299121735,0.018034352342986143,99,-0.010952078151259318,0.95,0.007818400510735003,0.02823048852369144,99,-0.014556733649800885,0.9,0.00045872698457763455,0.012644941311627692,99,-0.005500923883630243,0.91,0.0010313440506988087,0.012806667342109975,99,-0.006130879907993879,0.7692307692307693,-0.004031186195619716,0.00895638024557777,25,-0.0025446646336107614,0.7307692307692307,-0.004743502964921179,0.010028743695827525,25,-0.004928107718317062,-0.023392142197762915,-0.015586168497177236,0.028212928612922024,0.08540681911581993,0.01897226505848499,0.06946520528647698,-0.022919441652830722,0.006747106405262861,0.043308339011014545,0.10472264551955612,0.035312952617672554,0.09023189368344076,0.031185956255702387,0.08276094129638006,-0.012745110017283904,0.0023010263020288688,-0.00879137726374059,0.0015720800768878234,-0.0042723875582794234,0.0007636552324681406,0.09777468084517414,0.17449326408958704,-0.02608232057421005,0.00998066048073116,4.0691589458306175e-05,0.0034490974246147357,-0.001701825583710912,0.0006176099526797676,-0.014655117768368179,0.0001451981323009225,-0.015568467535040521,0.0001483746024438319,-0.0116187035696539,-0.0002156075262460464,0.07947999636047291,0.0660479737250876,0.059309640586021714,0.06980838567723467,0.07438046050317784,-0.009671610683238241
Jakarta_2020,B_crowdsourced,B_surface_first,R4_+hydrography,14,0.016483946137845828,0.058101724240724344,0.034999965045255835,0.0316956125978235,0.053049134936769604,0.00042657396741487897,-0.0033043524474323377,-0.003424199303357852,-0.0050525893039547395,-0.010445161236391429,-0.0029920260109806696,0.07421992805306601,0.032617336076938036,5,0.05510741490818207,0.026662362862955567,0.04787335430714959,0.024679947232034573,0.07102982531549769,0.032193233314516706,0.06422855937583692,0.02506192252127035,0.07050166965929013,0.02990372273923814,0.00033438134970299835,0.13571114753177177,-0.007234060601032481,-0.003190102737568326,-0.009991368677229093,-0.003718258393775889,fold_mean_null,0.64,0.0012128155457008767,0.003667437960765719,99,-0.0007862415782859978,0.7,0.001633268256460079,0.004750431739994823,99,-0.0012988869067570808,0.84,0.004145232592651215,0.016862372547015163,99,-0.007449585040083553,0.97,0.008467471970050744,0.02733770360092885,99,-0.015701532571083227,0.51,-0.0032587721893999133,0.007435622428563893,99,-0.0017938171145548262,0.45,-0.0024652947120795397,0.006930604083555806,99,-0.0007248080254887864,0.8461538461538461,-0.002809327979634372,0.005233067122684181,25,-0.0076358332567570564,0.8846153846153846,-0.003282877981873068,0.004333019607155055,25,-0.006708490695356025,-0.009570966942512915,-0.016617267209856942,0.028363084220025474,0.0905065138888288,0.015590304307887423,0.06850152214945168,-0.028033143455419355,0.004987418210864584,0.043011927013459704,0.10229461508784125,0.031156502711813406,0.08148820037099598,0.029656077926475382,0.0694122119134457,-0.01563090198367497,0.000780468844749701,-0.009171555845386158,0.0033547864808130563,-0.0017137130403503237,0.0024199325153272688,0.09867971463430862,0.17736763694409358,-0.024428782010359463,0.014115228477403267,-0.007739064227006255,0.0003555905812485185,-0.0006063939661262741,0.0016198039734310506,-0.013792370229204563,0.0032605037612722402,-0.014626039351921194,0.003320510973393719,-0.015712305721843046,0.0030322719218757194,0.07421992805306601,0.05510741490818207,0.04787335430714959,0.06422855937583692,0.07102982531549769,-0.009991368677229093
Jakarta_2020,B_crowdsourced,B_surface_first,R5_+sar_event,15,0.016483946137845828,0.07978361634145428,0.053320434805126986,0.04560918668301983,0.07491318275693655,0.0004647481705568454,-0.007711248122107155,-0.00814557365091091,-0.004870433584517733,-0.012777697342009314,-0.0038204433293932555,0.09630032699163509,0.028523986327667845,5,0.07653622320627537,0.03541579295220838,0.06830294122967183,0.030381409536870674,0.09213352358819202,0.029645869734068013,0.08248304994798086,0.028421777320796125,0.09497034000660573,0.02683763391674938,0.0002225992007071389,0.1318556206001614,-0.008233281976603543,-0.004166803403443067,-0.013817277043654222,-0.001329986985029355,fold_mean_null,0.62,0.0011389515525335565,0.003523472177891772,99,-0.0006742033819767111,0.68,0.0014737153617561478,0.004652537025159493,99,-0.001251116161049009,0.92,0.005202394594604863,0.023602467092167838,99,-0.012913642716712017,0.98,0.015080870603257973,0.031943405196733964,99,-0.023314152579861518,0.72,-0.002689942825155641,0.002385672344826457,99,-0.002180490759362092,0.84,0.0003383238283125749,0.008400643657846929,99,-0.004505127231755642,0.8461538461538461,-0.00658362942580911,0.003333826701998124,25,-0.006194067916200204,0.8461538461538461,-0.006699816491182728,0.0013586672903823423,25,-0.007117460552471494,-0.009488531132418617,-0.02524641806829553,0.039705588669988884,0.11750084542219758,0.01993611248108209,0.0956561466893854,-0.03474816611058881,0.007295642478544867,0.05292062070380889,0.1310566890320215,0.03821200957619338,0.10834077332719497,0.037763197390038424,0.09865706890278028,-0.0140045078631212,0.0032257992381057544,-0.012645263811064128,0.002829862260542364,-0.0016767419148554427,0.0021344181061288066,0.0969270205326709,0.1711460119826788,-0.030533452825782428,0.005602601190754025,-0.003419426918287817,0.001064155600975902,-0.0005113989605562713,0.001568901286068102,-0.01712019906917765,0.002088461359723756,-0.018493928702305387,0.00214743314354313,-0.01709202463443038,0.003185965243992251,0.09630032699163509,0.07653622320627537,0.06830294122967183,0.08248304994798086,0.09213352358819202,-0.013817277043654222
