city,gt_tier,ordering,rung,n_features,prevalence,AP_phys,AP_recal,AP_stacked,AP_gated,info_nats,dAP_stacked,dAPh_stacked,dAP_gated,dAP_early,dAP_adr_legacy,AP_phys_fm,AP_phys_fm_sd,n_folds,AP_recal_fm,AP_recal_fm_sd,AP_stacked_fm,AP_stacked_fm_sd,AP_gated_fm,AP_gated_fm_sd,AP_early_fm,AP_early_fm_sd,AP_legacy_fm,AP_legacy_fm_sd,info_nats_fm,cond_entropy_fm,dAP_stacked_fm,dAP_gated_fm,dAP_early_fm,dAP_adr_legacy_fm,null_basis_fm,p_null_info_nats,null_mean_info_nats,null_q95_info_nats,n_null_info_nats,info_nats_adj,p_null_info_nats_fm,null_mean_info_nats_fm,null_q95_info_nats_fm,n_null_info_nats_fm,info_nats_fm_adj,p_null_dAP_stacked,null_mean_dAP_stacked,null_q95_dAP_stacked,n_null_dAP_stacked,dAP_stacked_adj,p_null_dAP_stacked_fm,null_mean_dAP_stacked_fm,null_q95_dAP_stacked_fm,n_null_dAP_stacked_fm,dAP_stacked_fm_adj,p_null_dAP_gated,null_mean_dAP_gated,null_q95_dAP_gated,n_null_dAP_gated,dAP_gated_adj,p_null_dAP_gated_fm,null_mean_dAP_gated_fm,null_q95_dAP_gated_fm,n_null_dAP_gated_fm,dAP_gated_fm_adj,p_null_dAP_early,null_mean_dAP_early,null_q95_dAP_early,n_null_dAP_early,dAP_early_adj,p_null_dAP_early_fm,null_mean_dAP_early_fm,null_q95_dAP_early_fm,n_null_dAP_early_fm,dAP_early_fm_adj,info_frac_fm_adj,dAPh_fm_adj,AP_phys_lo,AP_phys_hi,AP_recal_lo,AP_recal_hi,dAP_early_lo,dAP_early_hi,AP_phys_fm_lo,AP_phys_fm_hi,AP_recal_fm_lo,AP_recal_fm_hi,AP_stacked_fm_lo,AP_stacked_fm_hi,dAP_stacked_fm_lo,dAP_stacked_fm_hi,dAP_gated_fm_lo,dAP_gated_fm_hi,info_nats_fm_lo,info_nats_fm_hi,cond_entropy_fm_lo,cond_entropy_fm_hi,dAP_early_fm_lo,dAP_early_fm_hi,dAP_adr_legacy_fm_lo,dAP_adr_legacy_fm_hi,info_nats_lo,info_nats_hi,dAP_stacked_lo,dAP_stacked_hi,dAPh_stacked_lo,dAPh_stacked_hi,dAP_gated_lo,dAP_gated_hi,AP_phys_foldmean,AP_recal_foldmean,AP_stacked_foldmean,AP_early_foldmean,AP_gated_foldmean,dAP_early_foldmean
Chennai_2015,A_authoritative,A_terrain_first,R0_none,0,0.22665024273603362,0.202707598487628,0.20237340800097403,0.29045950059372777,0.3092789174722956,0.006794819495143439,0.08808609259275374,0.11043525062522151,0.10657131898466757,0.033255966664972963,-0.010973449807104463,0.23408401184514854,0.036963617902040696,5,0.23408401184514854,0.036963617902040696,0.3054217478706718,0.047119314689940336,0.3054217478706718,0.047119314689940336,0.270379530737438,0.06494922470773977,0.2229365016906364,0.04223830131223437,0.005195699284084129,0.5493255544729999,0.07133773602552324,0.07133773602552324,0.036295518892289436,-0.011147510154512152,fold_mean_null,0.31,0.0024684814525311235,0.01662922503953052,99,0.0043263380426123155,0.34,0.001868145585427805,0.014401436710841816,99,0.0033275536986563242,0.07,0.023327985723693725,0.09434455473211334,99,0.06475810686906001,0.05,0.01923422522876653,0.06586960930280647,99,0.05210351079675671,0.05,0.025620384278026154,0.10437585707377443,99,0.08095093470664141,0.05,0.013638377381416883,0.06586960930280647,99,0.05769935864410635,0.3076923076923077,0.026123183903521183,0.06124256948323821,25,0.007132782761451781,0.19230769230769232,0.0197850784680981,0.04973896715798875,25,0.016510440424191336,0.0060575257632946656,0.06802771009164849,0.16085307235252777,0.25178792145862416,0.15788822998040683,0.25297714961746387,0.0008213587921760247,0.06494160797926284,0.19131357322229622,0.2752719371057444,0.19131357322229622,0.2752719371057444,0.26814797331043744,0.3433294906040958,0.03781033086968329,0.10866965657945596,0.03781033086968329,0.10866965657945596,-0.00975296508835082,0.019163311182145055,0.4950985272513989,0.602253554564557,0.01277259783062385,0.06342422993548257,-0.028344759723308226,0.020243480599278222,-0.00985898552786029,0.02019298760515809,0.0420002127644403,0.13308781727367794,0.054079357380112145,0.1633201868387202,0.05550762581016848,0.1492570289811367,0.23408401184514854,0.23408401184514854,0.3054217478706718,0.270379530737438,0.3054217478706718,0.036295518892289436
Chennai_2015,A_authoritative,A_terrain_first,R1_+terrain,3,0.22665024273603362,0.27418256392387064,0.26670944200880115,0.30094283912583464,0.3130250643354262,-0.0024090837463781566,0.03423339711703349,0.04668462827451867,0.03884250041155557,-0.0015628758618858596,-0.01705927297701726,0.2846260989490769,0.03873760888873884,5,0.2846260989490769,0.03873760888873884,0.32038392200151805,0.03495619606328155,0.32228652629321053,0.034825747689016695,0.29864820968966427,0.06576810985808546,0.2675632850037052,0.0450337203561018,-0.0024059188227515526,0.5352533391329838,0.03575782305244113,0.03766042734413361,0.014022110740587346,-0.017062813945371735,fold_mean_null,0.69,0.00021787479595897005,0.009718372049276232,99,-0.0026269585423371266,0.73,-7.093052417902217e-05,0.008110381758757846,99,-0.0023349882985725305,0.14,0.009070200243635855,0.04931275248513866,99,0.025163196873397638,0.11,0.009618297531882954,0.04409128530036552,99,0.026139525520558177,0.14,0.006003555713101373,0.047981703992880334,99,0.0328389446984542,0.11,0.00455971211082503,0.03957538729099197,99,0.03310071523330858,0.8846153846153846,0.019890762468825093,0.05216143417914886,25,-0.021453638330710952,0.6153846153846154,0.022391619695875286,0.05856883691223917,25,-0.00836950895528794,-0.004362398378223666,0.036539668950960884,0.22727667170540106,0.31560008172183823,0.21943753658626725,0.3102101433058289,-0.028222130303617126,0.02490036778559209,0.24040945086679258,0.3253871326953195,0.24040945086679258,0.3253871326953195,0.27455964912013064,0.3536374994007413,0.001535091164525854,0.06321405669468243,-0.00012579521648146323,0.06850310507334886,-0.016284533203501483,0.008639891060165716,0.4823460226741189,0.5844538706398387,-0.009802137048473667,0.03564688890097804,-0.02440597666040821,-0.005167555391489799,-0.015091816261649595,0.00814818308431051,0.005488527887708278,0.06357769663936973,0.0075345904721687215,0.08365167840804749,0.007271436091976282,0.07191636217775565,0.2846260989490769,0.2846260989490769,0.32038392200151805,0.29864820968966427,0.32228652629321053,0.014022110740587346
Chennai_2015,A_authoritative,A_terrain_first,R2_+surface,6,0.22665024273603362,0.3021611529018251,0.29741555795058205,0.3226476302457721,0.33638560924738586,-0.002609430430060789,0.025232072295190033,0.035913223785014124,0.03422445634556076,0.0018120170565981697,-0.019791724669106447,0.3108756974659332,0.04135369596322322,5,0.3108756974659332,0.04135369596322322,0.33899145716713414,0.03478021234000771,0.34373297243842355,0.030613841202970456,0.3392463996993269,0.07428020730140109,0.2911221581947558,0.04866270243519641,-0.0026856054580509936,0.5274571059236347,0.02811575970120095,0.03285727497249036,0.02837070223339372,-0.0197535392711774,fold_mean_null,0.67,-0.0003834916056883979,0.007194805089897937,99,-0.002225938824372391,0.68,-0.0006140383699009581,0.006862126541473383,99,-0.0020715670881500357,0.11,0.004003186016670485,0.032150680528926716,99,0.02122888627851955,0.06,0.0041114286501566085,0.02804071637623092,99,0.02400433105104434,0.05,0.0009947965296734755,0.029378970900293084,99,0.03322965981588728,0.02,0.0013949198713232352,0.027329908862184255,99,0.03146235510116712,0.7307692307692307,0.015600267577576299,0.04925051616280957,25,-0.013788250520978129,0.34615384615384615,0.017491710751433506,0.05267621540994391,25,0.010878991481960212,-0.003927460763889979,0.03483309319200463,0.2560370028641631,0.3414658894788123,0.25052772099000453,0.33650237621746126,-0.034781291212990284,0.0350571244162226,0.26553746396823047,0.3530060990979758,0.26553746396823047,0.3530060990979758,0.29197500437622437,0.3727104008154733,-0.001103046651544828,0.05220283190739581,-0.0013368112152849466,0.05698087927350113,-0.01622461913000939,0.008154289867705552,0.4740103685705737,0.5775556114951147,-0.00040559623257673807,0.0513827085422204,-0.026688792384974704,-0.008756447999376386,-0.015605661070766188,0.007349786464868608,-0.000616449551374953,0.05032435794293755,-0.0008994512361357251,0.069628390687787,0.0067977196490211925,0.062476678565142114,0.3108756974659332,0.3108756974659332,0.33899145716713414,0.3392463996993269,0.34373297243842355,0.02837070223339372
Chennai_2015,A_authoritative,A_terrain_first,R3_+hydrography,10,0.22665024273603362,0.3102823536628069,0.3014374151245467,0.323752282867515,0.3314834085218413,-0.0028471241124369572,0.022314867742968314,0.031943977856968724,0.02120105485903445,-0.0027286494785054294,-0.014675471245714167,0.3171593261700948,0.04000981642587251,5,0.3171593261700948,0.04000981642587251,0.337571057979407,0.04102238191804784,0.3422622569830369,0.03492424591583403,0.3341613304863449,0.07269911699438862,0.30135911969903295,0.04888082778945,-0.0024678777686760836,0.5251327252481728,0.020411731809312217,0.025102930812942126,0.017002004316250097,-0.01580020647106184,fold_mean_null,0.68,-0.000554179140621586,0.00721800500808234,99,-0.002292944971815371,0.66,-0.0008539709543615027,0.006690101047666878,99,-0.0016139068143145808,0.14,0.002942802370912342,0.03000475384915497,99,0.01937206537205597,0.09,0.001843146866409301,0.023101171989171748,99,0.018568584942902915,0.11,0.0005056654764497682,0.026327915849181843,99,0.020695389382584684,0.05,0.0006194284112130983,0.023553625668092774,99,0.02448350240172903,0.8846153846153846,0.016388801576390735,0.052391350657863156,25,-0.019117451054896165,0.46153846153846156,0.018806373923851857,0.05828698241987789,25,-0.0018043696076017607,-0.0030733312488797257,0.027193144249530055,0.2633060778726518,0.35348555189274744,0.2537275752726704,0.3474998231337852,-0.04238528090730905,0.032483427986440605,0.27010181523658605,0.35954114529937165,0.27010181523658605,0.35954114529937165,0.2908839828534132,0.37329475733891515,-0.00927960001743695,0.04432426471219439,-0.01099728792027669,0.05193826612064056,-0.015744141539846927,0.007443643189688146,0.47054689147158013,0.5780279505853778,-0.011023055429441556,0.0441411385323826,-0.02252211111381137,-0.004347791137421626,-0.01611016675007241,0.006948971161351334,-0.006547908864680374,0.050381314964188184,-0.009819556001317233,0.07018453633962003,-0.01130193924124925,0.052641882534346894,0.3171593261700948,0.3171593261700948,0.337571057979407,0.3341613304863449,0.3422622569830369,0.017002004316250097
Chennai_2015,A_authoritative,A_terrain_first,R4_+forcing,14,0.22665024273603362,0.3631064897487137,0.36136530082464724,0.35149762983114036,0.36237905310789637,-0.008707066423894948,-0.009867670993506883,-0.015451197697601884,-0.0007274366408173139,0.005691224253110083,-0.006789287898364582,0.37331350073557046,0.04981195245461666,5,0.37331350073557046,0.04981195245461666,0.36099224469633073,0.036570291933584624,0.36862388482209546,0.032045131849477125,0.3800953629135283,0.06441542159793238,0.36807682724047447,0.0591363663801758,-0.008257659795943268,0.5070194996467862,-0.012321256039239725,-0.004689615913474998,0.0067818621779578425,-0.005236673495095989,fold_mean_null,0.95,-0.0025483533102061266,0.0014052046635176143,99,-0.006158713113688822,0.89,-0.0028466192098269122,0.0013512256385272835,99,-0.005411040586116356,0.76,-0.00488607681940873,0.008674445760550202,99,-0.004981594174098153,0.85,-0.003971107817124275,0.009684914951191953,99,-0.00835014822211545,0.56,-0.0030021056371930884,0.0032195657270223496,99,0.0022746689963757745,0.69,-0.0034155741526736,0.0001232383054158783,99,-0.001274041760801398,0.5769230769230769,0.01177891170318685,0.05117095104550989,25,-0.006087687450076767,0.5384615384615384,0.01510448108911367,0.05408724986509591,25,-0.008322618911155828,-0.010672253414091457,-0.013324282926018668,0.3110135488955348,0.4114602022360529,0.30908642686141363,0.4081664951094878,-0.02559416641770898,0.029895188961991816,0.32554368371485265,0.4203985208327084,0.32554368371485265,0.4203985208327084,0.3137814888529585,0.39988563881152867,-0.03895661415252501,0.008082734703686298,-0.03153524854249817,0.017146164945884532,-0.01879319900157152,2.331871643828787e-05,0.45349000459264605,0.5576351266054987,-0.012289873837700497,0.027257827122586283,-0.013265688492637064,0.006150689905352198,-0.018947464843966946,4.509969418545189e-05,-0.04142766494859719,0.017131457189902197,-0.06780473974986707,0.02511584752812562,-0.03437919186625892,0.029068740109583806,0.37331350073557046,0.37331350073557046,0.36099224469633073,0.3800953629135283,0.36862388482209546,0.0067818621779578425
Chennai_2015,A_authoritative,A_terrain_first,R5_+sar_event,15,0.22665024273603362,0.36943509989779727,0.36958737451860113,0.3547765877199136,0.3629531878963266,-0.008921190881925901,-0.014810786798687525,-0.02349379787147765,-0.006481912001470691,-0.003592952253064552,-0.008479573437817411,0.3813004780284109,0.05020328761622988,5,0.3813004780284109,0.05020328761622988,0.36421117835578765,0.03988898957860734,0.367561932763392,0.03418829880539696,0.3782747292763233,0.06877345814191493,0.3733665909159646,0.06044749058903195,-0.008594895126910597,0.5060081810253234,-0.017089299672623237,-0.013738545265018887,-0.003025748752087609,-0.007933887112446303,fold_mean_null,0.95,-0.0023324054462101314,0.0013687763445839516,99,-0.00658878543571577,0.94,-0.0026820204196535235,0.0014111979621663031,99,-0.005912874707257073,0.85,-0.006267443475657381,0.007003648784436738,99,-0.008543343323030144,0.92,-0.005090053149141311,0.007382400584118233,99,-0.011999246523481926,0.76,-0.0035712019992649147,0.004222678342825114,99,-0.0029107100022057763,0.93,-0.004244776135386179,8.391256644590472e-07,99,-0.009493769129632706,0.6153846153846154,0.003742204308841568,0.04324851756006581,25,-0.0073351565619061195,0.5384615384615384,0.006449624710702306,0.045524585097046266,25,-0.009475373462789916,-0.011685334207988151,-0.01939430385406526,0.3146908139445852,0.41911483389382503,0.3152802863170738,0.41602428817767806,-0.03566443844229942,0.020808716468037076,0.33359778651691446,0.42767212817227535,0.33359778651691446,0.42767212817227535,0.31777755836567995,0.40399635929735406,-0.04428272680321682,0.002990369174462142,-0.03924998278071095,0.006613374174290758,-0.0192700103932367,-4.9630050710120115e-05,0.45193034026876466,0.556188595345661,-0.024202210966842684,0.017611077465465325,-0.015914619372715964,0.002357170887251733,-0.01925457156322451,-0.00021751903406455416,-0.044912027921270026,0.012225970315665066,-0.07303395952843486,0.018016779945640736,-0.037427123930719494,0.023799774137580935,0.3813004780284109,0.3813004780284109,0.36421117835578765,0.3782747292763233,0.367561932763392,-0.003025748752087609
Chennai_2015,A_authoritative,B_surface_first,R0_none,0,0.22665024273603362,0.202707598487628,0.20237340800097403,0.29045950059372777,0.3092789174722956,0.006794819495143439,0.08808609259275374,0.11043525062522151,0.10657131898466757,0.033255966664972963,-0.010973449807104463,0.23408401184514854,0.036963617902040696,5,0.23408401184514854,0.036963617902040696,0.3054217478706718,0.047119314689940336,0.3054217478706718,0.047119314689940336,0.270379530737438,0.06494922470773977,0.2229365016906364,0.04223830131223437,0.005195699284084129,0.5493255544729999,0.07133773602552324,0.07133773602552324,0.036295518892289436,-0.011147510154512152,fold_mean_null,0.31,0.0024684814525311235,0.01662922503953052,99,0.0043263380426123155,0.34,0.001868145585427805,0.014401436710841816,99,0.0033275536986563242,0.07,0.023327985723693725,0.09434455473211334,99,0.06475810686906001,0.05,0.01923422522876653,0.06586960930280647,99,0.05210351079675671,0.05,0.025620384278026154,0.10437585707377443,99,0.08095093470664141,0.05,0.013638377381416883,0.06586960930280647,99,0.05769935864410635,0.3076923076923077,0.026123183903521183,0.06124256948323821,25,0.007132782761451781,0.19230769230769232,0.0197850784680981,0.04973896715798875,25,0.016510440424191336,0.0060575257632946656,0.06802771009164849,0.16085307235252777,0.25178792145862416,0.15788822998040683,0.25297714961746387,0.0008213587921760247,0.06494160797926284,0.19131357322229622,0.2752719371057444,0.19131357322229622,0.2752719371057444,0.26814797331043744,0.3433294906040958,0.03781033086968329,0.10866965657945596,0.03781033086968329,0.10866965657945596,-0.00975296508835082,0.019163311182145055,0.4950985272513989,0.602253554564557,0.01277259783062385,0.06342422993548257,-0.028344759723308226,0.020243480599278222,-0.00985898552786029,0.02019298760515809,0.0420002127644403,0.13308781727367794,0.054079357380112145,0.1633201868387202,0.05550762581016848,0.1492570289811367,0.23408401184514854,0.23408401184514854,0.3054217478706718,0.270379530737438,0.3054217478706718,0.036295518892289436
Chennai_2015,A_authoritative,B_surface_first,R1_+surface,3,0.22665024273603362,0.2555348315020921,0.23420222908942742,0.3164277705830226,0.32593346567686876,0.004647296508415742,0.0822255414935952,0.10737239597318865,0.07039863417477665,0.02648019609887592,-0.03336717330193109,0.2775020047176836,0.04748811137120454,5,0.2775020047176836,0.04748811137120454,0.3380887794314611,0.0397289753026491,0.33270269474680714,0.02915527548184035,0.31539848343137245,0.05923235187910574,0.2379164537775676,0.048145999753580214,0.0032887542176389646,0.5439293764138419,0.06058677471377749,0.055200690029123534,0.03789647871368884,-0.03958555094011601,fold_mean_null,0.35,0.0023145164802874487,0.01411892918927209,99,0.0023327800281282935,0.4,0.0017275604111890346,0.013260540870258802,99,0.00156119380644993,0.07,0.0212401183852764,0.08345820849456262,99,0.06098542310831881,0.02,0.009137333663419777,0.048541611994167407,99,0.05144944105035772,0.03,0.005304984615025242,0.06611589043492072,99,0.06509364955975142,0.04,0.0020905129664486404,0.04509543802524797,99,0.053110177062674895,0.5384615384615384,0.025187643140664753,0.059574451566566135,25,0.0012925529582111656,0.2692307692307692,0.0187109549436822,0.044558008672149006,25,0.01918552377000664,0.0028702141751250354,0.07121049661909971,0.20536236222093693,0.30050592512033575,0.18579517348118624,0.28083535067197274,-0.005569119691646966,0.0611086662541715,0.22457211905678212,0.3263711858924322,0.22457211905678212,0.3263711858924322,0.28869327526826166,0.37734361196588523,0.024811956372835016,0.09290225262898807,0.02246538100553864,0.0853303421421219,-0.012538312265708503,0.016864989923631956,0.49219300454459136,0.5952785805454013,0.006761324994695738,0.06518961321086093,-0.051145983050055736,-0.020795136428221835,-0.011276627090357046,0.017525112761446703,0.04278617240668346,0.11629558324899202,0.05726021741059355,0.14907275046895763,0.035855825253059595,0.09940166505577198,0.2775020047176836,0.2775020047176836,0.3380887794314611,0.31539848343137245,0.33270269474680714,0.03789647871368884
Chennai_2015,A_authoritative,B_surface_first,R2_+forcing,7,0.22665024273603362,0.3512432098314521,0.34020357210465146,0.3348360677277059,0.35321309303551923,-0.009668503572613483,-0.005367504376945553,-0.008135091597975281,0.0019698832040671577,0.006375551053674822,-0.018912462544571518,0.36873985450165236,0.04694405764694708,5,0.36873985450165236,0.04694405764694708,0.3609972744778284,0.03534339638768083,0.3723166659103342,0.036887123179412735,0.3805116733358476,0.08967833093560477,0.3453260170159454,0.0543887775005117,-0.009764550354823941,0.5187133505954498,-0.007742580023823942,0.0035768114086818237,0.011771818834195258,-0.023413837485706968,fold_mean_null,0.97,-0.002066140398596459,0.0046273016341136395,99,-0.007602363174017024,0.92,-0.0024358293094698244,0.004578267527466161,99,-0.007328721045354117,0.69,-0.0018352603292593388,0.016552134602856466,99,-0.0035322440476862147,0.5,-0.009451061771841282,0.004925353804682841,99,0.0017084817480173403,0.04,-0.005984351986161631,0.00021233311641060868,99,0.007954235190228788,0.01,-0.006127142146137112,0.0,99,0.009703953554818935,0.46153846153846156,0.006109855861297582,0.037327048018449153,25,0.0002656951923772398,0.38461538461538464,0.00601540376705842,0.044775246842807724,25,0.005756415067136838,-0.014128653208831455,0.0027064622409649847,0.30802645552585817,0.3954662812312072,0.29522388148451584,0.3853010940995546,-0.03627897325546614,0.05049466123627615,0.3217534827508977,0.41149713202088106,0.3217534827508977,0.41149713202088106,0.31452789052579244,0.393337905743668,-0.030940502632259337,0.011719176895568803,-0.022357295102880176,0.026018516014662207,-0.02026564340365483,-0.001274430361938306,0.46315081558809595,0.5749120983281388,-0.020684466635353043,0.04497231578215519,-0.03495162722822273,-0.007138837335381515,-0.019251743549800616,-0.0015367260532264905,-0.028101611354472547,0.013103020407531755,-0.044342636002209945,0.01936373979342056,-0.026112844713729332,0.026279572839703967,0.36873985450165236,0.36873985450165236,0.3609972744778284,0.3805116733358476,0.3723166659103342,0.011771818834195258
Chennai_2015,A_authoritative,B_surface_first,R3_+terrain,10,0.22665024273603362,0.3613838053886362,0.3563767843531043,0.34174325698732216,0.3470671079310149,-0.009093304390330733,-0.014633527365782162,-0.022736170806197893,-0.014316697457621264,0.01067720359029456,-0.006750222749829393,0.38787074147615824,0.07231968860351151,5,0.38787074147615824,0.07231968860351151,0.366365108962443,0.047587005420296376,0.3658583050994569,0.04867210214331617,0.3983863102892891,0.1034151732108367,0.3779682253141761,0.08222396993240311,-0.009000297552412889,0.5079195131069433,-0.021505632513715234,-0.02201243637670136,0.010515568813130871,-0.009902516161982122,fold_mean_null,0.97,-0.002490368935306359,0.0016790364266190498,99,-0.006602935455024374,0.95,-0.002761732425178,0.0016548145919581126,99,-0.006238565127234889,0.94,-0.004000271841404743,0.007900643001742782,99,-0.010633255524377418,0.96,-0.007780107363358741,0.005823605135556359,99,-0.013725525150356493,0.92,-0.003751969391577444,0.0005524711073499606,99,-0.010564728066043819,0.95,-0.005666808428195471,0.0,99,-0.01634562794850589,0.38461538461538464,0.009650120398363313,0.05529707880075275,25,0.0010270831919312468,0.4230769230769231,0.004946044769354701,0.049215682503017485,25,0.00556952404377617,-0.012282586052017555,-0.022422592874347794,0.30417839074253566,0.41408383592295706,0.29999799793734866,0.40808232911663245,-0.03247893131507345,0.05226997996824075,0.33801339223580695,0.43519147887415255,0.33801339223580695,0.43519147887415255,0.3248081752694796,0.40493957514152396,-0.04912147912145645,0.004212530721000906,-0.04768421826506167,0.004383593153068118,-0.01909350285380568,-0.0013956883661779258,0.4526271029464608,0.5586770258703513,-0.016025130560500846,0.034498839172268286,-0.0172986247905022,-0.0007573586100816452,-0.01875713834439082,-0.0013090053407443267,-0.04412430772959882,0.008698593710611957,-0.07230664621087238,0.013307830009653547,-0.04307820063423688,0.006995036560623494,0.38787074147615824,0.38787074147615824,0.366365108962443,0.3983863102892891,0.3658583050994569,0.010515568813130871
Chennai_2015,A_authoritative,B_surface_first,R4_+hydrography,14,0.22665024273603362,0.3631064897487137,0.36136530082464724,0.35149762983114036,0.36237905310789637,-0.008707066423894948,-0.009867670993506883,-0.015451197697601884,-0.0007274366408173139,0.005691224253110083,-0.006789287898364582,0.37331350073557046,0.04981195245461666,5,0.37331350073557046,0.04981195245461666,0.36099224469633073,0.036570291933584624,0.36862388482209546,0.032045131849477125,0.3800953629135283,0.06441542159793238,0.36807682724047447,0.0591363663801758,-0.008257659795943268,0.5070194996467862,-0.012321256039239725,-0.004689615913474998,0.0067818621779578425,-0.005236673495095989,fold_mean_null,0.95,-0.0025483533102061266,0.0014052046635176143,99,-0.006158713113688822,0.89,-0.0028466192098269122,0.0013512256385272835,99,-0.005411040586116356,0.76,-0.00488607681940873,0.008674445760550202,99,-0.004981594174098153,0.85,-0.003971107817124275,0.009684914951191953,99,-0.00835014822211545,0.56,-0.0030021056371930884,0.0032195657270223496,99,0.0022746689963757745,0.69,-0.0034155741526736,0.0001232383054158783,99,-0.001274041760801398,0.5769230769230769,0.01177891170318685,0.05117095104550989,25,-0.006087687450076767,0.5384615384615384,0.01510448108911367,0.05408724986509591,25,-0.008322618911155828,-0.010672253414091457,-0.013324282926018668,0.3110135488955348,0.4114602022360529,0.30908642686141363,0.4081664951094878,-0.02559416641770898,0.029895188961991816,0.32554368371485265,0.4203985208327084,0.32554368371485265,0.4203985208327084,0.3137814888529585,0.39988563881152867,-0.03895661415252501,0.008082734703686298,-0.03153524854249817,0.017146164945884532,-0.01879319900157152,2.331871643828787e-05,0.45349000459264605,0.5576351266054987,-0.012289873837700497,0.027257827122586283,-0.013265688492637064,0.006150689905352198,-0.018947464843966946,4.509969418545189e-05,-0.04142766494859719,0.017131457189902197,-0.06780473974986707,0.02511584752812562,-0.03437919186625892,0.029068740109583806,0.37331350073557046,0.37331350073557046,0.36099224469633073,0.3800953629135283,0.36862388482209546,0.0067818621779578425
Chennai_2015,A_authoritative,B_surface_first,R5_+sar_event,15,0.22665024273603362,0.36943509989779727,0.36958737451860113,0.3547765877199136,0.3629531878963266,-0.008921190881925901,-0.014810786798687525,-0.02349379787147765,-0.006481912001470691,-0.003592952253064552,-0.008479573437817411,0.3813004780284109,0.05020328761622988,5,0.3813004780284109,0.05020328761622988,0.36421117835578765,0.03988898957860734,0.367561932763392,0.03418829880539696,0.3782747292763233,0.06877345814191493,0.3733665909159646,0.06044749058903195,-0.008594895126910597,0.5060081810253234,-0.017089299672623237,-0.013738545265018887,-0.003025748752087609,-0.007933887112446303,fold_mean_null,0.95,-0.0023324054462101314,0.0013687763445839516,99,-0.00658878543571577,0.94,-0.0026820204196535235,0.0014111979621663031,99,-0.005912874707257073,0.85,-0.006267443475657381,0.007003648784436738,99,-0.008543343323030144,0.92,-0.005090053149141311,0.007382400584118233,99,-0.011999246523481926,0.76,-0.0035712019992649147,0.004222678342825114,99,-0.0029107100022057763,0.93,-0.004244776135386179,8.391256644590472e-07,99,-0.009493769129632706,0.6153846153846154,0.003742204308841568,0.04324851756006581,25,-0.0073351565619061195,0.5384615384615384,0.006449624710702306,0.045524585097046266,25,-0.009475373462789916,-0.011685334207988151,-0.01939430385406526,0.3146908139445852,0.41911483389382503,0.3152802863170738,0.41602428817767806,-0.03566443844229942,0.020808716468037076,0.33359778651691446,0.42767212817227535,0.33359778651691446,0.42767212817227535,0.31777755836567995,0.40399635929735406,-0.04428272680321682,0.002990369174462142,-0.03924998278071095,0.006613374174290758,-0.0192700103932367,-4.9630050710120115e-05,0.45193034026876466,0.556188595345661,-0.024202210966842684,0.017611077465465325,-0.015914619372715964,0.002357170887251733,-0.01925457156322451,-0.00021751903406455416,-0.044912027921270026,0.012225970315665066,-0.07303395952843486,0.018016779945640736,-0.037427123930719494,0.023799774137580935,0.3813004780284109,0.3813004780284109,0.36421117835578765,0.3782747292763233,0.367561932763392,-0.003025748752087609
Valencia_2024,A_authoritative,A_terrain_first,R0_none,0,0.321006598127973,0.2901510167330019,0.31491500004140754,0.5155985414590251,0.49716191379227653,0.03731799743254578,0.20068354141761752,0.2929323243535432,0.2070108970592746,0.08043500752530564,-0.011175563381598641,0.33323788419115163,0.07035419735986621,5,0.33323788419115163,0.07035419735986621,0.5885092967166698,0.10817042330209117,0.5885092967166698,0.10817042330209117,0.44261056456129816,0.11254526108673416,0.3250559852475563,0.07336358904010183,0.03860013163561886,0.64244148537281,0.2552714125255182,0.2552714125255182,0.10937268037014652,-0.008181898943595334,fold_mean_null,0.07,-0.028210466459087806,0.04264208753868123,99,0.06552846389163358,0.06,-0.025748813374418145,0.03908929420414099,99,0.064348945010037,0.03,0.03268662025806854,0.18700923031669767,99,0.16799692115954898,0.11,0.08954555202674383,0.2778697025504052,99,0.16572586049877439,0.1,0.028644141785488846,0.22914117791424315,99,0.17836675527378576,0.11,0.03715204601573354,0.2778697025504052,99,0.21811936650978467,0.5,0.08705276772445877,0.24693944285929018,25,-0.006617760199153139,0.3076923076923077,0.08476720869457069,0.23848735805400978,25,0.024605471675575835,0.10016312220667878,0.24855320446293283,0.16896049659595846,0.4729688733638525,0.18959988314942927,0.5244969644299845,-0.07697579750612278,0.18859793100002895,0.19359697093046122,0.4887818183896814,0.19359697093046122,0.4887818183896814,0.346408596669868,0.7426483721235646,0.06239964378630091,0.37106500633237904,0.06239964378630091,0.37106500633237904,-0.07348593847952216,0.11528012081966292,0.5676791848004298,0.727479721276558,-0.004067642176331641,0.2169306681016157,-0.05063373115197366,0.09761686875053315,-0.08174075110834875,0.12253959155890654,-0.007177101500815469,0.33651189007466126,-0.012519790454518342,0.4708435629246301,-0.0677670407595588,0.3744520121449299,0.33323788419115163,0.33323788419115163,0.5885092967166698,0.44261056456129816,0.5885092967166698,0.10937268037014652
Valencia_2024,A_authoritative,A_terrain_first,R1_+terrain,3,0.321006598127973,0.7487584905804476,0.7170627157665801,0.7777606962298702,0.7977604652191744,0.08695072796719565,0.06069798046329011,0.21452803799874956,0.0490019746387268,0.04266395807697776,-0.19016829094373922,0.7723642308571372,0.10601298896945519,5,0.7723642308571372,0.10601298896945519,0.8117457303122626,0.12626001450173288,0.8176867110209468,0.09404492067733536,0.8122666664999155,0.10033869665651146,0.5913834896202219,0.06706868481838744,0.08521972279286479,0.5210778036846916,0.03938149945512537,0.045322480163809575,0.03990243564277829,-0.18098074123691532,fold_mean_null,0.01,0.009745847351922524,0.060961360789348856,99,0.07720488061527313,0.02,0.01050679489484873,0.06177740737784149,99,0.07471292789801606,0.07,0.0011919067755762492,0.06464816046627896,99,0.059506073687713865,0.02,-0.009148476769763077,0.026785053452860072,99,0.048529976224888444,0.01,-0.0031079497596178097,0.0018458377054799283,99,0.05210992439834461,0.01,-0.003944372935788176,2.0836447815030173e-06,99,0.04926685309959775,0.2692307692307692,0.010971094364721955,0.07091795069947616,25,0.031692863712255805,0.19230769230769232,0.0033387154120604733,0.053153218756779724,25,0.036563720230717814,0.1433815207051603,0.21319134689430702,0.5348746950624528,0.8746882575347305,0.48671966195054117,0.8666194961432018,-0.04312658015942389,0.15454916313070016,0.4769059058687214,0.8752151137336636,0.4769059058687214,0.8752151137336636,0.5155235615269728,0.8718803815442623,-0.06979827264292096,0.15057976219813624,-0.01789436061518955,0.10954974594026218,-0.015926148973841116,0.16689681147285423,0.38174137407714187,0.6366552963123604,-0.026484448839446936,0.13187408357538913,-0.22726969753721643,-0.07680452672113312,-0.006304036038336377,0.16887832194322602,-0.03806462196062515,0.20218904945606578,-0.2396648493637113,0.5649371558759458,-0.01956521997592623,0.13125044076226397,0.7723642308571372,0.7723642308571372,0.8117457303122626,0.8122666664999155,0.8176867110209468,0.03990243564277829
Valencia_2024,A_authoritative,A_terrain_first,R2_+surface,6,0.321006598127973,0.7615452469908235,0.7351158797639179,0.7828485212841703,0.8137267911918586,0.08304102549505128,0.04773264152025236,0.1802019746510659,0.05218154420103516,0.05086338958226022,-0.2124669077773471,0.7787105116593759,0.10441299217008043,5,0.7787105116593759,0.10441299217008043,0.8184572188485959,0.12594904922651254,0.8333333741264146,0.09163173240804465,0.8277289186254034,0.1017386153880109,0.5772330920860763,0.0806459419267141,0.0820483963976236,0.5013348849177863,0.03974670718922002,0.054622862467038735,0.04901840696602755,-0.20147741957329957,fold_mean_null,0.01,0.00575878759537497,0.05965192403032816,99,0.07728223789967631,0.01,0.006681617811695658,0.06315497629346209,99,0.07536677858592794,0.09,-0.0019608907911550714,0.05714606319037181,99,0.04969353231140743,0.01,-0.007274013411317622,0.02884362525785637,99,0.04702072060053764,0.01,-0.0031771123080094983,0.005912259090498603,99,0.05535865650904465,0.01,-0.0037887508485447393,0.0,99,0.05841161331558348,0.23076923076923078,0.016733257068988747,0.0834813376902148,25,0.034130132513271474,0.19230769230769232,0.012249276660435945,0.07262578501145624,25,0.036769130305591605,0.15033220478620254,0.21248510696612977,0.5627018863729577,0.884935281760693,0.5151215192359232,0.878739100882102,-0.03071812693752595,0.1546389806819239,0.49747771285435727,0.8807967894622334,0.49747771285435727,0.8807967894622334,0.5390153169561342,0.880178172392908,-0.062092960298825065,0.14600435139527956,-0.014446096323210283,0.12040774437708687,-0.025951668955997903,0.16471422922850731,0.3654183274820133,0.6136895628799081,-0.014074070482206014,0.1363489153085707,-0.26048351285326976,-0.08433440042671085,-0.007078308648822217,0.16653801955082193,-0.048475862109228114,0.1822976402362103,-0.3205752954115337,0.5688169313041859,-0.010361419919142086,0.12519457987290464,0.7787105116593759,0.7787105116593759,0.8184572188485959,0.8277289186254034,0.8333333741264146,0.04901840696602755
Valencia_2024,A_authoritative,A_terrain_first,R3_+hydrography,10,0.321006598127973,0.8203788625431173,0.7930371018143862,0.8530063993509616,0.8464015324621185,0.09224149441473284,0.05996929753657532,0.2897586865197071,0.02602266991900115,0.030191708663449,-0.19593544369617233,0.8422114334925336,0.0901197182535395,5,0.8422114334925336,0.0901197182535395,0.8794803451319252,0.08884111737943659,0.8672862019128885,0.07189791884733256,0.8710529254931627,0.07568739343688784,0.6560022453316241,0.06536299119916177,0.09941488155140753,0.47301432701920076,0.03726891163939161,0.025074768420354943,0.028841492000629132,-0.18620918816090948,fold_mean_null,0.02,0.00828574448756266,0.07583324697960485,99,0.08395574992717018,0.03,0.010874170471047311,0.08523638380463695,99,0.08854071108036021,0.05,-0.001882284756853335,0.053012718028461386,99,0.06185158229342865,0.01,-0.010465029954855445,0.024462937176247878,99,0.047733941594247056,0.01,-0.002097528986223362,8.647527260731766e-05,99,0.028120198905224512,0.01,-0.0029764135079540675,0.0,99,0.02805118192830901,0.6153846153846154,0.022949618902378784,0.06629997507132766,25,0.007242089761070217,0.46153846153846156,0.011671790935048719,0.04895631943702668,25,0.01716970106558041,0.18718399427416527,0.3025183804555847,0.6565145600361374,0.9226460329543893,0.6129132815339526,0.914618503548756,-0.0315492279638099,0.10381377265112962,0.5757592131595031,0.9114540756847919,0.5757592131595031,0.9114540756847919,0.6178521199067021,0.9219066513698243,-0.035033256941394524,0.1225840890809215,-0.04119098580310714,0.08072106992729958,-0.021503573831203274,0.20620160597491075,0.296089456607701,0.6036628610615423,-0.03510818088451829,0.10470375836689914,-0.22941190151750313,-0.07092803423800967,0.005694956139683924,0.18913197093680137,-0.003140276188205362,0.14081714051158306,-0.02814467790574804,0.5548561564033602,-0.003264958930593084,0.07412730076051327,0.8422114334925336,0.8422114334925336,0.8794803451319252,0.8710529254931627,0.8672862019128885,0.028841492000629132
Valencia_2024,A_authoritative,A_terrain_first,R4_+forcing,14,0.321006598127973,0.8372592747453732,0.8230223541706435,0.8356355848657815,0.8044730657316439,0.06005887446767062,0.012613230695137978,0.071270191418976,-0.032786209013729306,0.001239673619753634,-0.1425986999054879,0.8534968670986915,0.07337213915685303,5,0.8534968670986915,0.07337213915685303,0.8800669762026334,0.0760554959342163,0.839034752000182,0.09621147252019836,0.8548384710367103,0.08460562744773004,0.7317875901827822,0.1115001741401048,0.06896382435153658,0.4387353918973097,0.026570109103941864,-0.014462115098509587,0.0013416039380187428,-0.12170927691590938,fold_mean_null,0.01,-0.015224568639571784,0.02165752006040078,99,0.0752834431072424,0.01,-0.01206535125386187,0.028219632518031036,99,0.08102917560539845,0.03,-0.01572542355248689,0.009880337536421414,99,0.028338654247624866,0.01,-0.01687122287162027,0.002527726646603956,99,0.04344133197556213,1.0,-0.0011616193398678145,7.905303715212128e-05,99,-0.03162458967386149,1.0,-0.0013034235220081858,1.6600967853007852e-05,99,-0.0131586915765014,0.7692307692307693,0.018858743385741502,0.050275477005457175,25,-0.017619069765987868,0.7692307692307693,0.011354312613562977,0.039831246586398,25,-0.010012708675544234,0.1846880308766249,0.2965215222040767,0.6806295119014718,0.9315313444542537,0.6711403913311718,0.9191813203182573,-0.04537342709657747,0.06343156913214734,0.5791483472150527,0.9218338034959757,0.5791483472150527,0.9218338034959757,0.6221899191459428,0.9230691530194584,-0.04183034776145392,0.1010856246800253,-0.037074752572258396,0.03184334261104202,-0.03153357519090249,0.15925729719905482,0.2871134929515007,0.5603617877046921,-0.023555582486501324,0.08725649553488754,-0.14815748199774353,-0.048681732617110327,-0.030497515137826645,0.14885661226169697,-0.04460860041186047,0.08697500250432011,-0.3366974295375642,0.44009530791263074,-0.07631778636997376,0.0144527138677189,0.8534968670986915,0.8534968670986915,0.8800669762026334,0.8548384710367103,0.839034752000182,0.0013416039380187428
Valencia_2024,A_authoritative,A_terrain_first,R5_+sar_event,15,0.321006598127973,0.8452988466205276,0.8325950145497394,0.8507413539572936,0.8322610866828524,0.054347786582893874,0.01814633940755417,0.10839784346175169,-0.013037759937675197,0.01064757631901525,-0.14359500699670913,0.8646367786794255,0.06634181023652787,5,0.8646367786794255,0.06634181023652787,0.8890881412509282,0.06260729645151905,0.8508887102409279,0.08045893414746866,0.868199552268127,0.07509682869197629,0.7410866636464979,0.10888291799923153,0.06494274498037693,0.4280229126401457,0.02445136257150271,-0.013748068438497518,0.0035627735887014955,-0.12355011503292757,fold_mean_null,0.01,-0.014365617981332858,0.019746783020767024,99,0.06871340456422673,0.01,-0.011822078580410891,0.025988620261513776,99,0.07676482356078781,0.01,-0.011327958416309507,0.008295378149420028,99,0.029474297823863675,0.01,-0.013816694891557672,0.001747461550704079,99,0.03826805746306038,1.0,-0.001171958073014549,0.0004961779280437725,99,-0.011865801864660649,0.99,-0.0013443454843658335,0.00010395121470764264,99,-0.012403722954131684,0.6923076923076923,0.016361545588792086,0.047911446261078565,25,-0.005713969269776836,0.6153846153846154,0.007234139655185925,0.035163330488864816,25,-0.0036713660664844296,0.17934746317033445,0.2827064625806436,0.6983373062717251,0.9366091007644375,0.6979439850463242,0.9290370810280382,-0.028937430666995792,0.07405697602724323,0.6063744818238075,0.9272466380420706,0.6063744818238075,0.9272466380420706,0.6390917170518953,0.9298224568008905,-0.017001063067477368,0.08924995810084638,-0.033902660119705934,0.026268565157146647,-0.0348173785170413,0.16100851708347783,0.27481451622049957,0.5547399392164819,-0.016564572280278113,0.08950047511180918,-0.14814166345304894,-0.05165461098781915,-0.038039339994565796,0.14852262691209378,-0.03662531004308385,0.08700040022407225,-0.30586253708985667,0.44698489641275385,-0.04674347675719293,0.021430492446748748,0.8646367786794255,0.8646367786794255,0.8890881412509282,0.868199552268127,0.8508887102409279,0.0035627735887014955
Valencia_2024,A_authoritative,B_surface_first,R0_none,0,0.321006598127973,0.2901510167330019,0.31491500004140754,0.5155985414590251,0.49716191379227653,0.03731799743254578,0.20068354141761752,0.2929323243535432,0.2070108970592746,0.08043500752530564,-0.011175563381598641,0.33323788419115163,0.07035419735986621,5,0.33323788419115163,0.07035419735986621,0.5885092967166698,0.10817042330209117,0.5885092967166698,0.10817042330209117,0.44261056456129816,0.11254526108673416,0.3250559852475563,0.07336358904010183,0.03860013163561886,0.64244148537281,0.2552714125255182,0.2552714125255182,0.10937268037014652,-0.008181898943595334,fold_mean_null,0.07,-0.028210466459087806,0.04264208753868123,99,0.06552846389163358,0.06,-0.025748813374418145,0.03908929420414099,99,0.064348945010037,0.03,0.03268662025806854,0.18700923031669767,99,0.16799692115954898,0.11,0.08954555202674383,0.2778697025504052,99,0.16572586049877439,0.1,0.028644141785488846,0.22914117791424315,99,0.17836675527378576,0.11,0.03715204601573354,0.2778697025504052,99,0.21811936650978467,0.5,0.08705276772445877,0.24693944285929018,25,-0.006617760199153139,0.3076923076923077,0.08476720869457069,0.23848735805400978,25,0.024605471675575835,0.10016312220667878,0.24855320446293283,0.16896049659595846,0.4729688733638525,0.18959988314942927,0.5244969644299845,-0.07697579750612278,0.18859793100002895,0.19359697093046122,0.4887818183896814,0.19359697093046122,0.4887818183896814,0.346408596669868,0.7426483721235646,0.06239964378630091,0.37106500633237904,0.06239964378630091,0.37106500633237904,-0.07348593847952216,0.11528012081966292,0.5676791848004298,0.727479721276558,-0.004067642176331641,0.2169306681016157,-0.05063373115197366,0.09761686875053315,-0.08174075110834875,0.12253959155890654,-0.007177101500815469,0.33651189007466126,-0.012519790454518342,0.4708435629246301,-0.0677670407595588,0.3744520121449299,0.33323788419115163,0.33323788419115163,0.5885092967166698,0.44261056456129816,0.5885092967166698,0.10937268037014652
Valencia_2024,A_authoritative,B_surface_first,R1_+surface,3,0.321006598127973,0.700641464390704,0.6878477604702197,0.7620145882255509,0.6999710548034678,0.08907829146513628,0.07416682775533123,0.23759825611712607,-0.000670409587236187,-0.04256940094780681,-0.13963962726093104,0.726899572847,0.09503023732363604,5,0.726899572847,0.09503023732363604,0.8103252933709694,0.0628625708162377,0.7894151079638254,0.11286265774306113,0.6952299193467881,0.11041779142805576,0.5942339370431808,0.057345795270420115,0.09290518943100992,0.5285018990337506,0.08342572052396935,0.0625155351168254,-0.03166965350021189,-0.13266563580381918,fold_mean_null,0.01,0.0014504213265893347,0.051893696030310396,99,0.08762787013854695,0.01,0.002269432220554514,0.05632317049363443,99,0.09063575721045541,0.01,0.0010475733605691193,0.0589195402963096,99,0.0731192543947621,0.01,-0.00039687758370647797,0.027999968513209423,99,0.08382259810767582,0.78,-0.0018836978135516342,0.023273079936045996,99,0.0012132882263154472,0.01,0.00015433758014352347,0.015560326723928852,99,0.06236119753668187,0.46153846153846156,-0.05080451401360636,0.03568162075062817,25,0.008235113065799549,0.34615384615384615,-0.062264385257428195,0.017727640626104147,25,0.030594731757216304,0.1714956131210937,0.3069295752537055,0.4924511585709279,0.8362292235873579,0.45970578431511244,0.8344430993329743,-0.14886150850817728,0.07616654763625512,0.47025703038126043,0.837476788535453,0.47025703038126043,0.837476788535453,0.5335865394617281,0.8596853596049158,-0.020170959958842143,0.1716842909610419,-0.028028894595492234,0.14823344414831777,-0.036506703091899066,0.19215156949981466,0.3925671877632446,0.6588044106786528,-0.1408753764248534,0.08359621321440025,-0.15136950417559017,-0.05521322351880656,-0.004648209059913957,0.17564056307431308,-0.02439853342163103,0.20397224465579897,-0.11190704861001174,0.49708042673989594,-0.10950672591315389,0.15057330209570863,0.726899572847,0.726899572847,0.8103252933709694,0.6952299193467881,0.7894151079638254,-0.03166965350021189
Valencia_2024,A_authoritative,B_surface_first,R2_+forcing,7,0.321006598127973,0.7666473428870333,0.7367745617830808,0.7159101049799621,0.6565766827288848,0.0672890620131357,-0.02086445680311866,-0.07926459138772388,-0.11007066015814848,-0.07470272438074932,-0.16104050772017753,0.8133412129700076,0.07481403046832959,5,0.8133412129700076,0.07481403046832959,0.8324625293235464,0.06539671450641492,0.7835519397118532,0.11695490171093083,0.7710396744885898,0.1347660004977965,0.6815373653704183,0.1563432374692821,0.08346378263525794,0.5026866180389526,0.019121316353538753,-0.029789273258154392,-0.04230153848141782,-0.1318038475995893,fold_mean_null,0.01,-0.024868720487362647,0.026811233075247194,99,0.09215778250049834,0.01,-0.019537533364145734,0.03946134741346892,99,0.10300131599940368,0.51,-0.04100842545043582,0.01669081748259843,99,0.020143968647317163,0.01,-0.04758566219850622,-0.006771472094115302,99,0.06670697855204497,1.0,-0.0022579061989328373,0.010906944348843416,99,-0.10781275395921565,0.97,-0.003497045840893193,0.0,99,-0.0262922274172612,0.8846153846153846,-0.02938786578361313,0.03085907501170984,25,-0.04531485859713619,0.6923076923076923,-0.03193253377684728,0.023306011207478994,25,-0.010369004704570542,0.2049016470763147,0.35737389925997143,0.6273641686026883,0.8709093338090017,0.5860704530053723,0.8629291976983787,-0.19449610621879637,0.05241699387500599,0.5425050863151069,0.8837135390268734,0.5425050863151069,0.8837135390268734,0.5604463871999017,0.8733921068995143,-0.03592698592131851,0.08518732343516293,-0.07381967129978612,0.04023588668468998,-0.051100337226784226,0.21872067181878638,0.345400996331384,0.6586559612629915,-0.08590435175045644,0.036558494544477266,-0.1784197075625613,-0.05782328235000125,-0.03736131707425085,0.18470153996108848,-0.11266893588460496,0.09549293103404746,-0.5901852773501837,0.3227870542203019,-0.1946950702502893,0.02286131318297935,0.8133412129700076,0.8133412129700076,0.8324625293235464,0.7710396744885898,0.7835519397118532,-0.04230153848141782
Valencia_2024,A_authoritative,B_surface_first,R3_+terrain,10,0.321006598127973,0.7921235521812614,0.7557296559776617,0.7918566982060267,0.7269578191322331,0.0847370891396818,0.036127042228364936,0.14789778256938613,-0.06516573304902828,0.0021409749931317057,-0.16046422718550113,0.8168861892878239,0.09560224100119709,5,0.8168861892878239,0.09560224100119709,0.8381040688538361,0.10773225977910124,0.8002903621857742,0.11938198834879457,0.8208374035864916,0.112947729203796,0.6912455135506839,0.1550416997230358,0.09606134481212422,0.4848541747608753,0.021217879566012288,-0.016595827102049654,0.003951214298667738,-0.12564067573714,fold_mean_null,0.01,-0.022261097166506934,0.035042283812849566,99,0.10699818630618874,0.01,-0.018906829302241444,0.0406995931669245,99,0.11496817411436566,0.01,-0.023241660312152176,0.02801499920255629,99,0.05936870254051711,0.01,-0.03778133192299121,-0.0021139300950052354,99,0.0589992114890035,1.0,-0.0018965233281445027,0.0003935407325490246,99,-0.06326920972088378,0.99,-0.0025889292557399186,2.040432928929076e-06,99,-0.014006897846309735,0.5769230769230769,0.007972855055856742,0.04776791813236429,25,-0.005831880062725036,0.5384615384615384,0.00379594313466336,0.04901936185658534,25,0.00015527116400437802,0.2371190764131642,0.3221996814961175,0.6456582511649595,0.898952040156824,0.5860704592824973,0.8828961512985152,-0.06028296735478859,0.0770068240385654,0.558471137324607,0.8984265089804699,0.558471137324607,0.8984265089804699,0.5811625104573304,0.8881177703212583,-0.033726765817249135,0.08033896635222734,-0.06438332005621179,0.04946987798926407,-0.02574645471901263,0.20854372733084406,0.32876268646441453,0.6190069802574755,-0.027411795817418788,0.08557898835265987,-0.1703228675107501,-0.05450667179157158,-0.006600225506777955,0.190192194938563,-0.039357843451660574,0.12697934237906708,-0.22117121252570468,0.4688860749581997,-0.12521125716215656,0.019195284556517526,0.8168861892878239,0.8168861892878239,0.8381040688538361,0.8208374035864916,0.8002903621857742,0.003951214298667738
Valencia_2024,A_authoritative,B_surface_first,R4_+hydrography,14,0.321006598127973,0.8372592747453732,0.8230223541706435,0.8356355848657815,0.8044730657316439,0.06005887446767062,0.012613230695137978,0.071270191418976,-0.032786209013729306,0.001239673619753634,-0.1425986999054879,0.8534968670986915,0.07337213915685303,5,0.8534968670986915,0.07337213915685303,0.8800669762026334,0.0760554959342163,0.839034752000182,0.09621147252019836,0.8548384710367103,0.08460562744773004,0.7317875901827822,0.1115001741401048,0.06896382435153658,0.4387353918973097,0.026570109103941864,-0.014462115098509587,0.0013416039380187428,-0.12170927691590938,fold_mean_null,0.01,-0.015224568639571784,0.02165752006040078,99,0.0752834431072424,0.01,-0.01206535125386187,0.028219632518031036,99,0.08102917560539845,0.03,-0.01572542355248689,0.009880337536421414,99,0.028338654247624866,0.01,-0.01687122287162027,0.002527726646603956,99,0.04344133197556213,1.0,-0.0011616193398678145,7.905303715212128e-05,99,-0.03162458967386149,1.0,-0.0013034235220081858,1.6600967853007852e-05,99,-0.0131586915765014,0.7692307692307693,0.018858743385741502,0.050275477005457175,25,-0.017619069765987868,0.7692307692307693,0.011354312613562977,0.039831246586398,25,-0.010012708675544234,0.1846880308766249,0.2965215222040767,0.6806295119014718,0.9315313444542537,0.6711403913311718,0.9191813203182573,-0.04537342709657747,0.06343156913214734,0.5791483472150527,0.9218338034959757,0.5791483472150527,0.9218338034959757,0.6221899191459428,0.9230691530194584,-0.04183034776145392,0.1010856246800253,-0.037074752572258396,0.03184334261104202,-0.03153357519090249,0.15925729719905482,0.2871134929515007,0.5603617877046921,-0.023555582486501324,0.08725649553488754,-0.14815748199774353,-0.048681732617110327,-0.030497515137826645,0.14885661226169697,-0.04460860041186047,0.08697500250432011,-0.3366974295375642,0.44009530791263074,-0.07631778636997376,0.0144527138677189,0.8534968670986915,0.8534968670986915,0.8800669762026334,0.8548384710367103,0.839034752000182,0.0013416039380187428
Valencia_2024,A_authoritative,B_surface_first,R5_+sar_event,15,0.321006598127973,0.8452988466205276,0.8325950145497394,0.8507413539572936,0.8322610866828524,0.054347786582893874,0.01814633940755417,0.10839784346175169,-0.013037759937675197,0.01064757631901525,-0.14359500699670913,0.8646367786794255,0.06634181023652787,5,0.8646367786794255,0.06634181023652787,0.8890881412509282,0.06260729645151905,0.8508887102409279,0.08045893414746866,0.868199552268127,0.07509682869197629,0.7410866636464979,0.10888291799923153,0.06494274498037693,0.4280229126401457,0.02445136257150271,-0.013748068438497518,0.0035627735887014955,-0.12355011503292757,fold_mean_null,0.01,-0.014365617981332858,0.019746783020767024,99,0.06871340456422673,0.01,-0.011822078580410891,0.025988620261513776,99,0.07676482356078781,0.01,-0.011327958416309507,0.008295378149420028,99,0.029474297823863675,0.01,-0.013816694891557672,0.001747461550704079,99,0.03826805746306038,1.0,-0.001171958073014549,0.0004961779280437725,99,-0.011865801864660649,0.99,-0.0013443454843658335,0.00010395121470764264,99,-0.012403722954131684,0.6923076923076923,0.016361545588792086,0.047911446261078565,25,-0.005713969269776836,0.6153846153846154,0.007234139655185925,0.035163330488864816,25,-0.0036713660664844296,0.17934746317033445,0.2827064625806436,0.6983373062717251,0.9366091007644375,0.6979439850463242,0.9290370810280382,-0.028937430666995792,0.07405697602724323,0.6063744818238075,0.9272466380420706,0.6063744818238075,0.9272466380420706,0.6390917170518953,0.9298224568008905,-0.017001063067477368,0.08924995810084638,-0.033902660119705934,0.026268565157146647,-0.0348173785170413,0.16100851708347783,0.27481451622049957,0.5547399392164819,-0.016564572280278113,0.08950047511180918,-0.14814166345304894,-0.05165461098781915,-0.038039339994565796,0.14852262691209378,-0.03662531004308385,0.08700040022407225,-0.30586253708985667,0.44698489641275385,-0.04674347675719293,0.021430492446748748,0.8646367786794255,0.8646367786794255,0.8890881412509282,0.868199552268127,0.8508887102409279,0.0035627735887014955
EmiliaRomagna_2023a,A_authoritative,A_terrain_first,R0_none,0,0.13165695594398447,0.10133458325988806,0.10143607134779464,0.11991964905623448,0.11584271467831822,0.00047290011936998395,0.018483577708439836,0.0205701309824045,0.014508131418430159,0.007824452533007092,0.0,0.16502175200620522,0.05627540585487162,5,0.16502175200620522,0.05627540585487162,0.23288298167706448,0.1202856899296065,0.16103032599102576,0.06156527450590699,0.1700775782125099,0.05839574527544838,0.16502175200620522,0.05627540585487162,-0.003513180258256532,0.4661923368449572,0.06786122967085925,-0.003991426015179461,0.005055826206304681,0.0,fold_mean_null,0.25,-0.009289731446038247,0.006922678021528917,99,0.009762631565408231,0.66,-0.01367218166767023,0.008227845367634289,99,0.010159001409413698,0.14,0.008832545362996509,0.04553037224158111,99,0.009651032345443327,0.07,0.012983897695662515,0.06915318050332431,99,0.05487733197519674,0.19,0.01443892989001853,0.09172559846717755,99,6.920152841162833e-05,0.99,0.012146910261817391,0.0784885099755919,99,-0.016138336276996852,0.3076923076923077,0.010769710127687071,0.04002753965378386,25,-0.0029452575946799786,0.5,0.013223922855659298,0.05120578321724909,25,-0.008168096649354617,0.021791438010685928,0.0657230677649995,0.05447534578304922,0.16803744324288097,0.05742612698242256,0.1625316086729192,-0.022258044611898346,0.03825020637138358,0.08902370998678483,0.2357189873954804,0.08902370998678483,0.2357189873954804,0.12205634534536279,0.3347334914972177,0.0005467393900147381,0.1457023687939147,-0.01756659553615015,0.06207284041504577,-0.03889511138395687,0.024827031765670343,0.3196871205681514,0.6033669109428569,-0.013001673717236081,0.05159084062991018,0.0,0.0,-0.03552421541877165,0.023644681311329768,-0.018317241070454418,0.07330072062335956,-0.020760253161320585,0.08358612421277983,-0.017082107468809556,0.06407705185380275,0.16502175200620522,0.16502175200620522,0.23288298167706448,0.1700775782125099,0.16103032599102576,0.005055826206304681
EmiliaRomagna_2023a,A_authoritative,A_terrain_first,R1_+terrain,3,0.13165695594398447,0.19596744358868012,0.13348326863423857,0.11780059158428846,0.15731578795806703,-0.02199200363082755,-0.015682677049950106,-0.018098527682473983,-0.038651655630613097,0.055371409031119034,0.005519577395684899,0.24734659915018123,0.08820968522930428,5,0.24734659915018123,0.08820968522930428,0.18877805383894636,0.0767875210765596,0.20343649764042276,0.0813944073747609,0.36136259435378265,0.08421434849839074,0.2562903951901277,0.0858437830035705,-0.030034181596615063,0.4612136373040059,-0.05856854531123487,-0.043910101509758465,0.11401599520360142,0.008943796039946467,fold_mean_null,0.92,-0.0055499735235852695,0.013023202839280847,99,-0.01644203010724228,0.91,-0.008601595069363515,0.012775020922990085,99,-0.021432586527251548,1.0,0.008204359154299271,0.03437022853761071,99,-0.023887036204249375,1.0,0.004901447330365384,0.061575762356880184,99,-0.06346999264160025,1.0,0.002949364069868571,0.06592136998689443,99,-0.04160101970048167,1.0,0.003832512479277103,0.06522960410413464,99,-0.047742613989035565,0.11538461538461539,0.011102790088218586,0.07524646554565825,25,0.04426861894290045,0.07692307692307693,0.011713317560003602,0.07626012204209572,25,0.10230267764359782,-0.04646997572000327,-0.08432831442724693,0.08615184020211285,0.31110353863241696,0.05770766085969765,0.25051117042645077,-0.011871462663000128,0.14065009997455646,0.14060668619541106,0.3515776578022183,0.14060668619541106,0.3515776578022183,0.11414152296967073,0.2876092014776866,-0.0968217475176985,0.0010163279223460962,-0.08317746382698658,0.0026588097703295335,-0.07053314555478944,0.004159944633689441,0.31803927340014587,0.6005453652514442,0.028351310355996907,0.16391347995031405,-0.01107846632218817,0.02894346448633046,-0.05655701262823178,0.0027605160383543477,-0.044913355454347555,0.0035614593027166502,-0.055268536799101715,0.004001518004498338,-0.12099593761821922,0.013473865359999684,0.24734659915018123,0.24734659915018123,0.18877805383894636,0.36136259435378265,0.20343649764042276,0.11401599520360142
EmiliaRomagna_2023a,A_authoritative,A_terrain_first,R2_+surface,6,0.13165695594398447,0.19490734677832453,0.13924149787958778,0.11482248670300879,0.16280004804725653,-0.019103290425217325,-0.024419011176578992,-0.028369178017323835,-0.03210729873106799,0.048082509838240056,0.0036611130623312726,0.2568415386151221,0.08575804349162268,5,0.2568415386151221,0.08575804349162268,0.1870895300829171,0.08115339998199277,0.20723513337977276,0.07777199660536625,0.35510881357684687,0.08714683278957733,0.26224228533944716,0.09244973043757722,-0.02750469100607581,0.4612504050973122,-0.069752008532205,-0.04960640523534934,0.09826727496172477,0.005400746724325056,fold_mean_null,0.91,-0.005840008616883683,0.013780247906511228,99,-0.013263281808333641,0.9,-0.008939547759651636,0.012707556414064387,99,-0.018565143246424175,1.0,0.007175583423877431,0.03600540370939439,99,-0.031594594600456424,1.0,0.0038978160562594,0.05700756260380191,99,-0.0736498245884644,1.0,0.0033759406893690957,0.07661457894549918,99,-0.03548323942043709,1.0,0.003350673416227725,0.05735260892803238,99,-0.05295707865157707,0.11538461538461539,0.013640828069289488,0.07766781793699751,25,0.03444168176895057,0.07692307692307693,0.011483573191120337,0.07888627188566451,25,0.08678370177060443,-0.040249597704976325,-0.09910379604804304,0.08229663769885445,0.319239921253395,0.059192104495964966,0.26099351280919925,-0.00492810815149671,0.11313898807214254,0.1415817533695855,0.36503256543811946,0.1415817533695855,0.36503256543811946,0.11826937424730231,0.28453564608255766,-0.10849500317698763,-0.0037588116076077813,-0.08985905229690207,0.009204071583187768,-0.06590929963624224,0.005031478559220864,0.3182078191709306,0.5998146090239093,0.028350136847776406,0.14385806199411558,-0.008011780045793261,0.019406003238074242,-0.05003544047283105,0.005277209226931016,-0.07309918266203037,0.0027645667454557913,-0.09607664194810715,0.002962884488425735,-0.11720622897817691,0.017074905235501963,0.2568415386151221,0.2568415386151221,0.1870895300829171,0.35510881357684687,0.20723513337977276,0.09826727496172477
EmiliaRomagna_2023a,A_authoritative,A_terrain_first,R3_+hydrography,10,0.13165695594398447,0.2828979216880353,0.1495655272804825,0.13953347534091665,0.2627183126624596,-0.009436057340276988,-0.010032051939565856,-0.011796384391010613,-0.020179609025575695,-0.01996988807160388,-0.02970640800060559,0.33746921453852596,0.13809985027485888,5,0.33746921453852596,0.13809985027485888,0.20837465437350292,0.08546367531179029,0.3278620480258264,0.14567210459942595,0.3428363260761872,0.09514276849471424,0.3157419405569475,0.11197142785004434,-0.016731649168210908,0.45571541219040823,-0.12909456016502305,-0.00960716651269955,0.005367111537661229,-0.021727273981578477,fold_mean_null,0.71,-0.009056017499655986,0.011974161791584424,99,-0.00038003984062100205,0.82,-0.01279561230306561,0.010780665750435122,99,-0.003936036865145298,0.89,0.004229948438256668,0.022713348097593747,99,-0.014262000377822524,0.97,-0.00829111393655584,0.030771226155915363,99,-0.12080344622846721,0.83,-0.005556769122845845,0.039126228473354084,99,-0.014622839902729851,0.86,-0.0006193758953768961,0.026024439341752387,99,-0.008987790617322654,0.8846153846153846,0.009356990586779494,0.07074101007870952,25,-0.029326878658383376,0.6923076923076923,0.015563843153407135,0.07392242125116698,25,-0.010196731615745906,-0.0086370501410664,-0.18233635157696668,0.11278151368051394,0.46241023813602333,0.0685343148265734,0.29132989287808714,-0.08467282852669653,0.05999843765873232,0.1806490850354433,0.4375396830964312,0.1806490850354433,0.4375396830964312,0.15282435952396559,0.33033286656969374,-0.18134268955682145,-0.0036051772091878166,-0.025065906476012947,0.006007656008887117,-0.045835494920517625,0.008125133447023241,0.3059430482905228,0.5981475674623837,-0.031982107107470084,0.05113263126374301,-0.03530392825561099,0.016385064551282212,-0.03572456918569711,0.010796990610694076,-0.05375238188524085,0.027189651137859323,-0.07364338551562473,0.03172910068619552,-0.05345919302233461,0.02422206713488476,0.33746921453852596,0.33746921453852596,0.20837465437350292,0.3428363260761872,0.3278620480258264,0.005367111537661229
EmiliaRomagna_2023a,A_authoritative,A_terrain_first,R4_+forcing,14,0.13165695594398447,0.2786365180466229,0.16512076983644053,0.14732159617479695,0.27999172205654843,-0.017151558330376543,-0.017799173661643575,-0.021319459172743555,0.0013552040099255036,0.0029449464725697094,-0.02372276560748532,0.3644267624408334,0.17118412065104896,5,0.3644267624408334,0.17118412065104896,0.2164159632555053,0.08696216617075715,0.3616003429162905,0.17265824422929385,0.37570223753568194,0.14561693286512029,0.3469119603662724,0.14654180992644544,-0.022446896143410243,0.4566250972214519,-0.14801079918532808,-0.002826419524542878,0.011275475094848553,-0.017514802074560964,fold_mean_null,0.82,-0.008700033671993346,0.011842790348029248,99,-0.008451524658383197,0.85,-0.0129560587548308,0.009553195944598466,99,-0.009490837388579443,0.96,0.0019566489947737227,0.02815990759275989,99,-0.019755822656417298,0.97,-0.018166552230208865,0.02059191263185974,99,-0.12984424695511923,0.18,0.0006771243411864341,0.05008628576850877,99,0.0006780796687390695,0.79,0.0007569076618936176,0.01456129141518303,99,-0.0035833271864364954,0.9615384615384616,0.029464144420980443,0.06983459220803379,25,-0.026519197948410733,0.46153846153846156,0.01910524740043824,0.06247322293394033,25,-0.007829772305589688,-0.020784747589063467,-0.20429470481445783,0.10002649984639223,0.4859532451797331,0.07522196608927526,0.323750098302582,-0.02805574258148642,0.03709703158351996,0.19367565474441556,0.4726050781590164,0.19367565474441556,0.4726050781590164,0.15468932632700497,0.33872943312948195,-0.19930002569575825,-0.004696239465797207,-0.009898975631653687,0.0127881569679666,-0.0632576400395663,0.008895610286566599,0.3014676518815519,0.6021591062010938,-0.026062340790704408,0.04286642409802657,-0.032167589362828555,0.015056204481704156,-0.0581815661991214,0.007388394398993721,-0.06870079385267541,0.011026839109945693,-0.09312356634956975,0.013056225530765042,-0.02715489691760805,0.04061364593008562,0.3644267624408334,0.3644267624408334,0.2164159632555053,0.37570223753568194,0.3616003429162905,0.011275475094848553
EmiliaRomagna_2023a,A_authoritative,A_terrain_first,R5_+sar_event,15,0.13165695594398447,0.3575107032257713,0.21368776352910063,0.1975186639599093,0.3574035488699962,-0.014459212172015512,-0.016169099569191325,-0.02056320481767007,-0.00010715435577507426,0.01416203119775028,-0.08914189935227301,0.4324355664568852,0.15991760040433786,5,0.4324355664568852,0.15991760040433786,0.27678219050990244,0.09890705098297047,0.4187309935419828,0.1610513902226536,0.4500700755614675,0.13543317371335659,0.3771608911244814,0.15952736270967993,-0.0207147060506652,0.44321091941440827,-0.15565337594698275,-0.013704572914902402,0.017634509104582308,-0.055274675332403767,fold_mean_null,0.78,-0.00876372506795869,0.011344681035684543,99,-0.005695487104056821,0.82,-0.012906421419299922,0.008976249106984665,99,-0.007808284631365278,0.91,0.0013069804708841382,0.03065362143881861,99,-0.017476080040075462,0.98,-0.016814111160289854,0.023327298533735174,99,-0.1388392647866929,0.59,-0.006042684761918229,0.01317691510136444,99,0.005935530406143154,0.88,-0.002760885965736615,0.003120588942849816,99,-0.010943686949165787,0.4230769230769231,0.021191628023389066,0.05137401928604608,25,-0.007029596825638786,0.3076923076923077,0.015472770811824483,0.05013935078337882,25,0.0021617382927578248,-0.017617536683622242,-0.24462291253869772,0.12187150723902679,0.5701063737794533,0.08081817547773731,0.41809085268501506,-0.017982883944469136,0.05111579490092839,0.21604328507597753,0.548773115819753,0.21604328507597753,0.548773115819753,0.18948743635657536,0.4194631104098697,-0.17878704506312157,0.000606440796285023,-0.0188700998548875,0.006506240640829916,-0.06243934917273936,0.009930403204598743,0.29130304947208435,0.5858872052448773,-0.009398841725604245,0.04184746761096913,-0.07767446038485366,0.004916160240878168,-0.05636530479542079,0.010977069883677906,-0.07726521974663147,0.042767509571501855,-0.10966211989956656,0.04738618210628515,-0.020016361747747152,0.027428722278289835,0.4324355664568852,0.4324355664568852,0.27678219050990244,0.4500700755614675,0.4187309935419828,0.017634509104582308
EmiliaRomagna_2023a,A_authoritative,B_surface_first,R0_none,0,0.13165695594398447,0.10133458325988806,0.10143607134779464,0.11991964905623448,0.11584271467831822,0.00047290011936998395,0.018483577708439836,0.0205701309824045,0.014508131418430159,0.007824452533007092,0.0,0.16502175200620522,0.05627540585487162,5,0.16502175200620522,0.05627540585487162,0.23288298167706448,0.1202856899296065,0.16103032599102576,0.06156527450590699,0.1700775782125099,0.05839574527544838,0.16502175200620522,0.05627540585487162,-0.003513180258256532,0.4661923368449572,0.06786122967085925,-0.003991426015179461,0.005055826206304681,0.0,fold_mean_null,0.25,-0.009289731446038247,0.006922678021528917,99,0.009762631565408231,0.66,-0.01367218166767023,0.008227845367634289,99,0.010159001409413698,0.14,0.008832545362996509,0.04553037224158111,99,0.009651032345443327,0.07,0.012983897695662515,0.06915318050332431,99,0.05487733197519674,0.19,0.01443892989001853,0.09172559846717755,99,6.920152841162833e-05,0.99,0.012146910261817391,0.0784885099755919,99,-0.016138336276996852,0.3076923076923077,0.010769710127687071,0.04002753965378386,25,-0.0029452575946799786,0.5,0.013223922855659298,0.05120578321724909,25,-0.008168096649354617,0.021791438010685928,0.0657230677649995,0.05447534578304922,0.16803744324288097,0.05742612698242256,0.1625316086729192,-0.022258044611898346,0.03825020637138358,0.08902370998678483,0.2357189873954804,0.08902370998678483,0.2357189873954804,0.12205634534536279,0.3347334914972177,0.0005467393900147381,0.1457023687939147,-0.01756659553615015,0.06207284041504577,-0.03889511138395687,0.024827031765670343,0.3196871205681514,0.6033669109428569,-0.013001673717236081,0.05159084062991018,0.0,0.0,-0.03552421541877165,0.023644681311329768,-0.018317241070454418,0.07330072062335956,-0.020760253161320585,0.08358612421277983,-0.017082107468809556,0.06407705185380275,0.16502175200620522,0.16502175200620522,0.23288298167706448,0.1700775782125099,0.16103032599102576,0.005055826206304681
EmiliaRomagna_2023a,A_authoritative,B_surface_first,R1_+surface,3,0.13165695594398447,0.12419863505328582,0.106398125995088,0.09742853155737016,0.11893724430090283,-0.012410304931339515,-0.008969594437717832,-0.010037573441423342,-0.005261390752382994,-0.002038448583797453,0.0018266184761225324,0.19600433412510102,0.06528226322202958,5,0.19600433412510102,0.06528226322202958,0.15530248887560288,0.06059515971816792,0.17930436524517077,0.055346510345934484,0.1860538300567009,0.06567153733687398,0.19956706682884043,0.07707140224857256,-0.016238931421491288,0.47228086078303805,-0.04070184524949813,-0.01669996887993025,-0.009950504068400118,0.003562732703739413,fold_mean_null,0.86,-0.005640873870184161,0.013294194470233323,99,-0.006769431061155354,0.87,-0.009441448845197146,0.01215099661619027,99,-0.006797482576294141,1.0,0.006506016558731584,0.027896998588940902,99,-0.015475610996449417,1.0,0.008223962672663239,0.05895589726758545,99,-0.04892580792216137,0.96,0.012517511581118532,0.08825514745011258,99,-0.017778902333501524,1.0,0.010028900826928967,0.06572376128644143,99,-0.026728869706859216,0.8846153846153846,0.009301854183567666,0.03708997681353429,25,-0.01134030276736512,0.9615384615384616,0.009551994198999107,0.04153045222825454,25,-0.019502498267399224,-0.01439288173783703,-0.0608533229702437,0.06134852716650588,0.19029811678849026,0.052485343799441045,0.16989604489140495,-0.017695561630267666,0.012959286368892499,0.10629480630134494,0.28068268042936395,0.10629480630134494,0.28068268042936395,0.09506720848115868,0.23450142910458588,-0.06451189296064899,-5.7105135549315726e-05,-0.04349320979296464,0.017829758878794094,-0.042328041445618976,0.005574850628947315,0.32050841200584573,0.6163336352195897,-0.03753435547444135,0.03256517732082664,-0.015638238006830937,0.02842654023231785,-0.03839628425901082,0.0031330111125138526,-0.026126464439369668,0.0031538134091323934,-0.03084117147016801,0.0034102070109811827,-0.02175481792182394,0.009833551652065222,0.19600433412510102,0.19600433412510102,0.15530248887560288,0.1860538300567009,0.17930436524517077,-0.009950504068400118
EmiliaRomagna_2023a,A_authoritative,B_surface_first,R2_+forcing,7,0.13165695594398447,0.1627172360356025,0.11370972683476385,0.11208374437140962,0.15980028741191282,-0.03271790585972416,-0.001625982463354228,-0.0018345936005224406,-0.0029169486236896858,-0.003959528471608159,-0.0038700808172104084,0.2277198792150604,0.060871913369912774,5,0.19788272123299713,0.07199291630150345,0.15823943821513603,0.05634305655643879,0.21703307331622232,0.06337210832208379,0.26551208615842103,0.09615528532795799,0.21871376225107858,0.0538707620917442,-0.04316899696085007,0.47475979033164134,-0.0396432830178611,-0.010686805898838081,0.037792206943360634,-0.00900611696398182,fold_mean_null,0.91,-0.009180690000845173,0.007062537547961926,99,-0.023537215858878986,0.88,-0.014526385696249061,0.006709569077936966,99,-0.028642611264601006,0.82,0.0038205460103376836,0.02116074356750137,99,-0.005446528473691911,0.99,0.0015762676549353652,0.017569741837759383,99,-0.041219550672796465,0.78,0.0020314400156694504,0.03273784248665635,99,-0.0049483886393591366,0.93,0.0006987442746380965,0.022398211269990167,99,-0.011385550173476177,0.9230769230769231,0.01103823084080185,0.04121058559940496,25,-0.014997759312410009,0.11538461538461539,0.008614631291932082,0.04058699005992022,25,0.029177575651428554,-0.060330743773799454,-0.0513884337913257,0.08580154451374152,0.2489810300797472,0.05308619911335961,0.1945927576950069,-0.031364980088904024,0.024672888651648767,0.1373482134555141,0.3104950394760239,0.13522338131738382,0.2752922288193157,0.10312257964716352,0.2302365485730682,-0.07956589725701145,0.0027090678736312796,-0.030394027523981258,0.005663486507307299,-0.1022476146064913,-0.0006277924642540034,0.3199351866981516,0.6199320323081713,-0.011599549819880105,0.060958245896607956,-0.015883415302442513,0.006654778701484743,-0.09349413494774153,0.0007774297155044983,-0.019201669740179245,0.015738685275217563,-0.022532493228731555,0.016700770736498758,-0.028921540359524513,0.012508801756712413,0.2277198792150604,0.19788272123299713,0.15823943821513603,0.26551208615842103,0.21703307331622232,0.037792206943360634
EmiliaRomagna_2023a,A_authoritative,B_surface_first,R3_+terrain,10,0.13165695594398447,0.2242182095641177,0.16577343333707803,0.14747018645064283,0.2276765246519189,-0.02808440438843872,-0.018303246886435198,-0.021940378810581345,0.0034583150878012003,0.015296688239736844,0.003002989503354314,0.33963456614480536,0.12721057304913452,5,0.33963456614480536,0.12721057304913452,0.23490311895155958,0.11464865040278714,0.3181133111371935,0.10428079595474489,0.359801193632466,0.11940942557510557,0.3439165897286219,0.10963972946884523,-0.034388982979910006,0.4525656717483238,-0.10473144719324579,-0.021521255007611872,0.020166627487660627,0.004282023583816519,fold_mean_null,0.91,-0.007773836471405232,0.00879301256020056,99,-0.020310567917033485,0.9,-0.011944293834084144,0.00944494335651465,99,-0.022444689145825862,0.97,0.0043942513673718535,0.03725023137267329,99,-0.022697498253807052,0.99,-0.006856318772702874,0.030689656387779214,99,-0.09787512842054291,0.16,0.0033934237555775424,0.036671156055576574,99,6.489133222365795e-05,0.97,0.0002928622384107455,0.011397356027997517,99,-0.021814117246022616,0.3076923076923077,0.025703852344159887,0.09469110177091083,25,-0.010407164104423043,0.2692307692307692,0.019020364860666897,0.07784303184776982,25,0.0011462626269937298,-0.04959432530337293,-0.1482135850890176,0.09759512899385427,0.3968118919764997,0.07384310317897314,0.33328762133655443,-0.016936947924473506,0.04026247922416353,0.18401259178631668,0.4601919744081172,0.18401259178631668,0.4601919744081172,0.14770742878846288,0.3699901054713933,-0.16042973238803548,-0.004663703879161406,-0.03883031919963964,0.007498823259952488,-0.09128845735570479,0.006641169739956651,0.30226762964897347,0.5936450768657615,-0.008880122878922718,0.05261191823673038,-0.0286324779486293,0.0301554283463967,-0.08444376918580646,0.0031593876216143876,-0.06589505780886963,0.016443596853531233,-0.08725282277698092,0.021247388671601586,-0.0307101874060975,0.046212975253764284,0.33963456614480536,0.33963456614480536,0.23490311895155958,0.359801193632466,0.3181133111371935,0.020166627487660627
EmiliaRomagna_2023a,A_authoritative,B_surface_first,R4_+hydrography,14,0.13165695594398447,0.2786365180466229,0.16512076983644053,0.14732159617479695,0.27999172205654843,-0.017151558330376543,-0.017799173661643575,-0.021319459172743555,0.0013552040099255036,0.0029449464725697094,-0.02372276560748532,0.3644267624408334,0.17118412065104896,5,0.3644267624408334,0.17118412065104896,0.2164159632555053,0.08696216617075715,0.3616003429162905,0.17265824422929385,0.37570223753568194,0.14561693286512029,0.3469119603662724,0.14654180992644544,-0.022446896143410243,0.4566250972214519,-0.14801079918532808,-0.002826419524542878,0.011275475094848553,-0.017514802074560964,fold_mean_null,0.82,-0.008700033671993346,0.011842790348029248,99,-0.008451524658383197,0.85,-0.0129560587548308,0.009553195944598466,99,-0.009490837388579443,0.96,0.0019566489947737227,0.02815990759275989,99,-0.019755822656417298,0.97,-0.018166552230208865,0.02059191263185974,99,-0.12984424695511923,0.18,0.0006771243411864341,0.05008628576850877,99,0.0006780796687390695,0.79,0.0007569076618936176,0.01456129141518303,99,-0.0035833271864364954,0.9615384615384616,0.029464144420980443,0.06983459220803379,25,-0.026519197948410733,0.46153846153846156,0.01910524740043824,0.06247322293394033,25,-0.007829772305589688,-0.020784747589063467,-0.20429470481445783,0.10002649984639223,0.4859532451797331,0.07522196608927526,0.323750098302582,-0.02805574258148642,0.03709703158351996,0.19367565474441556,0.4726050781590164,0.19367565474441556,0.4726050781590164,0.15468932632700497,0.33872943312948195,-0.19930002569575825,-0.004696239465797207,-0.009898975631653687,0.0127881569679666,-0.0632576400395663,0.008895610286566599,0.3014676518815519,0.6021591062010938,-0.026062340790704408,0.04286642409802657,-0.032167589362828555,0.015056204481704156,-0.0581815661991214,0.007388394398993721,-0.06870079385267541,0.011026839109945693,-0.09312356634956975,0.013056225530765042,-0.02715489691760805,0.04061364593008562,0.3644267624408334,0.3644267624408334,0.2164159632555053,0.37570223753568194,0.3616003429162905,0.011275475094848553
EmiliaRomagna_2023a,A_authoritative,B_surface_first,R5_+sar_event,15,0.13165695594398447,0.3575107032257713,0.21368776352910063,0.1975186639599093,0.3574035488699962,-0.014459212172015512,-0.016169099569191325,-0.02056320481767007,-0.00010715435577507426,0.01416203119775028,-0.08914189935227301,0.4324355664568852,0.15991760040433786,5,0.4324355664568852,0.15991760040433786,0.27678219050990244,0.09890705098297047,0.4187309935419828,0.1610513902226536,0.4500700755614675,0.13543317371335659,0.3771608911244814,0.15952736270967993,-0.0207147060506652,0.44321091941440827,-0.15565337594698275,-0.013704572914902402,0.017634509104582308,-0.055274675332403767,fold_mean_null,0.78,-0.00876372506795869,0.011344681035684543,99,-0.005695487104056821,0.82,-0.012906421419299922,0.008976249106984665,99,-0.007808284631365278,0.91,0.0013069804708841382,0.03065362143881861,99,-0.017476080040075462,0.98,-0.016814111160289854,0.023327298533735174,99,-0.1388392647866929,0.59,-0.006042684761918229,0.01317691510136444,99,0.005935530406143154,0.88,-0.002760885965736615,0.003120588942849816,99,-0.010943686949165787,0.4230769230769231,0.021191628023389066,0.05137401928604608,25,-0.007029596825638786,0.3076923076923077,0.015472770811824483,0.05013935078337882,25,0.0021617382927578248,-0.017617536683622242,-0.24462291253869772,0.12187150723902679,0.5701063737794533,0.08081817547773731,0.41809085268501506,-0.017982883944469136,0.05111579490092839,0.21604328507597753,0.548773115819753,0.21604328507597753,0.548773115819753,0.18948743635657536,0.4194631104098697,-0.17878704506312157,0.000606440796285023,-0.0188700998548875,0.006506240640829916,-0.06243934917273936,0.009930403204598743,0.29130304947208435,0.5858872052448773,-0.009398841725604245,0.04184746761096913,-0.07767446038485366,0.004916160240878168,-0.05636530479542079,0.010977069883677906,-0.07726521974663147,0.042767509571501855,-0.10966211989956656,0.04738618210628515,-0.020016361747747152,0.027428722278289835,0.4324355664568852,0.4324355664568852,0.27678219050990244,0.4500700755614675,0.4187309935419828,0.017634509104582308
Forli_2023b,A_authoritative,A_terrain_first,R0_none,0,0.05045488248378782,0.042562183153740454,0.042628216687305875,0.04075080804621888,0.05756644645636182,-0.001916017395079504,-0.001877408641086993,-0.0019610026886219593,0.015004263302621362,0.011722487048767063,-0.0006134395619805458,0.05964120846855121,0.02537798370356394,5,0.05964120846855121,0.02537798370356394,0.05311988590980197,0.022598412222520722,0.06546476821714228,0.023561758736321804,0.0698962442111769,0.025548097584659188,0.05772824414381306,0.023322864246077612,-0.0019466521554894656,0.22831518470092255,-0.006521322558749244,0.00582355974859107,0.010255035742625693,-0.0019129643247381561,fold_mean_null,0.87,0.0009153904238724532,0.005219819608267193,99,-0.0028314078189519572,0.85,0.0005517811326891819,0.005019711926532039,99,-0.0024984332881786476,0.87,0.01108530555689433,0.03866474698144629,99,-0.012962714197981322,0.9,0.013892200324077572,0.0480835313012497,99,-0.020413522882826815,0.38,0.013311532591853359,0.03728614312564031,99,0.0016927307107680034,0.44,0.006871536225132559,0.028008599675168888,99,-0.0010479764765414894,0.7692307692307693,0.02395848905900395,0.05537127054784391,25,-0.012236002010236887,0.7692307692307693,0.024155323112208364,0.05541693524310162,25,-0.01390028736958267,-0.01094291337412107,-0.02170822782395832,0.0313625835648347,0.057750467276047275,0.03164538674533155,0.058684985857011714,0.0011063466709986657,0.02209808088577414,0.045846029544827,0.07308629691592743,0.045846029544827,0.07308629691592743,0.04179534596776938,0.07056604971275392,-0.012238563089436926,0.008390477702972984,-0.00033855060081155856,0.018289201473189826,-0.0038422825214233193,-0.0002969991643865923,0.18848103212631165,0.2674183675128428,0.000782708308521742,0.027944216096773947,-0.004892694813332782,0.003543446352129195,-0.0035146847000999976,-0.00047597773149248116,-0.010320921863538241,0.005869705812804636,-0.010858752779659578,0.006136304365603275,0.003070700130513803,0.027804297623147217,0.05964120846855121,0.05964120846855121,0.05311988590980197,0.0698962442111769,0.06546476821714228,0.010255035742625693
Forli_2023b,A_authoritative,A_terrain_first,R1_+terrain,3,0.05045488248378782,0.1600044695576437,0.15678101016891566,0.16826465482930655,0.15905309943455131,0.0012161760137848789,0.011483644660390896,0.013618816462721419,-0.0009513701230923766,0.01808360716833385,-0.014791669985828343,0.17560708858318472,0.03614669000628711,5,0.17560708858318472,0.03614669000628711,0.18202430069571202,0.024729263486666656,0.16775640478290194,0.021613520797283146,0.1968231267316533,0.044429370403215596,0.1660679334729437,0.043348870940844456,0.001210117186869405,0.19859763252738002,0.0064172121125272985,-0.007850683800282782,0.02121603814846859,-0.009539155110241004,fold_mean_null,0.21,-4.647949154978637e-05,0.00242527215950151,99,0.0012626555053346653,0.2,-0.00035388917712379737,0.002373352258045447,99,0.0015640063639932025,0.15,0.0010695782572186575,0.01782336744348578,99,0.010414066403172238,0.27,0.0010672607768793462,0.01917377925881207,99,0.0053499513356479525,0.37,-0.006090991882390812,0.005213299578508424,99,0.005139621759298435,0.71,-0.004500949561360455,0.00665047963797728,99,-0.0033497342389223264,0.5769230769230769,0.026289970924271273,0.06819205506048621,25,-0.008206363755937425,0.4230769230769231,0.02168208997847942,0.06066485665884395,25,-0.0004660518300108295,0.007875251804814833,0.006489564941131575,0.12246979324873007,0.2006040153891217,0.11956821507533437,0.19494048839105885,-0.013116678121508473,0.05114642105081637,0.13954264426213173,0.22192478518895037,0.13954264426213173,0.22192478518895037,0.14608009698924615,0.22605654169243067,-0.013191691899794553,0.027026691255895272,-0.029847754905598677,0.013089974916044678,-0.001508868231400554,0.003905376352053926,0.16220441173917763,0.23805682522243776,-0.00885358274670379,0.05341174159533502,-0.016970443257229316,-0.002683248120587237,-0.0009852731923437814,0.0033233510387398247,-0.00812010456700906,0.031158766229891645,-0.009964164128819864,0.037331106131678816,-0.026125443259637476,0.02277784683514444,0.17560708858318472,0.17560708858318472,0.18202430069571202,0.1968231267316533,0.16775640478290194,0.02121603814846859
Forli_2023b,A_authoritative,A_terrain_first,R2_+surface,6,0.05045488248378782,0.19542678220698367,0.18908401818262818,0.2035409461773388,0.199146805891741,0.001756598928653691,0.014456927994710628,0.01782789872054403,0.003720023684757323,0.008236752553979765,-0.015285409273582712,0.21400451420646371,0.041512428852844584,5,0.21400451420646371,0.041512428852844584,0.21775749066599728,0.031604166612276656,0.2081445237958645,0.024601873800245113,0.2188787668703649,0.041572978150106014,0.20175522075959074,0.04692378023454307,0.001954117340602679,0.19061983031806823,0.003752976459533569,-0.005859990410599203,0.00487425266390118,-0.012249293446872977,fold_mean_null,0.13,-7.617970785744222e-05,0.0021032536660013433,99,0.001832778636511133,0.1,-0.0003805684896210072,0.0022586315703759003,99,0.002334685830223686,0.11,0.0006512021473911809,0.0189367651863356,99,0.013805725847319447,0.3,-0.0010300767489121211,0.016996775169756586,99,0.00478305320844569,0.07,-0.007149208866068431,0.003929642831127165,99,0.010869232550825754,0.57,-0.006042507142167878,0.004343601775876513,99,0.00018251673156867518,0.6923076923076923,0.020537786615529255,0.061012581552272835,25,-0.01230103406154949,0.6153846153846154,0.014371796241363859,0.05238503823901397,25,-0.009497543577462679,0.012247864381832833,0.006085344375250131,0.1520282795393257,0.24166220826967236,0.1462527492796851,0.23253490514293298,-0.023393091040847604,0.04075820032287551,0.17314361443470327,0.2642748429972204,0.17314361443470327,0.2642748429972204,0.17997760665071924,0.267415437594715,-0.01798792427490416,0.031335495987057135,-0.029319650638454365,0.018971000256603334,-0.0017063942172203714,0.006119311779700543,0.15529832327222648,0.2289149896149252,-0.02718109029580367,0.03825259581051528,-0.01919260089626274,-0.003292060261901893,-0.0008680805274535714,0.004505209600241898,-0.009924197432051729,0.038756998680826195,-0.01257537458730769,0.04856864617343683,-0.02359725087599546,0.03120611556711993,0.21400451420646371,0.21400451420646371,0.21775749066599728,0.2188787668703649,0.2081445237958645,0.00487425266390118
Forli_2023b,A_authoritative,A_terrain_first,R3_+hydrography,10,0.05045488248378782,0.22125109644455415,0.21433915889037514,0.2233367847539999,0.22643817461636934,0.0008968818307415764,0.008997625863624764,0.011452302816717967,0.005187078171815185,0.032503286496478434,-0.007202536102650731,0.24304006350527302,0.04251647075763119,5,0.24304006350527302,0.04251647075763119,0.2506488155428996,0.0334372501301992,0.24624274201451804,0.03393562269727462,0.26987883337049573,0.026345874344308108,0.23452075755021848,0.044567146861873956,0.0010170929334135923,0.18606902157743882,0.007608752037626565,0.0032026785092450216,0.02683876986522271,-0.00851930595505454,fold_mean_null,0.12,-0.00024110542341978803,0.0016227576758281095,99,0.0011379872541613645,0.13,-0.00036073357770275474,0.0021034113550473855,99,0.0013778265111163471,0.11,-0.0003733993798055076,0.012849049492977577,99,0.009371025243430272,0.1,-0.0008321222886216891,0.011712268433120673,99,0.008440874326248253,0.05,-0.003605962275127351,0.003756970986523268,99,0.008793040446942535,0.05,-0.0031595598077602915,0.002645845939519994,99,0.006362238317005314,0.46153846153846156,0.026512118941741606,0.05634818750010319,25,0.005991167554736828,0.3076923076923077,0.01820914213021093,0.04671187217003091,25,0.008629627735011781,0.007404921568542342,0.011151018593316336,0.16591401763947153,0.28070808346101217,0.16108134200173774,0.2755226774106119,0.0005215677385488938,0.06137392907870715,0.19326509217326196,0.29412103504823817,0.19326509217326196,0.29412103504823817,0.20154202632301474,0.30084540078067995,-0.009610926195998962,0.02289177584415788,-0.017660309529576472,0.02152408305275355,-0.001885018413453138,0.004310863552850249,0.15151883489545573,0.22382089115208162,-0.0005933647710412095,0.05394131057116592,-0.017779464806709805,0.0005061441321291749,-0.001158638480346006,0.003069447712456418,-0.006975978447241781,0.02630765813325202,-0.009099253128590331,0.032693848800439955,-0.019429938556446303,0.028514997399771445,0.24304006350527302,0.24304006350527302,0.2506488155428996,0.26987883337049573,0.24624274201451804,0.02683876986522271
Forli_2023b,A_authoritative,A_terrain_first,R4_+forcing,14,0.05045488248378782,0.28800421701560186,0.277717861844306,0.27822575100017977,0.2758718906155564,-1.3220734949602911e-05,0.000507889155873742,0.0007031728033183927,-0.012132326400045468,0.011380264928190775,-0.0033290897854959534,0.29315682264941473,0.028999737520641944,5,0.29315682264941473,0.028999737520641944,0.29591654276773033,0.02653301408193812,0.2821280333732961,0.018823240550640084,0.30393827237204796,0.01688514558057517,0.29032240899265205,0.020432918104363484,0.00032275835919846777,0.17344230727391063,0.0027597201183156006,-0.011028789276118611,0.01078144972263323,-0.00283441365676268,fold_mean_null,0.29,-0.0004530743965427769,0.00041625351075274983,99,0.000439853661593174,0.14,-0.0005136659914506782,0.0006328483938545116,99,0.000836424350649146,0.32,-0.0025981352204199138,0.006934916881728542,99,0.0031060243762936557,0.11,-0.0028742432715287737,0.0035908365259624364,99,0.005633963389844374,0.69,-0.008943117433420744,0.00017997671439308154,99,-0.0031892089666247236,0.78,-0.006604455976687389,0.0007628350667444933,99,-0.004424333299431222,0.15384615384615385,0.00022699261351769807,0.019517948141012424,25,0.011153272314673078,0.23076923076923078,0.00119318535714509,0.019277845574651294,25,0.009588264365488139,0.00482249321861369,0.007970598812259597,0.23560068077242302,0.3439921469028465,0.22526528792177894,0.3387775440683416,-0.009168871711694044,0.03344894404152202,0.2416094830439895,0.34422495146269744,0.2416094830439895,0.34422495146269744,0.24189739455233936,0.34526631706608885,-0.011372616237018922,0.01638240067183138,-0.02887929139668147,0.0077025058447409275,-0.001884412478483865,0.0034471475715247314,0.14080061457742463,0.20636378581341847,-0.00787470347738694,0.029130360915546105,-0.013676447215356212,0.009011727661915511,-0.0014798570575355172,0.0019621554307692928,-0.012593014369538602,0.016268907335553154,-0.018481909451994644,0.022200905949795312,-0.030163662813285832,0.006496613818381991,0.29315682264941473,0.29315682264941473,0.29591654276773033,0.30393827237204796,0.2821280333732961,0.01078144972263323
Forli_2023b,A_authoritative,A_terrain_first,R5_+sar_event,15,0.05045488248378782,0.4027351156069975,0.3974282089543053,0.39701148775451506,0.3993760957021282,-0.00013729800689664496,-0.0004167211997902487,-0.0006915710393064975,-0.0033590199048693092,0.0026157445511431066,-0.035306942617868486,0.4104634253508047,0.024949129890029356,5,0.4104634253508047,0.024949129890029356,0.4107640140964161,0.026065365449266763,0.4082640696129062,0.02651014590639277,0.41009849598312,0.01931363355399124,0.3781993614654394,0.030048189241233463,0.00015364003577328012,0.16269430743322527,0.0003005887456113965,-0.002199355737898534,-0.00036492936768472983,-0.03226406388536529,fold_mean_null,0.35,-0.0004153639342596399,0.00026950971880905636,99,0.00027806592736299496,0.16,-0.0004418877298134499,0.0003981418351420146,99,0.00059552776558673,0.21,-0.004346031120019934,0.0026221492367808573,99,0.003929309920229686,0.09,-0.004122091739018725,0.0007876310739503729,99,0.004422680484630122,0.65,-0.0029754643490681352,0.002521919385286863,99,-0.000383555555801174,0.6,-0.002688399453827175,0.0013502491773456722,99,0.0004890437159286408,0.23076923076923078,-0.0030451174872844298,0.011519630217266784,25,0.005660862038427536,0.2692307692307692,-0.003992596382287674,0.01004594730379158,25,0.003627667014602944,0.003660409359013085,0.007501961158664066,0.3385624751662566,0.460460490106976,0.3346617910511661,0.45376042718616655,-0.009857285592728712,0.014616137141045305,0.3377033935976019,0.4658799538535337,0.3377033935976019,0.4658799538535337,0.34001136968859325,0.4667540705965825,-0.008755269050176784,0.010697384143507434,-0.010607308510435667,0.008011537510716213,-0.001711836591932975,0.002812113246765544,0.13215790281209067,0.19363139216424183,-0.010497531870518738,0.011700017390161995,-0.04449154223717731,-0.016817014188088193,-0.0014312910038919396,0.001516570073172962,-0.012471560294974784,0.013784753504910183,-0.020402310327619848,0.022369028341542554,-0.01386867470334075,0.00907295631907265,0.4104634253508047,0.4104634253508047,0.4107640140964161,0.41009849598312,0.4082640696129062,-0.00036492936768472983
Forli_2023b,A_authoritative,B_surface_first,R0_none,0,0.05045488248378782,0.042562183153740454,0.042628216687305875,0.04075080804621888,0.05756644645636182,-0.001916017395079504,-0.001877408641086993,-0.0019610026886219593,0.015004263302621362,0.011722487048767063,-0.0006134395619805458,0.05964120846855121,0.02537798370356394,5,0.05964120846855121,0.02537798370356394,0.05311988590980197,0.022598412222520722,0.06546476821714228,0.023561758736321804,0.0698962442111769,0.025548097584659188,0.05772824414381306,0.023322864246077612,-0.0019466521554894656,0.22831518470092255,-0.006521322558749244,0.00582355974859107,0.010255035742625693,-0.0019129643247381561,fold_mean_null,0.87,0.0009153904238724532,0.005219819608267193,99,-0.0028314078189519572,0.85,0.0005517811326891819,0.005019711926532039,99,-0.0024984332881786476,0.87,0.01108530555689433,0.03866474698144629,99,-0.012962714197981322,0.9,0.013892200324077572,0.0480835313012497,99,-0.020413522882826815,0.38,0.013311532591853359,0.03728614312564031,99,0.0016927307107680034,0.44,0.006871536225132559,0.028008599675168888,99,-0.0010479764765414894,0.7692307692307693,0.02395848905900395,0.05537127054784391,25,-0.012236002010236887,0.7692307692307693,0.024155323112208364,0.05541693524310162,25,-0.01390028736958267,-0.01094291337412107,-0.02170822782395832,0.0313625835648347,0.057750467276047275,0.03164538674533155,0.058684985857011714,0.0011063466709986657,0.02209808088577414,0.045846029544827,0.07308629691592743,0.045846029544827,0.07308629691592743,0.04179534596776938,0.07056604971275392,-0.012238563089436926,0.008390477702972984,-0.00033855060081155856,0.018289201473189826,-0.0038422825214233193,-0.0002969991643865923,0.18848103212631165,0.2674183675128428,0.000782708308521742,0.027944216096773947,-0.004892694813332782,0.003543446352129195,-0.0035146847000999976,-0.00047597773149248116,-0.010320921863538241,0.005869705812804636,-0.010858752779659578,0.006136304365603275,0.003070700130513803,0.027804297623147217,0.05964120846855121,0.05964120846855121,0.05311988590980197,0.0698962442111769,0.06546476821714228,0.010255035742625693
Forli_2023b,A_authoritative,B_surface_first,R1_+surface,3,0.05045488248378782,0.10162258101876494,0.09062880887287575,0.095521289710752,0.10941040953798876,0.00040997705103743313,0.004892480837876245,0.005380070190932965,0.007787828519223827,0.006525844059963176,-0.012454024734893918,0.12417632937097751,0.03819230558214211,5,0.12417632937097751,0.03819230558214211,0.14142630571726636,0.06666097720065303,0.13200523378994053,0.045145905753654854,0.124811846785718,0.038480386649895566,0.10841284091797013,0.03505953855991611,0.000811104416513277,0.2136378241529314,0.017249976346288845,0.007828904418963015,0.0006355174147404802,-0.015763488453007388,fold_mean_null,0.45,0.0005792268193692205,0.004710063195790155,99,-0.0001692497683317874,0.37,0.00024061569121261323,0.0044800676527680175,99,0.0005704887253006638,0.42,0.0072134031814386195,0.028304803224170266,99,-0.0023209223435623743,0.23,0.0045688485057999335,0.030480297071476918,99,0.012681127840488911,0.3,0.005763113119198192,0.030853495734978302,99,0.002024715400025635,0.25,0.0037177004266967916,0.026654560773471545,99,0.004111203992266223,0.6923076923076923,0.01573500057846847,0.06241713491360485,25,-0.009209156518505294,0.6538461538461539,0.010731473688654706,0.050849665215549004,25,-0.010095956273914226,0.0026703545009533645,0.01447908781842039,0.0778031726471832,0.12968702727261786,0.0677447448053163,0.1195795106899052,-0.011064418823043756,0.02503977859121006,0.09579446154330583,0.15054812309553278,0.09579446154330583,0.15054812309553278,0.10112388952418601,0.17673461260063383,-0.007877880025429098,0.03953374745311286,-0.010035609151361506,0.030480525417586064,-0.0018978563856992202,0.0038557005997088716,0.1739354782691428,0.25227939495326046,-0.016307082215092646,0.02126525278186784,-0.02308260595541315,-0.0033287383623501854,-0.0017374263744232626,0.0024716863482340916,-0.005954028177135913,0.016595058774412603,-0.006663029603666558,0.01827432327812742,-0.00940616353703686,0.028494056668401546,0.12417632937097751,0.12417632937097751,0.14142630571726636,0.124811846785718,0.13200523378994053,0.0006355174147404802
Forli_2023b,A_authoritative,B_surface_first,R2_+forcing,7,0.05045488248378782,0.1954577481996894,0.19078877705271832,0.18868528388929895,0.18378612368392605,-0.0008992825023909776,-0.002103493163419373,-0.0025994364682166687,-0.01167162451576334,0.0006366981352498857,-0.0051281300236057925,0.20238112896708405,0.008567294767636423,5,0.20238112896708405,0.008567294767636423,0.19951256728118166,0.004405076639117786,0.19743352765120378,0.009828715465027652,0.2026445879886066,0.014776579931066154,0.1973115645331158,0.01174266935813268,-0.0014131948632429786,0.1889942136415641,-0.002868561685902382,-0.004947601315880262,0.0002634590215225552,-0.005069564433968249,fold_mean_null,0.72,-0.000617232498696322,0.0005870301810357637,99,-0.00028205000369465564,0.76,-0.0008696524537602055,0.000405281702924778,99,-0.0005435424094827732,0.42,-0.0027735544457840287,0.00807919190895908,99,0.0006700612823646555,0.54,-0.0020800302603817297,0.008258829999291506,99,-0.0007885314255206524,0.8,-0.0062430006584601495,0.0020010547634089298,99,-0.005428623857303191,0.62,-0.0035040873125428873,0.006259822980598973,99,-0.001443514003337375,0.2692307692307692,-0.007963201150266686,0.010639146040285064,25,0.008599899285516572,0.3076923076923077,-0.00708483730224233,0.012744786165105711,25,0.007348296323764885,-0.0028759738142757397,-0.0009886067822085312,0.15301919490074897,0.2350501192533913,0.14786491948463537,0.23078014154237048,-0.024074764118661947,0.024703199842308392,0.16097545179184258,0.2423513738485531,0.16097545179184258,0.2423513738485531,0.15802504637866197,0.23931185474205396,-0.00842448866236387,0.0015983387734844273,-0.0182198940143563,0.00814370047607224,-0.0025583793219299948,-0.0004355270969261967,0.15645945338414743,0.22303691137303622,-0.022063799574920318,0.024882642861061448,-0.01664122888547661,0.0065292902064524126,-0.001683627245755856,-0.00021528546111034366,-0.006702100127094189,0.0019197578033166626,-0.00843113222392074,0.0023906697129545194,-0.0292389904014881,0.0070173255822683096,0.20238112896708405,0.20238112896708405,0.19951256728118166,0.2026445879886066,0.19743352765120378,0.0002634590215225552
Forli_2023b,A_authoritative,B_surface_first,R3_+terrain,10,0.05045488248378782,0.27725981825099005,0.2684672155579465,0.2691753087163434,0.27384618711657965,-0.00013482692288087995,0.0007080931583968719,0.0009679582015410845,-0.0034136311344103998,0.0027082566429963983,-0.004559563311821335,0.2825688509853762,0.03130113749370423,5,0.2825688509853762,0.03130113749370423,0.28309502957566907,0.023953668939683356,0.2809591080812759,0.019868615671243817,0.28558081146770753,0.02345541740857855,0.27750773897655984,0.021832696243932116,-5.591619035601146e-05,0.1737491457886225,0.0005261785902928584,-0.0016097429041003197,0.0030119604823313217,-0.005061112008816371,fold_mean_null,0.32,-0.0005024512759662306,0.0002926319924137254,99,0.0003676243530853506,0.27,-0.0006362419505921615,0.00039708002360135336,99,0.00058032576023615,0.25,-0.0033804052045139656,0.0066077130598373515,99,0.004088498362910838,0.17,-0.004248814091292508,0.0035843928352191257,99,0.004774992681585367,0.39,-0.010470279884600541,0.0,99,0.007056648750190141,0.34,-0.007037929243008283,0.0,99,0.005428186338907963,0.34615384615384615,-0.00029012267028289963,0.016960422384220707,25,0.002998379313279298,0.3076923076923077,-0.0002940475108767471,0.01955425162231047,25,0.003306007993208069,0.003340020796085842,0.0066556807411327435,0.23104085389377602,0.3314749720411354,0.22244520852878644,0.3189003329862876,-0.018531445999083584,0.02456332846082146,0.23602014793583717,0.33302772569845634,0.23602014793583717,0.33302772569845634,0.23439835457681316,0.33164635141370413,-0.014428859690670762,0.015173466788446742,-0.024175115434412836,0.022685667725115884,-0.0019531941583682726,0.002399482210328263,0.14160915272966423,0.20454934674344125,-0.014573651707123617,0.022824278767457483,-0.014608700530365459,0.00762808373700887,-0.0014764183706697021,0.0014643812128413375,-0.013358933402891094,0.014735083111910198,-0.018776868390277528,0.019875916824406356,-0.02877518000249224,0.02333971400529657,0.2825688509853762,0.2825688509853762,0.28309502957566907,0.28558081146770753,0.2809591080812759,0.0030119604823313217
Forli_2023b,A_authoritative,B_surface_first,R4_+hydrography,14,0.05045488248378782,0.28800421701560186,0.277717861844306,0.27822575100017977,0.2758718906155564,-1.3220734949602911e-05,0.000507889155873742,0.0007031728033183927,-0.012132326400045468,0.011380264928190775,-0.0033290897854959534,0.29315682264941473,0.028999737520641944,5,0.29315682264941473,0.028999737520641944,0.29591654276773033,0.02653301408193812,0.2821280333732961,0.018823240550640084,0.30393827237204796,0.01688514558057517,0.29032240899265205,0.020432918104363484,0.00032275835919846777,0.17344230727391063,0.0027597201183156006,-0.011028789276118611,0.01078144972263323,-0.00283441365676268,fold_mean_null,0.29,-0.0004530743965427769,0.00041625351075274983,99,0.000439853661593174,0.14,-0.0005136659914506782,0.0006328483938545116,99,0.000836424350649146,0.32,-0.0025981352204199138,0.006934916881728542,99,0.0031060243762936557,0.11,-0.0028742432715287737,0.0035908365259624364,99,0.005633963389844374,0.69,-0.008943117433420744,0.00017997671439308154,99,-0.0031892089666247236,0.78,-0.006604455976687389,0.0007628350667444933,99,-0.004424333299431222,0.15384615384615385,0.00022699261351769807,0.019517948141012424,25,0.011153272314673078,0.23076923076923078,0.00119318535714509,0.019277845574651294,25,0.009588264365488139,0.00482249321861369,0.007970598812259597,0.23560068077242302,0.3439921469028465,0.22526528792177894,0.3387775440683416,-0.009168871711694044,0.03344894404152202,0.2416094830439895,0.34422495146269744,0.2416094830439895,0.34422495146269744,0.24189739455233936,0.34526631706608885,-0.011372616237018922,0.01638240067183138,-0.02887929139668147,0.0077025058447409275,-0.001884412478483865,0.0034471475715247314,0.14080061457742463,0.20636378581341847,-0.00787470347738694,0.029130360915546105,-0.013676447215356212,0.009011727661915511,-0.0014798570575355172,0.0019621554307692928,-0.012593014369538602,0.016268907335553154,-0.018481909451994644,0.022200905949795312,-0.030163662813285832,0.006496613818381991,0.29315682264941473,0.29315682264941473,0.29591654276773033,0.30393827237204796,0.2821280333732961,0.01078144972263323
Forli_2023b,A_authoritative,B_surface_first,R5_+sar_event,15,0.05045488248378782,0.4027351156069975,0.3974282089543053,0.39701148775451506,0.3993760957021282,-0.00013729800689664496,-0.0004167211997902487,-0.0006915710393064975,-0.0033590199048693092,0.0026157445511431066,-0.035306942617868486,0.4104634253508047,0.024949129890029356,5,0.4104634253508047,0.024949129890029356,0.4107640140964161,0.026065365449266763,0.4082640696129062,0.02651014590639277,0.41009849598312,0.01931363355399124,0.3781993614654394,0.030048189241233463,0.00015364003577328012,0.16269430743322527,0.0003005887456113965,-0.002199355737898534,-0.00036492936768472983,-0.03226406388536529,fold_mean_null,0.35,-0.0004153639342596399,0.00026950971880905636,99,0.00027806592736299496,0.16,-0.0004418877298134499,0.0003981418351420146,99,0.00059552776558673,0.21,-0.004346031120019934,0.0026221492367808573,99,0.003929309920229686,0.09,-0.004122091739018725,0.0007876310739503729,99,0.004422680484630122,0.65,-0.0029754643490681352,0.002521919385286863,99,-0.000383555555801174,0.6,-0.002688399453827175,0.0013502491773456722,99,0.0004890437159286408,0.23076923076923078,-0.0030451174872844298,0.011519630217266784,25,0.005660862038427536,0.2692307692307692,-0.003992596382287674,0.01004594730379158,25,0.003627667014602944,0.003660409359013085,0.007501961158664066,0.3385624751662566,0.460460490106976,0.3346617910511661,0.45376042718616655,-0.009857285592728712,0.014616137141045305,0.3377033935976019,0.4658799538535337,0.3377033935976019,0.4658799538535337,0.34001136968859325,0.4667540705965825,-0.008755269050176784,0.010697384143507434,-0.010607308510435667,0.008011537510716213,-0.001711836591932975,0.002812113246765544,0.13215790281209067,0.19363139216424183,-0.010497531870518738,0.011700017390161995,-0.04449154223717731,-0.016817014188088193,-0.0014312910038919396,0.001516570073172962,-0.012471560294974784,0.013784753504910183,-0.020402310327619848,0.022369028341542554,-0.01386867470334075,0.00907295631907265,0.4104634253508047,0.4104634253508047,0.4107640140964161,0.41009849598312,0.4082640696129062,-0.00036492936768472983
York_2015,A_authoritative,A_terrain_first,R0_none,0,0.04750462107208873,0.03233046232730408,0.032974565063862336,0.030143649193726557,0.03233046232730408,-0.024801271248770303,-0.0028309158701357792,-0.002927447167222373,0.0,-0.0012321748023008082,-0.0004916097519505336,0.10899430100877647,0.08895948935666119,5,0.10899430100877647,0.08895948935666119,0.09055617306076441,0.07918017208926337,0.10899430100877647,0.08895948935666119,0.12466056928136063,0.11868011364732356,0.1331394701468867,0.08819204924326049,-0.01890691199945203,0.3889916605598265,-0.018438127948012056,0.0,0.01566626827258416,0.02414516913811024,fold_mean_null,0.82,-0.014040187286187365,0.018106117669534818,99,-0.010761083962582938,0.5,-0.03659335022095482,0.008181940229534893,99,0.01768643822150279,0.65,0.0031012749343578183,0.022988528081832642,99,-0.005932190804493597,0.94,0.017283066426964477,0.08524129086544727,99,-0.035721194374976534,1.0,0.003959193035014439,0.012047662611567917,99,-0.003959193035014439,0.56,0.0006327686107433102,0.005808192277342253,99,-0.0006327686107433102,0.9230769230769231,0.016819346304104883,0.06034197132939133,25,-0.01805152110640569,0.5769230769230769,0.033909076785399686,0.1159773051690781,25,-0.018242808512815525,0.045467396900100474,-0.04009087081644849,0.018394243243995332,0.05273340863293691,0.019399924106774366,0.05315030285259684,-0.007124655066070766,0.0014463506370513742,0.04764680321274814,0.13983490465935564,0.04764680321274814,0.13983490465935564,0.04381557303117848,0.13424908446675862,-0.026022003049719085,0.015143125896459362,0.0,0.0,-0.026518297580882956,-0.004200155004855613,0.20661287418983604,0.45968234895893534,-0.0067717308988396,0.030660081695623884,-0.0011730610257301242,0.04030254889469997,-0.0482462098906381,-0.005945062005440744,-0.009202988639598099,-0.0004918631964766142,-0.00968446438340423,-0.000506853146512236,0.0,0.0,0.10899430100877647,0.10899430100877647,0.09055617306076441,0.12466056928136063,0.10899430100877647,0.01566626827258416
York_2015,A_authoritative,A_terrain_first,R1_+terrain,3,0.04750462107208873,0.5446245561706886,0.4895387918199615,0.4384092361503703,0.529311114552575,-0.001996799286927718,-0.05112955566959121,-0.10016344993556872,-0.015313441618113655,-0.049729971416680785,-0.10518004828462613,0.6288359904348544,0.20670370977627567,5,0.6288359904348544,0.20670370977627567,0.5647883310328462,0.26046613358369963,0.6120598814979566,0.22364554140466075,0.6099917422147699,0.19712862101239345,0.5493128537506724,0.2247463887268604,-0.004721130837815309,0.21696155173150458,-0.06404765940200818,-0.016776108936897738,-0.01884424822008446,-0.07952313668418198,fold_mean_null,0.25,-0.021533815626196242,0.01790616502444116,99,0.019537016339268524,0.31,-0.043894313278498354,0.022549894588847912,99,0.039173182440683046,0.36,-0.12435761357900305,0.09335009569534163,99,0.07322805790941184,0.59,-0.043688915858004274,0.05195663553365341,99,-0.02035874354400391,0.37,-0.0846953732148649,0.0,99,0.06938193159675124,0.57,-0.023208653786429716,2.8511450620548097e-06,99,0.006432544849531978,0.6153846153846154,-0.03886972304358563,0.06118323291351111,25,-0.010860248373095155,0.7307692307692307,0.019887010331260772,0.09406897370751667,25,-0.03873125855134523,0.18055356872244743,-0.054851071276700934,0.26887663712664867,0.7239631007958675,0.2191009313017958,0.6725790256715533,-0.11253765178306906,0.027242385693764266,0.38093902571229576,0.7153499972913664,0.38093902571229576,0.7153499972913664,0.3345473779767756,0.6849640373471396,-0.08910456500863013,-0.007919760544921684,-0.0393694121943937,0.002083388089597594,-0.029546987948441884,0.018503231090164718,0.14839602832734122,0.26532614406889765,-0.05250066218552396,0.060876652797762124,-0.1322533626744764,-0.010406673274580225,-0.015514462629111303,0.013532346644261863,-0.11603266719324777,0.037043096019058426,-0.2636351360001515,0.04976333328705833,-0.042726174259122354,0.014692113319312264,0.6288359904348544,0.6288359904348544,0.5647883310328462,0.6099917422147699,0.6120598814979566,-0.01884424822008446
York_2015,A_authoritative,A_terrain_first,R2_+surface,6,0.04750462107208873,0.5933143779378663,0.5469159688779738,0.51260186052637,0.5724546102961467,0.0044013222364346445,-0.034314108351603756,-0.07573453486459812,-0.020859767641719595,-0.04171112865274107,-0.20434910719444688,0.6775810726413799,0.17212247534714398,5,0.6775810726413799,0.17212247534714398,0.6327938933752632,0.19599482677151134,0.6671523247556124,0.1773767566674356,0.6738688079858735,0.13324257624378918,0.544374239110101,0.21551224843156475,0.003611395866416013,0.2159273714604395,-0.04478717926611675,-0.010428747885767531,-0.0037122646555064476,-0.13320683353127893,fold_mean_null,0.16,-0.019139252858843485,0.021028572724188198,99,0.02354057509527813,0.2,-0.05243017244590233,0.025908001866885848,99,0.056041568312318345,0.27,-0.137908854032303,0.07343050322045065,99,0.10359474568069924,0.4,-0.0629914253767315,0.039771609432958724,99,0.018204246110614747,0.44,-0.07604587734289026,0.0,99,0.05518610970117066,0.5,-0.03196476436999239,0.0,99,0.02153601648422486,0.4230769230769231,-0.0543556795540719,0.03239545788836282,25,0.012644550901330834,0.6153846153846154,0.0016945681848190475,0.0515021219408309,25,-0.005406832840325495,0.25953897337459986,0.056461468499231525,0.3207198097031026,0.7491950594793959,0.2810611675774033,0.7076507859357017,-0.09365312567764261,0.03012530253289567,0.42914301673036803,0.7591694912159347,0.42914301673036803,0.7591694912159347,0.38289123721542867,0.7385377005102312,-0.0610726928773935,0.004929122293492877,-0.021691535603215368,0.01922814538117712,-0.02226542134556206,0.029333019281992948,0.13658333912161968,0.27304022733017147,-0.04806872477945134,0.05468652282892767,-0.18095126132506328,-0.05859351672350841,-0.010908888750542429,0.023357915241958658,-0.10527710502028945,0.03918797579291766,-0.2559474691996913,0.05762256506942181,-0.05598096169913895,0.02008122088954292,0.6775810726413799,0.6775810726413799,0.6327938933752632,0.6738688079858735,0.6671523247556124,-0.0037122646555064476
York_2015,A_authoritative,A_terrain_first,R3_+hydrography,10,0.04750462107208873,0.5850002259759433,0.48963430137357167,0.48203353072159616,0.5594655978826646,0.0033065715418482376,-0.007600770651975508,-0.01489279289817444,-0.025534628093278666,-0.032824463230008205,-0.1897263062522393,0.7270808067145936,0.152269233828804,5,0.7270808067145936,0.152269233828804,0.6984831772553366,0.13114627981531876,0.7181325714487257,0.14262094945892126,0.7275780016040361,0.10473229048015718,0.5791288738252544,0.22892691867122555,0.011799056531796522,0.22368018514355636,-0.028597629459257035,-0.008948235265867965,0.0004971948894424427,-0.14795193288933928,fold_mean_null,0.19,-0.017401182305287467,0.022624013134217306,99,0.020707753847135704,0.27,-0.03849997297991499,0.036972019367003076,99,0.050299029511711515,0.3,-0.09106444024852377,0.133570495125347,99,0.08346366959654826,0.36,-0.061581473584782845,0.04176323970303577,99,0.03298384412552581,0.53,-0.05191003256229625,0.0,99,0.026375404469017587,0.58,-0.01782088735579067,0.0,99,0.008872652089922703,0.5384615384615384,-0.04342141520864201,0.04448272854414066,25,0.010596951978633806,0.46153846153846156,-0.007084193816031998,0.033395454384144575,25,0.007581388705474441,0.22487029630912525,0.12085571457421398,0.32150799973902805,0.7538819850186871,0.23341708894744112,0.6721043003865358,-0.07271393785791176,0.007862628864812374,0.49579159290180236,0.8060956475845348,0.49579159290180236,0.8060956475845348,0.4970112342081379,0.7851429358240382,-0.056487322224263,0.03327203759383007,-0.024479669015845883,0.02589479766650359,-0.020069988395664484,0.035655690821176596,0.1367203595927541,0.2827460873347593,-0.029721289510626515,0.05244709469613644,-0.21206117046248352,-0.04791183804525804,-0.013469785683231705,0.02303602089140383,-0.09757723541610631,0.06856763306661745,-0.22014834735693453,0.11373230210552032,-0.055112580305795356,0.013939198365537591,0.7270808067145936,0.7270808067145936,0.6984831772553366,0.7275780016040361,0.7181325714487257,0.0004971948894424427
York_2015,A_authoritative,A_terrain_first,R4_+forcing,14,0.04750462107208873,0.5232680928909726,0.4200616085300108,0.41863830761899395,0.48741512167935314,-0.003430131639055527,-0.0014233009110168338,-0.00245422777997012,-0.03585297121161951,-0.01581728401833804,-0.12520137804071008,0.7495431263947999,0.130234094710138,5,0.7495431263947999,0.130234094710138,0.7412798153588465,0.11650194664188382,0.7398828514874592,0.11941016053124069,0.7561053661547325,0.10676052955272125,0.63756108660333,0.23936251600881958,0.003907789523056444,0.24752956758978897,-0.008263311035953458,-0.009660274907340671,0.006562239759932531,-0.11198203979146992,fold_mean_null,0.4,-0.009114733495203767,0.031053947802611278,99,0.00568460185614824,0.41,-0.03049238302799627,0.05508111954550127,99,0.03440017255105271,0.39,-0.023303341150962564,0.21169017136137952,99,0.02188004023994573,0.32,-0.04992994168158238,0.032245943651299444,99,0.04166663064562892,0.56,-0.04874793072821228,0.0,99,0.012894959516592766,0.61,-0.01782803403401076,0.0002730393755408505,99,0.008167759126670088,0.6538461538461539,0.026007288918698693,0.12730148409405798,25,-0.04182457293703673,0.4230769230769231,-0.007054076131412317,0.037623825818924844,25,0.013616315891344849,0.13897399363643448,0.16636249604915543,0.27512471317357184,0.7130198306224835,0.17919758251261925,0.6373016956239536,-0.056691646953960416,0.021926690841585224,0.542138078284101,0.8189087362019264,0.542138078284101,0.8189087362019264,0.5375320062542586,0.8229603685904741,-0.028809674868573363,0.02631944337788555,-0.027918506426073346,0.009106198593514539,-0.025209697243492486,0.023434747975986527,0.13613659436050196,0.2986481553197147,-0.011528037937077625,0.03306328666518238,-0.16947406635517992,0.0009978167004818014,-0.016947145510462502,0.011669323768521915,-0.06570867933397773,0.052413055830397945,-0.1408454068710006,0.08553706619855365,-0.07435043190746106,0.011503373849626049,0.7495431263947999,0.7495431263947999,0.7412798153588465,0.7561053661547325,0.7398828514874592,0.006562239759932531
York_2015,A_authoritative,A_terrain_first,R5_+sar_event,15,0.04750462107208873,0.49941268486571355,0.3786765296865001,0.3701916927451266,0.4612035032211986,-0.004268978235676234,-0.00848483694137353,-0.013656070222314881,-0.03820918164451498,-0.059754004244533476,-0.19170085026435862,0.7588481842608242,0.11753347903277764,5,0.7588481842608242,0.11753347903277764,0.737561749989779,0.10475664027119609,0.7426726363962148,0.11631401304298113,0.7328872912177202,0.10411522080061894,0.6226999575280996,0.25767444854544225,0.004556360061485286,0.25596253239101124,-0.021286434271045263,-0.016175547864609396,-0.025960893043104005,-0.13614822673272464,fold_mean_null,0.42,-0.01218382464378228,0.03558050032213539,99,0.007914846408106045,0.44,-0.029181545275440274,0.05830872515107203,99,0.03373790533692556,0.43,-0.02070249020103496,0.22116662321879157,99,0.01221765325966143,0.36,-0.05815354632587029,0.0315338193566798,99,0.03686711205482503,0.53,-0.05919280415537701,3.0681594819235635e-05,99,0.020983622510862034,0.7,-0.020348965078616308,0.0,99,0.004173417214006912,0.7692307692307693,0.019099802335183352,0.12471558297475374,25,-0.07885380657971683,0.5384615384615384,-0.01691094751473277,0.03307231609216479,25,-0.009049945528371236,0.13180798385518064,0.1528792638024324,0.24865182826712376,0.6930484355607293,0.14949487087850433,0.5932097087751379,-0.09772815583872106,-0.010035881738937795,0.5571220005985291,0.8253972832267107,0.5571220005985291,0.8253972832267107,0.5491136983816307,0.8183889959189845,-0.03295404197579225,0.011745278179608661,-0.04479578673470615,-6.49330342510815e-05,-0.02687576892669474,0.02272058167775222,0.144617721277627,0.3066974379870343,-0.049892448226657206,0.0221409278996143,-0.20016047544374332,-0.015319017337206395,-0.01880149508955714,0.011570596623563514,-0.058956288618542005,0.04151811708269268,-0.11806660383715821,0.06110690619684119,-0.07895500566879353,0.019150927439346415,0.7588481842608242,0.7588481842608242,0.737561749989779,0.7328872912177202,0.7426726363962148,-0.025960893043104005
York_2015,A_authoritative,B_surface_first,R0_none,0,0.04750462107208873,0.03233046232730408,0.032974565063862336,0.030143649193726557,0.03233046232730408,-0.024801271248770303,-0.0028309158701357792,-0.002927447167222373,0.0,-0.0012321748023008082,-0.0004916097519505336,0.10899430100877647,0.08895948935666119,5,0.10899430100877647,0.08895948935666119,0.09055617306076441,0.07918017208926337,0.10899430100877647,0.08895948935666119,0.12466056928136063,0.11868011364732356,0.1331394701468867,0.08819204924326049,-0.01890691199945203,0.3889916605598265,-0.018438127948012056,0.0,0.01566626827258416,0.02414516913811024,fold_mean_null,0.82,-0.014040187286187365,0.018106117669534818,99,-0.010761083962582938,0.5,-0.03659335022095482,0.008181940229534893,99,0.01768643822150279,0.65,0.0031012749343578183,0.022988528081832642,99,-0.005932190804493597,0.94,0.017283066426964477,0.08524129086544727,99,-0.035721194374976534,1.0,0.003959193035014439,0.012047662611567917,99,-0.003959193035014439,0.56,0.0006327686107433102,0.005808192277342253,99,-0.0006327686107433102,0.9230769230769231,0.016819346304104883,0.06034197132939133,25,-0.01805152110640569,0.5769230769230769,0.033909076785399686,0.1159773051690781,25,-0.018242808512815525,0.045467396900100474,-0.04009087081644849,0.018394243243995332,0.05273340863293691,0.019399924106774366,0.05315030285259684,-0.007124655066070766,0.0014463506370513742,0.04764680321274814,0.13983490465935564,0.04764680321274814,0.13983490465935564,0.04381557303117848,0.13424908446675862,-0.026022003049719085,0.015143125896459362,0.0,0.0,-0.026518297580882956,-0.004200155004855613,0.20661287418983604,0.45968234895893534,-0.0067717308988396,0.030660081695623884,-0.0011730610257301242,0.04030254889469997,-0.0482462098906381,-0.005945062005440744,-0.009202988639598099,-0.0004918631964766142,-0.00968446438340423,-0.000506853146512236,0.0,0.0,0.10899430100877647,0.10899430100877647,0.09055617306076441,0.12466056928136063,0.10899430100877647,0.01566626827258416
York_2015,A_authoritative,B_surface_first,R1_+surface,3,0.04750462107208873,0.06329501489312453,0.03517021418335168,0.03048471016653452,0.062389893842350545,-0.03169560261350477,-0.004685504016817159,-0.004856301169072292,-0.000905121050773984,-0.01654185561495284,-0.0005209688985200467,0.18860578328013902,0.13184739104237506,5,0.09696548295392746,0.06384020816828345,0.09341087552671984,0.06480787358328427,0.17391766102729495,0.1272748577823091,0.19556389171039387,0.17673015833978473,0.18988029175987522,0.1318511983824301,-0.021552618914016716,0.4042000225312833,-0.003554607427207618,-0.014688122252844077,0.00695810843025485,0.0012745084797362027,fold_mean_null,0.94,-0.009256252817054503,0.02472424300811678,99,-0.022439349796450268,0.5,-0.03298503876147924,0.020596281560549986,99,0.011432419847462526,0.96,0.011203191400219066,0.057700255229806444,99,-0.015888695417036226,0.82,0.039576364083468214,0.13815810915014942,99,-0.04313097151067583,0.53,0.00037303556323030194,0.013331433855311967,99,-0.001278156614004286,0.9,-0.004006693370283312,0.006788744939456303,99,-0.010681428882560764,0.8461538461538461,0.004124166874389362,0.05090933548973175,25,-0.0206660224893422,0.46153846153846156,-0.002823972927182644,0.05953775456848126,25,0.009782081357437494,0.028284065339401875,-0.047762262346030905,0.02986227308745402,0.10492227953095162,0.01895974895699717,0.05881668103124941,-0.03544728356084995,-0.0012228783253601077,0.10060619796058401,0.2534753498999613,0.05454328440716369,0.12424872649655827,0.05286526574171371,0.13856432280370273,-0.013196462219274497,0.041648921591883076,-0.05204186057739808,0.023903967041125778,-0.03481406424853111,-0.012405766643784106,0.2011740232669508,0.48804760123217994,-0.1257538112316256,0.04023480949145098,-0.003026467933643739,0.0030703417817574425,-0.048874973483075033,-0.017792661971878884,-0.01955117212771114,0.00011419961138618305,-0.020720004015515787,0.00011693469781435772,-0.01953520983741968,0.023451703382162698,0.18860578328013902,0.09696548295392746,0.09341087552671984,0.19556389171039387,0.17391766102729495,0.00695810843025485
York_2015,A_authoritative,B_surface_first,R2_+forcing,7,0.04750462107208873,0.08413066832201874,0.04302230712219422,0.030148411655614347,0.0816161626112515,-0.03891243248580971,-0.012873895466579875,-0.013452659933865055,-0.002514505710767237,-0.03654211759712352,-0.001554635532701673,0.25104042199133286,0.15713622576063366,5,0.25104042199133286,0.15713622576063366,0.16519932725989556,0.16435503236298735,0.2337443057636961,0.1554444463726241,0.16314482914023748,0.12982422409018168,0.25040340357065877,0.16059284336574958,-0.022635238798128343,0.3963849970092347,-0.0858410947314373,-0.01729611622763677,-0.08789559285109538,-0.0006370184206740959,fold_mean_null,0.81,-0.02061538876891219,0.020866800409645857,99,-0.01829704371689752,0.48,-0.04011512199531446,0.020971891448622156,99,0.017479883197186116,0.97,0.0029374822380615405,0.06604984474283075,99,-0.015811377704641416,0.51,-0.07730833646565499,-0.0003772764025804724,99,-0.008532758265782314,0.14,-0.01476512656506109,0.0,99,0.012250620854293853,0.95,-0.009145926925912881,0.00017990621545943086,99,-0.00815018930172389,0.8846153846153846,-0.0019135141941579792,0.060719939001297824,25,-0.034628603402965544,1.0,-0.00902370700564009,0.08163020049871673,25,-0.07887188584545529,0.04409824622292373,-0.011392815468718889,0.03593190427449507,0.14456696821374643,0.019847564552158463,0.08888126862211754,-0.06938350064221281,-0.008930688433541648,0.12705152949208287,0.3084523826535211,0.12705152949208287,0.3084523826535211,0.05314102668717426,0.2338578047072817,-0.17747610183702742,0.018319917923730628,-0.03258645317613428,0.012248191522345027,-0.03787292709786085,-0.011694231782674558,0.19717179387587647,0.4793983760328856,-0.11264744825068723,-0.019911049012493354,-0.011474043981897337,0.015961983358728497,-0.05845768177793112,-0.020543013652167156,-0.05493042391833865,-0.0003190697026007131,-0.06005733212008115,-0.00032710026437791315,-0.025473212646932596,0.016975677391763144,0.25104042199133286,0.25104042199133286,0.16519932725989556,0.16314482914023748,0.2337443057636961,-0.08789559285109538
York_2015,A_authoritative,B_surface_first,R3_+terrain,10,0.04750462107208873,0.6306948033795259,0.5821811684297985,0.5337344980410625,0.6092965476921507,-0.004658869252946163,-0.04844667038873596,-0.1159513806657994,-0.02139825568737519,-0.05683910295583705,-0.1677480328380162,0.7188594484359535,0.16617742769202665,5,0.7188594484359535,0.16617742769202665,0.6776674544556526,0.1590673284666322,0.7065615025491738,0.18020494648590732,0.7222965024234057,0.11025987519796107,0.6006499819554101,0.1871854187782012,-0.00451990367946697,0.20429714446675504,-0.041191993980300934,-0.012297945886779682,0.003437053987452199,-0.11820946648054342,fold_mean_null,0.32,-0.01242194894142178,0.01978658040782803,99,0.007763079688475617,0.32,-0.04668173832587771,0.02143396679241865,99,0.04216183464641074,0.34,-0.10282190222542582,0.06278612695393387,99,0.054375231836689866,0.48,-0.056986576394625114,0.01678315244125572,99,0.01579458241432418,0.47,-0.05868138017436073,0.0,99,0.03728312448698554,0.65,-0.025541119019420456,1.049069137244392e-05,99,0.013243173132640774,0.5769230769230769,-0.03890566316200664,0.05528722026408039,25,-0.017933439793830414,0.4230769230769231,-0.0024675535500555366,0.044642593941898304,25,0.0059046075375077355,0.20637505608049098,0.056180377844659755,0.3462303904920107,0.7767937682556261,0.3071710791050163,0.7458479748538135,-0.10874968932223435,0.0020510592802593375,0.5114713185935778,0.7921028897712792,0.5114713185935778,0.7921028897712792,0.46834088792173334,0.7697509036852136,-0.07281539627952746,0.008818220899051125,-0.027720038533786875,0.003927049665122252,-0.023449381914917806,0.017017940144964282,0.13739811016945366,0.2565299459490991,-0.05954317271185971,0.049716365378760986,-0.17618702961481225,-0.012553481330713823,-0.01762215863615885,0.01068130177727975,-0.0977076806370812,0.012896525916890656,-0.2785301619591584,0.023975878567787844,-0.043028052490685205,0.0030278745110358697,0.7188594484359535,0.7188594484359535,0.6776674544556526,0.7222965024234057,0.7065615025491738,0.003437053987452199
York_2015,A_authoritative,B_surface_first,R4_+hydrography,14,0.04750462107208873,0.5232680928909726,0.4200616085300108,0.41863830761899395,0.48741512167935314,-0.003430131639055527,-0.0014233009110168338,-0.00245422777997012,-0.03585297121161951,-0.01581728401833804,-0.12520137804071008,0.7495431263947999,0.130234094710138,5,0.7495431263947999,0.130234094710138,0.7412798153588465,0.11650194664188382,0.7398828514874592,0.11941016053124069,0.7561053661547325,0.10676052955272125,0.63756108660333,0.23936251600881958,0.003907789523056444,0.24752956758978897,-0.008263311035953458,-0.009660274907340671,0.006562239759932531,-0.11198203979146992,fold_mean_null,0.4,-0.009114733495203767,0.031053947802611278,99,0.00568460185614824,0.41,-0.03049238302799627,0.05508111954550127,99,0.03440017255105271,0.39,-0.023303341150962564,0.21169017136137952,99,0.02188004023994573,0.32,-0.04992994168158238,0.032245943651299444,99,0.04166663064562892,0.56,-0.04874793072821228,0.0,99,0.012894959516592766,0.61,-0.01782803403401076,0.0002730393755408505,99,0.008167759126670088,0.6538461538461539,0.026007288918698693,0.12730148409405798,25,-0.04182457293703673,0.4230769230769231,-0.007054076131412317,0.037623825818924844,25,0.013616315891344849,0.13897399363643448,0.16636249604915543,0.27512471317357184,0.7130198306224835,0.17919758251261925,0.6373016956239536,-0.056691646953960416,0.021926690841585224,0.542138078284101,0.8189087362019264,0.542138078284101,0.8189087362019264,0.5375320062542586,0.8229603685904741,-0.028809674868573363,0.02631944337788555,-0.027918506426073346,0.009106198593514539,-0.025209697243492486,0.023434747975986527,0.13613659436050196,0.2986481553197147,-0.011528037937077625,0.03306328666518238,-0.16947406635517992,0.0009978167004818014,-0.016947145510462502,0.011669323768521915,-0.06570867933397773,0.052413055830397945,-0.1408454068710006,0.08553706619855365,-0.07435043190746106,0.011503373849626049,0.7495431263947999,0.7495431263947999,0.7412798153588465,0.7561053661547325,0.7398828514874592,0.006562239759932531
York_2015,A_authoritative,B_surface_first,R5_+sar_event,15,0.04750462107208873,0.49941268486571355,0.3786765296865001,0.3701916927451266,0.4612035032211986,-0.004268978235676234,-0.00848483694137353,-0.013656070222314881,-0.03820918164451498,-0.059754004244533476,-0.19170085026435862,0.7588481842608242,0.11753347903277764,5,0.7588481842608242,0.11753347903277764,0.737561749989779,0.10475664027119609,0.7426726363962148,0.11631401304298113,0.7328872912177202,0.10411522080061894,0.6226999575280996,0.25767444854544225,0.004556360061485286,0.25596253239101124,-0.021286434271045263,-0.016175547864609396,-0.025960893043104005,-0.13614822673272464,fold_mean_null,0.42,-0.01218382464378228,0.03558050032213539,99,0.007914846408106045,0.44,-0.029181545275440274,0.05830872515107203,99,0.03373790533692556,0.43,-0.02070249020103496,0.22116662321879157,99,0.01221765325966143,0.36,-0.05815354632587029,0.0315338193566798,99,0.03686711205482503,0.53,-0.05919280415537701,3.0681594819235635e-05,99,0.020983622510862034,0.7,-0.020348965078616308,0.0,99,0.004173417214006912,0.7692307692307693,0.019099802335183352,0.12471558297475374,25,-0.07885380657971683,0.5384615384615384,-0.01691094751473277,0.03307231609216479,25,-0.009049945528371236,0.13180798385518064,0.1528792638024324,0.24865182826712376,0.6930484355607293,0.14949487087850433,0.5932097087751379,-0.09772815583872106,-0.010035881738937795,0.5571220005985291,0.8253972832267107,0.5571220005985291,0.8253972832267107,0.5491136983816307,0.8183889959189845,-0.03295404197579225,0.011745278179608661,-0.04479578673470615,-6.49330342510815e-05,-0.02687576892669474,0.02272058167775222,0.144617721277627,0.3066974379870343,-0.049892448226657206,0.0221409278996143,-0.20016047544374332,-0.015319017337206395,-0.01880149508955714,0.011570596623563514,-0.058956288618542005,0.04151811708269268,-0.11806660383715821,0.06110690619684119,-0.07895500566879353,0.019150927439346415,0.7588481842608242,0.7588481842608242,0.737561749989779,0.7328872912177202,0.7426726363962148,-0.025960893043104005
Carlisle_2015,A_authoritative,A_terrain_first,R0_none,0,0.08796065293320977,0.05574514199150134,0.056086556496148694,0.048990609992508524,0.13165312769361548,0.13251864754763812,-0.00709594650364017,-0.007517581778790735,0.07590798570211414,-0.00039412779258531094,0.0,0.333027094939134,0.2144030589877552,5,0.333027094939134,0.2144030589877552,0.31929909456884087,0.1969071558634435,0.36106115342800127,0.2132089954005762,0.352905776228022,0.20205311973556045,0.333027094939134,0.2144030589877552,0.03670248386358102,0.7749577708569355,-0.013728000370293147,0.028034058488867253,0.019878681288887978,0.0,fold_mean_null,0.31,-0.021899919103021716,0.30602870484464784,99,0.15441856665065984,0.33,-0.00371605488183405,0.12913268460187163,99,0.04041853874541507,0.88,0.027833839002211154,0.12265388025113028,99,-0.034929785505851324,0.87,0.08737529716427751,0.23570821139073164,99,-0.10110329753457066,0.06,0.010659774974691894,0.07527810107423351,99,0.06524821072742225,0.25,0.029501218910348466,0.17742033027047333,99,-0.0014671604214812131,0.5,0.013244210623956573,0.08997054961589354,25,-0.013638338416541884,0.5,0.038847166938859395,0.14069931141999753,25,-0.018968485649971417,0.052155795148322616,-0.15158531443693996,0.025621354989465262,0.10067185085970955,0.02562374407233946,0.10074234371020589,-0.014336281955665194,0.018724306921086488,0.15862320804629867,0.4283565806281935,0.15862320804629867,0.4283565806281935,0.16728278936040114,0.3953223482511105,-0.10182407615099859,0.09737086454417898,-0.030579672199080428,0.21656894198546328,0.022287197821574525,0.08086308359762114,0.527189510381699,0.8845659767469023,-0.01687934720242108,0.09293593233706204,0.0,0.0,0.10464281913416867,0.16051275530238254,-0.022540071200712528,-0.0045690004392049816,-0.024475113157788157,-0.004830275961606437,0.017819343264445186,0.16280575690571758,0.333027094939134,0.333027094939134,0.31929909456884087,0.352905776228022,0.36106115342800127,0.019878681288887978
Carlisle_2015,A_authoritative,A_terrain_first,R1_+terrain,3,0.08796065293320977,0.18304745943509543,0.1458963454541843,0.1055857544054697,0.3082946980714857,-0.04227813397462207,-0.04031059104871461,-0.047196368771130544,0.12524723863639026,-0.050504113552893304,0.008976791045158916,0.6637937138129788,0.315035595644628,5,0.6637937138129788,0.315035595644628,0.6269220802724143,0.28423219077516576,0.6592355172895388,0.30403321331759825,0.6579528196643208,0.3049873538756463,0.6592046420067141,0.3099757144608921,0.11783898100650274,1.0193612679303183,-0.03687163354056455,-0.004558196523440028,-0.00584089414865796,-0.004589071806264666,fold_mean_null,0.45,-0.2272930892212829,0.2973400986935204,99,0.18501495524666084,0.24,0.022558924434217757,0.3708944500204588,99,0.09528005657228499,0.66,-0.007265410624038906,0.17509214967119788,99,-0.033045180424675705,0.41,-0.050027381820169206,0.036788282649810815,99,0.013155748279604654,0.01,4.795894903968188e-06,0.03367908252416505,99,0.1252424427414863,0.75,0.0014079235914274666,0.042705183783832805,99,-0.005966120114867494,1.0,0.016534822496545552,0.1987187558750825,25,-0.06703893604943886,0.6153846153846154,0.0007094496433732989,0.0760974698632149,25,-0.006550343792031259,0.09347035204284233,0.03912998899814299,0.07581027900342505,0.35151596842373545,0.061532806968093094,0.26552119930401025,-0.13244076668443847,0.002972585051865439,0.42758522499372803,0.8459089755399404,0.42758522499372803,0.8459089755399404,0.4614708632477886,0.807246431846426,-0.07077981893826912,0.04564125774365928,-0.037415295423628626,0.0663484067901101,-0.07984661528285296,0.29381836277559414,0.5174300507209313,1.2360536610822224,-0.021931660218915624,0.0337783533794302,-0.01742229409315254,0.014322200748122427,-0.10736963519609055,0.025867257827744253,-0.0954352149373776,0.002160485583002378,-0.12309563017306765,0.0024477623754893007,0.007041844661047223,0.28363452362835745,0.6637937138129788,0.6637937138129788,0.6269220802724143,0.6579528196643208,0.6592355172895388,-0.00584089414865796
Carlisle_2015,A_authoritative,A_terrain_first,R2_+surface,6,0.08796065293320977,0.173506981140349,0.12912091320101451,0.09974718372715932,0.26962716732373604,-0.02842114312215202,-0.029373729473855192,-0.03372882633089934,0.09612018618338705,-0.038553760302513146,0.013710342551641969,0.6733494737710408,0.31758425374566845,5,0.6733494737710408,0.31758425374566845,0.5979507861009538,0.27244824886113234,0.6606582386195271,0.3036983582049356,0.67146630378477,0.30802006058229203,0.6697699630074948,0.31290566499605454,0.11286967808066714,1.0216041566562661,-0.07539868767008706,-0.012691235151513713,-0.0018831699862708051,-0.003579510763546012,fold_mean_null,0.48,-0.17433066922200918,0.2802509405175356,99,0.14590952609985716,0.28,0.03478034724420245,0.3585657516648037,99,0.07808933083646469,0.71,0.0043026981068508005,0.14398668385513017,99,-0.03367642758070599,0.65,-0.05370048986860207,0.052093588113477356,99,-0.021698197801484992,0.01,-0.002318338051099849,0.024614840371482486,99,0.0984385242344869,0.83,-0.0012983755223234367,0.03055971182000248,99,-0.011392859629190276,1.0,0.0199290885960645,0.1147886027869799,25,-0.05848284889857765,0.46153846153846156,-0.003582771227063586,0.0668381473216736,25,0.001699601240792781,0.07643795331848773,-0.06642633658663104,0.07194439989957767,0.3368438195597069,0.054421549653742206,0.23902506066587298,-0.11133332895541434,0.017690347459087225,0.4298944520158242,0.847691143853023,0.4298944520158242,0.847691143853023,0.395780178510362,0.7326460191940947,-0.19043826685533763,0.02191520329010031,-0.040775980484439596,0.04118012975770878,-0.08438125958707728,0.26420918722073655,0.5310286464472329,1.2354735872107483,-0.02063763427555437,0.03937043221324011,-0.016380190344072468,0.014303041562081268,-0.09259430226269098,0.03295796100847365,-0.06535752223869112,0.00635646164650577,-0.08042612885756444,0.00736552718143799,0.00547368188171043,0.22511642831723103,0.6733494737710408,0.6733494737710408,0.5979507861009538,0.67146630378477,0.6606582386195271,-0.0018831699862708051
Carlisle_2015,A_authoritative,A_terrain_first,R3_+hydrography,10,0.08796065293320977,0.7412285711507623,0.41893354219769585,0.6352117353057879,0.7190987499231143,-0.062188597254099164,0.21627819310809204,0.3722090480426186,-0.02212982122764806,-0.0279310271713189,-0.4461895506624719,0.8781674089585099,0.08122065133004229,5,0.8781674089585099,0.08122065133004229,0.8227125132246101,0.10796491497216013,0.8169135268582977,0.111140820991503,0.9031147718820792,0.05848565017103977,0.7246769111355309,0.31491401604752,-0.07644139175295475,0.5437351099001203,-0.05545489573389972,-0.06125388210021221,0.02494736292356936,-0.15349049782297897,fold_mean_null,0.51,-0.1361185092797294,0.06066569992000328,99,0.07392991202563023,0.57,-0.07288164749042124,0.12376059596107578,99,-0.0035597442625335124,0.15,-0.0005549285904169466,0.23910741668662244,99,0.216833121698509,0.54,-0.0629314489775919,0.006188342771206578,99,0.0074765532436921744,0.42,-0.16092590457216452,0.0001208726262528368,99,0.13879608334451646,0.59,-0.052901306479743754,0.004844267624632014,99,-0.008352575620468455,0.6153846153846154,-0.026808325794658163,0.017488588634828196,25,-0.0011227013766607376,0.038461538461538464,-0.0025668582046228395,0.01821856098220972,25,0.0275142211281922,-0.006546835394145153,0.061367431980052296,0.509903926042693,0.8979942312120375,0.15135429446172535,0.6778464185276676,-0.07699870665906075,0.03132601377105098,0.6415135834757195,0.9458816715847476,0.6415135834757195,0.9458816715847476,0.5832204568045214,0.9390193405239803,-0.0976886396191217,-0.0013113911181746503,-0.08468086684798462,0.0002392770464335316,-0.4712718170012124,0.1695984099258978,0.2993508737312386,0.8297847452006584,0.0025453641584304776,0.08688436288716236,-0.25289748127694434,-0.008398695412982918,-0.1561768855174134,0.005835488195500485,0.024570296822490283,0.46523581603538183,0.06198155849783683,0.634021508104906,-0.055979684258105844,0.039939135758466415,0.8781674089585099,0.8781674089585099,0.8227125132246101,0.9031147718820792,0.8169135268582977,0.02494736292356936
Carlisle_2015,A_authoritative,A_terrain_first,R4_+forcing,14,0.08796065293320977,0.7387535833113248,0.4044735478695612,0.6325519447030067,0.7397640839598507,-0.059053456081984215,0.2280783968334455,0.3829861730197154,0.001010500648525925,0.012366380276496058,-0.4485760833928431,0.8820834399695163,0.07845308577529056,5,0.8820834399695163,0.07845308577529056,0.8332390028588021,0.09942092591935923,0.8298748516456513,0.10635456046638345,0.903462583589025,0.06269986383740948,0.7135323601884591,0.3101194635213347,-0.08132225179292166,0.5471782479822839,-0.04884443711071418,-0.05220858832386499,0.021379143619508656,-0.1685510797810572,fold_mean_null,0.47,-0.14174650273538195,0.061369667601737815,99,0.08269304665339773,0.59,-0.07763182651524321,0.11889918261570195,99,-0.003690425277678447,0.07,0.0013013920992769581,0.24667404193807396,99,0.22677700473416854,0.55,-0.06089210043699508,0.0052614927196991245,99,0.012047663326280898,0.06,-0.131116760234928,0.00023779932369452953,99,0.13212726088345392,0.67,-0.042181229218932505,0.004423657636764144,99,-0.010027359104932486,0.15384615384615385,-0.01570741524968723,0.015958326865247917,25,0.02807379552618329,0.038461538461538464,-0.006258585056667338,0.011252056557193673,25,0.027637728676175994,-0.006744466343987294,0.10217108880352639,0.4946266198781528,0.8990983219742928,0.13918039091884038,0.6707685665268945,-0.006521774456426893,0.042569578592550394,0.6724928676842777,0.9462244212219415,0.6724928676842777,0.9462244212219415,0.6305940636674784,0.940356856086129,-0.08799658387506105,-0.0012419737034603813,-0.06858549568644495,-0.002174462179995985,-0.4932967379014489,0.1770570278660375,0.29661394202911107,0.8657230751972218,0.000729942133477052,0.06161020911597381,-0.27645330688643777,-0.008295285851320793,-0.15590901110481498,0.012713410395025769,0.0381803479665904,0.46901215579333994,0.08819475794386754,0.6302178719726045,-0.027515695555598844,0.07008425980301924,0.8820834399695163,0.8820834399695163,0.8332390028588021,0.903462583589025,0.8298748516456513,0.021379143619508656
Carlisle_2015,A_authoritative,A_terrain_first,R5_+sar_event,15,0.08796065293320977,0.7362484139652412,0.4090718380278484,0.6109946840661872,0.7436331766408478,-0.07416498168172032,0.20192284603833877,0.34170455739399114,0.007384762675606615,0.034274641523206584,-0.42310865491444927,0.8854847092501428,0.07504825234550656,5,0.8854847092501428,0.07504825234550656,0.8421916361322086,0.09488000731567546,0.8322877200505854,0.0997883495186332,0.9096393896473224,0.05762102878723978,0.7273101382072941,0.3114147770888268,-0.07305698428987276,0.541349881331684,-0.04329307311793418,-0.0531969891995574,0.024154680397179606,-0.1581745710428487,fold_mean_null,0.55,-0.16237798712589524,0.06681737524103445,99,0.08821300544417492,0.51,-0.08094403067580189,0.12956897098284575,99,0.00788704638592913,0.19,0.00833725516408408,0.28533510797336165,99,0.1935855908742547,0.66,-0.054172269378895715,0.005539998791607922,99,0.010879196260961538,0.05,-0.1636188931207437,0.0014614411903197894,99,0.17100365579635032,0.56,-0.05660228439509141,0.004103592086836414,99,0.0034052951955340083,0.15384615384615385,0.0023038374191086362,0.037500073848497205,25,0.031970804104097944,0.038461538461538464,-0.0013949847200464527,0.01849678170013246,25,0.025549665117226058,0.014569221603092496,0.09500212757373715,0.4892995191923451,0.8964792934757585,0.13835225325732975,0.6800860334098726,0.00032709763333343186,0.09346484780998407,0.6734998190150007,0.947361501545691,0.6734998190150007,0.947361501545691,0.6351048585796092,0.9442438043905041,-0.08101516313462477,-0.000826688973788367,-0.07792378489690788,0.0019081981905377798,-0.47099784773159425,0.17814420956187185,0.30019010573826926,0.8384865160735925,0.005771581984878408,0.07194607290716995,-0.2624888303329869,-0.016344930477459996,-0.17269397069002346,-0.0018355874378123975,0.020651087241478124,0.4471163596407254,0.05045789694557334,0.6228965521302696,-0.025665029655676772,0.08100563632809335,0.8854847092501428,0.8854847092501428,0.8421916361322086,0.9096393896473224,0.8322877200505854,0.024154680397179606
Carlisle_2015,A_authoritative,B_surface_first,R0_none,0,0.08796065293320977,0.05574514199150134,0.056086556496148694,0.048990609992508524,0.13165312769361548,0.13251864754763812,-0.00709594650364017,-0.007517581778790735,0.07590798570211414,-0.00039412779258531094,0.0,0.333027094939134,0.2144030589877552,5,0.333027094939134,0.2144030589877552,0.31929909456884087,0.1969071558634435,0.36106115342800127,0.2132089954005762,0.352905776228022,0.20205311973556045,0.333027094939134,0.2144030589877552,0.03670248386358102,0.7749577708569355,-0.013728000370293147,0.028034058488867253,0.019878681288887978,0.0,fold_mean_null,0.31,-0.021899919103021716,0.30602870484464784,99,0.15441856665065984,0.33,-0.00371605488183405,0.12913268460187163,99,0.04041853874541507,0.88,0.027833839002211154,0.12265388025113028,99,-0.034929785505851324,0.87,0.08737529716427751,0.23570821139073164,99,-0.10110329753457066,0.06,0.010659774974691894,0.07527810107423351,99,0.06524821072742225,0.25,0.029501218910348466,0.17742033027047333,99,-0.0014671604214812131,0.5,0.013244210623956573,0.08997054961589354,25,-0.013638338416541884,0.5,0.038847166938859395,0.14069931141999753,25,-0.018968485649971417,0.052155795148322616,-0.15158531443693996,0.025621354989465262,0.10067185085970955,0.02562374407233946,0.10074234371020589,-0.014336281955665194,0.018724306921086488,0.15862320804629867,0.4283565806281935,0.15862320804629867,0.4283565806281935,0.16728278936040114,0.3953223482511105,-0.10182407615099859,0.09737086454417898,-0.030579672199080428,0.21656894198546328,0.022287197821574525,0.08086308359762114,0.527189510381699,0.8845659767469023,-0.01687934720242108,0.09293593233706204,0.0,0.0,0.10464281913416867,0.16051275530238254,-0.022540071200712528,-0.0045690004392049816,-0.024475113157788157,-0.004830275961606437,0.017819343264445186,0.16280575690571758,0.333027094939134,0.333027094939134,0.31929909456884087,0.352905776228022,0.36106115342800127,0.019878681288887978
Carlisle_2015,A_authoritative,B_surface_first,R1_+surface,3,0.08796065293320977,0.05536866529825754,0.05403119691687952,0.050257585521338154,0.21311994485880942,0.12123646525458051,-0.0037736113955413667,-0.003989149941565025,0.15775127956055188,0.006747853958445252,-0.00017465322159280344,0.4000538383468563,0.20773305554836835,5,0.31164223928502977,0.23414978208182707,0.28798117441211013,0.203720172443446,0.4108943669636811,0.2105756556008199,0.4437107258689812,0.22401451552203777,0.40313342770193505,0.20905516175017833,0.026363101152553775,0.9412884671734771,-0.023661064872919635,0.010840528616824774,0.043656887522124876,0.003079589355078738,fold_mean_null,0.25,0.06047063149914779,0.37778051368676446,99,0.06076583375543272,0.35,0.0250932967778421,0.23716479887752,99,0.0012698043747116743,0.85,0.013295165293938087,0.08420800227685944,99,-0.017068776689479453,0.93,0.02026326932415344,0.09811029474020257,99,-0.043924334197073076,0.01,0.011372829847093074,0.10329016077027804,99,0.1463784497134588,0.3,0.013337955815972692,0.1412933345268254,99,-0.0024974271991479186,0.34615384615384615,0.014701213873198688,0.08093651015837983,25,-0.007953359914753436,0.3076923076923077,-0.003342805818841741,0.09364879429125164,25,0.04699969334096662,0.0013490066212376662,-0.06381032757072513,0.022508187814274487,0.1040259822059773,0.02268506156365923,0.10079215246359238,-0.0039341726696505664,0.03277374616930021,0.2430696734346992,0.5115872291781952,0.13674023779404018,0.4240557380683636,0.1329394278674053,0.4245238245861438,-0.03332314504802947,0.0286990627157445,-0.010693044958240645,0.15684984968934132,-0.02555621655505749,0.09396434900198714,0.6401687287584465,1.093047616521685,-0.0020542454625552143,0.1642785280403573,-0.007510329633448887,0.008654170832770626,0.089173998532561,0.15299966631076348,-0.015415913691165224,-0.0010282906866299333,-0.0168628711777454,-0.001059957486614127,0.034737635458344095,0.28269133722310885,0.4000538383468563,0.31164223928502977,0.28798117441211013,0.4437107258689812,0.4108943669636811,0.043656887522124876
Carlisle_2015,A_authoritative,B_surface_first,R2_+forcing,7,0.08796065293320977,0.06102309551203499,0.05677432833434112,0.04793668610676339,0.08018261898000545,-0.05021734692558211,-0.008837642227577734,-0.009369594671836259,0.01915952346797046,0.061272425618741376,0.0004191294847878668,0.4146869731850977,0.21099214364381805,5,0.3003223792542388,0.21615640146833143,0.3226632218576992,0.20558832423583262,0.3904759423996046,0.2024186058287216,0.534997058830786,0.16157875993229084,0.41217563714041355,0.19862966794695602,-0.034287163740317296,1.0849252958069793,0.022340842603460365,-0.024211030785493082,0.12031008564568829,-0.0025113360446841204,fold_mean_null,0.7,0.034686906266062224,0.37655103153174324,99,-0.08490425319164432,0.59,0.0010841652823274314,0.29406354703421633,99,-0.035371329022644726,1.0,0.009002299869283687,0.07495060663733917,99,-0.01783994209686142,0.57,0.029977756393646943,0.10105529459714992,99,-0.007636913790186578,0.14,0.013568436888759514,0.10731933434689049,99,0.005591086579210945,0.97,0.022368732622134842,0.13474740742244423,99,-0.04657976340762793,0.5769230769230769,0.08474335854420133,0.22146806315347053,25,-0.02347093292545995,0.3076923076923077,0.06970443649857938,0.19287001770726173,25,0.05060564914710891,-0.03260254799049104,-0.010914903612390328,0.022899756293486118,0.1208125546445498,0.02194992375788838,0.11519205161647346,-0.0021646898157077375,0.18145780981258322,0.24997948345138013,0.5018283617505367,0.131171493113336,0.4661654676723066,0.16804987114185913,0.4779235534415057,-0.04966166605109732,0.08410169704344965,-0.03759895493025686,0.07997085767923513,-0.16791394961692266,0.07325346728194544,0.6184777324539084,1.2925597967395874,0.07742931034250161,0.22834437752814235,-0.013740873766652364,0.020580732041326058,-0.10261936263913046,0.0013284867068083053,-0.04782924910024971,-0.0005339737449086392,-0.05325524948645913,-0.0005463073253059815,-0.02294599609065759,0.0534513508540385,0.4146869731850977,0.3003223792542388,0.3226632218576992,0.534997058830786,0.3904759423996046,0.12031008564568829
Carlisle_2015,A_authoritative,B_surface_first,R3_+terrain,10,0.08796065293320977,0.5819679551979192,0.22681040598675603,0.47027091774306506,0.5885816582576318,-0.03918333577188803,0.24346051175630903,0.3148781536138196,0.006613703059712539,-0.10652794402383065,-0.23952898634969144,0.8153461616320208,0.23748699361638262,5,0.8153461616320208,0.23748699361638262,0.7967099306097515,0.1809681453518603,0.7731839278509094,0.23834304209476453,0.8577325426810642,0.15817767737734226,0.7391800381895525,0.3169876888574039,0.0718837455364322,0.6915821975801333,-0.0186362310222693,-0.04216223378111139,0.042386381049043464,-0.07616612344246831,fold_mean_null,0.49,-0.23362178305202316,0.10908430943136205,99,0.19443844728013512,0.32,-0.020367609329508783,0.2778331180103734,99,0.092251354865941,0.15,0.031371835027621545,0.4413100127088302,99,0.21208867672868748,0.27,-0.036536325526221415,0.0406579700581544,99,0.017900094503952114,0.09,-0.11311697485304906,0.009475947002749924,99,0.1197306779127616,0.73,-0.018492495959334977,0.0051795874688929005,99,-0.023669737821776414,0.6923076923076923,-0.040572009818727765,0.10863150698653495,25,-0.06595593420510287,0.23076923076923078,0.01211004758784079,0.06602883763089337,25,0.030276333461202676,0.13339174314887114,0.09693865376510996,0.28959210544877395,0.8007628955831592,0.09048960437366,0.4743779352754622,-0.2785859324992801,0.071780680473822,0.6454716785609768,0.9332055375351463,0.6454716785609768,0.9332055375351463,0.6526661133735125,0.9020067377656292,-0.04093159019698121,0.05211609290877997,-0.06522683870317836,-0.0019039982575724333,-0.19695618996850403,0.23857236756806455,0.35185641327095696,0.9232340130241012,0.0024821993897119563,0.10575283525454918,-0.12624794495140612,-0.017710055545861875,-0.10558245464932915,0.022795828658230127,0.03428541385942221,0.48655798283448487,0.041334615679160164,0.5933996684593279,-0.0489951990164597,0.08676723768590408,0.8153461616320208,0.8153461616320208,0.7967099306097515,0.8577325426810642,0.7731839278509094,0.042386381049043464
Carlisle_2015,A_authoritative,B_surface_first,R4_+hydrography,14,0.08796065293320977,0.7387535833113248,0.4044735478695612,0.6325519447030067,0.7397640839598507,-0.059053456081984215,0.2280783968334455,0.3829861730197154,0.001010500648525925,0.012366380276496058,-0.4485760833928431,0.8820834399695163,0.07845308577529056,5,0.8820834399695163,0.07845308577529056,0.8332390028588021,0.09942092591935923,0.8298748516456513,0.10635456046638345,0.903462583589025,0.06269986383740948,0.7135323601884591,0.3101194635213347,-0.08132225179292166,0.5471782479822839,-0.04884443711071418,-0.05220858832386499,0.021379143619508656,-0.1685510797810572,fold_mean_null,0.47,-0.14174650273538195,0.061369667601737815,99,0.08269304665339773,0.59,-0.07763182651524321,0.11889918261570195,99,-0.003690425277678447,0.07,0.0013013920992769581,0.24667404193807396,99,0.22677700473416854,0.55,-0.06089210043699508,0.0052614927196991245,99,0.012047663326280898,0.06,-0.131116760234928,0.00023779932369452953,99,0.13212726088345392,0.67,-0.042181229218932505,0.004423657636764144,99,-0.010027359104932486,0.15384615384615385,-0.01570741524968723,0.015958326865247917,25,0.02807379552618329,0.038461538461538464,-0.006258585056667338,0.011252056557193673,25,0.027637728676175994,-0.006744466343987294,0.10217108880352639,0.4946266198781528,0.8990983219742928,0.13918039091884038,0.6707685665268945,-0.006521774456426893,0.042569578592550394,0.6724928676842777,0.9462244212219415,0.6724928676842777,0.9462244212219415,0.6305940636674784,0.940356856086129,-0.08799658387506105,-0.0012419737034603813,-0.06858549568644495,-0.002174462179995985,-0.4932967379014489,0.1770570278660375,0.29661394202911107,0.8657230751972218,0.000729942133477052,0.06161020911597381,-0.27645330688643777,-0.008295285851320793,-0.15590901110481498,0.012713410395025769,0.0381803479665904,0.46901215579333994,0.08819475794386754,0.6302178719726045,-0.027515695555598844,0.07008425980301924,0.8820834399695163,0.8820834399695163,0.8332390028588021,0.903462583589025,0.8298748516456513,0.021379143619508656
Carlisle_2015,A_authoritative,B_surface_first,R5_+sar_event,15,0.08796065293320977,0.7362484139652412,0.4090718380278484,0.6109946840661872,0.7436331766408478,-0.07416498168172032,0.20192284603833877,0.34170455739399114,0.007384762675606615,0.034274641523206584,-0.42310865491444927,0.8854847092501428,0.07504825234550656,5,0.8854847092501428,0.07504825234550656,0.8421916361322086,0.09488000731567546,0.8322877200505854,0.0997883495186332,0.9096393896473224,0.05762102878723978,0.7273101382072941,0.3114147770888268,-0.07305698428987276,0.541349881331684,-0.04329307311793418,-0.0531969891995574,0.024154680397179606,-0.1581745710428487,fold_mean_null,0.55,-0.16237798712589524,0.06681737524103445,99,0.08821300544417492,0.51,-0.08094403067580189,0.12956897098284575,99,0.00788704638592913,0.19,0.00833725516408408,0.28533510797336165,99,0.1935855908742547,0.66,-0.054172269378895715,0.005539998791607922,99,0.010879196260961538,0.05,-0.1636188931207437,0.0014614411903197894,99,0.17100365579635032,0.56,-0.05660228439509141,0.004103592086836414,99,0.0034052951955340083,0.15384615384615385,0.0023038374191086362,0.037500073848497205,25,0.031970804104097944,0.038461538461538464,-0.0013949847200464527,0.01849678170013246,25,0.025549665117226058,0.014569221603092496,0.09500212757373715,0.4892995191923451,0.8964792934757585,0.13835225325732975,0.6800860334098726,0.00032709763333343186,0.09346484780998407,0.6734998190150007,0.947361501545691,0.6734998190150007,0.947361501545691,0.6351048585796092,0.9442438043905041,-0.08101516313462477,-0.000826688973788367,-0.07792378489690788,0.0019081981905377798,-0.47099784773159425,0.17814420956187185,0.30019010573826926,0.8384865160735925,0.005771581984878408,0.07194607290716995,-0.2624888303329869,-0.016344930477459996,-0.17269397069002346,-0.0018355874378123975,0.020651087241478124,0.4471163596407254,0.05045789694557334,0.6228965521302696,-0.025665029655676772,0.08100563632809335,0.8854847092501428,0.8854847092501428,0.8421916361322086,0.9096393896473224,0.8322877200505854,0.024154680397179606
PortoAlegre_2024,A_authoritative,A_terrain_first,R0_none,0,0.4027963632270732,0.38797654993770453,0.38797654993770453,0.40028435583632915,0.36413562991458276,-0.0012603188586895523,0.012307805898624624,0.02011002339431906,-0.02384092002312177,-0.020264566280286278,0.008820585036314332,0.4044503993424097,0.025959556870814218,5,0.4044503993424097,0.025959556870814218,0.4269264709475791,0.0905555425409635,0.38524596551457035,0.034295593815538934,0.37681784091615844,0.03526159624929149,0.4084105670803483,0.02659316395146746,-0.0014422539088371413,0.6761799852392943,0.022476071605169345,-0.019204433827839373,-0.027632558426251286,0.003960167737938558,fold_mean_null,0.53,-0.00014031532869153462,0.0389798185045933,99,-0.0011200035299980178,0.53,0.00037923439248756393,0.040979414401086864,99,-0.0018214883013247052,0.73,0.07270403395396399,0.1891840597729487,99,-0.06039622805533937,0.77,0.08901961284530475,0.17968657449130476,99,-0.06654354124013541,0.95,0.05880033682994786,0.19772116055801955,99,-0.08264125685306964,0.92,0.057090998358739535,0.17471617936230435,99,-0.07629543218657892,0.9615384615384616,0.08499032058541468,0.19303757505862879,25,-0.10525488686570096,0.9615384615384616,0.10176182371180692,0.20853614814988863,25,-0.1293943821380582,-0.002693792098386491,-0.11173467527584567,0.3099543497922774,0.4811343296667882,0.3099543497922774,0.4811343296667882,-0.09099886036039984,0.04563313356433346,0.3275349434851653,0.4889335816969582,0.3275349434851653,0.4889335816969582,0.3347892426873034,0.5413110108618431,-0.023281352120868824,0.09667619722428533,-0.028934062762077484,0.0011033565516598168,-0.009470650420785777,0.0075629910444940975,0.6468806809921372,0.7083981506774951,-0.05194295855381842,0.02194931341281229,-0.016399115191040623,0.02902582934876983,-0.009178075083938628,0.007276075492217076,-0.07442835607550768,0.12578717430208777,-0.1261797087589608,0.21096461819326887,-0.06068281695225004,0.0009699799240543664,0.4044503993424097,0.4044503993424097,0.4269264709475791,0.37681784091615844,0.38524596551457035,-0.027632558426251286
PortoAlegre_2024,A_authoritative,A_terrain_first,R1_+terrain,3,0.4027963632270732,0.9265741743523701,0.926515744296521,0.9269355490159893,0.9265741743523701,0.0005964645763449933,0.00041980471946834186,0.005712852575690802,0.0,0.0014933749708772037,-0.06862044644348253,0.9261657698662045,0.016136052975692636,5,0.9261657698662045,0.016136052975692636,0.9265329360178967,0.016689211441692664,0.9261657698662045,0.016136052975692636,0.9279331649435445,0.014980270723320985,0.858140194643181,0.028525041629537267,0.0006425524026736018,0.29388417358334207,0.0003671661516921887,0.0,0.0017673950773400282,-0.06802557522302344,fold_mean_null,0.14,-0.00010343522205369859,0.0010681272532843086,99,0.0006998997983986919,0.13,-0.00012007517787057012,0.001018142243790877,99,0.000762627580544172,0.16,5.29224811284896e-05,0.0008102377447767648,99,0.00036688223833985226,0.26,5.699940122728798e-05,0.0008228021000952985,99,0.0003101667504649007,0.65,-9.781328249776134e-05,0.0005414114647545147,99,9.781328249776134e-05,0.69,-5.7764221345929234e-05,0.000661791768357178,99,5.7764221345929234e-05,0.19230769230769232,0.00011033772694795996,0.0023171434027778196,25,0.0013830372439292437,0.19230769230769232,0.0002508257643352341,0.0023338295599689245,25,0.0015165693130047941,0.002594993705327585,0.004200853044757768,0.8810375720234404,0.9534620252677836,0.8810470047364982,0.9534868515838945,-0.0014905440459315467,0.004724099374573287,0.8475391426337343,0.948137921214554,0.8475391426337343,0.948137921214554,0.8484453801634785,0.9483200090323193,-0.0009449671677166287,0.0020361896447524813,0.0,0.0,-0.0012633574277165713,0.0024213641629574232,0.2669258969747811,0.32126387988246313,-0.0020038945036078806,0.008057707068401719,-0.08135642797915683,-0.05006223638105063,-0.0013309442716091416,0.002285791253709796,-0.000830147106525847,0.0016593638599820071,-0.010964165502657913,0.019892165728907233,0.0,0.0,0.9261657698662045,0.9261657698662045,0.9265329360178967,0.9279331649435445,0.9261657698662045,0.0017673950773400282
PortoAlegre_2024,A_authoritative,A_terrain_first,R2_+surface,6,0.4027963632270732,0.9331836751870476,0.9331089893138655,0.9331988410479533,0.9331836751870476,0.00015060595156078587,8.985173408770919e-05,0.0013432557404358992,0.0,0.001276084113181808,-0.09361837430900721,0.9330490765033289,0.014110269133680547,5,0.9330490765033289,0.014110269133680547,0.9331167202636035,0.014291590582374199,0.9330490765033289,0.014110269133680547,0.9343698681955385,0.013245945655602715,0.8403440301554616,0.030166084940447847,0.0001613215810142498,0.2809835638126369,6.764376027457164e-05,0.0,0.0013207916922095553,-0.09270504634786736,fold_mean_null,0.31,-0.00016946135230205204,0.0006345007063764698,99,0.00032006730386283794,0.31,-0.00019100193549510548,0.0006611547402035497,99,0.0003523235165093553,0.3,-5.74623274838226e-05,0.00041047631589743354,99,0.0001473140615715318,0.37,-3.610433031099325e-06,0.0004903539262443682,99,7.125419330567097e-05,0.67,-8.961113365037033e-05,0.0002612896762913873,99,8.961113365037033e-05,0.67,-6.613901768283372e-05,0.0003230536510802403,99,6.613901768283372e-05,0.19230769230769232,0.00012608247428720355,0.0018034744656308926,25,0.0011500016388946044,0.23076923076923078,0.00025583596864826587,0.0017539302776877978,25,0.0010649557235612895,0.0012538936859107128,0.0010642749880696394,0.8896174200907773,0.9586587792273419,0.8895424326730511,0.9586943259341192,-0.0006276887338546977,0.004102212785101941,0.8534116285911175,0.9531206391397188,0.8534116285911175,0.9531206391397188,0.8534563858088655,0.9531246321549729,-0.0007764897676077242,0.0010574465893302871,0.0,0.0,-0.00102414663607407,0.0012610330966685674,0.2530112017314541,0.309800409786592,-0.0010244302974876662,0.006399805207623788,-0.1158408732037491,-0.06772046786884896,-0.0009974401788126655,0.0011700384637404176,-0.0006440282629004312,0.0007692938705545102,-0.008760695345525088,0.009824518023258288,0.0,0.0,0.9330490765033289,0.9330490765033289,0.9331167202636035,0.9343698681955385,0.9330490765033289,0.0013207916922095553
PortoAlegre_2024,A_authoritative,A_terrain_first,R3_+hydrography,10,0.4027963632270732,0.9400383947919322,0.9399872449248448,0.939988460905502,0.9400383947919322,2.3324269824431582e-05,1.2159806572764609e-06,2.0262036891218586e-05,0.0,0.0012372896480055129,-0.10464236424515705,0.9396802439336268,0.014121432998426041,5,0.9396802439336268,0.014121432998426041,0.9396694615039897,0.01441512136241288,0.9396802439336268,0.014121432998426041,0.940988690107688,0.014080179073205655,0.8356085675686209,0.02578542332206393,3.811048224122509e-05,0.26628088832322544,-1.0782429637146151e-05,0.0,0.0013084461740612285,-0.10407167636500592,fold_mean_null,0.35,-0.00012832536119125642,0.0006689560095790634,99,0.000151649631015688,0.35,-0.0001474036539519394,0.0006306677518034052,99,0.00018551413619316448,0.41,-5.683765588541706e-05,0.0004339585430981341,99,5.805363654269352e-05,0.5,-7.3972314574765375e-06,0.0004516645578981568,99,-3.385198179669614e-06,0.69,-7.493876406142663e-05,0.00026513644050694105,99,7.493876406142663e-05,0.71,-4.948238370512123e-05,0.00024262437720208276,99,4.948238370512123e-05,0.23076923076923078,0.0005046751749122658,0.001528019787521506,25,0.0007326144730932471,0.15384615384615385,0.0005592656633139414,0.0015107794710309762,25,0.0007491805107472871,0.000696685884448372,-5.612088642972448e-05,0.9012116510812664,0.9628759103332218,0.901079507060538,0.9629311525234852,-0.0001124757549524957,0.0031522307973010253,0.8669679895194227,0.9573212405499688,0.8669679895194227,0.9573212405499688,0.8670577534508666,0.9570990409458484,-0.0009340859119607497,0.0009597309136373549,0.0,0.0,-0.001245197396643198,0.0013040082557344219,0.23878504549051008,0.2940581919755301,-0.00014353879217217917,0.00488761684969201,-0.12706446410809813,-0.0790680032675467,-0.0013734180715428096,0.001220527064871187,-0.0007394052441530464,0.0006984877585051536,-0.011462040633565833,0.009953802472035419,0.0,0.0,0.9396802439336268,0.9396802439336268,0.9396694615039897,0.940988690107688,0.9396802439336268,0.0013084461740612285
PortoAlegre_2024,A_authoritative,A_terrain_first,R4_+forcing,14,0.4027963632270732,0.9439498702535138,0.9439108878293239,0.9438137028734797,0.9439498702535138,-0.0002816593732200506,-9.71849558442095e-05,-0.0017326884324444453,0.0,5.865645160119115e-05,-0.11364490777741432,0.9440542363990534,0.012343761509537044,5,0.9440542363990534,0.012343761509537044,0.9439463861204906,0.012345497004016152,0.9440542363990534,0.012343761509537044,0.9440501592744075,0.011798085057581028,0.8329605847169118,0.03561124096134876,-0.0002987966702522827,0.25884904288281146,-0.00010785027856274887,0.0,-4.077124645895935e-06,-0.11109365168214158,fold_mean_null,0.71,-0.00015563724822451017,0.0003237726004973936,99,-0.00012602212499554041,0.73,-0.0001719003528309303,0.0003325778224379582,99,-0.0001268963174213524,0.66,-7.559696345729082e-05,0.00016505857419139012,99,-2.1587992386918676e-05,0.73,-5.09776599139246e-05,0.00012620675718516547,99,-5.687261864882427e-05,0.78,-5.246107551681755e-05,6.282769716452473e-05,99,5.246107551681755e-05,0.77,-3.640897671692575e-05,7.07651271664164e-05,99,3.640897671692575e-05,0.3076923076923077,-0.00011547912779191538,0.0005142663314644746,25,0.00017413557939310653,0.3076923076923077,-0.0002197789868630684,0.0002731096373300934,25,0.00021570186221717247,-0.0004902329018029326,-0.001016567028282763,0.9079414574944304,0.965870742974165,0.9079404682996833,0.9658714970249603,-0.0006746466238367555,0.0008820772365171036,0.8778369994028481,0.9604691275793001,0.8778369994028481,0.9604691275793001,0.8777180188012602,0.9603215478309592,-0.0005280739071832046,0.0002396205575388665,0.0,0.0,-0.0011696196513303768,0.0003492319270144284,0.2320686097386498,0.2872523948054806,-0.0010758468570203962,0.0014582528192245278,-0.13023327712137442,-0.08687049315774038,-0.0010545565153329561,0.00031720213268145164,-0.00046939988689916886,0.00016825481377474028,-0.007385455279089543,0.0027164891129599,0.0,0.0,0.9440542363990534,0.9440542363990534,0.9439463861204906,0.9440501592744075,0.9440542363990534,-4.077124645895935e-06
PortoAlegre_2024,A_authoritative,B_surface_first,R0_none,0,0.4027963632270732,0.38797654993770453,0.38797654993770453,0.40028435583632915,0.36413562991458276,-0.0012603188586895523,0.012307805898624624,0.02011002339431906,-0.02384092002312177,-0.020264566280286278,0.008820585036314332,0.4044503993424097,0.025959556870814218,5,0.4044503993424097,0.025959556870814218,0.4269264709475791,0.0905555425409635,0.38524596551457035,0.034295593815538934,0.37681784091615844,0.03526159624929149,0.4084105670803483,0.02659316395146746,-0.0014422539088371413,0.6761799852392943,0.022476071605169345,-0.019204433827839373,-0.027632558426251286,0.003960167737938558,fold_mean_null,0.53,-0.00014031532869153462,0.0389798185045933,99,-0.0011200035299980178,0.53,0.00037923439248756393,0.040979414401086864,99,-0.0018214883013247052,0.73,0.07270403395396399,0.1891840597729487,99,-0.06039622805533937,0.77,0.08901961284530475,0.17968657449130476,99,-0.06654354124013541,0.95,0.05880033682994786,0.19772116055801955,99,-0.08264125685306964,0.92,0.057090998358739535,0.17471617936230435,99,-0.07629543218657892,0.9615384615384616,0.08499032058541468,0.19303757505862879,25,-0.10525488686570096,0.9615384615384616,0.10176182371180692,0.20853614814988863,25,-0.1293943821380582,-0.002693792098386491,-0.11173467527584567,0.3099543497922774,0.4811343296667882,0.3099543497922774,0.4811343296667882,-0.09099886036039984,0.04563313356433346,0.3275349434851653,0.4889335816969582,0.3275349434851653,0.4889335816969582,0.3347892426873034,0.5413110108618431,-0.023281352120868824,0.09667619722428533,-0.028934062762077484,0.0011033565516598168,-0.009470650420785777,0.0075629910444940975,0.6468806809921372,0.7083981506774951,-0.05194295855381842,0.02194931341281229,-0.016399115191040623,0.02902582934876983,-0.009178075083938628,0.007276075492217076,-0.07442835607550768,0.12578717430208777,-0.1261797087589608,0.21096461819326887,-0.06068281695225004,0.0009699799240543664,0.4044503993424097,0.4044503993424097,0.4269264709475791,0.37681784091615844,0.38524596551457035,-0.027632558426251286
PortoAlegre_2024,A_authoritative,B_surface_first,R1_+surface,3,0.4027963632270732,0.6633756630539479,0.6617630418009651,0.6582311938743973,0.6633756630539479,-0.0019273487594489872,-0.0035318479265677993,-0.010441933801005537,0.0,-0.03602863162981185,-0.07963835585803558,0.6679211450454415,0.0737215987573282,5,0.6679211450454415,0.0737215987573282,0.6642805274455481,0.07525995545478426,0.6679211450454415,0.0737215987573282,0.6320876973875129,0.07395164434360713,0.590665943176195,0.10034190084243412,-0.0019014282164833967,0.5879162649249765,-0.0036406175998934254,0.0,-0.03583344765792862,-0.0772552018692465,fold_mean_null,0.57,4.011876778395929e-05,0.026067011751033903,99,-0.0019674675272329466,0.57,0.00047736725659487493,0.02670196900238619,99,-0.0023787954730782714,0.67,0.005149644816058792,0.04837760538613184,99,-0.008681492742626591,0.68,0.0060671990475461,0.04680764483188943,99,-0.009707816647439527,0.7,9.33645846779871e-05,0.035890581058061116,99,-9.33645846779871e-05,0.73,0.0021127076373344527,0.03478571678068229,99,-0.0021127076373344527,0.9615384615384616,0.016217935577644057,0.08242712044386151,25,-0.05224656720745591,0.9615384615384616,0.015691028489014727,0.08245824860107112,25,-0.051524476146943346,-0.004046146730405269,-0.029233468203713062,0.5669132096664657,0.7459901326587828,0.5662698257005204,0.7443208815355286,-0.06532660164561782,-0.00950379218946122,0.5508868288726873,0.7336194130374232,0.5508868288726873,0.7336194130374232,0.5464795844728183,0.7323920493440345,-0.007987904619969302,0.0013732293223663742,0.0,0.0,-0.004376708424526817,0.0003602747320267843,0.560232072940931,0.6191984428422332,-0.05976945314835074,-0.0038867388555886093,-0.09811984277252986,-0.046213105495051025,-0.004207937109382934,0.00026235101879155124,-0.0077675723474367716,0.0004485332250089008,-0.022658222560274586,0.00137637160451161,0.0,0.0,0.6679211450454415,0.6679211450454415,0.6642805274455481,0.6320876973875129,0.6679211450454415,-0.03583344765792862
PortoAlegre_2024,A_authoritative,B_surface_first,R2_+forcing,7,0.4027963632270732,0.7742756476412751,0.776226961349051,0.7812665233355203,0.7739028015347131,0.0013131056775538526,0.005039561986469265,0.02252086317838404,-0.0003728461065619637,-0.01111932916289593,-0.11509152671326839,0.7869332928205052,0.040152104334250184,5,0.7869332928205052,0.040152104334250184,0.7908766923488335,0.035770808205848534,0.786582638521966,0.04017734891210655,0.7856173860242179,0.03928426441509013,0.6750862155978249,0.06607143563581475,0.0014752462742654196,0.5011358462282809,0.00394339952832834,-0.00035065429853919916,-0.0013159067962872362,-0.11184707722268028,fold_mean_null,0.21,-0.006088332147816176,0.005936758984246466,99,0.007401437825370029,0.21,-0.005820285760460928,0.006561670673314269,99,0.007295532034726348,0.17,-0.005173259968768477,0.008510156229701147,99,0.010212821955237743,0.09,-0.005581493665202557,0.006257866732954456,99,0.009524893193530896,0.6,-0.002045920051848828,0.0032574540211727657,99,0.0016730739452868642,0.53,-0.0025367388786437938,0.001970079105601172,99,0.0021860845801045946,0.7307692307692307,-0.003772008225967207,0.017254315239674557,25,-0.007347320936928723,0.5,-0.004594713609992782,0.017872771168854988,25,0.003278806813705546,0.01455799278705566,0.044703808115393616,0.6804358507152739,0.8461045834988754,0.683237505635047,0.851018814851822,-0.0353277827899024,0.012083488732157519,0.6581355788053741,0.8402482793251589,0.6581355788053741,0.8402482793251589,0.6571047816495699,0.8419423980222994,-0.004672600351641615,0.010765731880504137,-0.0022219185193748632,0.0007236476183757937,-0.0034060408716674157,0.007083561448312488,0.4545481222996975,0.5498876183728512,-0.018849014789841044,0.019474971648859963,-0.14237108718521999,-0.06181779523849449,-0.003451149032475765,0.00645930598260551,-0.0040729075570161005,0.01492916607591359,-0.02033189289407521,0.06407507059499779,-0.0017934801218797009,0.0008086328672944755,0.7869332928205052,0.7869332928205052,0.7908766923488335,0.7856173860242179,0.786582638521966,-0.0013159067962872362
PortoAlegre_2024,A_authoritative,B_surface_first,R3_+terrain,10,0.4027963632270732,0.9385080799645246,0.9385718650746878,0.9383183007939939,0.9385080799645246,-0.0005276043323720847,-0.00025356428069389647,-0.0041278199476867455,0.0,-0.0002305870168196611,-0.11954381820201554,0.9385718837609446,0.012109729066641088,5,0.9385718837609446,0.012109729066641088,0.9383724979081001,0.011974233838106117,0.9385718837609446,0.012109729066641088,0.9383673012108714,0.012322893206719848,0.8210992036887154,0.03159868689702841,-0.0005578895180470252,0.27252610484998174,-0.0001993858528445136,0.0,-0.0002045825500731624,-0.11747268007222922,fold_mean_null,0.81,-0.0002670738905030679,0.00024357698804961878,99,-0.00026053044186901683,0.81,-0.00027361438080571345,0.0002624259622662206,99,-0.00028427513724131175,0.8,-0.00014139694527709188,6.43119307576878e-05,99,-0.00011216733541680459,0.77,-0.00011449645996904081,6.552829776738097e-05,99,-8.488939287547279e-05,0.58,-0.00010680113747164947,0.0,99,0.00010680113747164947,0.63,-8.44727332318292e-05,4.063773686413525e-06,99,8.44727332318292e-05,0.2692307692307692,-0.0007146583980766508,0.00027740593559142344,25,0.0004840713812569897,0.2692307692307692,-0.0006747068715166238,0.00019977149769003747,25,0.0004701243214434614,-0.0010431115852105161,-0.001381930589326796,0.8994715661616614,0.962163477504274,0.8996506265904106,0.962212997312966,-0.0011637157746503812,0.0006719695587936584,0.8674114716594,0.9566340917022609,0.8674114716594,0.9566340917022609,0.8669873154345239,0.9564980755513206,-0.000570990057658588,-6.356288899939177e-06,0.0,0.0,-0.001486221838401562,0.00010109347122903264,0.24504431207350472,0.2987427682261307,-0.001584053621220402,0.0011356283395212148,-0.1417921828834054,-0.08859032197316559,-0.0013783967773152652,5.398795998455772e-05,-0.0006873356831601729,3.6809862482639262e-06,-0.009869603361277894,5.7599055684538213e-05,0.0,0.0,0.9385718837609446,0.9385718837609446,0.9383724979081001,0.9383673012108714,0.9385718837609446,-0.0002045825500731624
PortoAlegre_2024,A_authoritative,B_surface_first,R4_+hydrography,14,0.4027963632270732,0.9439498702535138,0.9439108878293239,0.9438137028734797,0.9439498702535138,-0.0002816593732200506,-9.71849558442095e-05,-0.0017326884324444453,0.0,5.865645160119115e-05,-0.11364490777741432,0.9440542363990534,0.012343761509537044,5,0.9440542363990534,0.012343761509537044,0.9439463861204906,0.012345497004016152,0.9440542363990534,0.012343761509537044,0.9440501592744075,0.011798085057581028,0.8329605847169118,0.03561124096134876,-0.0002987966702522827,0.25884904288281146,-0.00010785027856274887,0.0,-4.077124645895935e-06,-0.11109365168214158,fold_mean_null,0.71,-0.00015563724822451017,0.0003237726004973936,99,-0.00012602212499554041,0.73,-0.0001719003528309303,0.0003325778224379582,99,-0.0001268963174213524,0.66,-7.559696345729082e-05,0.00016505857419139012,99,-2.1587992386918676e-05,0.73,-5.09776599139246e-05,0.00012620675718516547,99,-5.687261864882427e-05,0.78,-5.246107551681755e-05,6.282769716452473e-05,99,5.246107551681755e-05,0.77,-3.640897671692575e-05,7.07651271664164e-05,99,3.640897671692575e-05,0.3076923076923077,-0.00011547912779191538,0.0005142663314644746,25,0.00017413557939310653,0.3076923076923077,-0.0002197789868630684,0.0002731096373300934,25,0.00021570186221717247,-0.0004902329018029326,-0.001016567028282763,0.9079414574944304,0.965870742974165,0.9079404682996833,0.9658714970249603,-0.0006746466238367555,0.0008820772365171036,0.8778369994028481,0.9604691275793001,0.8778369994028481,0.9604691275793001,0.8777180188012602,0.9603215478309592,-0.0005280739071832046,0.0002396205575388665,0.0,0.0,-0.0011696196513303768,0.0003492319270144284,0.2320686097386498,0.2872523948054806,-0.0010758468570203962,0.0014582528192245278,-0.13023327712137442,-0.08687049315774038,-0.0010545565153329561,0.00031720213268145164,-0.00046939988689916886,0.00016825481377474028,-0.007385455279089543,0.0027164891129599,0.0,0.0,0.9440542363990534,0.9440542363990534,0.9439463861204906,0.9440501592744075,0.9440542363990534,-4.077124645895935e-06
TaquariValley_2024,A_authoritative,A_terrain_first,R0_none,0,0.09271523178807947,0.08102011429579835,0.08045103203743108,0.07524026914600193,0.06872973275787574,-0.00984121144819506,-0.0052107628914291465,-0.005666650796177344,-0.012290381537922612,-0.010121179265763947,0.0006175306762280786,0.09745170885687106,0.019409325507427317,5,0.09745170885687106,0.019409325507427317,0.10310763025176195,0.05092785250013419,0.08561966906007361,0.01570849145204372,0.08660043435548433,0.02693081896513534,0.10795335079878951,0.03270964440697415,-0.010521012474067287,0.32423261873554887,0.005655921394890892,-0.01183203979679745,-0.010851274501386732,0.010501641941918452,fold_mean_null,0.65,-0.015729620845530427,0.0038885431894054613,99,0.005888409397335367,0.67,-0.017656889509012973,0.0035742004405426887,99,0.007135877034945686,0.85,0.004818944062990284,0.029667050177532846,99,-0.010029706954419432,0.55,0.011156890870972215,0.0428850155780775,99,-0.005500969476081323,1.0,0.005904443183093517,0.030596708982647894,99,-0.018194824721016127,1.0,0.00506469789060271,0.026644547484263387,99,-0.01689673768740016,0.9615384615384616,0.005832936232713753,0.038660598696124496,25,-0.0159541154984777,1.0,0.01169879370500462,0.04772050614046243,25,-0.02255006820639135,0.022008510626643215,-0.006094930908476965,0.053076690562004855,0.12356079295132856,0.05495585180373943,0.11554927997330065,-0.03138216470818904,0.0029750085321049837,0.06439420896458287,0.14742312070851382,0.06439420896458287,0.14742312070851382,0.055674092433464564,0.1901326892526381,-0.023002917861281294,0.05000782484532459,-0.017585980457346904,0.10240676403451068,-0.014332149739296945,-0.0059271158035725975,0.24729939118468827,0.4348576406976306,-0.018400740742971596,0.011913461542912606,-0.009275582405340543,0.028338157232506822,-0.016365224184171717,-0.003174764964243718,-0.025171314583347197,0.006034616103446506,-0.027505562116447876,0.006510394331496539,-0.032853364651406966,0.0040409553141054,0.09745170885687106,0.09745170885687106,0.10310763025176195,0.08660043435548433,0.08561966906007361,-0.010851274501386732
TaquariValley_2024,A_authoritative,A_terrain_first,R1_+terrain,3,0.09271523178807947,0.3861249585762108,0.366355992384729,0.3385743047072164,0.35816118005612996,-0.014075924256609766,-0.0277816876775126,-0.0438443153310475,-0.027963778520080862,0.0015860027431254808,-0.05499778258458704,0.41992047663017107,0.11585828960922452,5,0.41992047663017107,0.11585828960922452,0.4033799389737614,0.11452741442190625,0.40504434681583057,0.11485945506294688,0.40381369120385546,0.12121178507730992,0.3726240737439687,0.11761630260739893,-0.016723855173750725,0.2401862366531268,-0.01654053765640967,-0.0148761298143405,-0.016106785426315606,-0.04729640288620235,fold_mean_null,0.77,-0.012815400056463932,0.00038579686625435703,99,-0.0012605242001458346,0.8,-0.014419601963637653,0.0008142948920111732,99,-0.002304253210113072,0.79,-0.013249004378149097,0.015598238255266631,99,-0.014532683299363504,0.76,-0.009508253711333417,0.004232983996268603,99,-0.007032283945076254,0.89,-0.011887119642084918,0.0013834275838708146,99,-0.016076658877995944,0.92,-0.002532909845833967,0.011621753688321202,99,-0.012343219968506533,0.7307692307692307,0.014253364104743727,0.04639163755404651,25,-0.012667361361618246,1.0,0.014604361564125286,0.03900498643870462,25,-0.03071114699044089,-0.009593610534149125,-0.012122965320726948,0.30400549601468013,0.4811632331392342,0.2891361132688098,0.46598743493433203,-0.05186538400348768,0.061543222678171486,0.37319567587371905,0.5197640286570636,0.37319567587371905,0.5197640286570636,0.3638087782491136,0.507687549806075,-0.033035988014964275,0.005796698860066115,-0.01903804606789892,0.006368258783975417,-0.02411022956854853,-0.008673125498931943,0.16271112566904092,0.34348077508699715,-0.045075724849598986,0.024974254218375232,-0.07728574010835608,-0.013531842249038665,-0.02354310479416298,-0.005344267036920461,-0.05809582123372674,0.0015259622263416863,-0.10130345718723464,0.0023045422723938463,-0.0664350692829703,0.0020782952658481477,0.41992047663017107,0.41992047663017107,0.4033799389737614,0.40381369120385546,0.40504434681583057,-0.016106785426315606
TaquariValley_2024,A_authoritative,A_terrain_first,R2_+surface,6,0.09271523178807947,0.4071021243370774,0.3873112138604198,0.3561308374673323,0.39267006161258994,-0.014264810443156984,-0.03118037639308746,-0.050891051213044526,-0.014432062724487438,0.003592897759155278,-0.023943075077244358,0.44520621676536376,0.10327856787286775,5,0.44520621676536376,0.10327856787286775,0.4237645573771257,0.09700892950148028,0.43152617774432855,0.09153358054965481,0.4489455361939633,0.113192810493001,0.42091898951273504,0.08789336419813928,-0.01703029082854425,0.2332850133143086,-0.021441659388238055,-0.013680039021035206,0.0037393194285995635,-0.024287227252628718,fold_mean_null,0.77,-0.01197680896368718,0.0015886243577448785,99,-0.0022880014794698037,0.8,-0.013644872916067226,0.0019008852381578439,99,-0.0033854179124770244,0.88,-0.007918517442112121,0.019265432416455515,99,-0.02326185895097534,0.83,-0.007915041818891211,0.007033377804855965,99,-0.013526617569346843,0.84,-0.0075082476615420495,0.012143509791385381,99,-0.006923815062945388,0.97,-0.0003687839396343422,0.02453371834888403,99,-0.013311255081400864,0.23076923076923078,-0.006776697778079996,0.024903186943656872,25,0.010369595537235274,0.3076923076923077,-0.00022083560932595336,0.024526039699270447,25,0.003960155037925517,-0.014511939127078845,-0.02438134308297773,0.3113520467026317,0.49946428462985465,0.2948903886738555,0.4790949838148559,-0.038823744978400944,0.04792374614432503,0.3851055173522068,0.5508469115337373,0.3851055173522068,0.5508469115337373,0.3748917273185588,0.5402949311914721,-0.02545674356836545,0.004097024348470356,-0.019004585632728478,0.008239692243264643,-0.029630975205333886,-0.007483817817663413,0.15983317451815904,0.3314327564298572,-0.023703864526508658,0.027900340789741625,-0.04632431556500105,0.010287799625491131,-0.027929652368940055,-0.005204185317240021,-0.04801106458491622,-0.007942235309949018,-0.08152095693044789,-0.011696970508253104,-0.040552509998474644,0.0032783264054964444,0.44520621676536376,0.44520621676536376,0.4237645573771257,0.4489455361939633,0.43152617774432855,0.0037393194285995635
TaquariValley_2024,A_authoritative,A_terrain_first,R3_+hydrography,10,0.09271523178807947,0.39438982401058287,0.3749031319131383,0.33806032534005254,0.34788373898626984,-0.022760730426464124,-0.03684280657308575,-0.05893935556875351,-0.046506085024313026,0.018652533924795267,-0.0284904409526609,0.4575642109478847,0.10983147712314861,5,0.4575642109478847,0.10983147712314861,0.42689112578901733,0.12450740358041833,0.4244230896087626,0.12139966668620944,0.46681239046514234,0.12053282240830748,0.41234713906500425,0.09627367688305766,-0.027250300414490374,0.2367532494286621,-0.030673085158867353,-0.03314112133912206,0.009248179517257649,-0.04521707188288043,fold_mean_null,0.82,-0.014873572643366676,0.0015798639348716928,99,-0.007887157783097449,0.83,-0.016838283432055675,0.001824303632782341,99,-0.0104120169824347,0.94,-0.007532391661488243,0.022092317841294937,99,-0.02931041491159751,0.94,-0.01265531301084717,0.0042811487167980855,99,-0.01801777214802018,0.98,-0.010225558337868234,0.006699975250763795,99,-0.03628052668644479,0.98,-0.006403448873504202,0.006359369743162614,99,-0.026737672465617857,0.19230769230769232,0.007659391386774255,0.026466384975362276,25,0.010993142538021012,0.5384615384615384,0.00981090506153896,0.029239281340045775,25,-0.000562725544281311,-0.043978348798004656,-0.03321641475667657,0.2949572141568716,0.5231796432835747,0.281370007890205,0.5150326187521118,-0.025396817210983958,0.06727355316671559,0.3965169395518565,0.5810679599954962,0.3965169395518565,0.5810679599954962,0.3891245648633608,0.5674242256946653,-0.053930068715985074,0.020162180631532564,-0.04240823057536686,0.009258291214643494,-0.05028008889683165,-0.011972746360089596,0.1561695237724449,0.35436758675169594,-0.015942271656843882,0.053032284852518735,-0.06759194544329773,-0.011039101828684924,-0.0460138913271673,-0.00734770812655988,-0.08139564841398028,-0.009049740002523822,-0.15936376469527214,-0.012643310927430776,-0.11936492934277815,-0.0047598518829472134,0.4575642109478847,0.4575642109478847,0.42689112578901733,0.46681239046514234,0.4244230896087626,0.009248179517257649
TaquariValley_2024,A_authoritative,A_terrain_first,R4_+forcing,14,0.09271523178807947,0.4264854980041642,0.41296759639507724,0.36875396412597317,0.3747306501835635,-0.02235586761181619,-0.044213632269104075,-0.07531719202822776,-0.05175484782060069,0.007954550593572807,-0.010408989091664322,0.5017717240055936,0.13491907333917266,5,0.5017717240055936,0.13491907333917266,0.45956683709411095,0.13799448161111533,0.46039090683651895,0.13829969094370562,0.5189127118174878,0.15220885938104353,0.4815798279053741,0.12280182242986885,-0.026262360552330992,0.22663346433367035,-0.04220488691148261,-0.0413808171690746,0.017140987811894215,-0.02019189610021943,fold_mean_null,0.84,-0.013403032874563695,0.0016521275031629514,99,-0.008952834737252495,0.84,-0.014979844265434295,0.0019952773715905827,99,-0.011282516286896697,0.96,-0.007917670220679544,0.03217504632391848,99,-0.03629596204842453,0.94,-0.015334508142749698,0.003110508257348569,99,-0.02687037876873291,0.98,-0.009892651158626127,0.012501968078938079,99,-0.04186219666197456,0.99,-0.0043792473125537235,0.010359729747403833,99,-0.03700156985652088,0.23076923076923078,0.0015501314053286564,0.022554768940208986,25,0.00640441918824415,0.19230769230769232,0.007640386795074569,0.019794931700694105,25,0.009500601016819646,-0.049783099420329,-0.053931862287628536,0.3091067410443771,0.5815106488935803,0.30332041242491786,0.572472105217395,-0.01690749290876477,0.0437861565439724,0.4351285045737616,0.6250507879065278,0.4351285045737616,0.6250507879065278,0.42431923838701896,0.6094430906198608,-0.062232636664665435,0.010928932102881303,-0.044052160857603405,0.01580599463777071,-0.04583129689587389,-0.010969818588767251,0.14924868597608054,0.3378944209620457,-0.006843462429529187,0.03879710254961635,-0.03784981913304338,-0.004252878537153338,-0.04586613430010556,-0.007044758266737254,-0.08808489027798636,-0.00935816538948847,-0.18345120354834624,-0.014711920787683639,-0.1391055831512826,-0.003579821453592336,0.5017717240055936,0.5017717240055936,0.45956683709411095,0.5189127118174878,0.46039090683651895,0.017140987811894215
TaquariValley_2024,A_authoritative,B_surface_first,R0_none,0,0.09271523178807947,0.08102011429579835,0.08045103203743108,0.07524026914600193,0.06872973275787574,-0.00984121144819506,-0.0052107628914291465,-0.005666650796177344,-0.012290381537922612,-0.010121179265763947,0.0006175306762280786,0.09745170885687106,0.019409325507427317,5,0.09745170885687106,0.019409325507427317,0.10310763025176195,0.05092785250013419,0.08561966906007361,0.01570849145204372,0.08660043435548433,0.02693081896513534,0.10795335079878951,0.03270964440697415,-0.010521012474067287,0.32423261873554887,0.005655921394890892,-0.01183203979679745,-0.010851274501386732,0.010501641941918452,fold_mean_null,0.65,-0.015729620845530427,0.0038885431894054613,99,0.005888409397335367,0.67,-0.017656889509012973,0.0035742004405426887,99,0.007135877034945686,0.85,0.004818944062990284,0.029667050177532846,99,-0.010029706954419432,0.55,0.011156890870972215,0.0428850155780775,99,-0.005500969476081323,1.0,0.005904443183093517,0.030596708982647894,99,-0.018194824721016127,1.0,0.00506469789060271,0.026644547484263387,99,-0.01689673768740016,0.9615384615384616,0.005832936232713753,0.038660598696124496,25,-0.0159541154984777,1.0,0.01169879370500462,0.04772050614046243,25,-0.02255006820639135,0.022008510626643215,-0.006094930908476965,0.053076690562004855,0.12356079295132856,0.05495585180373943,0.11554927997330065,-0.03138216470818904,0.0029750085321049837,0.06439420896458287,0.14742312070851382,0.06439420896458287,0.14742312070851382,0.055674092433464564,0.1901326892526381,-0.023002917861281294,0.05000782484532459,-0.017585980457346904,0.10240676403451068,-0.014332149739296945,-0.0059271158035725975,0.24729939118468827,0.4348576406976306,-0.018400740742971596,0.011913461542912606,-0.009275582405340543,0.028338157232506822,-0.016365224184171717,-0.003174764964243718,-0.025171314583347197,0.006034616103446506,-0.027505562116447876,0.006510394331496539,-0.032853364651406966,0.0040409553141054,0.09745170885687106,0.09745170885687106,0.10310763025176195,0.08660043435548433,0.08561966906007361,-0.010851274501386732
TaquariValley_2024,A_authoritative,B_surface_first,R1_+surface,3,0.09271523178807947,0.2034745057213514,0.19819398153181556,0.1845422061468167,0.21098612121498883,-0.006147446350679486,-0.013651775384998843,-0.01702628200656309,0.007511615493637436,-0.003338269403476396,0.003565795521101617,0.22402885276637594,0.053604473402866705,5,0.22402885276637594,0.053604473402866705,0.21341403325434846,0.05191784423825573,0.24988745860055667,0.08534809034223723,0.24161227978760036,0.0918746610413072,0.2233929693672983,0.04692315975226718,-0.007050169138299848,0.2769514489810978,-0.010614819512027474,0.02585860583418073,0.017583427021224424,-0.0006358833990776358,fold_mean_null,0.52,-0.013855961610353884,0.0018115170625040203,99,0.007708515259674397,0.53,-0.015568663662979083,0.0022264664132907695,99,0.008518494524679236,0.71,-0.006342799769820769,0.013544748822338526,99,-0.007308975615178074,0.63,-0.007492282374342013,0.012187903824837422,99,-0.00312253713768546,0.15,-0.004802377414677679,0.02649719414820904,99,0.012313992908315115,0.09,-0.006398876916243176,0.030350631179745166,99,0.03225748275042391,0.38461538461538464,-0.011888554484827792,0.01487383401681618,25,0.008550285081351396,0.15384615384615385,-0.009838767121021906,0.017943391237829443,25,0.02742219414224633,0.030758078919676028,-0.004024037683382251,0.14825208714721327,0.27597932459231034,0.14469096853134586,0.26830831846403697,-0.04159439678973767,0.03797825836747064,0.1637112893649794,0.31639423168104835,0.1637112893649794,0.31639423168104835,0.1616220914084818,0.3085655067969987,-0.013056418381015969,0.001138193126758328,-0.016457909398632644,0.04431767160436902,-0.010103024854892437,-0.0029443610103090704,0.20661669556193873,0.3705998230756224,-0.0424181757528096,0.06211111802807419,-0.009509121749170008,0.0063899134546936435,-0.010358581779585175,-0.0018432836282455819,-0.02030556842178017,-0.00018804242080087708,-0.026119281866953087,-0.00025130492110627854,-0.026050570862967273,0.03737127636291151,0.22402885276637594,0.22402885276637594,0.21341403325434846,0.24161227978760036,0.24988745860055667,0.017583427021224424
TaquariValley_2024,A_authoritative,B_surface_first,R2_+forcing,7,0.09271523178807947,0.1942227025279899,0.18974704860416813,0.17839576390383882,0.20133416015383898,-0.007061222134024914,-0.011351284700329312,-0.014009556744932957,0.0071114576258490825,-0.050849851852601935,0.004506719915154667,0.20840266246370143,0.03445770456473133,5,0.20840266246370143,0.03445770456473133,0.19801123813837326,0.030057416909748204,0.22059425620009127,0.040489742311010234,0.16516277406299182,0.04606492211639736,0.21106513000513122,0.0321520254322371,-0.008326972291506236,0.2799593049746909,-0.010391424325328164,0.012191593736389839,-0.04323988840070961,0.0026624675414297916,fold_mean_null,0.52,-0.014935736526033425,0.0012609111469339728,99,0.007874514392008512,0.56,-0.016630811513903426,0.0012134822292084863,99,0.00830383922239719,0.63,-0.006973271539297242,0.012303194586719962,99,-0.00437801316103207,0.67,-0.005560028745524051,0.01636099899932247,99,-0.004831395579804112,0.18,-0.00183381506021547,0.026026905949480365,99,0.008945272686064553,0.13,-0.001787982899056006,0.040570312744629515,99,0.013979576635445844,1.0,-0.0073440940638328355,0.008569455487198473,25,-0.0435057577887691,1.0,-0.005461000394776314,0.015169430337065097,25,-0.03777888800593329,0.029660879545146318,-0.006103349961788584,0.14095257026492133,0.26291883989298187,0.13890104075996268,0.25470659206262375,-0.09381279785740661,-0.008740134839719678,0.15598328681889334,0.3158008798924818,0.15598328681889334,0.3158008798924818,0.15625383560987452,0.3055197715332382,-0.030080654672364242,0.004106103054688885,-0.008406743153741836,0.04625351115169134,-0.011913100868522434,-0.003133172214452018,0.20735233838107667,0.37717774860233844,-0.08342344422096251,0.014261185427552921,-0.013405338590916114,0.01003307920716501,-0.014306191234933463,-0.0016572191670453558,-0.02063983962393769,-0.0006329554204101942,-0.026610781630998406,-0.0007561191696151854,-0.008963146316287219,0.029981022751560133,0.20840266246370143,0.20840266246370143,0.19801123813837326,0.16516277406299182,0.22059425620009127,-0.04323988840070961
TaquariValley_2024,A_authoritative,B_surface_first,R3_+terrain,10,0.09271523178807947,0.4497929454520074,0.43217754017787297,0.38406908784021415,0.4311734195974504,-0.020141063184646008,-0.048108452337658814,-0.08472446185508231,-0.01861952585455695,0.013983103121895601,-0.013067549543878232,0.4998941859079947,0.1270000355968402,5,0.4998941859079947,0.1270000355968402,0.4789344589873428,0.13175143601865916,0.4861290442664747,0.11781210149603932,0.5125019862750559,0.12836111290065447,0.49654842718637743,0.11785559737079845,-0.02353194937639072,0.21975828406021397,-0.0209597269206519,-0.01376514164152004,0.012607800367061217,-0.003345758721617298,fold_mean_null,0.84,-0.012027128685768863,0.0010754099395347948,99,-0.008113934498877144,0.84,-0.013538256190196992,0.0013608352270733537,99,-0.009993693186193729,0.94,-0.012819305717661048,0.02080762949765308,99,-0.03528914661999777,0.82,-0.008210729624657355,0.007016207731016323,99,-0.012748997295994545,0.8,-0.007086857159317542,0.030257205450610336,99,-0.011532668695239409,0.95,3.6319514709477766e-05,0.0458839805588471,99,-0.013801461156229518,0.15384615384615385,-0.00482781781713284,0.02087806314835857,25,0.01881092093902844,0.2692307692307692,0.000275713954680199,0.021873971895582454,25,0.012332086412381017,-0.04547584282854815,-0.02549259963942169,0.3233986373598062,0.572063515494542,0.30849347343549743,0.5541925252636323,-0.027521238216522203,0.05167865308641356,0.4291602158988384,0.6157122311389028,0.4291602158988384,0.6157122311389028,0.41979169652338405,0.6053965814780584,-0.026321671015302764,0.0005815704807406056,-0.0171205689595887,-0.00013671492257750795,-0.046300239006902846,-0.006795554318432453,0.14820645516157993,0.31281598246435194,-0.019792993040569865,0.03564897620117502,-0.0306106817847223,0.024465982175192278,-0.046818810076151296,-0.00487725430763033,-0.06833983537062271,-0.012912760119261488,-0.12027532128339753,-0.022434649894461305,-0.045768225633721675,-0.0002253350551427024,0.4998941859079947,0.4998941859079947,0.4789344589873428,0.5125019862750559,0.4861290442664747,0.012607800367061217
TaquariValley_2024,A_authoritative,B_surface_first,R4_+hydrography,14,0.09271523178807947,0.4264854980041642,0.41296759639507724,0.36875396412597317,0.3747306501835635,-0.02235586761181619,-0.044213632269104075,-0.07531719202822776,-0.05175484782060069,0.007954550593572807,-0.010408989091664322,0.5017717240055936,0.13491907333917266,5,0.5017717240055936,0.13491907333917266,0.45956683709411095,0.13799448161111533,0.46039090683651895,0.13829969094370562,0.5189127118174878,0.15220885938104353,0.4815798279053741,0.12280182242986885,-0.026262360552330992,0.22663346433367035,-0.04220488691148261,-0.0413808171690746,0.017140987811894215,-0.02019189610021943,fold_mean_null,0.84,-0.013403032874563695,0.0016521275031629514,99,-0.008952834737252495,0.84,-0.014979844265434295,0.0019952773715905827,99,-0.011282516286896697,0.96,-0.007917670220679544,0.03217504632391848,99,-0.03629596204842453,0.94,-0.015334508142749698,0.003110508257348569,99,-0.02687037876873291,0.98,-0.009892651158626127,0.012501968078938079,99,-0.04186219666197456,0.99,-0.0043792473125537235,0.010359729747403833,99,-0.03700156985652088,0.23076923076923078,0.0015501314053286564,0.022554768940208986,25,0.00640441918824415,0.19230769230769232,0.007640386795074569,0.019794931700694105,25,0.009500601016819646,-0.049783099420329,-0.053931862287628536,0.3091067410443771,0.5815106488935803,0.30332041242491786,0.572472105217395,-0.01690749290876477,0.0437861565439724,0.4351285045737616,0.6250507879065278,0.4351285045737616,0.6250507879065278,0.42431923838701896,0.6094430906198608,-0.062232636664665435,0.010928932102881303,-0.044052160857603405,0.01580599463777071,-0.04583129689587389,-0.010969818588767251,0.14924868597608054,0.3378944209620457,-0.006843462429529187,0.03879710254961635,-0.03784981913304338,-0.004252878537153338,-0.04586613430010556,-0.007044758266737254,-0.08808489027798636,-0.00935816538948847,-0.18345120354834624,-0.014711920787683639,-0.1391055831512826,-0.003579821453592336,0.5017717240055936,0.5017717240055936,0.45956683709411095,0.5189127118174878,0.46039090683651895,0.017140987811894215
Houston_SanJacinto_2017,A_authoritative,A_terrain_first,R0_none,0,0.29285428228159505,0.24941874026023633,0.24916721038957793,0.23982648356064978,0.2677735637710493,-0.003966767375877047,-0.009340726828928142,-0.012440488692262204,0.018354823510812995,0.0026341424807872216,0.0,0.3162672339625331,0.07036303569186693,5,0.3162672339625331,0.07036303569186693,0.34632644680008057,0.0925319305077646,0.3166063353404435,0.07019443423159277,0.3314309082377628,0.08387570071962655,0.3162672339625331,0.07036303569186693,-0.002331194864430596,0.6379038692924709,0.030059212837547478,0.0003391013779104335,0.015163674275229688,0.0,fold_mean_null,0.77,-0.0017513358810601859,0.004169525983297011,99,-0.002215431494816861,0.64,-0.0016130379261984353,0.004771694747090574,99,-0.0007181569382321608,0.76,0.0008843122667762242,0.03089490053389947,99,-0.010225039095704366,0.16,0.00960413101702374,0.04493140045311618,99,0.02045508182052374,0.51,0.021349892641537273,0.06447161755457198,99,-0.002995069130724278,0.46,0.008098326770169835,0.045706286893007216,99,-0.007759225392259402,0.7307692307692307,0.01583276533027904,0.04938262355633365,25,-0.013198622849491817,0.4230769230769231,0.01551437708340345,0.045537092973090054,25,-0.0003507028081737619,-0.0011258074653610463,0.029916778654722025,0.21223929131169053,0.29079754905622995,0.21135197349260482,0.29127338195405084,-0.012289999848500134,0.017030386442691895,0.2797066162115774,0.3588788681799627,0.2797066162115774,0.3588788681799627,0.29088069593354793,0.40824507727118714,-0.012983861832058748,0.07420976137824366,-0.02370776838156938,0.029663843136766573,-0.005635878390936678,0.0003472760176204763,0.6056193165350873,0.6753866761395962,-0.005003922068097975,0.04222349416981089,0.0,0.0,-0.009484110547034805,0.0004832535116682159,-0.021393082359684294,0.0043372838968686964,-0.02896592790311946,0.005885534322182421,-0.00853740709321352,0.04742088844116069,0.3162672339625331,0.3162672339625331,0.34632644680008057,0.3314309082377628,0.3166063353404435,0.015163674275229688
Houston_SanJacinto_2017,A_authoritative,A_terrain_first,R1_+terrain,3,0.29285428228159505,0.5090418267209535,0.47934899888739474,0.4774950315386529,0.5090418267209535,0.00017491195553170894,-0.0018539673487418251,-0.0035608638892079126,0.0,0.05714745088397932,-0.051308839913993265,0.5421540326918026,0.057443121283299085,5,0.5421540326918026,0.057443121283299085,0.5437707650420263,0.060470839920857646,0.5421540326918026,0.057443121283299085,0.590965191510808,0.06909640226201152,0.49870948770356094,0.07592485231956878,0.0005595968630355849,0.5802941880421504,0.0016167323502236375,0.0,0.04881115881900533,-0.043444544988241685,fold_mean_null,0.41,-0.0006515095770538447,0.004220988439300235,99,0.0008264215325855536,0.36,-0.0009244164152996794,0.004221329776049687,99,0.0014840132783352643,0.6,0.0005381651862822619,0.0166235730746924,99,-0.002392132535024087,0.27,-0.0018277856910431736,0.010508207134499037,99,0.003444518041266811,0.66,-0.0008974626654186123,0.011097736213731682,99,0.0008974626654186123,0.62,-0.0010650849375192643,0.008378456961153405,99,0.0010650849375192643,0.2692307692307692,0.037374684959996116,0.06485039336701882,25,0.019772765923983207,0.2692307692307692,0.0285560817018747,0.052152480333596915,25,0.020255077117130628,0.0025573464441237368,0.007523311959081089,0.4502103556182089,0.5674286286206549,0.4174554530256749,0.5416888503600533,0.02962622395724876,0.0869914580138737,0.48644972188092916,0.5931957184970494,0.48644972188092916,0.5931957184970494,0.4878305010356381,0.594526628537208,-0.0031744458327122456,0.005956711696207821,0.0,0.0,-0.0022832716233488906,0.003235088480630978,0.5466793626391293,0.616679758185797,0.019914065906726657,0.07311986092389966,-0.06798003102577753,-0.01782068581527448,-0.002444138794816208,0.0027589757460960568,-0.008388740220884209,0.0031553559285944065,-0.016195784370511723,0.006129479489554393,0.0,0.0,0.5421540326918026,0.5421540326918026,0.5437707650420263,0.590965191510808,0.5421540326918026,0.04881115881900533
Houston_SanJacinto_2017,A_authoritative,A_terrain_first,R2_+surface,6,0.29285428228159505,0.6552937690042713,0.6409726610078837,0.6411984578197389,0.65500422541235,-0.00010513976582031099,0.0002257968118551945,0.0006289125850111173,-0.00028954359192123746,0.034695480195527706,-0.07901300807032097,0.6813928678035821,0.050279252566378996,5,0.6813928678035821,0.050279252566378996,0.6840787271719698,0.04887050748908791,0.6837191152026328,0.048379140825522624,0.71122657712382,0.05509164927823902,0.6097083480922019,0.07728008114371422,0.0004915812417875663,0.5002671608054488,0.002685859368387722,0.0023262473990507404,0.029833709320237878,-0.07168451971138023,fold_mean_null,0.47,-0.0005407935972626966,0.004395385802485362,99,0.0004356538314423856,0.33,-0.0006108705326259676,0.004699235943147661,99,0.001102451774413534,0.36,-0.0015015228959203647,0.007307086275215522,99,0.0017273197077755592,0.2,-0.0017953127653568695,0.004818394334965847,99,0.004481172133744591,0.58,-0.0017805118102662753,0.002670546024452859,99,0.0014909682183450379,0.09,-0.00149446843406806,0.004054987546896249,99,0.0038207158331188,0.15384615384615385,0.018214793924657743,0.03800296078268014,25,0.016480686270869963,0.11538461538461539,0.012492125003583486,0.03092475550052029,25,0.01734158431665439,0.0022037260503738553,0.014064883302681361,0.5987378621148952,0.710185010123226,0.5832000614249526,0.6978012294815137,0.01562279909122186,0.053387726090194654,0.6256505581749069,0.7284861474265417,0.6256505581749069,0.7284861474265417,0.625771959720766,0.729410467705637,-0.006889293845786437,0.013321518189160116,-0.00550190660926394,0.011709240491620544,-0.0033678758417120323,0.004466574019521202,0.4629013313930651,0.5409011455189859,0.009079723336843915,0.048181930556601874,-0.09572930494559229,-0.04685372110699468,-0.004766501059387656,0.004045724765839019,-0.0116158851266637,0.009895575865424474,-0.03277101908841545,0.026727682059016968,-0.01013524725915784,0.008056964762664811,0.6813928678035821,0.6813928678035821,0.6840787271719698,0.71122657712382,0.6837191152026328,0.029833709320237878
Houston_SanJacinto_2017,A_authoritative,A_terrain_first,R3_+hydrography,10,0.29285428228159505,0.7124405533210718,0.7002413268909978,0.6998806867269572,0.7122622776304397,0.0002528928355690751,-0.0003606401640405821,-0.001203101682764126,-0.00017827569063211257,0.030182552290465625,-0.09289818477806377,0.7311640109948814,0.05008990206667797,5,0.7311640109948814,0.05008990206667797,0.7311799575202171,0.0509035641332905,0.7324539346152121,0.04820364146868863,0.758105885643514,0.04923249469749969,0.6427945783416666,0.07509243871106479,0.0004479208427082151,0.46746776344293445,1.5946525335763795e-05,0.0012899236203307574,0.026941874648632624,-0.08836943265321473,fold_mean_null,0.39,-0.0009233590915926569,0.003069691216836458,99,0.001176251927161732,0.33,-0.0010808097863599655,0.0032310816493460078,99,0.0015287306290681806,0.3,-0.002331154762781642,0.004338125369715728,99,0.00197051459874106,0.26,-0.0025099145995285837,0.0033706355642589684,99,0.0025258611248643475,0.59,-0.0011164646833584635,0.0014685324568322364,99,0.000938188992726351,0.06,-0.0009668279106184758,0.0012107879043158048,99,0.002256751530949233,0.07692307692307693,0.012310224019591635,0.024813955276097376,25,0.01787232827087399,0.038461538461538464,0.008536860446194892,0.021559064110165792,25,0.01840501420243773,0.0032702375406786707,0.009395546832147742,0.6605880920796344,0.7565131807909695,0.6458295340327634,0.7479824515902438,0.01682266748637784,0.04503487097726018,0.6745322403122216,0.7704524331088816,0.6745322403122216,0.7704524331088816,0.6760878403945269,0.7707063594446802,-0.006900426605812432,0.006860585603177545,-0.004845747220369101,0.009000688021614972,-0.002345051936126448,0.003682333008044422,0.43229546101185123,0.505408405168196,0.012895675527934802,0.04278541189128155,-0.10924915604053707,-0.06785014417011592,-0.0025267106415055814,0.0033662643792152763,-0.007185843639017711,0.0060995369669454265,-0.023334175334195018,0.021261840323821942,-0.006223277709075578,0.006041273788732637,0.7311640109948814,0.7311640109948814,0.7311799575202171,0.758105885643514,0.7324539346152121,0.026941874648632624
Houston_SanJacinto_2017,A_authoritative,A_terrain_first,R4_+forcing,14,0.29285428228159505,0.8397754446736387,0.8362098240723679,0.8364253148338918,0.8402217095463413,-0.00017170712454877583,0.00021549076152393987,0.0013156513222084257,0.0004462648727026064,0.0053656000912576385,-0.10934202174254526,0.8417684445192389,0.02803083303270671,5,0.8417684445192389,0.02803083303270671,0.8422323471803228,0.028383424041278364,0.8420544072765679,0.028157244431415693,0.8465277899975113,0.02760386436285382,0.7317743251804746,0.03341393754988998,8.557034747103844e-05,0.35404666018518316,0.00046390266108387035,0.00028596275732895027,0.004759345478272392,-0.10999411933876435,fold_mean_null,0.14,-0.0022195630775687686,0.0007755657043610693,99,0.0020478559530199927,0.06,-0.002358188164616674,-4.677176138884741e-05,99,0.0024437585120877124,0.07,-0.0032697690523844285,0.0003368315212223123,99,0.0034852598139083683,0.09,-0.0029844634736730575,0.000663006939068933,99,0.003448366134756928,0.08,-0.0008432946520287851,0.0006588434110720963,99,0.0012895595247313916,0.09,-0.0007941789964242882,0.0008353077746982229,99,0.0010801417537532384,0.23076923076923078,0.0013040793007375617,0.008637344464793228,25,0.004061520790520077,0.23076923076923078,0.001464501433661618,0.008755209983475142,25,0.003294844044610774,0.00690236284338768,0.021793163343933664,0.8066635031365036,0.8694909056057258,0.8004035632488699,0.8677823135608459,-0.0005863909257972112,0.011356557835434164,0.8068568996043233,0.8676212956816692,0.8068568996043233,0.8676212956816692,0.8072038195250903,0.8674647129508791,-0.001902851895889665,0.002997343660647161,-0.0011032143014540418,0.0015996110984698635,-0.0012562116275317249,0.0016853056156473556,0.32933974755548934,0.38178508096937547,-0.0008337941517516932,0.010283895853004174,-0.1322422922709893,-0.08767645811019825,-0.0017550925288276004,0.0013774214284374216,-0.001692815434138517,0.00212310137696607,-0.010120928829839958,0.012693371570207822,-0.0006896958568929412,0.0020058708522028837,0.8417684445192389,0.8417684445192389,0.8422323471803228,0.8465277899975113,0.8420544072765679,0.004759345478272392
Houston_SanJacinto_2017,A_authoritative,A_terrain_first,R5_+sar_event,15,0.29285428228159505,0.8466978994007291,0.8429828615454238,0.8430789055882297,0.846581819336043,-0.0004672739278911706,9.604404280594281e-05,0.0006116787234262811,-0.00011608006468610821,0.0045817446583681365,-0.11237683317544189,0.8487329541335361,0.029791145091001864,5,0.8487329541335361,0.029791145091001864,0.849384296450493,0.029823226955387132,0.8488793991719982,0.030315736016498066,0.8525792340215925,0.03064868193303157,0.7363072208282764,0.03487562325011405,-9.466409554729138e-05,0.3454744384115517,0.0006513423169568489,0.00014644503846206192,0.003846279888056414,-0.11242573330525973,fold_mean_null,0.18,-0.0021938095785814884,0.0006380425093849171,99,0.0017265356506903178,0.07,-0.0023503124744718583,8.816664332644885e-06,99,0.002255648378924567,0.06,-0.0030968534973484303,8.666508646750621e-05,99,0.003192897540154373,0.04,-0.002785962110759945,0.0005491187602945869,99,0.003437304427716794,0.48,-0.0008349893097602078,0.0007171190216013195,99,0.0007189092450740996,0.11,-0.0007913973206651595,0.0004428945743836535,99,0.0009378423591272214,0.2692307692307692,0.0020230020118405757,0.009966804790250156,25,0.002558742646527561,0.2692307692307692,0.0018870767158921397,0.009603192654688245,25,0.0019592031721642747,0.006529132486026336,0.022723418759372022,0.8141390604144207,0.874726511072999,0.8098154719360336,0.8730710382095807,-0.0005752820678341567,0.009791997235524577,0.8142841016554598,0.8747768201585159,0.8142841016554598,0.8747768201585159,0.8126907307352732,0.874090548894557,-0.0015604952625618367,0.0031769035083874064,-0.0021706377719223177,0.002557358988052385,-0.001476398676401531,0.0013042504074718224,0.3213731260493972,0.3727256521161961,-0.0016521423732469202,0.009117400045000909,-0.13416553005421072,-0.09038139730176563,-0.002257662404209904,0.0011541953402410714,-0.0018523250495880105,0.0019351387375723303,-0.011139147732784127,0.01188945954219319,-0.0022137920158176116,0.001863316941304799,0.8487329541335361,0.8487329541335361,0.849384296450493,0.8525792340215925,0.8488793991719982,0.003846279888056414
Houston_SanJacinto_2017,A_authoritative,B_surface_first,R0_none,0,0.29285428228159505,0.24941874026023633,0.24916721038957793,0.23982648356064978,0.2677735637710493,-0.003966767375877047,-0.009340726828928142,-0.012440488692262204,0.018354823510812995,0.0026341424807872216,0.0,0.3162672339625331,0.07036303569186693,5,0.3162672339625331,0.07036303569186693,0.34632644680008057,0.0925319305077646,0.3166063353404435,0.07019443423159277,0.3314309082377628,0.08387570071962655,0.3162672339625331,0.07036303569186693,-0.002331194864430596,0.6379038692924709,0.030059212837547478,0.0003391013779104335,0.015163674275229688,0.0,fold_mean_null,0.77,-0.0017513358810601859,0.004169525983297011,99,-0.002215431494816861,0.64,-0.0016130379261984353,0.004771694747090574,99,-0.0007181569382321608,0.76,0.0008843122667762242,0.03089490053389947,99,-0.010225039095704366,0.16,0.00960413101702374,0.04493140045311618,99,0.02045508182052374,0.51,0.021349892641537273,0.06447161755457198,99,-0.002995069130724278,0.46,0.008098326770169835,0.045706286893007216,99,-0.007759225392259402,0.7307692307692307,0.01583276533027904,0.04938262355633365,25,-0.013198622849491817,0.4230769230769231,0.01551437708340345,0.045537092973090054,25,-0.0003507028081737619,-0.0011258074653610463,0.029916778654722025,0.21223929131169053,0.29079754905622995,0.21135197349260482,0.29127338195405084,-0.012289999848500134,0.017030386442691895,0.2797066162115774,0.3588788681799627,0.2797066162115774,0.3588788681799627,0.29088069593354793,0.40824507727118714,-0.012983861832058748,0.07420976137824366,-0.02370776838156938,0.029663843136766573,-0.005635878390936678,0.0003472760176204763,0.6056193165350873,0.6753866761395962,-0.005003922068097975,0.04222349416981089,0.0,0.0,-0.009484110547034805,0.0004832535116682159,-0.021393082359684294,0.0043372838968686964,-0.02896592790311946,0.005885534322182421,-0.00853740709321352,0.04742088844116069,0.3162672339625331,0.3162672339625331,0.34632644680008057,0.3314309082377628,0.3166063353404435,0.015163674275229688
Houston_SanJacinto_2017,A_authoritative,B_surface_first,R1_+surface,3,0.29285428228159505,0.42897782934077466,0.4038711536295215,0.41033502304591696,0.4444752564454426,-0.002224136883159407,0.006463869416395485,0.010843074371842018,0.015497427104667949,0.0042521052967191,0.0014542009380762444,0.5043388056705833,0.09985121146510567,5,0.5043388056705833,0.09985121146510567,0.5296487660944157,0.11099942041580346,0.5301480914014226,0.10831725979462352,0.5171021832100742,0.12321210615560466,0.49130922021675094,0.0841268641840987,9.43431998461303e-06,0.5834739497254565,0.02530996042383238,0.025809285730839293,0.012763377539490861,-0.01302958545383237,fold_mean_null,0.68,-0.000941894918955109,0.0068457328107629735,99,-0.001282241964204298,0.38,-0.0008932955129584624,0.0063406947510736954,99,0.0009027298329430754,0.23,0.0022174905169646776,0.023553106485443225,99,0.004246378899430807,0.02,-0.0012112634741665608,0.016527638108965778,99,0.02652122389799894,0.09,0.0009623036909388307,0.021170252966095805,99,0.014535123413729117,0.01,-0.002675535768596499,0.006368784806545215,99,0.028484821499435792,0.6538461538461539,0.008670249903311021,0.03631378848188656,25,-0.004418144606591921,0.19230769230769232,-0.002513033055432754,0.02853212947965441,25,0.015276410594923615,0.0015471639022921918,0.053506758651702964,0.3705825556246206,0.48597200216374925,0.34464110378691815,0.4650067232025131,-0.022696710395194584,0.03388517571087201,0.4516686074728874,0.5529408493758102,0.4516686074728874,0.5529408493758102,0.4700424443134945,0.5763805778408256,0.0020809012390649003,0.04608970389846236,0.0003100186073281004,0.04880257828757133,-0.006215393467378378,0.006658598918974992,0.5527033390891072,0.6243862077129404,-0.009646999097443343,0.034181894765551446,-0.03045061740366541,0.004870935223125233,-0.010246965628241712,0.005031675044006306,-0.010262242879556075,0.026827726057023663,-0.017495822148765192,0.04461193976279963,-0.011099028080679044,0.04205182602398795,0.5043388056705833,0.5043388056705833,0.5296487660944157,0.5171021832100742,0.5301480914014226,0.012763377539490861
Houston_SanJacinto_2017,A_authoritative,B_surface_first,R2_+forcing,7,0.29285428228159505,0.5933339255135001,0.580566100086474,0.5739652653083045,0.587784595759421,-0.0017663569445805585,-0.006600834778169529,-0.015737485166388343,-0.005549329754079069,0.016490421628027274,-0.030861161070586784,0.6044041790209198,0.08472683105425424,5,0.6044041790209198,0.08472683105425424,0.6069989567098902,0.08893995165832866,0.6070748992912589,0.0909867757286231,0.620367269497565,0.07131757745706405,0.571626492404185,0.08377433201852069,-0.001131596357179188,0.5224323586499713,0.002594777688970429,0.0026707202703390998,0.015963090476645236,-0.03277768661673486,fold_mean_null,0.51,-0.002324790820364955,0.0016487596768856548,99,0.0005584338757843965,0.36,-0.002523563530262944,0.0008767536332037106,99,0.0013919671730837561,0.64,-0.005497739405531255,0.0037247460204026237,99,-0.0011030953726382737,0.07,-0.004524172549711441,0.003064439441159622,99,0.00711895023868187,0.77,-0.0034485761871593796,0.0005355935938599164,99,-0.002100753566919689,0.02,-0.0030064648184172133,0.0,99,0.005677185088756313,0.11538461538461539,-0.004806842191165188,0.01862346733876755,25,0.02129726381919246,0.15384615384615385,-0.0030234296557242013,0.018674201471013327,25,0.018986520132369438,0.002664396931079783,0.017995514262670466,0.5444643417443326,0.6406401991712348,0.5308085069089225,0.6275255955919335,-0.015233126456149156,0.04254595255191963,0.5493322997824922,0.6475396574896227,0.5493322997824922,0.6475396574896227,0.5528661746851258,0.6497663100500245,-0.007290518771872231,0.01176206283306976,-0.007748801030919658,0.012921084206018799,-0.0036240194485565483,0.0013329504533501299,0.4956184671951704,0.5540117518513328,-0.012374390141789711,0.04445001626795588,-0.05989794992519362,-0.008067272201022867,-0.0047406429987196545,0.0008244600720073387,-0.01935214249091178,0.003435104917972509,-0.04525722996413874,0.00815130139426888,-0.01914512019444437,0.006646519924330797,0.6044041790209198,0.6044041790209198,0.6069989567098902,0.620367269497565,0.6070748992912589,0.015963090476645236
Houston_SanJacinto_2017,A_authoritative,B_surface_first,R3_+terrain,10,0.29285428228159505,0.8368361518343745,0.8309973075860033,0.8303137147329893,0.8377969435850791,-0.0012887796228580786,-0.0006835928530140034,-0.00404486368382489,0.000960791750704515,0.0029629052999120553,-0.11365507048886991,0.8389105786898305,0.02529122049073949,5,0.8389105786898305,0.02529122049073949,0.8385613305866203,0.026282689717644914,0.839736215072121,0.025016523201014048,0.840614352661005,0.02843084392520319,0.7256457943570217,0.03429523106464478,-0.00047579366067210786,0.35680892024458866,-0.00034924810321024236,0.0008256363822904955,0.0017037739711744937,-0.11326478433280884,fold_mean_null,0.44,-0.0021205786390015822,0.0005682472194763958,99,0.0008317990161435037,0.2,-0.0021370519392989156,7.093368425733357e-05,99,0.0016612582786268077,0.19,-0.0030219708017531106,0.00024118271887676332,99,0.0023383779487391072,0.15,-0.003173016959015777,0.00015298707060631405,99,0.0028237688558055344,0.02,-0.0008353403878600071,0.00011542379599155367,99,0.001796132138564522,0.02,-0.0008176906834314686,0.0001143334219606772,99,0.001643327065721964,0.34615384615384615,-0.0007078454294620551,0.008308510914834042,25,0.0036707507293741106,0.38461538461538464,-0.0008549337409169944,0.008155341886116349,25,0.002558707712091488,0.004655876533266133,0.01752920106633515,0.8005256291284849,0.8673186870992212,0.7934690769107234,0.8632061471388043,-0.004648153077202094,0.0111666036832018,0.8030813997624108,0.8641698731778227,0.8030813997624108,0.8641698731778227,0.8018070590593736,0.8643604466489577,-0.00285277967012674,0.002160683699557602,-0.00041106089979543736,0.0021394291679720065,-0.002204121062710135,0.001132660837811578,0.3334404292107298,0.3818638645567285,-0.006606295438941398,0.010176141644011474,-0.13132764329078536,-0.09098721011590025,-0.003893212259858793,0.0007583419791282139,-0.0031916067816705057,0.0014999660626067194,-0.01923902503627994,0.008686456032606484,-0.0002440863265536691,0.0024750125211539017,0.8389105786898305,0.8389105786898305,0.8385613305866203,0.840614352661005,0.839736215072121,0.0017037739711744937
Houston_SanJacinto_2017,A_authoritative,B_surface_first,R4_+hydrography,14,0.29285428228159505,0.8397754446736387,0.8362098240723679,0.8364253148338918,0.8402217095463413,-0.00017170712454877583,0.00021549076152393987,0.0013156513222084257,0.0004462648727026064,0.0053656000912576385,-0.10934202174254526,0.8417684445192389,0.02803083303270671,5,0.8417684445192389,0.02803083303270671,0.8422323471803228,0.028383424041278364,0.8420544072765679,0.028157244431415693,0.8465277899975113,0.02760386436285382,0.7317743251804746,0.03341393754988998,8.557034747103844e-05,0.35404666018518316,0.00046390266108387035,0.00028596275732895027,0.004759345478272392,-0.10999411933876435,fold_mean_null,0.14,-0.0022195630775687686,0.0007755657043610693,99,0.0020478559530199927,0.06,-0.002358188164616674,-4.677176138884741e-05,99,0.0024437585120877124,0.07,-0.0032697690523844285,0.0003368315212223123,99,0.0034852598139083683,0.09,-0.0029844634736730575,0.000663006939068933,99,0.003448366134756928,0.08,-0.0008432946520287851,0.0006588434110720963,99,0.0012895595247313916,0.09,-0.0007941789964242882,0.0008353077746982229,99,0.0010801417537532384,0.23076923076923078,0.0013040793007375617,0.008637344464793228,25,0.004061520790520077,0.23076923076923078,0.001464501433661618,0.008755209983475142,25,0.003294844044610774,0.00690236284338768,0.021793163343933664,0.8066635031365036,0.8694909056057258,0.8004035632488699,0.8677823135608459,-0.0005863909257972112,0.011356557835434164,0.8068568996043233,0.8676212956816692,0.8068568996043233,0.8676212956816692,0.8072038195250903,0.8674647129508791,-0.001902851895889665,0.002997343660647161,-0.0011032143014540418,0.0015996110984698635,-0.0012562116275317249,0.0016853056156473556,0.32933974755548934,0.38178508096937547,-0.0008337941517516932,0.010283895853004174,-0.1322422922709893,-0.08767645811019825,-0.0017550925288276004,0.0013774214284374216,-0.001692815434138517,0.00212310137696607,-0.010120928829839958,0.012693371570207822,-0.0006896958568929412,0.0020058708522028837,0.8417684445192389,0.8417684445192389,0.8422323471803228,0.8465277899975113,0.8420544072765679,0.004759345478272392
Houston_SanJacinto_2017,A_authoritative,B_surface_first,R5_+sar_event,15,0.29285428228159505,0.8466978994007291,0.8429828615454238,0.8430789055882297,0.846581819336043,-0.0004672739278911706,9.604404280594281e-05,0.0006116787234262811,-0.00011608006468610821,0.0045817446583681365,-0.11237683317544189,0.8487329541335361,0.029791145091001864,5,0.8487329541335361,0.029791145091001864,0.849384296450493,0.029823226955387132,0.8488793991719982,0.030315736016498066,0.8525792340215925,0.03064868193303157,0.7363072208282764,0.03487562325011405,-9.466409554729138e-05,0.3454744384115517,0.0006513423169568489,0.00014644503846206192,0.003846279888056414,-0.11242573330525973,fold_mean_null,0.18,-0.0021938095785814884,0.0006380425093849171,99,0.0017265356506903178,0.07,-0.0023503124744718583,8.816664332644885e-06,99,0.002255648378924567,0.06,-0.0030968534973484303,8.666508646750621e-05,99,0.003192897540154373,0.04,-0.002785962110759945,0.0005491187602945869,99,0.003437304427716794,0.48,-0.0008349893097602078,0.0007171190216013195,99,0.0007189092450740996,0.11,-0.0007913973206651595,0.0004428945743836535,99,0.0009378423591272214,0.2692307692307692,0.0020230020118405757,0.009966804790250156,25,0.002558742646527561,0.2692307692307692,0.0018870767158921397,0.009603192654688245,25,0.0019592031721642747,0.006529132486026336,0.022723418759372022,0.8141390604144207,0.874726511072999,0.8098154719360336,0.8730710382095807,-0.0005752820678341567,0.009791997235524577,0.8142841016554598,0.8747768201585159,0.8142841016554598,0.8747768201585159,0.8126907307352732,0.874090548894557,-0.0015604952625618367,0.0031769035083874064,-0.0021706377719223177,0.002557358988052385,-0.001476398676401531,0.0013042504074718224,0.3213731260493972,0.3727256521161961,-0.0016521423732469202,0.009117400045000909,-0.13416553005421072,-0.09038139730176563,-0.002257662404209904,0.0011541953402410714,-0.0018523250495880105,0.0019351387375723303,-0.011139147732784127,0.01188945954219319,-0.0022137920158176116,0.001863316941304799,0.8487329541335361,0.8487329541335361,0.849384296450493,0.8525792340215925,0.8488793991719982,0.003846279888056414
Jakarta_2020,B_crowdsourced,A_terrain_first,R0_none,0,0.016483946137845828,0.011958598081471044,0.011895143186387184,0.014821385287789044,0.011958598081471044,0.0019705145517601875,0.00292624210140186,0.002961469201596931,0.0,0.013594928609938795,-0.001183175585504034,0.02921138311608575,0.017015141992769836,5,0.02921138311608575,0.017015141992769836,0.036999373610135416,0.020667161732420145,0.02921138311608575,0.017015141992769836,0.04315410332678173,0.0188266240342372,0.02746553942798754,0.016727625395137894,0.0028721635510694,0.13972950100857323,0.007787990494049667,0.0,0.013942720210695984,-0.0017458436880982107,fold_mean_null,0.44,0.001921048845139649,0.006434450355381139,99,4.94657066205384e-05,0.34,0.0020160324650202155,0.007215697288168704,99,0.0008561310860491843,0.54,0.005638149714416972,0.015859161560850803,99,-0.002711907613015112,0.43,0.009300449132648,0.03267428579257082,99,-0.0015124586385983334,1.0,0.0,0.0,99,0.0,1.0,0.0,0.0,99,0.0,0.07692307692307693,0.0064652798354515395,0.011842470329570831,25,0.007129648774487255,0.19230769230769232,0.008721028865831645,0.026901695510711386,25,0.005221691344864339,0.006127060354968673,-0.0015579690699846673,0.007980422801536526,0.01762656428082859,0.007934983103072439,0.017362336875418733,0.007308597383411797,0.02140867114024065,0.019716579757386037,0.04080009561191086,0.019716579757386037,0.04080009561191086,0.024664732137061413,0.058333286568027345,-0.0001443527452577572,0.029710392552966116,0.0,0.0,-6.308593895013553e-05,0.0062772308378719124,0.09976477640695813,0.18729667218506532,0.005980894511629921,0.027169219318836143,-0.00469524194443982,0.005205371991831835,0.0007480787289066744,0.0035330703517105523,0.0007696696868809796,0.006484218620851954,0.0007774866420929428,0.006584319004659555,0.0,0.0,0.02921138311608575,0.02921138311608575,0.036999373610135416,0.04315410332678173,0.02921138311608575,0.013942720210695984
Jakarta_2020,B_crowdsourced,A_terrain_first,R1_+terrain,3,0.016483946137845828,0.025599184231380787,0.018973835255674133,0.022508729420715613,0.028940324629307058,0.001127040109712171,0.0035348941650414807,0.0036032618619940087,0.003341140397926271,0.01200560836770325,-0.0002446350758530738,0.04878237964413677,0.03293579246639045,5,0.0462927082490054,0.03344403938991609,0.03659311407367849,0.01999251823083739,0.050743100432624276,0.03409842378838381,0.06097869907803396,0.040043868356779734,0.048481221789425016,0.033189753626027114,0.0018723700937727857,0.13746032342737113,-0.009699594175326912,0.0019607207884875036,0.012196319433897186,-0.00030115785471175605,fold_mean_null,0.54,0.0015509160465523412,0.004800529977009868,99,-0.0004238759368401703,0.43,0.0016201459285733648,0.005924732572803741,99,0.0002522241651994209,0.57,0.0068334715254571516,0.018700460648748397,99,-0.003298577360415671,0.99,0.007332521359814,0.03814707129602031,99,-0.01703211553514091,0.28,0.002571294118448234,0.0117096173338126,99,0.0007698462794780373,0.36,0.003660084148537403,0.020467503458858626,99,-0.0016993633600498994,0.23076923076923078,0.0068017441001412115,0.023593854881363244,25,0.005203864267562039,0.3076923076923077,0.006865349037765376,0.022817443670080664,25,0.0053309703961318105,0.0018348870343862288,-0.01785885007114726,0.014143297316320812,0.038499172145569756,0.010860480104091814,0.029729205983713557,0.0045932960149024605,0.021005586009215815,0.02645155774032739,0.07418834923748481,0.025246230033793268,0.07296388510488748,0.024842550627638488,0.055502169326133104,-0.02562097316354139,0.003950549607400765,-0.0012793260852758518,0.006913398993294844,-0.0005218258589166006,0.00457652973531587,0.09937558687856243,0.18087343407822984,0.00030952412559385355,0.019831693844482065,-0.001303122978991335,0.00023713709171224484,-0.00023832645076638022,0.0025796036611004706,-0.000790555642267002,0.009173947832880287,-0.0008087816740910784,0.009380542439986457,0.0004231678003833202,0.009794498863595454,0.04878237964413677,0.0462927082490054,0.03659311407367849,0.06097869907803396,0.050743100432624276,0.012196319433897186
Jakarta_2020,B_crowdsourced,A_terrain_first,R2_+surface,6,0.016483946137845828,0.02858909591365155,0.020060927635658376,0.022876457078797378,0.031166606785294856,0.0008115310989459305,0.002815529443139002,0.0028731678555747875,0.0025775108716433077,0.013026919620775988,-1.4995441002436244e-05,0.054680722821519236,0.032796148249582,5,0.047743560866913795,0.03263349722678423,0.03699935549860642,0.01959805630226251,0.05428015084481874,0.033729559780248906,0.06299983985872978,0.03747119051970687,0.054425851116440715,0.03267624933015401,0.0010143087059722436,0.13652722882427168,-0.010744205368307377,-0.00040057197670049366,0.008319117037210548,-0.00025487170507852014,fold_mean_null,0.54,0.001394581037901028,0.004401044789271372,99,-0.0005830499389550975,0.5,0.0014279435365250701,0.0052394348074543545,99,-0.00041363483055282656,0.62,0.006440198738718422,0.020905018256072893,99,-0.00362466929557942,0.99,0.005730869965341848,0.02631777525407448,99,-0.016475075333649225,0.35,0.0027244027151482834,0.011428725079310885,99,-0.00014689184350497562,0.8,0.0023213627594227937,0.01534721140056941,99,-0.0027219347361232874,0.19230769230769232,0.007384926851399476,0.028789859949911692,25,0.0056419927693765115,0.34615384615384615,0.004810214876776468,0.024461698208536865,25,0.0035089021604340796,-0.003029687441215323,-0.01730109102611874,0.016395351622935306,0.04275930944054221,0.01145818559604032,0.03033731318703263,0.004748411300183003,0.02160601587394613,0.03030274741101882,0.07730212989259845,0.027217650007900523,0.0689220621532514,0.025888820058031805,0.05424439198385297,-0.022889691132701902,0.0028339252207118465,-0.002925922960521124,0.0038463795312822942,-0.001012359077043119,0.0032110847167734595,0.09884095532246463,0.17880156706758615,-0.003142496149833073,0.02037807530303327,-0.0007790273046006528,0.0005405767721378549,-0.0003978467945162051,0.0020511564109268222,-0.0008951826984056702,0.007116889761013134,-0.0009188619374277342,0.007271526046094869,6.621104641667541e-05,0.008212613509926884,0.054680722821519236,0.047743560866913795,0.03699935549860642,0.06299983985872978,0.05428015084481874,0.008319117037210548
Jakarta_2020,B_crowdsourced,A_terrain_first,R3_+hydrography,10,0.016483946137845828,0.031457192098713574,0.020013677394780504,0.023756673284149224,0.032146305822261856,0.0014792663205871765,0.00374299588936872,0.0038194368666475353,0.0006891137235482819,0.010126769697315324,0.00013131379785670527,0.05363316123135544,0.02789657003593441,5,0.04128177870293558,0.022180719176969916,0.03739560912084911,0.016851389351244164,0.04939601140188765,0.025156318752241516,0.05665142199147564,0.02345762885230693,0.05463995952191196,0.02893419384305284,0.001627499247691154,0.1371243771632884,-0.003886169582086471,-0.004237149829467789,0.0030182607601201977,0.0010067982905565195,fold_mean_null,0.47,0.0015825086622387147,0.004996994323998275,99,-0.00010324234165153814,0.45,0.0016410942887193308,0.0059498543592863065,99,-1.3595041028176876e-05,0.5,0.005484875175491795,0.014501979929216532,99,-0.0017418792861230749,0.98,0.007921612173808707,0.024642577718458337,99,-0.011807781755895178,0.42,0.0016408160053051402,0.009335667457376864,99,-0.0009517022817568583,0.88,-0.000910728909137402,0.004266729756594744,99,-0.0033264209203303866,0.19230769230769232,0.006620725406676449,0.01848843586077853,25,0.0035060442906388756,0.5384615384615384,0.004332112728479701,0.016890980327232522,25,-0.0013138519683595033,-9.914386711844701e-05,-0.012316217104875979,0.018320537267594195,0.04647044459628883,0.01238877664186017,0.029719365543063272,0.0030632888831368704,0.018891173326122897,0.032199364247602565,0.07365311426498201,0.02748645962467125,0.05962923126655532,0.02628482304486317,0.05344337950434416,-0.012204126795508027,0.003852186710658694,-0.011541834984306647,0.0007686098367289016,-0.0006629105870374252,0.0043593413571522,0.09867914230388085,0.18121015105221291,-0.004287929514329636,0.011637761559377116,-0.00025218508404474077,0.0018109742144381737,0.0002145619113729057,0.0028478231980257184,0.0005776365006629379,0.007325233016633892,0.0005886672458391186,0.007506583262607292,-0.0030421447338803663,0.0027353661135028394,0.05363316123135544,0.04128177870293558,0.03739560912084911,0.05665142199147564,0.04939601140188765,0.0030182607601201977
Jakarta_2020,B_crowdsourced,A_terrain_first,R4_+forcing,14,0.016483946137845828,0.058101724240724344,0.034999965045255835,0.03167192398204852,0.052178206754003344,0.00044529694218546623,-0.003328041063207318,-0.0034487470908365243,-0.005923517486721,-0.012531303078250074,-0.003127198174563403,0.07421992805306601,0.032617336076938036,5,0.05510741490818207,0.026662362862955567,0.04771007819892075,0.02360148334960408,0.06954786035487638,0.03066106319758423,0.06210520418953673,0.029866780907817445,0.0706880655513792,0.030142607480040513,0.00014577394503039682,0.13571114753177177,-0.007397336709261321,-0.004672067698189633,-0.012114723863529284,-0.003531862501686814,fold_mean_null,0.6,0.0011300247612406479,0.0037057705860689956,99,-0.0006847278190551816,0.73,0.0015303428566357153,0.004925470687377183,99,-0.0013845689116053184,0.81,0.00366315489381396,0.01635721795000235,99,-0.006991195957021279,0.95,0.007759367580704331,0.02671967257860163,99,-0.015156704289965652,0.57,-0.003485752915176704,0.0071122681015239955,99,-0.002437764571544296,0.61,-0.002773681101309224,0.007473583396143122,99,-0.001898386596880409,0.8461538461538461,-0.002558926135407065,0.00627739624407217,25,-0.009972376942843008,0.8846153846153846,-0.0020274716247751083,0.005952883909145352,25,-0.010087252238754176,-0.010202322629990088,-0.016040663805709548,0.028363084220025474,0.0905065138888288,0.015590304307887423,0.06850152214945168,-0.03206327521741842,0.0011358447303068035,0.043011927013459704,0.10229461508784125,0.031156502711813406,0.08148820037099598,0.029784462690504856,0.06875935702760781,-0.015415020855906255,0.00027900722278700787,-0.01118905571376699,0.002750368138160428,-0.0015660427380143158,0.001969068484734753,0.09867971463430862,0.17736763694409358,-0.02681256120789194,0.0038471814906395787,-0.007250179075389117,0.0008550953866014757,-0.0005269972488773712,0.0015045223798826738,-0.013615811214228266,0.002678091181973292,-0.014444893894294068,0.0027592958724166035,-0.017714088053695586,0.0030328782029961678,0.07421992805306601,0.05510741490818207,0.04771007819892075,0.06210520418953673,0.06954786035487638,-0.012114723863529284
Jakarta_2020,B_crowdsourced,A_terrain_first,R5_+sar_event,15,0.016483946137845828,0.07978361634145428,0.053320434805126986,0.04560598053972711,0.07346350993515771,0.0004198761538158737,-0.007714454265399878,-0.008148960375849949,-0.006320106406296572,-0.01563817489837846,-0.0038741229385838016,0.09630032699163509,0.028523986327667845,5,0.07653622320627537,0.03541579295220838,0.06895948649189163,0.030146402776793882,0.09141519265427453,0.030111673457833648,0.08149069316262968,0.032045772559844234,0.09493465777337133,0.026922677257290476,-3.802430868448635e-05,0.1318556206001614,-0.007576736714383747,-0.0048851343373605555,-0.014809633829005409,-0.0013656692182637542,fold_mean_null,0.63,0.0010707483740691646,0.0034002244468119714,99,-0.0006508722202532909,0.73,0.0013944062292064361,0.004701070741314932,99,-0.0014324305378909225,0.93,0.004262408996713619,0.022267922541642508,99,-0.011976863262113498,0.97,0.014218260131457317,0.03236663130748655,99,-0.021794996845841064,0.73,-0.003488467055688181,0.002641691197583913,99,-0.002831639350608391,0.83,-0.0003440958263601974,0.008857204217337957,99,-0.004541038511000358,0.8076923076923077,-0.005692655674790588,0.008787455734234409,25,-0.009945519223587872,0.8076923076923077,-0.005038181840442406,0.006251219245577762,25,-0.009771451988563003,-0.010863628955451362,-0.023601355454908594,0.039705588669988884,0.11750084542219758,0.01993611248108209,0.0956561466893854,-0.033930695036513206,0.0021355692565244713,0.05292062070380889,0.1310566890320215,0.03821200957619338,0.10834077332719497,0.037981432344725084,0.0978150483507279,-0.013400007307397327,0.004449909057654854,-0.014843225052159594,0.003682554470518248,-0.0017169977593678146,0.001559751386426336,0.0969270205326709,0.1711460119826788,-0.02824356965377421,0.0005203729694127123,-0.0033250432416816024,0.0010293045672003036,-0.0005245968192987259,0.0014163922927454271,-0.017455734122636856,0.0012489721610815187,-0.01902062732038547,0.0012850866929412584,-0.021789173624704818,0.0037666638071079703,0.09630032699163509,0.07653622320627537,0.06895948649189163,0.08149069316262968,0.09141519265427453,-0.014809633829005409
Jakarta_2020,B_crowdsourced,B_surface_first,R0_none,0,0.016483946137845828,0.011958598081471044,0.011895143186387184,0.014821385287789044,0.011958598081471044,0.0019705145517601875,0.00292624210140186,0.002961469201596931,0.0,0.013594928609938795,-0.001183175585504034,0.02921138311608575,0.017015141992769836,5,0.02921138311608575,0.017015141992769836,0.036999373610135416,0.020667161732420145,0.02921138311608575,0.017015141992769836,0.04315410332678173,0.0188266240342372,0.02746553942798754,0.016727625395137894,0.0028721635510694,0.13972950100857323,0.007787990494049667,0.0,0.013942720210695984,-0.0017458436880982107,fold_mean_null,0.44,0.001921048845139649,0.006434450355381139,99,4.94657066205384e-05,0.34,0.0020160324650202155,0.007215697288168704,99,0.0008561310860491843,0.54,0.005638149714416972,0.015859161560850803,99,-0.002711907613015112,0.43,0.009300449132648,0.03267428579257082,99,-0.0015124586385983334,1.0,0.0,0.0,99,0.0,1.0,0.0,0.0,99,0.0,0.07692307692307693,0.0064652798354515395,0.011842470329570831,25,0.007129648774487255,0.19230769230769232,0.008721028865831645,0.026901695510711386,25,0.005221691344864339,0.006127060354968673,-0.0015579690699846673,0.007980422801536526,0.01762656428082859,0.007934983103072439,0.017362336875418733,0.007308597383411797,0.02140867114024065,0.019716579757386037,0.04080009561191086,0.019716579757386037,0.04080009561191086,0.024664732137061413,0.058333286568027345,-0.0001443527452577572,0.029710392552966116,0.0,0.0,-6.308593895013553e-05,0.0062772308378719124,0.09976477640695813,0.18729667218506532,0.005980894511629921,0.027169219318836143,-0.00469524194443982,0.005205371991831835,0.0007480787289066744,0.0035330703517105523,0.0007696696868809796,0.006484218620851954,0.0007774866420929428,0.006584319004659555,0.0,0.0,0.02921138311608575,0.02921138311608575,0.036999373610135416,0.04315410332678173,0.02921138311608575,0.013942720210695984
Jakarta_2020,B_crowdsourced,B_surface_first,R1_+surface,3,0.016483946137845828,0.01436768524377297,0.011374932712479469,0.015707168107614505,0.014822571802540343,0.002212810066053159,0.004332235395135036,0.004382081274776232,0.0004548865587673725,0.010544381791811457,-3.239783550731956e-05,0.02985199457082898,0.01716033828783955,5,0.029212571964339674,0.016975307074906545,0.030608090412236905,0.013766522252086503,0.030188198621926295,0.016955538775080634,0.03823685061205274,0.01782645355344271,0.029804395798141294,0.017224369450653053,0.0025212481365339203,0.14150397044341362,0.0013955184478972316,0.00033620405109731355,0.008384856041223757,-4.759877268768753e-05,fold_mean_null,0.44,0.0019138276437918869,0.006069844805777584,99,0.0002989824222612721,0.42,0.0022073068461265196,0.007709652396619752,99,0.0003139412904074007,0.47,0.005237809801517577,0.015203959180548645,99,-0.0009055744063825406,0.77,0.007231451468227701,0.028321831942434362,99,-0.00583593302033047,0.35,0.0003175773102431342,0.0006355304203150534,99,0.0001373092485242383,0.37,0.00026814800604392204,0.0007086175403745634,99,6.80560450533915e-05,0.23076923076923078,0.006216384662194744,0.014539914631061874,25,0.004327997129616713,0.3076923076923077,0.0076247371689046025,0.028968048112916908,25,0.0007601188723191541,0.002218604110002295,-0.006011545732662801,0.009646304118688363,0.01925499920852157,0.00736409528953073,0.017527885527153793,0.005688396825119078,0.01644930097967429,0.020329271486817336,0.0415902758743995,0.02001081647429568,0.04085613575948937,0.022187424486413015,0.044061056724972215,-0.00242074131375934,0.009707258099391212,8.494984432764735e-05,0.0011944825876353076,5.917310534656259e-05,0.005399660640555585,0.10051547910566166,0.1903012419304014,0.00202368461055377,0.015454606118060791,-0.0002074357101297648,0.0003984710560696617,0.0009775102868305459,0.003704634883940146,0.0017946780193099766,0.007193532061404401,0.0018149421997619053,0.007306235334040333,0.00022571325254184732,0.0008358155210099252,0.02985199457082898,0.029212571964339674,0.030608090412236905,0.03823685061205274,0.030188198621926295,0.008384856041223757
Jakarta_2020,B_crowdsourced,B_surface_first,R2_+forcing,7,0.016483946137845828,0.04142246218117328,0.029466098626476825,0.027387687993859208,0.040367913611981714,3.427345790868079e-05,-0.0020784106326176173,-0.002141512655741546,-0.0010545485691915643,-0.0027939159985184356,0.0005278745052402084,0.057504916595097225,0.022689820404353418,5,0.048803812528301176,0.024111585406241004,0.045661220357234675,0.026098568119279252,0.05664724305348303,0.025037158265381245,0.049816904764537505,0.018884487912526844,0.05776575703367996,0.02225663646308043,-0.0006767677283663687,0.13754165418094047,-0.003142592171066501,-0.0008576735416141942,-0.00768801183055972,0.00026084043858273787,fold_mean_null,0.71,0.0007353238970258839,0.002859897636846656,99,-0.000701050439117203,0.88,0.0013966612533381263,0.004368530191176853,99,-0.002073428981704495,0.88,0.002701770051320876,0.011727311933242193,99,-0.004780180683938493,0.92,0.005079486558138014,0.021589868284308627,99,-0.008222078729204515,0.8,0.0010551207739995783,0.006510542516097099,99,-0.002109669343191143,0.81,0.0013877723422450546,0.0068203106238231125,99,-0.002245445883859249,0.6538461538461539,-0.0010926495311913032,0.00891911703106561,25,-0.0017012664673271324,0.7692307692307693,-0.0010106420012429395,0.01628993600614388,25,-0.00667736982931678,-0.015074916715606986,-0.008643935749005668,0.022902414351383942,0.058784366704711856,0.015616157000584345,0.048460983299234525,-0.01223761124994977,0.005376134247030813,0.03703506945769312,0.07423532654419099,0.0309436568336015,0.06444016408809969,0.029318577609589287,0.06069890965624161,-0.006164618880566944,0.001197708940192374,-0.005429996763692663,0.0046292438280748655,-0.0025859747318325243,0.0011867161079570881,0.09896812645204307,0.1802634681385863,-0.014895343879694722,0.0011208008735831862,-0.0016617789104952433,0.0010891923551076133,-0.0008995665849610839,0.0010223855917106232,-0.005616091770397355,0.00127054127050365,-0.005856652001437455,0.001295166711564607,-0.0065364380886005205,0.0038952353401881467,0.057504916595097225,0.048803812528301176,0.045661220357234675,0.049816904764537505,0.05664724305348303,-0.00768801183055972
Jakarta_2020,B_crowdsourced,B_surface_first,R3_+terrain,10,0.016483946137845828,0.056299798044576944,0.03966776285507989,0.033367113565378304,0.05134109157817455,-0.00035936037050581947,-0.0063006492897015876,-0.006560905742822398,-0.004958706466402396,-0.007335728320529512,0.00280384364075479,0.07947999636047291,0.035997791374495054,5,0.0660479737250876,0.0405860736161094,0.060537720083451894,0.0411806572158884,0.07503929850849946,0.03836439234036517,0.0708883628340442,0.03862871917898061,0.08233578010935397,0.033912154825697524,-0.0014046312908957796,0.13400029277160846,-0.005510253641635703,-0.0044406978519734575,-0.008591633526428707,0.002855783748881055,fold_mean_null,0.79,0.0009268852189119822,0.003041871790310824,99,-0.0012862455894178016,0.92,0.0013099689198968812,0.004758998225077089,99,-0.002714600210792661,0.96,0.0037567940265368052,0.01880745748955093,99,-0.010057443316238392,0.94,0.007322921440387115,0.028092384010166553,99,-0.012833175082022818,0.9,0.0002725396997029633,0.010753602130472115,99,-0.00523124616610536,0.89,0.0007534327784663475,0.012499907786047156,99,-0.005194130630439805,0.7307692307692307,-0.003347631995062369,0.012538588553795277,25,-0.003988096325467143,0.6923076923076923,-0.003948321830079562,0.008489560224596189,25,-0.004643311696349146,-0.020258166266990583,-0.013740721922525519,0.028212928612922024,0.08540681911581993,0.01897226505848499,0.06946520528647698,-0.023127288549352056,0.004824513084211279,0.043308339011014545,0.10472264551955612,0.035312952617672554,0.09023189368344076,0.03137819763678097,0.08492703453827306,-0.011162952251119733,0.0026509402556785895,-0.008421808273840103,0.0020559582820777337,-0.003657609726907636,0.0006644838787878323,0.09777468084517414,0.17449326408958704,-0.02005152364107764,0.013023068281303283,0.00011412465801627724,0.0040806566164188615,-0.0014107773985997274,0.0006136769569829478,-0.013513750920989514,0.00014834602276989458,-0.014380914935100176,0.00015076739084662162,-0.011221412950024762,-0.00027743092833453165,0.07947999636047291,0.0660479737250876,0.060537720083451894,0.0708883628340442,0.07503929850849946,-0.008591633526428707
Jakarta_2020,B_crowdsourced,B_surface_first,R4_+hydrography,14,0.016483946137845828,0.058101724240724344,0.034999965045255835,0.03167192398204852,0.052178206754003344,0.00044529694218546623,-0.003328041063207318,-0.0034487470908365243,-0.005923517486721,-0.012531303078250074,-0.003127198174563403,0.07421992805306601,0.032617336076938036,5,0.05510741490818207,0.026662362862955567,0.04771007819892075,0.02360148334960408,0.06954786035487638,0.03066106319758423,0.06210520418953673,0.029866780907817445,0.0706880655513792,0.030142607480040513,0.00014577394503039682,0.13571114753177177,-0.007397336709261321,-0.004672067698189633,-0.012114723863529284,-0.003531862501686814,fold_mean_null,0.6,0.0011300247612406479,0.0037057705860689956,99,-0.0006847278190551816,0.73,0.0015303428566357153,0.004925470687377183,99,-0.0013845689116053184,0.81,0.00366315489381396,0.01635721795000235,99,-0.006991195957021279,0.95,0.007759367580704331,0.02671967257860163,99,-0.015156704289965652,0.57,-0.003485752915176704,0.0071122681015239955,99,-0.002437764571544296,0.61,-0.002773681101309224,0.007473583396143122,99,-0.001898386596880409,0.8461538461538461,-0.002558926135407065,0.00627739624407217,25,-0.009972376942843008,0.8846153846153846,-0.0020274716247751083,0.005952883909145352,25,-0.010087252238754176,-0.010202322629990088,-0.016040663805709548,0.028363084220025474,0.0905065138888288,0.015590304307887423,0.06850152214945168,-0.03206327521741842,0.0011358447303068035,0.043011927013459704,0.10229461508784125,0.031156502711813406,0.08148820037099598,0.029784462690504856,0.06875935702760781,-0.015415020855906255,0.00027900722278700787,-0.01118905571376699,0.002750368138160428,-0.0015660427380143158,0.001969068484734753,0.09867971463430862,0.17736763694409358,-0.02681256120789194,0.0038471814906395787,-0.007250179075389117,0.0008550953866014757,-0.0005269972488773712,0.0015045223798826738,-0.013615811214228266,0.002678091181973292,-0.014444893894294068,0.0027592958724166035,-0.017714088053695586,0.0030328782029961678,0.07421992805306601,0.05510741490818207,0.04771007819892075,0.06210520418953673,0.06954786035487638,-0.012114723863529284
Jakarta_2020,B_crowdsourced,B_surface_first,R5_+sar_event,15,0.016483946137845828,0.07978361634145428,0.053320434805126986,0.04560598053972711,0.07346350993515771,0.0004198761538158737,-0.007714454265399878,-0.008148960375849949,-0.006320106406296572,-0.01563817489837846,-0.0038741229385838016,0.09630032699163509,0.028523986327667845,5,0.07653622320627537,0.03541579295220838,0.06895948649189163,0.030146402776793882,0.09141519265427453,0.030111673457833648,0.08149069316262968,0.032045772559844234,0.09493465777337133,0.026922677257290476,-3.802430868448635e-05,0.1318556206001614,-0.007576736714383747,-0.0048851343373605555,-0.014809633829005409,-0.0013656692182637542,fold_mean_null,0.63,0.0010707483740691646,0.0034002244468119714,99,-0.0006508722202532909,0.73,0.0013944062292064361,0.004701070741314932,99,-0.0014324305378909225,0.93,0.004262408996713619,0.022267922541642508,99,-0.011976863262113498,0.97,0.014218260131457317,0.03236663130748655,99,-0.021794996845841064,0.73,-0.003488467055688181,0.002641691197583913,99,-0.002831639350608391,0.83,-0.0003440958263601974,0.008857204217337957,99,-0.004541038511000358,0.8076923076923077,-0.005692655674790588,0.008787455734234409,25,-0.009945519223587872,0.8076923076923077,-0.005038181840442406,0.006251219245577762,25,-0.009771451988563003,-0.010863628955451362,-0.023601355454908594,0.039705588669988884,0.11750084542219758,0.01993611248108209,0.0956561466893854,-0.033930695036513206,0.0021355692565244713,0.05292062070380889,0.1310566890320215,0.03821200957619338,0.10834077332719497,0.037981432344725084,0.0978150483507279,-0.013400007307397327,0.004449909057654854,-0.014843225052159594,0.003682554470518248,-0.0017169977593678146,0.001559751386426336,0.0969270205326709,0.1711460119826788,-0.02824356965377421,0.0005203729694127123,-0.0033250432416816024,0.0010293045672003036,-0.0005245968192987259,0.0014163922927454271,-0.017455734122636856,0.0012489721610815187,-0.01902062732038547,0.0012850866929412584,-0.021789173624704818,0.0037666638071079703,0.09630032699163509,0.07653622320627537,0.06895948649189163,0.08149069316262968,0.09141519265427453,-0.014809633829005409
