time,session,city,stage,status,detail
2026-09-29T19:01:59,20260929T185938758866Z,Chennai_2015,label:verify,ok,file_url NRSC 2015 flood inundation zone (via Chennai SDSS; image date/sensor not stated): ok 5475 kB
2026-09-29T19:02:07,20260929T185938758866Z,Chennai_2015,label:verify,ok,file_url GCC water-stagnation locations 2015 (points): ok 513 kB
2026-09-29T19:02:08,20260929T185938758866Z,Chennai_2015,label:verify,ok,"file_url OSM-India crowdsourced flooded streets, 11:00 2 Dec 2015: ok 949 kB"
2026-09-29T19:02:08,20260929T185938758866Z,Chennai_2015,label:verify,ok,gfd Global Flood Database DFO 4309 (MODIS 250 m): ok 108 kB
2026-09-29T19:13:05,20260929T185938758866Z,Chennai_2023,label:verify,ok,ai4g_sar AI4G tile N12E078 (Sentinel-1 detections): ok 106787 kB
2026-09-29T19:13:06,20260929T185938758866Z,Valencia_2024,label:verify,ok,copernicus_ems EMSR773 (DEL images 30 Oct - 8 Nov 2024): ok 233 kB
2026-09-29T19:13:06,20260929T185938758866Z,EmiliaRomagna_2023a,label:verify,ok,copernicus_ems EMSR659 (DEL images 4 May 2023): ok 36 kB
2026-09-29T19:13:07,20260929T185938758866Z,Forli_2023b,label:verify,ok,copernicus_ems EMSR664 AOI01 Forlì (DEL images 17-21 May 2023): ok 42 kB
2026-09-29T19:13:08,20260929T185938758866Z,PortoAlegre_2024,label:verify,ok,arcgis_featureserver EMSN194 Extent Temporal Evolution layers: ok 3 kB
2026-09-29T19:13:09,20260929T185938758866Z,TaquariValley_2024,label:verify,ok,"copernicus_ems EMSR720 (AOIs Guaporé, Encantado, Roca Sales, Das Antas, Santa Tereza): ok 65 kB"
2026-09-29T19:13:09,20260929T185938758866Z,Carlisle_2015,label:verify,ok,file_url EA Recorded Flood Outline rec_out_id 4078182 'Carlisle (including Crosby-on-Eden) 05_12_2015': ok 53 kB
2026-09-29T19:13:25,20260929T185938758866Z,Carlisle_2015,label:verify,ok,copernicus_ems EMSR147 AOI01 Carlisle delineation: ok 1930 kB
2026-09-29T19:13:27,20260929T185938758866Z,York_2015,label:verify,ok,file_url EA Recorded Flood Outline rec_out_id 4084890 'December 2015 Flood Event' (Ouse/Derwent; clipped to York): ok 2878 kB
2026-09-29T19:13:49,20260929T185938758866Z,York_2015,label:verify,ok,copernicus_ems EMSR150 AOI01 York delineation: ok 2481 kB
2026-09-29T19:13:49,20260929T185938758866Z,NewYork_2021,label:verify,ok,usgs_sciencebase USGS 10.5066/P9JF4OWB depth rasters (within 250 m of the 83 HWM sites): ok 21 kB
2026-09-29T19:13:49,20260929T185938758866Z,NewYork_2021,label:verify,ok,"usgs_stn STN event 312 (2021 Ida), NYC counties: ok 57 kB"
2026-09-29T19:13:50,20260929T185938758866Z,Houston_SanJacinto_2017,label:verify,ok,"usgs_sciencebase USGS 10.5066/F7VH5N3N, San Jacinto child 5aa023ebe4b0b1c392e6881b: ok 20 kB"
2026-09-29T19:13:51,20260929T185938758866Z,Houston_SanJacinto_2017,label:verify,ok,"usgs_stn STN event 180 (2017 Harvey), Harris + Montgomery counties: ok 792 kB"
2026-09-29T19:13:52,20260929T185938758866Z,Jakarta_2020,label:verify,ok,petabencana reports archive (crowdsourced): ok 180 kB
2026-09-29T19:13:53,20260929T185938758866Z,Chennai_2015,label:assets,info,"already frozen (Chennai_2015_labels.gpkg, 2009 features, coverage polygons 0, sha256 3ef3d94f6435); set REFREEZE_LABEL_FILES=True to rebuild"
2026-09-29T19:13:53,20260929T185938758866Z,Bengaluru_2024,label:assets,info,"no vector label source in this chain (satellite labels are computed in Earth Engine, nothing to freeze)"
2026-09-29T19:13:53,20260929T185938758866Z,Chennai_2023,label:assets,info,"no vector label source in this chain (satellite labels are computed in Earth Engine, nothing to freeze)"
2026-09-29T19:13:54,20260929T185938758866Z,Valencia_2024,label:assets,info,"already frozen (Valencia_2024_labels.gpkg, 2220 features, coverage polygons 6, sha256 a7174d9b527b); set REFREEZE_LABEL_FILES=True to rebuild"
2026-09-29T19:13:56,20260929T185938758866Z,EmiliaRomagna_2023a,label:assets,info,"already frozen (EmiliaRomagna_2023a_labels.gpkg, 406 features, coverage polygons 4, sha256 a7f1d106afee); set REFREEZE_LABEL_FILES=True to rebuild"
2026-09-29T19:13:57,20260929T185938758866Z,Forli_2023b,label:assets,info,"already frozen (Forli_2023b_labels.gpkg, 1991 features, coverage polygons 4, sha256 3b9e9a15498b); set REFREEZE_LABEL_FILES=True to rebuild"
2026-09-29T19:13:58,20260929T185938758866Z,PortoAlegre_2024,label:assets,info,"already frozen (PortoAlegre_2024_labels.gpkg, 13011 features, coverage polygons 4, sha256 b1d2bd15f3b9); set REFREEZE_LABEL_FILES=True to rebuild"
2026-09-29T19:13:58,20260929T185938758866Z,TaquariValley_2024,label:assets,info,"already frozen (TaquariValley_2024_labels.gpkg, 641 features, coverage polygons 3, sha256 fd285474e6e9); set REFREEZE_LABEL_FILES=True to rebuild"
2026-09-29T19:13:59,20260929T185938758866Z,Carlisle_2015,label:assets,info,"already frozen (Carlisle_2015_labels.gpkg, 1 features, coverage polygons 0, sha256 7e6f1fba50dd); set REFREEZE_LABEL_FILES=True to rebuild"
2026-09-29T19:13:59,20260929T185938758866Z,York_2015,label:assets,info,"already frozen (York_2015_labels.gpkg, 1 features, coverage polygons 0, sha256 a649b08810b6); set REFREEZE_LABEL_FILES=True to rebuild"
2026-09-29T19:13:59,20260929T185938758866Z,NewYork_2021,label:usgs_sciencebase,info,"1 items in the release; 0 carry a bounding box, 0 intersect the study area; 1 without a bounding box are also searched"
2026-09-29T19:14:19,20260929T185938758866Z,NewYork_2021,label:usgs_sciencebase,info,"features by role: ignore=77 (coverage = mapped-area boundary, used as the valid mask; ignore = e.g. HWM points)"
2026-09-29T19:14:20,20260929T185938758866Z,NewYork_2021,label:usgs_stn,ok,159 HWMs for event 312; 83 distinct sites inside the study area (buffered 0 m) — sparse label
2026-09-29T19:14:21,20260929T185938758866Z,NewYork_2021,label:usgs_sciencebase,info,valid area = 250 m around 83 surveyed HWM sites (STN event 312)
2026-09-29T19:14:21,20260929T185938758866Z,NewYork_2021,label:usgs_sciencebase,ok,0 vector features and 195 depth raster(s) inside the study area
2026-09-29T19:14:21,20260929T185938758866Z,NewYork_2021,label:assets,warn,could not freeze usgs_sciencebase: source returned no vector features (raster-only products stay in the download cache and are read from there)
2026-09-29T19:14:22,20260929T185938758866Z,Houston_SanJacinto_2017,label:assets,info,"already frozen (Houston_SanJacinto_2017_labels.gpkg, 1 features, coverage polygons 1, sha256 d202af054a80); set REFREEZE_LABEL_FILES=True to rebuild"
2026-09-29T19:14:24,20260929T185938758866Z,Jakarta_2020,label:petabencana,ok,"289 reports in 2019-12-31..2020-01-04, 255 flood reports inside the study area (buffered 150 m)"
2026-09-29T19:14:24,20260929T185938758866Z,Jakarta_2020,label:assets,ok,"froze 255 features -> Jakarta_2020_labels.gpkg (0.14 MB, sha256 8fb4ee55dbac)"
2026-09-29T19:14:24,20260929T185938758866Z,,label:assets,ok,manifest written: /content/drive/MyDrive/saturation_v4/label_assets/label_assets_manifest.csv
2026-09-29T19:14:25,20260929T185938758866Z,Chennai_2015,resume:grid_a9aa5a577a,info,loaded from checkpoint (not recomputed)
2026-09-29T19:14:25,20260929T185938758866Z,Chennai_2015,grid,ok,"400x251 raster at 100 m, 41,919 cells in study area, EPSG:32644"
2026-09-29T19:14:25,20260929T185938758866Z,Chennai_2015,resume:physical_beaab38215,info,loaded from checkpoint (not recomputed)
2026-09-29T19:14:25,20260929T185938758866Z,Chennai_2015,resume:labels_ea10f0be23,info,loaded from checkpoint (not recomputed)
2026-09-29T19:14:25,20260929T185938758866Z,Chennai_2015,labels,ok,"source=canonical_gpkg, positives=9404, prevalence=22.4337% of 41,919 observable cells"
2026-09-29T19:14:26,20260929T185938758866Z,Chennai_2015,social:gdelt_parse,ok,8993 raw rows -> 8993 flood-themed -> 8993 mention the city; 0 have a page title (8993 use URL words + GDELT location names; titles exist only from 2019-09-22)
2026-09-29T19:14:26,20260929T185938758866Z,Chennai_2015,social:gdelt_bigquery,info,"8993 fetched -> 8992 kept (1 outside the window, empty or duplicate)"
2026-09-29T19:14:26,20260929T185938758866Z,Chennai_2015,social:gdelt_bigquery,ok,8992 documents in window
2026-09-29T19:14:38,20260929T185938758866Z,Chennai_2015,social:google_news_rss,info,"234 fetched -> 111 kept (123 outside the window, empty or duplicate)"
2026-09-29T19:14:38,20260929T185938758866Z,Chennai_2015,social:google_news_rss,ok,111 documents in window
2026-09-29T19:15:42,20260929T185938758866Z,Chennai_2015,social:reddit_arcticshift,ok,606 documents in window
2026-09-29T19:15:42,20260929T185938758866Z,Chennai_2015,social:petabencana,skip,not an Indonesian city
2026-09-29T19:16:52,20260929T185938758866Z,Chennai_2015,social:wikimedia_commons,skip,GET failed after 4 tries: https://commons.wikimedia.org/w/api.php (HTTP 429)
2026-09-29T19:16:53,20260929T185938758866Z,Chennai_2015,social:dedupe,info,"9709 documents -> 7663 after de-duplication (1370 syndicated wire copies, 676 repeated texts or photos)"
2026-09-29T19:16:55,20260929T185938758866Z,Chennai_2015,download,ok,15.8 MB from https://download.geonames.org/export/dump/IN.zip
2026-09-29T19:16:59,20260929T185938758866Z,Chennai_2015,social:gazetteer,info,3 ambiguous names (same name >2 km apart) dropped
2026-09-29T19:16:59,20260929T185938758866Z,Chennai_2015,social:gazetteer,ok,GeoNames IN: 206 populated places inside the study area -> 336 gazetteer names; 172 names of 120 towns outside it (within 80 km) will not be placed inside it
2026-09-29T19:16:59,20260929T185938758866Z,Chennai_2015,social:gazetteer,info,2 gazetteer names shared with neighbouring towns outside the study area removed
2026-09-29T19:17:04,20260929T185938758866Z,Chennai_2015,social:toponyms,info,"rule t3: 750 gazetteer candidates rejected at acquisition {'name': 0, 'occurrence': 750}"
2026-09-29T20:07:54,20260929T185938758866Z,Chennai_2015,social:places,ok,"3635 mentions from 1536 documents (gazetteer names=334, geocoder calls=908, cache hits=5402)"
2026-09-29T20:07:54,20260929T185938758866Z,Chennai_2015,social:concentration,info,"89 distinct locations, effective 19.81; top place 'Adyar' = 14% of mentions; top 5: [('Adyar', 0.143), ('Saidapet', 0.073), ('Kotturpuram', 0.067), ('Kodambakkam', 0.053), ('manali', 0.046)]"
2026-09-29T20:08:18,20260929T185938758866Z,Chennai_2015,social:localisation,ok,"eligible for the pooled gradient analysis: 3029 mentions in the primary window, 19.27 effective locations, top place Adyar = 0.146 (rule: >= 100, >= 10, <= 0.4)"
2026-09-29T20:08:20,20260929T185938758866Z,Chennai_2015,resume:population_61b9bac9a9,info,loaded from checkpoint (not recomputed)
2026-09-29T20:08:21,20260929T185938758866Z,Chennai_2015,acquire,ok,analysis inputs saved (3.8 MB) in 53.9 min -> Chennai_2015/_analysis_inputs.pkl.gz
2026-09-29T20:08:21,20260929T185938758866Z,Bengaluru_2024,resume:grid_1f44ec53fc,info,loaded from checkpoint (not recomputed)
2026-09-29T20:08:21,20260929T185938758866Z,Bengaluru_2024,grid,ok,"393x385 raster at 100 m, 71,721 cells in study area, EPSG:32643"
2026-09-29T20:08:21,20260929T185938758866Z,Bengaluru_2024,resume:physical_8880a8d1c1,info,loaded from checkpoint (not recomputed)
2026-09-29T20:08:22,20260929T185938758866Z,Bengaluru_2024,resume:labels_c42eab6a46,info,loaded from checkpoint (not recomputed)
2026-09-29T20:08:22,20260929T185938758866Z,Bengaluru_2024,ladder,info,label is Sentinel-1-derived (s1_change): the SAR rung is removed from every ladder so the model cannot rediscover the label
2026-09-29T20:08:22,20260929T185938758866Z,Bengaluru_2024,labels,ok,"source=s1_change, positives=277, prevalence=0.6410% of 43,211 observable cells"
2026-09-29T20:08:22,20260929T185938758866Z,Bengaluru_2024,social:gdelt_parse,ok,297 raw rows -> 297 flood-themed -> 292 mention the city; 292 have a page title (0 use URL words + GDELT location names; titles exist only from 2019-09-22)
2026-09-29T20:08:22,20260929T185938758866Z,Bengaluru_2024,social:gdelt_bigquery,ok,292 documents in window
2026-09-29T20:08:33,20260929T185938758866Z,Bengaluru_2024,social:google_news_rss,info,"137 fetched -> 57 kept (80 outside the window, empty or duplicate)"
2026-09-29T20:08:33,20260929T185938758866Z,Bengaluru_2024,social:google_news_rss,ok,57 documents in window
2026-09-29T20:09:37,20260929T185938758866Z,Bengaluru_2024,social:reddit,warn,r/bangalore comments/search: GET failed after 4 tries: https://arctic-shift.photon-reddit.com/api/comments/search (HTTP 422)
2026-09-29T20:09:38,20260929T185938758866Z,Bengaluru_2024,social:reddit_arcticshift,ok,184 documents in window
2026-09-29T20:09:38,20260929T185938758866Z,Bengaluru_2024,social:petabencana,skip,not an Indonesian city
2026-09-29T20:10:44,20260929T185938758866Z,Bengaluru_2024,social:wikimedia_commons,skip,GET failed after 4 tries: https://commons.wikimedia.org/w/api.php (HTTP 429)
2026-09-29T20:10:44,20260929T185938758866Z,Bengaluru_2024,social:dedupe,info,"533 documents -> 524 after de-duplication (0 syndicated wire copies, 9 repeated texts or photos)"
2026-09-29T20:10:47,20260929T185938758866Z,Bengaluru_2024,social:gazetteer,info,5 ambiguous names (same name >2 km apart) dropped
2026-09-29T20:10:47,20260929T185938758866Z,Bengaluru_2024,social:gazetteer,ok,GeoNames IN: 463 populated places inside the study area -> 560 gazetteer names; 120 names of 86 towns outside it (within 80 km) will not be placed inside it
2026-09-29T20:10:47,20260929T185938758866Z,Bengaluru_2024,social:gazetteer,info,2 gazetteer names shared with neighbouring towns outside the study area removed
2026-09-29T20:10:48,20260929T185938758866Z,Bengaluru_2024,social:toponyms,info,"rule t3: 29 gazetteer candidates rejected at acquisition {'name': 0, 'occurrence': 29}"
2026-09-29T20:17:21,20260929T185938758866Z,Bengaluru_2024,social:places,ok,"142 mentions from 123 documents (gazetteer names=558, geocoder calls=125, cache hits=53)"
2026-09-29T20:17:22,20260929T185938758866Z,Bengaluru_2024,social:concentration,warn,"19 distinct locations, effective 2.58; top place 'Yelahanka' = 58% of mentions; top 5: [('Yelahanka', 0.585), ('Kengeri', 0.204), ('Jayanagar', 0.042), ('Whitefield', 0.021), ('koramangala', 0.021)]  <- the social layer is carried by very few points; it cannot localise flooding. Check the top places are real places inside the study area"
2026-09-29T20:17:29,20260929T185938758866Z,Bengaluru_2024,social:localisation,warn,"NOT eligible for the pooled gradient analysis: 128 mentions in the primary window, 2.31 effective locations, top place Yelahanka = 0.625 (rule: >= 100, >= 10, <= 0.4)"
2026-09-29T20:17:30,20260929T185938758866Z,Bengaluru_2024,exposure:population,ok,"JRC/GHSL/P2023A/GHS_POP/2020: median 1417 residents/km², max 284534"
2026-09-29T20:17:31,20260929T185938758866Z,Bengaluru_2024,acquire,ok,analysis inputs saved (6.0 MB) in 9.2 min -> Bengaluru_2024/_analysis_inputs.pkl.gz
2026-09-29T20:17:33,20260929T185938758866Z,Chennai_2023,grid,ok,"400x251 raster at 100 m, 41,919 cells in study area, EPSG:32644"
2026-09-29T20:17:34,20260929T185938758866Z,Chennai_2023,physical:sar_event,warn,no usable Sentinel-1 pair (event scenes=0); rung dropped
2026-09-29T20:19:50,20260929T185938758866Z,Chennai_2023,physical:terrain,ok,"['elev_m', 'slope_deg', 'tpi_1km'] in 136s"
2026-09-29T20:20:36,20260929T185938758866Z,Chennai_2023,physical:surface,ok,"['built_frac', 'tree_frac', 'dw_built'] in 46s"
2026-09-29T20:20:42,20260929T185938758866Z,Chennai_2023,physical:hydrography,ok,"['hand_m', 'log_upa', 'dist_water_m', 'jrc_occ'] in 6s"
2026-09-29T20:20:44,20260929T185938758866Z,Chennai_2023,physical:forcing,ok,"['era5_rain_72h', 'era5_rain_ante7d', 'era5_sm_l1', 'imerg_rain_72h'] in 2s"
2026-09-29T20:20:44,20260929T185938758866Z,Chennai_2023,physical:fill,info,hand_m: 125 cells (0.3%) filled from the nearest valid cell (max distance 0.4 km)
2026-09-29T20:20:44,20260929T185938758866Z,Chennai_2023,physical:fill,info,log_upa: 125 cells (0.3%) filled from the nearest valid cell (max distance 0.4 km)
2026-09-29T20:20:44,20260929T185938758866Z,Chennai_2023,physical:fill,info,era5_rain_72h: 14447 cells (34.5%) filled from the nearest valid cell (max distance 9.8 km)
2026-09-29T20:20:44,20260929T185938758866Z,Chennai_2023,physical:fill,info,era5_rain_ante7d: 14447 cells (34.5%) filled from the nearest valid cell (max distance 9.8 km)
2026-09-29T20:20:44,20260929T185938758866Z,Chennai_2023,physical:fill,info,era5_sm_l1: 14447 cells (34.5%) filled from the nearest valid cell (max distance 9.8 km)
2026-09-29T20:20:44,20260929T185938758866Z,Chennai_2023,physical:coarse,info,era5_rain_72h: 6 distinct values within the city (native ~9-11 km)
2026-09-29T20:20:44,20260929T185938758866Z,Chennai_2023,physical:coarse,info,era5_rain_ante7d: 6 distinct values within the city (native ~9-11 km)
2026-09-29T20:20:44,20260929T185938758866Z,Chennai_2023,physical:coarse,info,era5_sm_l1: 6 distinct values within the city (native ~9-11 km)
2026-09-29T20:20:44,20260929T185938758866Z,Chennai_2023,physical:coarse,info,imerg_rain_72h: 11 distinct values within the city (native ~9-11 km)
2026-09-29T20:20:46,20260929T185938758866Z,Chennai_2023,download,ok,109.3 MB from https://huggingface.co/datasets/ai-for-good-lab/ai4g-flood-dataset/resolve/main/N12/N12E078/N12E078-post-proce
2026-09-29T20:20:48,20260929T185938758866Z,Chennai_2023,label:ai4g_sar,warn,"unavailable: AI4G: 0 detections in 2023-12-02..2023-12-14, none after the dataset-card filters"
2026-09-29T20:21:18,20260929T185938758866Z,Chennai_2023,label:s2_change,warn,unavailable: only 18% of cells observed cloud-free after the event (< 50%)
2026-09-29T20:21:18,20260929T185938758866Z,Chennai_2023,label:s1_change,warn,"unavailable: no usable Sentinel-1 event/baseline pair (event scenes=0); nearest acquisitions: ['2023-10-25', '2023-11-06', '2023-11-18', '2023-11-30', '2024-01-17']"
2026-09-29T20:21:18,20260929T185938758866Z,Chennai_2023,acquire,fail,"RuntimeError: no label source passed (ai4g_sar: AI4G: 0 detections in 2023-12-02..2023-12-14, none after the dataset-card filters; s2_change: only 18% of cells observed cloud-free after the event (< 50%); s1_change: no usable Sentinel-1 event/baseline pair (event scenes=0); nearest acquisitions: ['2023-10-25', '2023-11-06', '2023-11-18', '2023-11-30', '2024-01-17']). Details in label_attempts.json (traceback in Chennai_2023_ERROR.txt)"
2026-09-29T20:21:19,20260929T185938758866Z,Valencia_2024,resume:grid_4e795b1ca1,info,loaded from checkpoint (not recomputed)
2026-09-29T20:21:19,20260929T185938758866Z,Valencia_2024,grid,ok,"228x180 raster at 100 m, 38,269 cells in study area, EPSG:32630"
2026-09-29T20:21:19,20260929T185938758866Z,Valencia_2024,resume:physical_6ff3351ddc,info,loaded from checkpoint (not recomputed)
2026-09-29T20:21:19,20260929T185938758866Z,Valencia_2024,resume:labels_1e4d01701d,info,loaded from checkpoint (not recomputed)
2026-09-29T20:21:19,20260929T185938758866Z,Valencia_2024,labels,ok,"source=canonical_gpkg, positives=10477, prevalence=27.3773% of 38,269 observable cells"
2026-09-29T20:21:21,20260929T185938758866Z,Valencia_2024,social:gdelt_parse,ok,20828 raw rows -> 20828 flood-themed -> 19966 mention the city; 19919 have a page title (47 use URL words + GDELT location names; titles exist only from 2019-09-22)
2026-09-29T20:21:22,20260929T185938758866Z,Valencia_2024,social:gdelt_bigquery,ok,19966 documents in window
2026-09-29T20:21:42,20260929T185938758866Z,Valencia_2024,social:google_news_rss,info,"669 fetched -> 404 kept (265 outside the window, empty or duplicate)"
2026-09-29T20:21:42,20260929T185938758866Z,Valencia_2024,social:google_news_rss,ok,404 documents in window
2026-09-29T20:22:49,20260929T185938758866Z,Valencia_2024,social:reddit_arcticshift,ok,408 documents in window
2026-09-29T20:22:49,20260929T185938758866Z,Valencia_2024,social:petabencana,skip,not an Indonesian city
2026-09-29T20:23:59,20260929T185938758866Z,Valencia_2024,social:wikimedia_commons,skip,GET failed after 4 tries: https://commons.wikimedia.org/w/api.php (HTTP 429)
2026-09-29T20:23:59,20260929T185938758866Z,Valencia_2024,social:dedupe,info,"20778 documents -> 16901 after de-duplication (1362 syndicated wire copies, 2515 repeated texts or photos)"
2026-09-29T20:24:01,20260929T185938758866Z,Valencia_2024,social:gazetteer,ok,GeoNames ES: 103 populated places inside the study area -> 147 gazetteer names; 259 names of 212 towns outside it (within 80 km) will not be placed inside it
2026-09-29T20:24:01,20260929T185938758866Z,Valencia_2024,social:gazetteer,info,2 gazetteer names shared with neighbouring towns outside the study area removed
2026-09-29T20:24:05,20260929T185938758866Z,Valencia_2024,social:toponyms,info,"rule t3: 385 gazetteer candidates rejected at acquisition {'name': 0, 'occurrence': 385}"
2026-09-29T23:16:40,20260929T185938758866Z,Valencia_2024,social:places,ok,"2312 mentions from 1772 documents (gazetteer names=145, geocoder calls=1500, cache hits=47286)"
2026-09-29T23:16:40,20260929T185938758866Z,Valencia_2024,social:places,warn,"the geocoder cap (1500) stopped 1853 name lookups; cached names are free on the next run, so re-running widens coverage — raise MAX_GEOCODE_CALLS to finish in one pass"
2026-09-29T23:16:40,20260929T185938758866Z,Valencia_2024,social:concentration,warn,"34 distinct locations, effective 3.76; top place 'Paiporta' = 46% of mentions; top 5: [('Paiporta', 0.459), ('Sedavi', 0.15), ('Alfafar', 0.128), ('Catarroja', 0.108), ('Picana', 0.063)]  <- the social layer is carried by very few points; it cannot localise flooding. Check the top places are real places inside the study area"
2026-09-29T23:17:26,20260929T185938758866Z,Valencia_2024,social:localisation,warn,"NOT eligible for the pooled gradient analysis: 1802 mentions in the primary window, 3.92 effective locations, top place Paiporta = 0.444 (rule: >= 100, >= 10, <= 0.4)"
2026-09-29T23:17:26,20260929T185938758866Z,Valencia_2024,resume:population_f9f40345d9,info,loaded from checkpoint (not recomputed)
2026-09-29T23:17:27,20260929T185938758866Z,Valencia_2024,acquire,ok,analysis inputs saved (3.8 MB) in 176.1 min -> Valencia_2024/_analysis_inputs.pkl.gz
2026-09-29T23:17:27,20260929T185938758866Z,EmiliaRomagna_2023a,resume:grid_d82ee58a5f,info,loaded from checkpoint (not recomputed)
2026-09-29T23:17:27,20260929T185938758866Z,EmiliaRomagna_2023a,grid,ok,"387x397 raster at 100 m, 143,322 cells in study area, EPSG:32632"
2026-09-29T23:17:28,20260929T185938758866Z,EmiliaRomagna_2023a,resume:physical_bd2ae38243,info,loaded from checkpoint (not recomputed)
2026-09-29T23:17:28,20260929T185938758866Z,EmiliaRomagna_2023a,resume:labels_fe350fbe87,info,loaded from checkpoint (not recomputed)
2026-09-29T23:17:28,20260929T185938758866Z,EmiliaRomagna_2023a,labels,ok,"source=canonical_gpkg, positives=2576, prevalence=13.1523% of 19,586 observable cells"
2026-09-29T23:17:29,20260929T185938758866Z,EmiliaRomagna_2023a,social:gdelt_parse,ok,1075 raw rows -> 1075 flood-themed -> 1043 mention the city; 1043 have a page title (0 use URL words + GDELT location names; titles exist only from 2019-09-22)
2026-09-29T23:17:29,20260929T185938758866Z,EmiliaRomagna_2023a,social:gdelt_bigquery,ok,1043 documents in window
2026-09-29T23:17:48,20260929T185938758866Z,EmiliaRomagna_2023a,social:google_news_rss,info,"106 fetched -> 52 kept (54 outside the window, empty or duplicate)"
2026-09-29T23:17:48,20260929T185938758866Z,EmiliaRomagna_2023a,social:google_news_rss,ok,52 documents in window
2026-09-29T23:17:57,20260929T185938758866Z,EmiliaRomagna_2023a,social:reddit_arcticshift,ok,74 documents in window
2026-09-29T23:17:57,20260929T185938758866Z,EmiliaRomagna_2023a,social:petabencana,skip,not an Indonesian city
2026-09-29T23:18:40,20260929T185938758866Z,EmiliaRomagna_2023a,social:wikimedia_commons,skip,GET failed after 4 tries: https://commons.wikimedia.org/w/api.php (HTTP 429)
2026-09-29T23:18:41,20260929T185938758866Z,EmiliaRomagna_2023a,social:dedupe,info,"1169 documents -> 1093 after de-duplication (26 syndicated wire copies, 50 repeated texts or photos)"
2026-09-29T23:18:43,20260929T185938758866Z,EmiliaRomagna_2023a,social:gazetteer,info,8 ambiguous names (same name >2 km apart) dropped
2026-09-29T23:18:43,20260929T185938758866Z,EmiliaRomagna_2023a,social:gazetteer,ok,GeoNames IT: 359 populated places inside the study area -> 411 gazetteer names; 569 names of 568 towns outside it (within 80 km) will not be placed inside it
2026-09-29T23:18:43,20260929T185938758866Z,EmiliaRomagna_2023a,social:gazetteer,info,5 gazetteer names shared with neighbouring towns outside the study area removed
2026-09-29T23:18:44,20260929T185938758866Z,EmiliaRomagna_2023a,social:toponyms,info,"rule t3: 78 gazetteer candidates rejected at acquisition {'name': 0, 'occurrence': 78}"
2026-09-29T23:32:13,20260929T185938758866Z,EmiliaRomagna_2023a,social:places,ok,"296 mentions from 223 documents (gazetteer names=406, geocoder calls=304, cache hits=1371)"
2026-09-29T23:32:13,20260929T185938758866Z,EmiliaRomagna_2023a,social:concentration,info,"21 distinct locations, effective 5.78; top place 'Lavezzola' = 30% of mentions; top 5: [('Lavezzola', 0.304), ('Faenza', 0.226), ('Castel Bolognese', 0.105), ('Bagnacavallo', 0.098), ('Conselice', 0.064)]"
2026-09-29T23:32:20,20260929T185938758866Z,EmiliaRomagna_2023a,social:localisation,warn,"NOT eligible for the pooled gradient analysis: 262 mentions in the primary window, 5.29 effective locations, top place Lavezzola = 0.336 (rule: >= 100, >= 10, <= 0.4)"
2026-09-29T23:32:20,20260929T185938758866Z,EmiliaRomagna_2023a,resume:population_5788997820,info,loaded from checkpoint (not recomputed)
2026-09-29T23:32:23,20260929T185938758866Z,EmiliaRomagna_2023a,acquire,ok,analysis inputs saved (10.7 MB) in 14.9 min -> EmiliaRomagna_2023a/_analysis_inputs.pkl.gz
2026-09-29T23:32:23,20260929T185938758866Z,Forli_2023b,resume:grid_cef2163465,info,loaded from checkpoint (not recomputed)
2026-09-29T23:32:23,20260929T185938758866Z,Forli_2023b,grid,ok,"316x320 raster at 100 m, 93,651 cells in study area, EPSG:32633"
2026-09-29T23:32:24,20260929T185938758866Z,Forli_2023b,resume:physical_18b1d715d7,info,loaded from checkpoint (not recomputed)
2026-09-29T23:32:25,20260929T185938758866Z,Forli_2023b,resume:labels_e367e66aad,info,loaded from checkpoint (not recomputed)
2026-09-29T23:32:25,20260929T185938758866Z,Forli_2023b,labels,ok,"source=canonical_gpkg, positives=3856, prevalence=4.5371% of 84,989 observable cells"
2026-09-29T23:32:26,20260929T185938758866Z,Forli_2023b,social:gdelt_parse,ok,8988 raw rows -> 8988 flood-themed -> 8585 mention the city; 8569 have a page title (16 use URL words + GDELT location names; titles exist only from 2019-09-22)
2026-09-29T23:32:26,20260929T185938758866Z,Forli_2023b,social:gdelt_bigquery,ok,8585 documents in window
2026-09-29T23:32:45,20260929T185938758866Z,Forli_2023b,social:google_news_rss,info,"190 fetched -> 70 kept (120 outside the window, empty or duplicate)"
2026-09-29T23:32:45,20260929T185938758866Z,Forli_2023b,social:google_news_rss,ok,70 documents in window
2026-09-29T23:32:55,20260929T185938758866Z,Forli_2023b,social:reddit_arcticshift,ok,78 documents in window
2026-09-29T23:32:55,20260929T185938758866Z,Forli_2023b,social:petabencana,skip,not an Indonesian city
2026-09-29T23:34:08,20260929T185938758866Z,Forli_2023b,social:wikimedia_commons,skip,GET failed after 4 tries: https://commons.wikimedia.org/w/api.php (HTTP 429)
2026-09-29T23:34:09,20260929T185938758866Z,Forli_2023b,social:dedupe,info,"8733 documents -> 7344 after de-duplication (518 syndicated wire copies, 871 repeated texts or photos)"
2026-09-29T23:34:10,20260929T185938758866Z,Forli_2023b,social:gazetteer,info,4 ambiguous names (same name >2 km apart) dropped
2026-09-29T23:34:10,20260929T185938758866Z,Forli_2023b,social:gazetteer,ok,GeoNames IT: 260 populated places inside the study area -> 275 gazetteer names; 429 names of 429 towns outside it (within 80 km) will not be placed inside it
2026-09-29T23:34:10,20260929T185938758866Z,Forli_2023b,social:gazetteer,info,9 gazetteer names shared with neighbouring towns outside the study area removed
2026-09-29T23:34:13,20260929T185938758866Z,Forli_2023b,social:toponyms,info,"rule t3: 160 gazetteer candidates rejected at acquisition {'name': 0, 'occurrence': 160}"
2026-09-30T03:59:32,20260930T035754826523Z,Chennai_2015,label:verify,ok,file_url NRSC 2015 flood inundation zone (via Chennai SDSS; image date/sensor not stated): ok 5475 kB
2026-09-30T03:59:44,20260930T035754826523Z,Chennai_2015,label:verify,ok,file_url GCC water-stagnation locations 2015 (points): ok 513 kB
2026-09-30T03:59:45,20260930T035754826523Z,Chennai_2015,label:verify,ok,"file_url OSM-India crowdsourced flooded streets, 11:00 2 Dec 2015: ok 949 kB"
2026-09-30T03:59:45,20260930T035754826523Z,Chennai_2015,label:verify,ok,gfd Global Flood Database DFO 4309 (MODIS 250 m): ok 108 kB
2026-09-30T04:06:10,20260930T035754826523Z,Chennai_2023,label:verify,ok,ai4g_sar AI4G tile N12E078 (Sentinel-1 detections): ok 106787 kB
2026-09-30T04:06:11,20260930T035754826523Z,Valencia_2024,label:verify,ok,copernicus_ems EMSR773 (DEL images 30 Oct - 8 Nov 2024): ok 233 kB
2026-09-30T04:06:12,20260930T035754826523Z,EmiliaRomagna_2023a,label:verify,ok,copernicus_ems EMSR659 (DEL images 4 May 2023): ok 36 kB
2026-09-30T04:06:13,20260930T035754826523Z,Forli_2023b,label:verify,ok,copernicus_ems EMSR664 AOI01 Forlì (DEL images 17-21 May 2023): ok 42 kB
2026-09-30T04:06:14,20260930T035754826523Z,PortoAlegre_2024,label:verify,ok,arcgis_featureserver EMSN194 Extent Temporal Evolution layers: ok 3 kB
2026-09-30T04:06:14,20260930T035754826523Z,TaquariValley_2024,label:verify,ok,"copernicus_ems EMSR720 (AOIs Guaporé, Encantado, Roca Sales, Das Antas, Santa Tereza): ok 65 kB"
2026-09-30T04:06:15,20260930T035754826523Z,Carlisle_2015,label:verify,ok,file_url EA Recorded Flood Outline rec_out_id 4078182 'Carlisle (including Crosby-on-Eden) 05_12_2015': ok 53 kB
2026-09-30T04:06:25,20260930T035754826523Z,Carlisle_2015,label:verify,ok,copernicus_ems EMSR147 AOI01 Carlisle delineation: ok 1930 kB
2026-09-30T04:06:26,20260930T035754826523Z,York_2015,label:verify,ok,file_url EA Recorded Flood Outline rec_out_id 4084890 'December 2015 Flood Event' (Ouse/Derwent; clipped to York): ok 2878 kB
2026-09-30T04:06:39,20260930T035754826523Z,York_2015,label:verify,ok,copernicus_ems EMSR150 AOI01 York delineation: ok 2481 kB
2026-09-30T04:06:39,20260930T035754826523Z,NewYork_2021,label:verify,ok,usgs_sciencebase USGS 10.5066/P9JF4OWB depth rasters (within 250 m of the 83 HWM sites): ok 21 kB
2026-09-30T04:06:39,20260930T035754826523Z,NewYork_2021,label:verify,ok,"usgs_stn STN event 312 (2021 Ida), NYC counties: ok 57 kB"
2026-09-30T04:06:40,20260930T035754826523Z,Houston_SanJacinto_2017,label:verify,ok,"usgs_sciencebase USGS 10.5066/F7VH5N3N, San Jacinto child 5aa023ebe4b0b1c392e6881b: ok 20 kB"
2026-09-30T04:06:41,20260930T035754826523Z,Houston_SanJacinto_2017,label:verify,ok,"usgs_stn STN event 180 (2017 Harvey), Harris + Montgomery counties: ok 792 kB"
2026-09-30T04:06:42,20260930T035754826523Z,Jakarta_2020,label:verify,ok,petabencana reports archive (crowdsourced): ok 180 kB
2026-09-30T04:06:43,20260930T035754826523Z,Chennai_2015,label:assets,info,"already frozen (Chennai_2015_labels.gpkg, 2009 features, coverage polygons 0, sha256 3ef3d94f6435); set REFREEZE_LABEL_FILES=True to rebuild"
2026-09-30T04:06:43,20260930T035754826523Z,Bengaluru_2024,label:assets,info,"no vector label source in this chain (satellite labels are computed in Earth Engine, nothing to freeze)"
2026-09-30T04:06:43,20260930T035754826523Z,Chennai_2023,label:assets,info,"no vector label source in this chain (satellite labels are computed in Earth Engine, nothing to freeze)"
2026-09-30T04:06:44,20260930T035754826523Z,Valencia_2024,label:assets,info,"already frozen (Valencia_2024_labels.gpkg, 2220 features, coverage polygons 6, sha256 a7174d9b527b); set REFREEZE_LABEL_FILES=True to rebuild"
2026-09-30T04:06:45,20260930T035754826523Z,EmiliaRomagna_2023a,label:assets,info,"already frozen (EmiliaRomagna_2023a_labels.gpkg, 406 features, coverage polygons 4, sha256 a7f1d106afee); set REFREEZE_LABEL_FILES=True to rebuild"
2026-09-30T04:06:47,20260930T035754826523Z,Forli_2023b,label:assets,info,"already frozen (Forli_2023b_labels.gpkg, 1991 features, coverage polygons 4, sha256 3b9e9a15498b); set REFREEZE_LABEL_FILES=True to rebuild"
2026-09-30T04:06:48,20260930T035754826523Z,PortoAlegre_2024,label:assets,info,"already frozen (PortoAlegre_2024_labels.gpkg, 13011 features, coverage polygons 4, sha256 b1d2bd15f3b9); set REFREEZE_LABEL_FILES=True to rebuild"
2026-09-30T04:06:48,20260930T035754826523Z,TaquariValley_2024,label:assets,info,"already frozen (TaquariValley_2024_labels.gpkg, 641 features, coverage polygons 3, sha256 fd285474e6e9); set REFREEZE_LABEL_FILES=True to rebuild"
2026-09-30T04:06:49,20260930T035754826523Z,Carlisle_2015,label:assets,info,"already frozen (Carlisle_2015_labels.gpkg, 1 features, coverage polygons 0, sha256 7e6f1fba50dd); set REFREEZE_LABEL_FILES=True to rebuild"
2026-09-30T04:06:49,20260930T035754826523Z,York_2015,label:assets,info,"already frozen (York_2015_labels.gpkg, 1 features, coverage polygons 0, sha256 a649b08810b6); set REFREEZE_LABEL_FILES=True to rebuild"
2026-09-30T04:06:50,20260930T035754826523Z,NewYork_2021,label:usgs_sciencebase,info,"1 items in the release; 0 carry a bounding box, 0 intersect the study area; 1 without a bounding box are also searched"
2026-09-30T04:07:14,20260930T035754826523Z,NewYork_2021,label:usgs_sciencebase,info,"features by role: ignore=77 (coverage = mapped-area boundary, used as the valid mask; ignore = e.g. HWM points)"
2026-09-30T04:07:15,20260930T035754826523Z,NewYork_2021,label:usgs_stn,ok,159 HWMs for event 312; 83 distinct sites inside the study area (buffered 0 m) — sparse label
2026-09-30T04:07:15,20260930T035754826523Z,NewYork_2021,label:usgs_sciencebase,info,valid area = 250 m around 83 surveyed HWM sites (STN event 312)
2026-09-30T04:07:15,20260930T035754826523Z,NewYork_2021,label:usgs_sciencebase,ok,0 vector features and 195 depth raster(s) inside the study area
2026-09-30T04:07:15,20260930T035754826523Z,NewYork_2021,label:assets,warn,could not freeze usgs_sciencebase: source returned no vector features (raster-only products stay in the download cache and are read from there)
2026-09-30T04:07:16,20260930T035754826523Z,Houston_SanJacinto_2017,label:assets,info,"already frozen (Houston_SanJacinto_2017_labels.gpkg, 1 features, coverage polygons 1, sha256 d202af054a80); set REFREEZE_LABEL_FILES=True to rebuild"
2026-09-30T04:07:17,20260930T035754826523Z,Jakarta_2020,label:assets,info,"already frozen (Jakarta_2020_labels.gpkg, 255 features, coverage polygons 0, sha256 8fb4ee55dbac); set REFREEZE_LABEL_FILES=True to rebuild"
2026-09-30T04:07:17,20260930T035754826523Z,,label:assets,ok,manifest written: /content/drive/MyDrive/saturation_v4/label_assets/label_assets_manifest.csv
2026-09-30T04:07:18,20260930T035754826523Z,Chennai_2015,resume:grid_a9aa5a577a,info,loaded from checkpoint (not recomputed)
2026-09-30T04:07:18,20260930T035754826523Z,Chennai_2015,grid,ok,"400x251 raster at 100 m, 41,919 cells in study area, EPSG:32644"
2026-09-30T04:07:19,20260930T035754826523Z,Chennai_2015,resume:physical_beaab38215,info,loaded from checkpoint (not recomputed)
2026-09-30T04:07:19,20260930T035754826523Z,Chennai_2015,resume:labels_ea10f0be23,info,loaded from checkpoint (not recomputed)
2026-09-30T04:07:19,20260930T035754826523Z,Chennai_2015,labels,ok,"source=canonical_gpkg, positives=9404, prevalence=22.4337% of 41,919 observable cells"
2026-09-30T04:07:19,20260930T035754826523Z,Chennai_2015,resume:docs_6e7983aceb,info,loaded from checkpoint (not recomputed)
2026-09-30T04:07:20,20260930T035754826523Z,Chennai_2015,resume:gazetteer_355db48032,info,loaded from checkpoint (not recomputed)
2026-09-30T04:07:20,20260930T035754826523Z,Chennai_2015,resume:mentions_3f9b56f65f,info,loaded from checkpoint (not recomputed)
2026-09-30T04:07:21,20260930T035754826523Z,Chennai_2015,social:localisation,ok,"eligible for the pooled gradient analysis: 3029 mentions in the primary window, 19.27 effective locations, top place Adyar = 0.146 (rule: >= 100, >= 10, <= 0.4)"
2026-09-30T04:07:21,20260930T035754826523Z,Chennai_2015,resume:population_61b9bac9a9,info,loaded from checkpoint (not recomputed)
2026-09-30T04:07:22,20260930T035754826523Z,Chennai_2015,acquire,ok,analysis inputs saved (3.8 MB) in 0.1 min -> Chennai_2015/_analysis_inputs.pkl.gz
2026-09-30T04:07:22,20260930T035754826523Z,Bengaluru_2024,resume:grid_1f44ec53fc,info,loaded from checkpoint (not recomputed)
2026-09-30T04:07:22,20260930T035754826523Z,Bengaluru_2024,grid,ok,"393x385 raster at 100 m, 71,721 cells in study area, EPSG:32643"
2026-09-30T04:07:23,20260930T035754826523Z,Bengaluru_2024,resume:physical_8880a8d1c1,info,loaded from checkpoint (not recomputed)
2026-09-30T04:07:23,20260930T035754826523Z,Bengaluru_2024,resume:labels_c42eab6a46,info,loaded from checkpoint (not recomputed)
2026-09-30T04:07:23,20260930T035754826523Z,Bengaluru_2024,ladder,info,label is Sentinel-1-derived (s1_change): the SAR rung is removed from every ladder so the model cannot rediscover the label
2026-09-30T04:07:23,20260930T035754826523Z,Bengaluru_2024,labels,ok,"source=s1_change, positives=277, prevalence=0.6410% of 43,211 observable cells"
2026-09-30T04:07:23,20260930T035754826523Z,Bengaluru_2024,resume:docs_94d643683d,info,loaded from checkpoint (not recomputed)
2026-09-30T04:07:24,20260930T035754826523Z,Bengaluru_2024,resume:gazetteer_d7fa793f4b,info,loaded from checkpoint (not recomputed)
2026-09-30T04:07:24,20260930T035754826523Z,Bengaluru_2024,resume:mentions_1d86a522e2,info,loaded from checkpoint (not recomputed)
2026-09-30T04:07:25,20260930T035754826523Z,Bengaluru_2024,social:localisation,warn,"NOT eligible for the pooled gradient analysis: 128 mentions in the primary window, 2.31 effective locations, top place Yelahanka = 0.625 (rule: >= 100, >= 10, <= 0.4)"
2026-09-30T04:07:25,20260930T035754826523Z,Bengaluru_2024,resume:population_20b3b6e5f7,info,loaded from checkpoint (not recomputed)
2026-09-30T04:07:27,20260930T035754826523Z,Bengaluru_2024,acquire,ok,analysis inputs saved (6.0 MB) in 0.1 min -> Bengaluru_2024/_analysis_inputs.pkl.gz
2026-09-30T04:07:27,20260930T035754826523Z,Chennai_2023,resume:grid_55fab970e8,info,loaded from checkpoint (not recomputed)
2026-09-30T04:07:27,20260930T035754826523Z,Chennai_2023,grid,ok,"400x251 raster at 100 m, 41,919 cells in study area, EPSG:32644"
2026-09-30T04:07:27,20260930T035754826523Z,Chennai_2023,resume:physical_d84e13ee16,info,loaded from checkpoint (not recomputed)
2026-09-30T04:07:30,20260930T035754826523Z,Chennai_2023,label:ai4g_sar,warn,"unavailable: AI4G: 0 detections in 2023-12-02..2023-12-14, none after the dataset-card filters"
2026-09-30T04:08:02,20260930T035754826523Z,Chennai_2023,label:s2_change,warn,unavailable: only 18% of cells observed cloud-free after the event (< 50%)
2026-09-30T04:08:02,20260930T035754826523Z,Chennai_2023,label:s1_change,warn,"unavailable: no usable Sentinel-1 event/baseline pair (event scenes=0); nearest acquisitions: ['2023-10-25', '2023-11-06', '2023-11-18', '2023-11-30', '2024-01-17']"
2026-09-30T04:08:02,20260930T035754826523Z,Chennai_2023,acquire,fail,"RuntimeError: no label source passed (ai4g_sar: AI4G: 0 detections in 2023-12-02..2023-12-14, none after the dataset-card filters; s2_change: only 18% of cells observed cloud-free after the event (< 50%); s1_change: no usable Sentinel-1 event/baseline pair (event scenes=0); nearest acquisitions: ['2023-10-25', '2023-11-06', '2023-11-18', '2023-11-30', '2024-01-17']). Details in label_attempts.json (traceback in Chennai_2023_ERROR.txt)"
2026-09-30T04:08:03,20260930T035754826523Z,Valencia_2024,resume:grid_4e795b1ca1,info,loaded from checkpoint (not recomputed)
2026-09-30T04:08:03,20260930T035754826523Z,Valencia_2024,grid,ok,"228x180 raster at 100 m, 38,269 cells in study area, EPSG:32630"
2026-09-30T04:08:03,20260930T035754826523Z,Valencia_2024,resume:physical_6ff3351ddc,info,loaded from checkpoint (not recomputed)
2026-09-30T04:08:03,20260930T035754826523Z,Valencia_2024,resume:labels_1e4d01701d,info,loaded from checkpoint (not recomputed)
2026-09-30T04:08:03,20260930T035754826523Z,Valencia_2024,labels,ok,"source=canonical_gpkg, positives=10477, prevalence=27.3773% of 38,269 observable cells"
2026-09-30T04:08:04,20260930T035754826523Z,Valencia_2024,resume:docs_2f540ba8d1,info,loaded from checkpoint (not recomputed)
2026-09-30T04:08:04,20260930T035754826523Z,Valencia_2024,resume:gazetteer_105b05a4ac,info,loaded from checkpoint (not recomputed)
2026-09-30T04:08:05,20260930T035754826523Z,Valencia_2024,resume:mentions_c81d06e4e1,info,loaded from checkpoint (not recomputed)
2026-09-30T04:08:06,20260930T035754826523Z,Valencia_2024,social:localisation,warn,"NOT eligible for the pooled gradient analysis: 1802 mentions in the primary window, 3.92 effective locations, top place Paiporta = 0.444 (rule: >= 100, >= 10, <= 0.4)"
2026-09-30T04:08:06,20260930T035754826523Z,Valencia_2024,resume:population_f9f40345d9,info,loaded from checkpoint (not recomputed)
2026-09-30T04:08:07,20260930T035754826523Z,Valencia_2024,acquire,ok,analysis inputs saved (3.8 MB) in 0.1 min -> Valencia_2024/_analysis_inputs.pkl.gz
2026-09-30T04:08:07,20260930T035754826523Z,EmiliaRomagna_2023a,resume:grid_d82ee58a5f,info,loaded from checkpoint (not recomputed)
2026-09-30T04:08:07,20260930T035754826523Z,EmiliaRomagna_2023a,grid,ok,"387x397 raster at 100 m, 143,322 cells in study area, EPSG:32632"
2026-09-30T04:08:08,20260930T035754826523Z,EmiliaRomagna_2023a,resume:physical_bd2ae38243,info,loaded from checkpoint (not recomputed)
2026-09-30T04:08:08,20260930T035754826523Z,EmiliaRomagna_2023a,resume:labels_fe350fbe87,info,loaded from checkpoint (not recomputed)
2026-09-30T04:08:09,20260930T035754826523Z,EmiliaRomagna_2023a,labels,ok,"source=canonical_gpkg, positives=2576, prevalence=13.1523% of 19,586 observable cells"
2026-09-30T04:08:09,20260930T035754826523Z,EmiliaRomagna_2023a,resume:docs_7e901f5269,info,loaded from checkpoint (not recomputed)
2026-09-30T04:08:10,20260930T035754826523Z,EmiliaRomagna_2023a,resume:gazetteer_e5429930ba,info,loaded from checkpoint (not recomputed)
2026-09-30T04:08:10,20260930T035754826523Z,EmiliaRomagna_2023a,resume:mentions_bba56293e2,info,loaded from checkpoint (not recomputed)
2026-09-30T04:08:10,20260930T035754826523Z,EmiliaRomagna_2023a,social:localisation,warn,"NOT eligible for the pooled gradient analysis: 262 mentions in the primary window, 5.29 effective locations, top place Lavezzola = 0.336 (rule: >= 100, >= 10, <= 0.4)"
2026-09-30T04:08:11,20260930T035754826523Z,EmiliaRomagna_2023a,resume:population_5788997820,info,loaded from checkpoint (not recomputed)
2026-09-30T04:08:13,20260930T035754826523Z,EmiliaRomagna_2023a,acquire,ok,analysis inputs saved (10.7 MB) in 0.1 min -> EmiliaRomagna_2023a/_analysis_inputs.pkl.gz
2026-09-30T04:08:14,20260930T035754826523Z,Forli_2023b,resume:grid_cef2163465,info,loaded from checkpoint (not recomputed)
2026-09-30T04:08:14,20260930T035754826523Z,Forli_2023b,grid,ok,"316x320 raster at 100 m, 93,651 cells in study area, EPSG:32633"
2026-09-30T04:08:14,20260930T035754826523Z,Forli_2023b,resume:physical_18b1d715d7,info,loaded from checkpoint (not recomputed)
2026-09-30T04:08:15,20260930T035754826523Z,Forli_2023b,resume:labels_e367e66aad,info,loaded from checkpoint (not recomputed)
2026-09-30T04:08:15,20260930T035754826523Z,Forli_2023b,labels,ok,"source=canonical_gpkg, positives=3856, prevalence=4.5371% of 84,989 observable cells"
2026-09-30T04:08:15,20260930T035754826523Z,Forli_2023b,resume:docs_65b5bd81a4,info,loaded from checkpoint (not recomputed)
2026-09-30T04:08:16,20260930T035754826523Z,Forli_2023b,resume:gazetteer_b8f29a3541,info,loaded from checkpoint (not recomputed)
2026-09-30T04:08:16,20260930T035754826523Z,Forli_2023b,social:gazetteer,info,9 gazetteer names shared with neighbouring towns outside the study area removed
2026-09-30T04:08:17,20260930T035754826523Z,Forli_2023b,social:toponyms,info,"rule t3: 160 gazetteer candidates rejected at acquisition {'name': 0, 'occurrence': 160}"
2026-09-30T04:51:10,20260930T035754826523Z,Forli_2023b,social:places,ok,"265 mentions from 256 documents (gazetteer names=266, geocoder calls=1238, cache hits=15923)"
2026-09-30T04:51:10,20260930T035754826523Z,Forli_2023b,social:concentration,warn,"24 distinct locations, effective 3.78; top place 'Dovadola' = 44% of mentions; top 5: [('Dovadola', 0.442), ('Faenza', 0.238), ('Roncalceci', 0.094), ('Solarolo', 0.034), ('Durazzano', 0.034)]  <- the social layer is carried by very few points; it cannot localise flooding. Check the top places are real places inside the study area"
2026-09-30T04:51:16,20260930T035754826523Z,Forli_2023b,social:localisation,warn,"NOT eligible for the pooled gradient analysis: 239 mentions in the primary window, 3.78 effective locations, top place Dovadola = 0.439 (rule: >= 100, >= 10, <= 0.4)"
2026-09-30T04:51:17,20260930T035754826523Z,Forli_2023b,resume:population_911492b6db,info,loaded from checkpoint (not recomputed)
2026-09-30T04:51:19,20260930T035754826523Z,Forli_2023b,acquire,ok,analysis inputs saved (7.5 MB) in 43.1 min -> Forli_2023b/_analysis_inputs.pkl.gz
2026-09-30T04:51:19,20260930T035754826523Z,PortoAlegre_2024,resume:grid_c36a05bc17,info,loaded from checkpoint (not recomputed)
2026-09-30T04:51:19,20260930T035754826523Z,PortoAlegre_2024,grid,ok,"541x264 raster at 100 m, 141,828 cells in study area, EPSG:32722"
2026-09-30T04:51:20,20260930T035754826523Z,PortoAlegre_2024,resume:physical_c8b2db03fd,info,loaded from checkpoint (not recomputed)
2026-09-30T04:51:20,20260930T035754826523Z,PortoAlegre_2024,resume:labels_11ae2d392e,info,loaded from checkpoint (not recomputed)
2026-09-30T04:51:20,20260930T035754826523Z,PortoAlegre_2024,labels,ok,"source=canonical_gpkg, positives=32153, prevalence=35.1161% of 91,562 observable cells"
2026-09-30T04:51:20,20260930T035754826523Z,PortoAlegre_2024,labels,warn,"prevalence 35.1% is high: Recall@K and AP are near their random baselines by construction, so read info_nats and AUC for this city"
2026-09-30T04:51:21,20260930T035754826523Z,PortoAlegre_2024,social:gdelt_parse,ok,6672 raw rows -> 6672 flood-themed -> 1460 mention the city; 1460 have a page title (0 use URL words + GDELT location names; titles exist only from 2019-09-22)
2026-09-30T04:51:21,20260930T035754826523Z,PortoAlegre_2024,social:gdelt_bigquery,ok,1460 documents in window
2026-09-30T04:51:41,20260930T035754826523Z,PortoAlegre_2024,social:google_news_rss,info,"818 fetched -> 377 kept (441 outside the window, empty or duplicate)"
2026-09-30T04:51:41,20260930T035754826523Z,PortoAlegre_2024,social:google_news_rss,ok,377 documents in window
2026-09-30T04:52:36,20260930T035754826523Z,PortoAlegre_2024,social:reddit_arcticshift,ok,487 documents in window
2026-09-30T04:52:36,20260930T035754826523Z,PortoAlegre_2024,social:petabencana,skip,not an Indonesian city
2026-09-30T04:53:48,20260930T035754826523Z,PortoAlegre_2024,social:wikimedia_commons,skip,GET failed after 4 tries: https://commons.wikimedia.org/w/api.php (HTTP 429)
2026-09-30T04:53:48,20260930T035754826523Z,PortoAlegre_2024,social:dedupe,info,"2324 documents -> 2115 after de-duplication (33 syndicated wire copies, 176 repeated texts or photos)"
2026-09-30T04:53:50,20260930T035754826523Z,PortoAlegre_2024,social:gazetteer,info,6 ambiguous names (same name >2 km apart) dropped
2026-09-30T04:53:50,20260930T035754826523Z,PortoAlegre_2024,social:gazetteer,ok,GeoNames BR: 275 populated places inside the study area -> 383 gazetteer names; 137 names of 99 towns outside it (within 80 km) will not be placed inside it
2026-09-30T04:53:50,20260930T035754826523Z,PortoAlegre_2024,social:gazetteer,info,7 gazetteer names shared with neighbouring towns outside the study area removed
2026-09-30T04:53:51,20260930T035754826523Z,PortoAlegre_2024,social:toponyms,info,"rule t3: 444 gazetteer candidates rejected at acquisition {'name': 52, 'occurrence': 392}"
2026-09-30T05:18:03,20260930T035754826523Z,PortoAlegre_2024,social:places,ok,"288 mentions from 254 documents (gazetteer names=376, geocoder calls=561, cache hits=1989)"
2026-09-30T05:18:03,20260930T035754826523Z,PortoAlegre_2024,social:concentration,info,"43 distinct locations, effective 10.28; top place 'Sao Sebastiao' = 21% of mentions; top 5: [('Sao Sebastiao', 0.212), ('Belem Novo', 0.132), ('Sao Joao', 0.101), ('Sarandi', 0.083), ('Humaita', 0.083)]"
2026-09-30T05:18:08,20260930T035754826523Z,PortoAlegre_2024,social:localisation,warn,"NOT eligible for the pooled gradient analysis: 219 mentions in the primary window, 7.97 effective locations, top place Sao Sebastiao = 0.274 (rule: >= 100, >= 10, <= 0.4)"
2026-09-30T05:18:09,20260930T035754826523Z,PortoAlegre_2024,resume:population_fc0ddbd7f7,info,loaded from checkpoint (not recomputed)
2026-09-30T05:18:10,20260930T035754826523Z,PortoAlegre_2024,acquire,ok,analysis inputs saved (9.4 MB) in 26.9 min -> PortoAlegre_2024/_analysis_inputs.pkl.gz
2026-09-30T05:18:10,20260930T035754826523Z,TaquariValley_2024,resume:grid_b1147904ff,info,loaded from checkpoint (not recomputed)
2026-09-30T05:18:10,20260930T035754826523Z,TaquariValley_2024,grid,ok,"150x95 raster at 100 m, 13,823 cells in study area, EPSG:32722"
2026-09-30T05:18:11,20260930T035754826523Z,TaquariValley_2024,resume:physical_4270429ec5,info,loaded from checkpoint (not recomputed)
2026-09-30T05:18:11,20260930T035754826523Z,TaquariValley_2024,resume:labels_c9df784651,info,loaded from checkpoint (not recomputed)
2026-09-30T05:18:11,20260930T035754826523Z,TaquariValley_2024,labels,ok,"source=canonical_gpkg, positives=463, prevalence=9.2011% of 5,032 observable cells"
2026-09-30T05:18:11,20260930T035754826523Z,TaquariValley_2024,social:gdelt_parse,ok,356 raw rows -> 356 flood-themed -> 350 mention the city; 350 have a page title (0 use URL words + GDELT location names; titles exist only from 2019-09-22)
2026-09-30T05:18:11,20260930T035754826523Z,TaquariValley_2024,social:gdelt_bigquery,ok,350 documents in window
2026-09-30T05:18:31,20260930T035754826523Z,TaquariValley_2024,social:google_news_rss,info,"203 fetched -> 85 kept (118 outside the window, empty or duplicate)"
2026-09-30T05:18:31,20260930T035754826523Z,TaquariValley_2024,social:google_news_rss,ok,85 documents in window
2026-09-30T05:19:28,20260930T035754826523Z,TaquariValley_2024,social:reddit_arcticshift,ok,289 documents in window
2026-09-30T05:19:28,20260930T035754826523Z,TaquariValley_2024,social:petabencana,skip,not an Indonesian city
2026-09-30T05:19:39,20260930T035754826523Z,TaquariValley_2024,social:wikimedia_commons,info,21 geotagged files in the box; 0 flood photos taken in the window
2026-09-30T05:19:39,20260930T035754826523Z,TaquariValley_2024,social:wikimedia_commons,warn,0 documents in window
2026-09-30T05:19:39,20260930T035754826523Z,TaquariValley_2024,social:dedupe,info,"724 documents -> 569 after de-duplication (28 syndicated wire copies, 127 repeated texts or photos)"
2026-09-30T05:19:40,20260930T035754826523Z,TaquariValley_2024,social:gazetteer,ok,GeoNames BR: 6 populated places inside the study area -> 12 gazetteer names; 176 names of 129 towns outside it (within 80 km) will not be placed inside it
2026-09-30T05:19:40,20260930T035754826523Z,TaquariValley_2024,social:gazetteer,info,2 gazetteer names shared with neighbouring towns outside the study area removed
2026-09-30T05:19:40,20260930T035754826523Z,TaquariValley_2024,social:toponyms,info,"rule t3: 6 gazetteer candidates rejected at acquisition {'name': 0, 'occurrence': 6}"
2026-09-30T05:27:00,20260930T035754826523Z,TaquariValley_2024,social:places,ok,"63 mentions from 58 documents (gazetteer names=10, geocoder calls=186, cache hits=431)"
2026-09-30T05:27:00,20260930T035754826523Z,TaquariValley_2024,social:concentration,warn,"8 distinct locations, effective 2.18; top place 'Encantado' = 65% of mentions; top 5: [('Encantado', 0.651), ('Roca Sales', 0.159), ('Roca Sales', 0.079), ('Sao Jose', 0.032), ('Tres Pinheiros', 0.032)]  <- the social layer is carried by very few points; it cannot localise flooding. Check the top places are real places inside the study area"
2026-09-30T05:27:04,20260930T035754826523Z,TaquariValley_2024,social:localisation,warn,"NOT eligible for the pooled gradient analysis: 60 mentions in the primary window, 2.11 effective locations, top place Encantado = 0.667 (rule: >= 100, >= 10, <= 0.4)"
2026-09-30T05:27:05,20260930T035754826523Z,TaquariValley_2024,resume:population_56291df856,info,loaded from checkpoint (not recomputed)
2026-09-30T05:27:05,20260930T035754826523Z,TaquariValley_2024,acquire,ok,analysis inputs saved (1.1 MB) in 8.9 min -> TaquariValley_2024/_analysis_inputs.pkl.gz
2026-09-30T05:27:05,20260930T035754826523Z,Carlisle_2015,resume:grid_4bc1f26076,info,loaded from checkpoint (not recomputed)
2026-09-30T05:27:05,20260930T035754826523Z,Carlisle_2015,grid,ok,"123x117 raster at 100 m, 14,037 cells in study area, EPSG:32630"
2026-09-30T05:27:06,20260930T035754826523Z,Carlisle_2015,resume:physical_40c7476a5d,info,loaded from checkpoint (not recomputed)
2026-09-30T05:27:06,20260930T035754826523Z,Carlisle_2015,resume:labels_e20d76e6f3,info,loaded from checkpoint (not recomputed)
2026-09-30T05:27:06,20260930T035754826523Z,Carlisle_2015,labels,ok,"source=canonical_gpkg, positives=1234, prevalence=8.7911% of 14,037 observable cells"
2026-09-30T05:27:06,20260930T035754826523Z,Carlisle_2015,social:gdelt_parse,ok,3325 raw rows -> 3325 flood-themed -> 3325 mention the city; 0 have a page title (3325 use URL words + GDELT location names; titles exist only from 2019-09-22)
2026-09-30T05:27:06,20260930T035754826523Z,Carlisle_2015,social:gdelt_bigquery,ok,3325 documents in window
2026-09-30T05:27:19,20260930T035754826523Z,Carlisle_2015,social:google_news_rss,info,"244 fetched -> 94 kept (150 outside the window, empty or duplicate)"
2026-09-30T05:27:19,20260930T035754826523Z,Carlisle_2015,social:google_news_rss,ok,94 documents in window
2026-09-30T05:27:47,20260930T035754826523Z,Carlisle_2015,social:reddit_arcticshift,ok,174 documents in window
2026-09-30T05:27:47,20260930T035754826523Z,Carlisle_2015,social:petabencana,skip,not an Indonesian city
2026-09-30T05:29:05,20260930T035754826523Z,Carlisle_2015,social:wikimedia_commons,skip,GET failed after 4 tries: https://commons.wikimedia.org/w/api.php (HTTP 429)
2026-09-30T05:29:05,20260930T035754826523Z,Carlisle_2015,social:dedupe,info,"3593 documents -> 2385 after de-duplication (956 syndicated wire copies, 252 repeated texts or photos)"
2026-09-30T05:29:06,20260930T035754826523Z,Carlisle_2015,social:gazetteer,ok,GeoNames GB: 58 populated places inside the study area -> 60 gazetteer names; 74 names of 74 towns outside it (within 80 km) will not be placed inside it
2026-09-30T06:08:45,20260930T035754826523Z,Carlisle_2015,social:places,ok,"4 mentions from 4 documents (gazetteer names=60, geocoder calls=1159, cache hits=10771)"
2026-09-30T06:08:45,20260930T035754826523Z,Carlisle_2015,social:concentration,warn,"1 distinct locations, effective 1.0; top place 'Harraby' = 100% of mentions; top 5: [('Harraby', 1.0)]  <- the social layer is carried by very few points; it cannot localise flooding. Check the top places are real places inside the study area"
2026-09-30T06:08:46,20260930T035754826523Z,Carlisle_2015,social,warn,sparse social layer: 2 located mentions in the primary window
2026-09-30T06:08:46,20260930T035754826523Z,Carlisle_2015,social:localisation,warn,"NOT eligible for the pooled gradient analysis: 2 mentions in the primary window, 1.0 effective locations, top place Harraby = 1.0 (rule: >= 100, >= 10, <= 0.4)"
2026-09-30T06:08:46,20260930T035754826523Z,Carlisle_2015,resume:population_bbf84a8691,info,loaded from checkpoint (not recomputed)
2026-09-30T06:08:46,20260930T035754826523Z,Carlisle_2015,acquire,ok,analysis inputs saved (0.7 MB) in 41.7 min -> Carlisle_2015/_analysis_inputs.pkl.gz
2026-09-30T06:08:46,20260930T035754826523Z,York_2015,resume:grid_5ca50aa46b,info,loaded from checkpoint (not recomputed)
2026-09-30T06:08:46,20260930T035754826523Z,York_2015,grid,ok,"114x102 raster at 100 m, 10,821 cells in study area, EPSG:32630"
2026-09-30T06:08:47,20260930T035754826523Z,York_2015,resume:physical_9fae66be28,info,loaded from checkpoint (not recomputed)
2026-09-30T06:08:47,20260930T035754826523Z,York_2015,resume:labels_d95413a2d2,info,loaded from checkpoint (not recomputed)
2026-09-30T06:08:47,20260930T035754826523Z,York_2015,labels,ok,"source=canonical_gpkg, positives=514, prevalence=4.7500% of 10,821 observable cells"
2026-09-30T06:08:48,20260930T035754826523Z,York_2015,social:gdelt_parse,ok,8207 raw rows -> 8207 flood-themed -> 8207 mention the city; 0 have a page title (8207 use URL words + GDELT location names; titles exist only from 2019-09-22)
2026-09-30T06:08:48,20260930T035754826523Z,York_2015,social:gdelt_bigquery,ok,8207 documents in window
2026-09-30T06:09:00,20260930T035754826523Z,York_2015,social:google_news_rss,info,"161 fetched -> 69 kept (92 outside the window, empty or duplicate)"
2026-09-30T06:09:00,20260930T035754826523Z,York_2015,social:google_news_rss,ok,69 documents in window
2026-09-30T06:09:33,20260930T035754826523Z,York_2015,social:reddit_arcticshift,ok,558 documents in window
2026-09-30T06:09:33,20260930T035754826523Z,York_2015,social:petabencana,skip,not an Indonesian city
2026-09-30T06:13:04,20260930T035754826523Z,York_2015,social:wikimedia_commons,skip,GET failed after 4 tries: https://commons.wikimedia.org/w/api.php (HTTP 429)
2026-09-30T06:13:04,20260930T035754826523Z,York_2015,social:dedupe,info,"8834 documents -> 4857 after de-duplication (3350 syndicated wire copies, 627 repeated texts or photos)"
2026-09-30T06:13:05,20260930T035754826523Z,York_2015,social:gazetteer,ok,GeoNames GB: 28 populated places inside the study area -> 28 gazetteer names; 358 names of 361 towns outside it (within 80 km) will not be placed inside it
2026-09-30T06:13:05,20260930T035754826523Z,York_2015,social:gazetteer,info,1 gazetteer names shared with neighbouring towns outside the study area removed
2026-09-30T06:13:05,20260930T035754826523Z,York_2015,social:toponyms,info,"rule t3: 93 gazetteer candidates rejected at acquisition {'name': 0, 'occurrence': 93}"
2026-09-30T07:13:38,20260930T035754826523Z,York_2015,social:places,ok,"5 mentions from 3 documents (gazetteer names=27, geocoder calls=1500, cache hits=27162)"
2026-09-30T07:13:38,20260930T035754826523Z,York_2015,social:places,warn,"the geocoder cap (1500) stopped 2180 name lookups; cached names are free on the next run, so re-running widens coverage — raise MAX_GEOCODE_CALLS to finish in one pass"
2026-09-30T07:13:38,20260930T035754826523Z,York_2015,social:concentration,warn,"2 distinct locations, effective 1.92; top place 'New Earswick' = 60% of mentions; top 5: [('New Earswick', 0.6), ('Earswick', 0.4)]  <- the social layer is carried by very few points; it cannot localise flooding. Check the top places are real places inside the study area"
2026-09-30T07:13:38,20260930T035754826523Z,York_2015,social,warn,sparse social layer: 5 located mentions in the primary window
2026-09-30T07:13:38,20260930T035754826523Z,York_2015,social:localisation,warn,"NOT eligible for the pooled gradient analysis: 5 mentions in the primary window, 1.92 effective locations, top place New Earswick = 0.6 (rule: >= 100, >= 10, <= 0.4)"
2026-09-30T07:13:38,20260930T035754826523Z,York_2015,resume:population_2b840f3a46,info,loaded from checkpoint (not recomputed)
2026-09-30T07:13:38,20260930T035754826523Z,York_2015,acquire,ok,analysis inputs saved (0.7 MB) in 64.9 min -> York_2015/_analysis_inputs.pkl.gz
2026-09-30T07:13:39,20260930T035754826523Z,NewYork_2021,resume:grid_bd268b9cbd,info,loaded from checkpoint (not recomputed)
2026-09-30T07:13:39,20260930T035754826523Z,NewYork_2021,grid,ok,"383x361 raster at 100 m, 133,865 cells in study area, EPSG:32618"
2026-09-30T07:13:39,20260930T035754826523Z,NewYork_2021,resume:physical_9b3ad96707,info,loaded from checkpoint (not recomputed)
2026-09-30T07:13:40,20260930T035754826523Z,NewYork_2021,resume:labels_54af0a72e2,info,loaded from checkpoint (not recomputed)
2026-09-30T07:13:40,20260930T035754826523Z,NewYork_2021,labels,ok,"source=usgs_sciencebase, positives=164, prevalence=12.3308% of 1,330 observable cells"
2026-09-30T07:13:41,20260930T035754826523Z,NewYork_2021,social:gdelt_parse,ok,12071 raw rows -> 12071 flood-themed -> 11956 mention the city; 11930 have a page title (26 use URL words + GDELT location names; titles exist only from 2019-09-22)
2026-09-30T07:13:43,20260930T035754826523Z,NewYork_2021,social:gdelt_bigquery,ok,11956 documents in window
2026-09-30T07:13:55,20260930T035754826523Z,NewYork_2021,social:google_news_rss,info,"454 fetched -> 202 kept (252 outside the window, empty or duplicate)"
2026-09-30T07:13:55,20260930T035754826523Z,NewYork_2021,social:google_news_rss,ok,202 documents in window
2026-09-30T07:16:07,20260930T035754826523Z,NewYork_2021,social:reddit_arcticshift,ok,1226 documents in window
2026-09-30T07:16:07,20260930T035754826523Z,NewYork_2021,social:petabencana,skip,not an Indonesian city
2026-09-30T07:16:49,20260930T035754826523Z,NewYork_2021,social:wikimedia_commons,skip,GET failed after 4 tries: https://commons.wikimedia.org/w/api.php (HTTP 429)
2026-09-30T07:16:50,20260930T035754826523Z,NewYork_2021,social:dedupe,info,"13384 documents -> 8225 after de-duplication (4410 syndicated wire copies, 749 repeated texts or photos)"
2026-09-30T07:17:02,20260930T035754826523Z,NewYork_2021,social:gazetteer,info,16 ambiguous names (same name >2 km apart) dropped
2026-09-30T07:17:02,20260930T035754826523Z,NewYork_2021,social:gazetteer,ok,GeoNames US: 518 populated places inside the study area -> 1263 gazetteer names; 739 names of 755 towns outside it (within 80 km) will not be placed inside it
2026-09-30T07:17:02,20260930T035754826523Z,NewYork_2021,social:gazetteer,info,18 gazetteer names shared with neighbouring towns outside the study area removed
2026-09-30T07:17:12,20260930T035754826523Z,NewYork_2021,social:toponyms,info,"rule t3: 1773 gazetteer candidates rejected at acquisition {'name': 123, 'occurrence': 1650}"
2026-09-30T08:44:02,20260930T035754826523Z,NewYork_2021,social:places,ok,"2034 mentions from 1658 documents (gazetteer names=1245, geocoder calls=1500, cache hits=21570)"
2026-09-30T08:44:02,20260930T035754826523Z,NewYork_2021,social:places,warn,"the geocoder cap (1500) stopped 549 name lookups; cached names are free on the next run, so re-running widens coverage — raise MAX_GEOCODE_CALLS to finish in one pass"
2026-09-30T08:44:02,20260930T035754826523Z,NewYork_2021,social:concentration,info,"100 distinct locations, effective 5.4; top place 'Brooklyn' = 36% of mentions; top 5: [('Brooklyn', 0.364), ('Manhattan', 0.192), ('Queens', 0.078), ('Hoboken', 0.056), ('Long Island', 0.041)]"
2026-09-30T08:44:44,20260930T035754826523Z,NewYork_2021,social:localisation,warn,"NOT eligible for the pooled gradient analysis: 1794 mentions in the primary window, 5.55 effective locations, top place Brooklyn = 0.359 (rule: >= 100, >= 10, <= 0.4)"
2026-09-30T08:44:44,20260930T035754826523Z,NewYork_2021,resume:population_f28b9c86e2,info,loaded from checkpoint (not recomputed)
2026-09-30T08:44:45,20260930T035754826523Z,NewYork_2021,acquire,ok,analysis inputs saved (11.9 MB) in 91.1 min -> NewYork_2021/_analysis_inputs.pkl.gz
2026-09-30T08:44:46,20260930T035754826523Z,Houston_SanJacinto_2017,resume:grid_05112b5552,info,loaded from checkpoint (not recomputed)
2026-09-30T08:44:46,20260930T035754826523Z,Houston_SanJacinto_2017,grid,ok,"442x436 raster at 150 m, 184,495 cells in study area, EPSG:32615"
2026-09-30T08:44:46,20260930T035754826523Z,Houston_SanJacinto_2017,grid,warn,cell size 150 m differs from the study default 100 m (large study area); report this per-city resolution in the paper
2026-09-30T08:44:47,20260930T035754826523Z,Houston_SanJacinto_2017,resume:physical_91f8e4a939,info,loaded from checkpoint (not recomputed)
2026-09-30T08:44:47,20260930T035754826523Z,Houston_SanJacinto_2017,resume:labels_276e2926a7,info,loaded from checkpoint (not recomputed)
2026-09-30T08:44:47,20260930T035754826523Z,Houston_SanJacinto_2017,labels,ok,"source=canonical_gpkg, positives=27565, prevalence=30.8375% of 89,388 observable cells"
2026-09-30T08:44:57,20260930T035754826523Z,Houston_SanJacinto_2017,social:gdelt_parse,ok,81621 raw rows -> 81621 flood-themed -> 78179 mention the city; 0 have a page title (78179 use URL words + GDELT location names; titles exist only from 2019-09-22)
2026-09-30T08:44:58,20260930T035754826523Z,Houston_SanJacinto_2017,social:gdelt_bigquery,info,"78179 fetched -> 78156 kept (23 outside the window, empty or duplicate)"
2026-09-30T08:44:58,20260930T035754826523Z,Houston_SanJacinto_2017,social:gdelt_bigquery,ok,78156 documents in window
2026-09-30T08:45:09,20260930T035754826523Z,Houston_SanJacinto_2017,social:google_news_rss,info,"68 fetched -> 35 kept (33 outside the window, empty or duplicate)"
2026-09-30T08:45:09,20260930T035754826523Z,Houston_SanJacinto_2017,social:google_news_rss,ok,35 documents in window
2026-09-30T08:49:11,20260930T035754826523Z,Houston_SanJacinto_2017,social:reddit_arcticshift,ok,2995 documents in window
2026-09-30T08:49:11,20260930T035754826523Z,Houston_SanJacinto_2017,social:petabencana,skip,not an Indonesian city
2026-09-30T08:49:52,20260930T035754826523Z,Houston_SanJacinto_2017,social:wikimedia_commons,skip,GET failed after 4 tries: https://commons.wikimedia.org/w/api.php (HTTP 429)
2026-09-30T08:49:53,20260930T035754826523Z,Houston_SanJacinto_2017,social:dedupe,info,"81186 documents -> 42560 after de-duplication (30262 syndicated wire copies, 8364 repeated texts or photos)"
2026-09-30T08:50:00,20260930T035754826523Z,Houston_SanJacinto_2017,social:gazetteer,ok,GeoNames US: 339 populated places inside the study area -> 475 gazetteer names; 104 names of 104 towns outside it (within 80 km) will not be placed inside it
2026-09-30T08:50:00,20260930T035754826523Z,Houston_SanJacinto_2017,social:gazetteer,info,1 gazetteer names shared with neighbouring towns outside the study area removed
2026-09-30T08:50:14,20260930T035754826523Z,Houston_SanJacinto_2017,social:toponyms,info,"rule t3: 1707 gazetteer candidates rejected at acquisition {'name': 807, 'occurrence': 900}"
2026-09-30T10:13:30,20260930T101110636986Z,Chennai_2015,label:verify,ok,file_url NRSC 2015 flood inundation zone (via Chennai SDSS; image date/sensor not stated): ok 5475 kB
2026-09-30T10:13:38,20260930T101110636986Z,Chennai_2015,label:verify,ok,file_url GCC water-stagnation locations 2015 (points): ok 513 kB
2026-09-30T10:13:38,20260930T101110636986Z,Chennai_2015,label:verify,ok,"file_url OSM-India crowdsourced flooded streets, 11:00 2 Dec 2015: ok 949 kB"
2026-09-30T10:13:39,20260930T101110636986Z,Chennai_2015,label:verify,ok,gfd Global Flood Database DFO 4309 (MODIS 250 m): ok 108 kB
2026-09-30T10:24:22,20260930T101110636986Z,Chennai_2023,label:verify,ok,ai4g_sar AI4G tile N12E078 (Sentinel-1 detections): ok 106787 kB
2026-09-30T10:24:22,20260930T101110636986Z,Valencia_2024,label:verify,ok,copernicus_ems EMSR773 (DEL images 30 Oct - 8 Nov 2024): ok 233 kB
2026-09-30T10:24:22,20260930T101110636986Z,EmiliaRomagna_2023a,label:verify,ok,copernicus_ems EMSR659 (DEL images 4 May 2023): ok 36 kB
2026-09-30T10:24:22,20260930T101110636986Z,Forli_2023b,label:verify,ok,copernicus_ems EMSR664 AOI01 Forlì (DEL images 17-21 May 2023): ok 42 kB
2026-09-30T10:24:23,20260930T101110636986Z,PortoAlegre_2024,label:verify,ok,arcgis_featureserver EMSN194 Extent Temporal Evolution layers: ok 3 kB
2026-09-30T10:24:23,20260930T101110636986Z,TaquariValley_2024,label:verify,ok,"copernicus_ems EMSR720 (AOIs Guaporé, Encantado, Roca Sales, Das Antas, Santa Tereza): ok 65 kB"
2026-09-30T10:24:23,20260930T101110636986Z,Carlisle_2015,label:verify,ok,file_url EA Recorded Flood Outline rec_out_id 4078182 'Carlisle (including Crosby-on-Eden) 05_12_2015': ok 53 kB
2026-09-30T10:24:37,20260930T101110636986Z,Carlisle_2015,label:verify,ok,copernicus_ems EMSR147 AOI01 Carlisle delineation: ok 1930 kB
2026-09-30T10:24:38,20260930T101110636986Z,York_2015,label:verify,ok,file_url EA Recorded Flood Outline rec_out_id 4084890 'December 2015 Flood Event' (Ouse/Derwent; clipped to York): ok 2878 kB
2026-09-30T10:24:56,20260930T101110636986Z,York_2015,label:verify,ok,copernicus_ems EMSR150 AOI01 York delineation: ok 2481 kB
2026-09-30T10:24:56,20260930T101110636986Z,NewYork_2021,label:verify,warn,usgs_sciencebase USGS 10.5066/P9JF4OWB depth rasters (within 250 m of the 83 HWM sites): http 403 6 kB
2026-09-30T10:24:57,20260930T101110636986Z,NewYork_2021,label:verify,ok,"usgs_stn STN event 312 (2021 Ida), NYC counties: ok 57 kB"
2026-09-30T10:24:57,20260930T101110636986Z,Houston_SanJacinto_2017,label:verify,warn,"usgs_sciencebase USGS 10.5066/F7VH5N3N, San Jacinto child 5aa023ebe4b0b1c392e6881b: http 403 6 kB"
2026-09-30T10:24:59,20260930T101110636986Z,Houston_SanJacinto_2017,label:verify,ok,"usgs_stn STN event 180 (2017 Harvey), Harris + Montgomery counties: ok 792 kB"
2026-09-30T10:25:00,20260930T101110636986Z,Jakarta_2020,label:verify,ok,petabencana reports archive (crowdsourced): ok 180 kB
2026-09-30T10:25:03,20260930T101110636986Z,Chennai_2015,label:assets,info,"already frozen (Chennai_2015_labels.gpkg, 2009 features, coverage polygons 0, sha256 3ef3d94f6435); set REFREEZE_LABEL_FILES=True to rebuild"
2026-09-30T10:25:03,20260930T101110636986Z,Bengaluru_2024,label:assets,info,"no vector label source in this chain (satellite labels are computed in Earth Engine, nothing to freeze)"
2026-09-30T10:25:03,20260930T101110636986Z,Chennai_2023,label:assets,info,"no vector label source in this chain (satellite labels are computed in Earth Engine, nothing to freeze)"
2026-09-30T10:25:05,20260930T101110636986Z,Valencia_2024,label:assets,info,"already frozen (Valencia_2024_labels.gpkg, 2220 features, coverage polygons 6, sha256 a7174d9b527b); set REFREEZE_LABEL_FILES=True to rebuild"
2026-09-30T10:25:06,20260930T101110636986Z,EmiliaRomagna_2023a,label:assets,info,"already frozen (EmiliaRomagna_2023a_labels.gpkg, 406 features, coverage polygons 4, sha256 a7f1d106afee); set REFREEZE_LABEL_FILES=True to rebuild"
2026-09-30T10:25:07,20260930T101110636986Z,Forli_2023b,label:assets,info,"already frozen (Forli_2023b_labels.gpkg, 1991 features, coverage polygons 4, sha256 3b9e9a15498b); set REFREEZE_LABEL_FILES=True to rebuild"
2026-09-30T10:25:08,20260930T101110636986Z,PortoAlegre_2024,label:assets,info,"already frozen (PortoAlegre_2024_labels.gpkg, 13011 features, coverage polygons 4, sha256 b1d2bd15f3b9); set REFREEZE_LABEL_FILES=True to rebuild"
2026-09-30T10:25:09,20260930T101110636986Z,TaquariValley_2024,label:assets,info,"already frozen (TaquariValley_2024_labels.gpkg, 641 features, coverage polygons 3, sha256 fd285474e6e9); set REFREEZE_LABEL_FILES=True to rebuild"
2026-09-30T10:25:10,20260930T101110636986Z,Carlisle_2015,label:assets,info,"already frozen (Carlisle_2015_labels.gpkg, 1 features, coverage polygons 0, sha256 7e6f1fba50dd); set REFREEZE_LABEL_FILES=True to rebuild"
2026-09-30T10:25:10,20260930T101110636986Z,York_2015,label:assets,info,"already frozen (York_2015_labels.gpkg, 1 features, coverage polygons 0, sha256 a649b08810b6); set REFREEZE_LABEL_FILES=True to rebuild"
2026-09-30T10:25:11,20260930T101110636986Z,NewYork_2021,label:assets,warn,could not freeze usgs_sciencebase: ScienceBase item 63badf22d34e92aad3cd279e unavailable
2026-09-30T10:25:13,20260930T101110636986Z,Houston_SanJacinto_2017,label:assets,info,"already frozen (Houston_SanJacinto_2017_labels.gpkg, 1 features, coverage polygons 1, sha256 d202af054a80); set REFREEZE_LABEL_FILES=True to rebuild"
2026-09-30T10:25:14,20260930T101110636986Z,Jakarta_2020,label:assets,info,"already frozen (Jakarta_2020_labels.gpkg, 255 features, coverage polygons 0, sha256 8fb4ee55dbac); set REFREEZE_LABEL_FILES=True to rebuild"
2026-09-30T10:25:14,20260930T101110636986Z,,label:assets,ok,manifest written: /content/drive/MyDrive/saturation_v4/label_assets/label_assets_manifest.csv
2026-09-30T10:25:17,20260930T101110636986Z,Chennai_2015,resume:grid_a9aa5a577a,info,loaded from checkpoint (not recomputed)
2026-09-30T10:25:17,20260930T101110636986Z,Chennai_2015,grid,ok,"400x251 raster at 100 m, 41,919 cells in study area, EPSG:32644"
2026-09-30T10:25:18,20260930T101110636986Z,Chennai_2015,resume:physical_beaab38215,info,loaded from checkpoint (not recomputed)
2026-09-30T10:25:18,20260930T101110636986Z,Chennai_2015,resume:labels_ea10f0be23,info,loaded from checkpoint (not recomputed)
2026-09-30T10:25:18,20260930T101110636986Z,Chennai_2015,labels,ok,"source=canonical_gpkg, positives=9404, prevalence=22.4337% of 41,919 observable cells"
2026-09-30T10:25:19,20260930T101110636986Z,Chennai_2015,resume:docs_6e7983aceb,info,loaded from checkpoint (not recomputed)
2026-09-30T10:25:20,20260930T101110636986Z,Chennai_2015,resume:gazetteer_355db48032,info,loaded from checkpoint (not recomputed)
2026-09-30T10:25:21,20260930T101110636986Z,Chennai_2015,resume:mentions_3f9b56f65f,info,loaded from checkpoint (not recomputed)
2026-09-30T10:25:23,20260930T101110636986Z,Chennai_2015,social:localisation,ok,"eligible for the pooled gradient analysis: 3029 mentions in the primary window, 19.27 effective locations, top place Adyar = 0.146 (rule: >= 100, >= 10, <= 0.4)"
2026-09-30T10:25:24,20260930T101110636986Z,Chennai_2015,resume:population_61b9bac9a9,info,loaded from checkpoint (not recomputed)
2026-09-30T10:25:25,20260930T101110636986Z,Chennai_2015,acquire,ok,analysis inputs saved (3.8 MB) in 0.2 min -> Chennai_2015/_analysis_inputs.pkl.gz
2026-09-30T10:25:26,20260930T101110636986Z,Bengaluru_2024,resume:grid_1f44ec53fc,info,loaded from checkpoint (not recomputed)
2026-09-30T10:25:26,20260930T101110636986Z,Bengaluru_2024,grid,ok,"393x385 raster at 100 m, 71,721 cells in study area, EPSG:32643"
2026-09-30T10:25:27,20260930T101110636986Z,Bengaluru_2024,resume:physical_8880a8d1c1,info,loaded from checkpoint (not recomputed)
2026-09-30T10:25:27,20260930T101110636986Z,Bengaluru_2024,resume:labels_c42eab6a46,info,loaded from checkpoint (not recomputed)
2026-09-30T10:25:27,20260930T101110636986Z,Bengaluru_2024,ladder,info,label is Sentinel-1-derived (s1_change): the SAR rung is removed from every ladder so the model cannot rediscover the label
2026-09-30T10:25:27,20260930T101110636986Z,Bengaluru_2024,labels,ok,"source=s1_change, positives=277, prevalence=0.6410% of 43,211 observable cells"
2026-09-30T10:25:28,20260930T101110636986Z,Bengaluru_2024,resume:docs_94d643683d,info,loaded from checkpoint (not recomputed)
2026-09-30T10:25:29,20260930T101110636986Z,Bengaluru_2024,resume:gazetteer_d7fa793f4b,info,loaded from checkpoint (not recomputed)
2026-09-30T10:25:30,20260930T101110636986Z,Bengaluru_2024,resume:mentions_1d86a522e2,info,loaded from checkpoint (not recomputed)
2026-09-30T10:25:31,20260930T101110636986Z,Bengaluru_2024,social:localisation,warn,"NOT eligible for the pooled gradient analysis: 128 mentions in the primary window, 2.31 effective locations, top place Yelahanka = 0.625 (rule: >= 100, >= 10, <= 0.4)"
2026-09-30T10:25:32,20260930T101110636986Z,Bengaluru_2024,resume:population_20b3b6e5f7,info,loaded from checkpoint (not recomputed)
2026-09-30T10:25:34,20260930T101110636986Z,Bengaluru_2024,acquire,ok,analysis inputs saved (6.0 MB) in 0.1 min -> Bengaluru_2024/_analysis_inputs.pkl.gz
2026-09-30T10:25:35,20260930T101110636986Z,Chennai_2023,resume:grid_55fab970e8,info,loaded from checkpoint (not recomputed)
2026-09-30T10:25:35,20260930T101110636986Z,Chennai_2023,grid,ok,"400x251 raster at 100 m, 41,919 cells in study area, EPSG:32644"
2026-09-30T10:25:35,20260930T101110636986Z,Chennai_2023,resume:physical_d84e13ee16,info,loaded from checkpoint (not recomputed)
2026-09-30T10:25:40,20260930T101110636986Z,Chennai_2023,label:ai4g_sar,warn,"unavailable: AI4G: 0 detections in 2023-12-02..2023-12-14, none after the dataset-card filters"
2026-09-30T10:26:09,20260930T101110636986Z,Chennai_2023,label:s2_change,warn,unavailable: only 18% of cells observed cloud-free after the event (< 50%)
2026-09-30T10:26:10,20260930T101110636986Z,Chennai_2023,label:s1_change,warn,"unavailable: no usable Sentinel-1 event/baseline pair (event scenes=0); nearest acquisitions: ['2023-10-25', '2023-11-06', '2023-11-18', '2023-11-30', '2024-01-17']"
2026-09-30T10:26:11,20260930T101110636986Z,Chennai_2023,acquire,fail,"RuntimeError: no label source passed (ai4g_sar: AI4G: 0 detections in 2023-12-02..2023-12-14, none after the dataset-card filters; s2_change: only 18% of cells observed cloud-free after the event (< 50%); s1_change: no usable Sentinel-1 event/baseline pair (event scenes=0); nearest acquisitions: ['2023-10-25', '2023-11-06', '2023-11-18', '2023-11-30', '2024-01-17']). Details in label_attempts.json (traceback in Chennai_2023_ERROR.txt)"
2026-09-30T10:26:11,20260930T101110636986Z,Valencia_2024,resume:grid_4e795b1ca1,info,loaded from checkpoint (not recomputed)
2026-09-30T10:26:11,20260930T101110636986Z,Valencia_2024,grid,ok,"228x180 raster at 100 m, 38,269 cells in study area, EPSG:32630"
2026-09-30T10:26:12,20260930T101110636986Z,Valencia_2024,resume:physical_6ff3351ddc,info,loaded from checkpoint (not recomputed)
2026-09-30T10:26:13,20260930T101110636986Z,Valencia_2024,resume:labels_1e4d01701d,info,loaded from checkpoint (not recomputed)
2026-09-30T10:26:13,20260930T101110636986Z,Valencia_2024,labels,ok,"source=canonical_gpkg, positives=10477, prevalence=27.3773% of 38,269 observable cells"
2026-09-30T10:26:14,20260930T101110636986Z,Valencia_2024,resume:docs_2f540ba8d1,info,loaded from checkpoint (not recomputed)
2026-09-30T10:26:15,20260930T101110636986Z,Valencia_2024,resume:gazetteer_105b05a4ac,info,loaded from checkpoint (not recomputed)
2026-09-30T10:26:15,20260930T101110636986Z,Valencia_2024,resume:mentions_c81d06e4e1,info,loaded from checkpoint (not recomputed)
2026-09-30T10:26:18,20260930T101110636986Z,Valencia_2024,social:localisation,warn,"NOT eligible for the pooled gradient analysis: 1802 mentions in the primary window, 3.92 effective locations, top place Paiporta = 0.444 (rule: >= 100, >= 10, <= 0.4)"
2026-09-30T10:26:18,20260930T101110636986Z,Valencia_2024,resume:population_f9f40345d9,info,loaded from checkpoint (not recomputed)
2026-09-30T10:26:20,20260930T101110636986Z,Valencia_2024,acquire,ok,analysis inputs saved (3.8 MB) in 0.1 min -> Valencia_2024/_analysis_inputs.pkl.gz
2026-09-30T10:26:20,20260930T101110636986Z,EmiliaRomagna_2023a,resume:grid_d82ee58a5f,info,loaded from checkpoint (not recomputed)
2026-09-30T10:26:20,20260930T101110636986Z,EmiliaRomagna_2023a,grid,ok,"387x397 raster at 100 m, 143,322 cells in study area, EPSG:32632"
2026-09-30T10:26:21,20260930T101110636986Z,EmiliaRomagna_2023a,resume:physical_bd2ae38243,info,loaded from checkpoint (not recomputed)
2026-09-30T10:26:21,20260930T101110636986Z,EmiliaRomagna_2023a,resume:labels_fe350fbe87,info,loaded from checkpoint (not recomputed)
2026-09-30T10:26:21,20260930T101110636986Z,EmiliaRomagna_2023a,labels,ok,"source=canonical_gpkg, positives=2576, prevalence=13.1523% of 19,586 observable cells"
2026-09-30T10:26:22,20260930T101110636986Z,EmiliaRomagna_2023a,resume:docs_7e901f5269,info,loaded from checkpoint (not recomputed)
2026-09-30T10:26:23,20260930T101110636986Z,EmiliaRomagna_2023a,resume:gazetteer_e5429930ba,info,loaded from checkpoint (not recomputed)
2026-09-30T10:26:24,20260930T101110636986Z,EmiliaRomagna_2023a,resume:mentions_bba56293e2,info,loaded from checkpoint (not recomputed)
2026-09-30T10:26:26,20260930T101110636986Z,EmiliaRomagna_2023a,social:localisation,warn,"NOT eligible for the pooled gradient analysis: 262 mentions in the primary window, 5.29 effective locations, top place Lavezzola = 0.336 (rule: >= 100, >= 10, <= 0.4)"
2026-09-30T10:26:27,20260930T101110636986Z,EmiliaRomagna_2023a,resume:population_5788997820,info,loaded from checkpoint (not recomputed)
2026-09-30T10:26:33,20260930T101110636986Z,EmiliaRomagna_2023a,acquire,ok,analysis inputs saved (10.7 MB) in 0.2 min -> EmiliaRomagna_2023a/_analysis_inputs.pkl.gz
2026-09-30T10:26:35,20260930T101110636986Z,Forli_2023b,resume:grid_cef2163465,info,loaded from checkpoint (not recomputed)
2026-09-30T10:26:35,20260930T101110636986Z,Forli_2023b,grid,ok,"316x320 raster at 100 m, 93,651 cells in study area, EPSG:32633"
2026-09-30T10:26:35,20260930T101110636986Z,Forli_2023b,resume:physical_18b1d715d7,info,loaded from checkpoint (not recomputed)
2026-09-30T10:26:36,20260930T101110636986Z,Forli_2023b,resume:labels_e367e66aad,info,loaded from checkpoint (not recomputed)
2026-09-30T10:26:36,20260930T101110636986Z,Forli_2023b,labels,ok,"source=canonical_gpkg, positives=3856, prevalence=4.5371% of 84,989 observable cells"
2026-09-30T10:26:36,20260930T101110636986Z,Forli_2023b,resume:docs_65b5bd81a4,info,loaded from checkpoint (not recomputed)
2026-09-30T10:26:38,20260930T101110636986Z,Forli_2023b,resume:gazetteer_b8f29a3541,info,loaded from checkpoint (not recomputed)
2026-09-30T10:26:38,20260930T101110636986Z,Forli_2023b,resume:mentions_cc0e299e5e,info,loaded from checkpoint (not recomputed)
2026-09-30T10:26:41,20260930T101110636986Z,Forli_2023b,social:localisation,warn,"NOT eligible for the pooled gradient analysis: 239 mentions in the primary window, 3.78 effective locations, top place Dovadola = 0.439 (rule: >= 100, >= 10, <= 0.4)"
2026-09-30T10:26:41,20260930T101110636986Z,Forli_2023b,resume:population_911492b6db,info,loaded from checkpoint (not recomputed)
2026-09-30T10:26:43,20260930T101110636986Z,Forli_2023b,acquire,ok,analysis inputs saved (7.5 MB) in 0.2 min -> Forli_2023b/_analysis_inputs.pkl.gz
2026-09-30T10:26:44,20260930T101110636986Z,PortoAlegre_2024,resume:grid_c36a05bc17,info,loaded from checkpoint (not recomputed)
2026-09-30T10:26:44,20260930T101110636986Z,PortoAlegre_2024,grid,ok,"541x264 raster at 100 m, 141,828 cells in study area, EPSG:32722"
2026-09-30T10:26:45,20260930T101110636986Z,PortoAlegre_2024,resume:physical_c8b2db03fd,info,loaded from checkpoint (not recomputed)
2026-09-30T10:26:45,20260930T101110636986Z,PortoAlegre_2024,resume:labels_11ae2d392e,info,loaded from checkpoint (not recomputed)
2026-09-30T10:26:45,20260930T101110636986Z,PortoAlegre_2024,labels,ok,"source=canonical_gpkg, positives=32153, prevalence=35.1161% of 91,562 observable cells"
2026-09-30T10:26:45,20260930T101110636986Z,PortoAlegre_2024,labels,warn,"prevalence 35.1% is high: Recall@K and AP are near their random baselines by construction, so read info_nats and AUC for this city"
2026-09-30T10:26:46,20260930T101110636986Z,PortoAlegre_2024,resume:docs_193aad98fb,info,loaded from checkpoint (not recomputed)
2026-09-30T10:26:48,20260930T101110636986Z,PortoAlegre_2024,resume:gazetteer_e722c0447a,info,loaded from checkpoint (not recomputed)
2026-09-30T10:26:49,20260930T101110636986Z,PortoAlegre_2024,resume:mentions_682f0308c5,info,loaded from checkpoint (not recomputed)
2026-09-30T10:26:50,20260930T101110636986Z,PortoAlegre_2024,social:localisation,warn,"NOT eligible for the pooled gradient analysis: 219 mentions in the primary window, 7.97 effective locations, top place Sao Sebastiao = 0.274 (rule: >= 100, >= 10, <= 0.4)"
2026-09-30T10:26:51,20260930T101110636986Z,PortoAlegre_2024,resume:population_fc0ddbd7f7,info,loaded from checkpoint (not recomputed)
2026-09-30T10:26:53,20260930T101110636986Z,PortoAlegre_2024,acquire,ok,analysis inputs saved (9.4 MB) in 0.2 min -> PortoAlegre_2024/_analysis_inputs.pkl.gz
2026-09-30T10:26:54,20260930T101110636986Z,TaquariValley_2024,resume:grid_b1147904ff,info,loaded from checkpoint (not recomputed)
2026-09-30T10:26:54,20260930T101110636986Z,TaquariValley_2024,grid,ok,"150x95 raster at 100 m, 13,823 cells in study area, EPSG:32722"
2026-09-30T10:26:54,20260930T101110636986Z,TaquariValley_2024,resume:physical_4270429ec5,info,loaded from checkpoint (not recomputed)
2026-09-30T10:26:55,20260930T101110636986Z,TaquariValley_2024,resume:labels_c9df784651,info,loaded from checkpoint (not recomputed)
2026-09-30T10:26:55,20260930T101110636986Z,TaquariValley_2024,labels,ok,"source=canonical_gpkg, positives=463, prevalence=9.2011% of 5,032 observable cells"
2026-09-30T10:26:55,20260930T101110636986Z,TaquariValley_2024,resume:docs_b3bb324043,info,loaded from checkpoint (not recomputed)
2026-09-30T10:26:56,20260930T101110636986Z,TaquariValley_2024,resume:gazetteer_3b04cc1643,info,loaded from checkpoint (not recomputed)
2026-09-30T10:26:57,20260930T101110636986Z,TaquariValley_2024,resume:mentions_b15e945408,info,loaded from checkpoint (not recomputed)
2026-09-30T10:26:58,20260930T101110636986Z,TaquariValley_2024,social:localisation,warn,"NOT eligible for the pooled gradient analysis: 60 mentions in the primary window, 2.11 effective locations, top place Encantado = 0.667 (rule: >= 100, >= 10, <= 0.4)"
2026-09-30T10:26:58,20260930T101110636986Z,TaquariValley_2024,resume:population_56291df856,info,loaded from checkpoint (not recomputed)
2026-09-30T10:26:59,20260930T101110636986Z,TaquariValley_2024,acquire,ok,analysis inputs saved (1.1 MB) in 0.1 min -> TaquariValley_2024/_analysis_inputs.pkl.gz
2026-09-30T10:27:00,20260930T101110636986Z,Carlisle_2015,resume:grid_4bc1f26076,info,loaded from checkpoint (not recomputed)
2026-09-30T10:27:00,20260930T101110636986Z,Carlisle_2015,grid,ok,"123x117 raster at 100 m, 14,037 cells in study area, EPSG:32630"
2026-09-30T10:27:00,20260930T101110636986Z,Carlisle_2015,resume:physical_40c7476a5d,info,loaded from checkpoint (not recomputed)
2026-09-30T10:27:01,20260930T101110636986Z,Carlisle_2015,resume:labels_e20d76e6f3,info,loaded from checkpoint (not recomputed)
2026-09-30T10:27:01,20260930T101110636986Z,Carlisle_2015,labels,ok,"source=canonical_gpkg, positives=1234, prevalence=8.7911% of 14,037 observable cells"
2026-09-30T10:27:01,20260930T101110636986Z,Carlisle_2015,resume:docs_22903bba5c,info,loaded from checkpoint (not recomputed)
2026-09-30T10:27:03,20260930T101110636986Z,Carlisle_2015,resume:gazetteer_1af3e8865d,info,loaded from checkpoint (not recomputed)
2026-09-30T10:27:03,20260930T101110636986Z,Carlisle_2015,resume:mentions_7a4a354f73,info,loaded from checkpoint (not recomputed)
2026-09-30T10:27:04,20260930T101110636986Z,Carlisle_2015,social,warn,sparse social layer: 2 located mentions in the primary window
2026-09-30T10:27:04,20260930T101110636986Z,Carlisle_2015,social:localisation,warn,"NOT eligible for the pooled gradient analysis: 2 mentions in the primary window, 1.0 effective locations, top place Harraby = 1.0 (rule: >= 100, >= 10, <= 0.4)"
2026-09-30T10:27:05,20260930T101110636986Z,Carlisle_2015,resume:population_bbf84a8691,info,loaded from checkpoint (not recomputed)
2026-09-30T10:27:06,20260930T101110636986Z,Carlisle_2015,acquire,ok,analysis inputs saved (0.7 MB) in 0.1 min -> Carlisle_2015/_analysis_inputs.pkl.gz
2026-09-30T10:27:06,20260930T101110636986Z,York_2015,resume:grid_5ca50aa46b,info,loaded from checkpoint (not recomputed)
2026-09-30T10:27:06,20260930T101110636986Z,York_2015,grid,ok,"114x102 raster at 100 m, 10,821 cells in study area, EPSG:32630"
2026-09-30T10:27:07,20260930T101110636986Z,York_2015,resume:physical_9fae66be28,info,loaded from checkpoint (not recomputed)
2026-09-30T10:27:08,20260930T101110636986Z,York_2015,resume:labels_d95413a2d2,info,loaded from checkpoint (not recomputed)
2026-09-30T10:27:08,20260930T101110636986Z,York_2015,labels,ok,"source=canonical_gpkg, positives=514, prevalence=4.7500% of 10,821 observable cells"
2026-09-30T10:27:09,20260930T101110636986Z,York_2015,resume:docs_3f85ff559f,info,loaded from checkpoint (not recomputed)
2026-09-30T10:27:10,20260930T101110636986Z,York_2015,resume:gazetteer_66f1cf7f73,info,loaded from checkpoint (not recomputed)
2026-09-30T10:27:10,20260930T101110636986Z,York_2015,resume:mentions_16000b2fcb,info,loaded from checkpoint (not recomputed)
2026-09-30T10:27:12,20260930T101110636986Z,York_2015,social,warn,sparse social layer: 5 located mentions in the primary window
2026-09-30T10:27:12,20260930T101110636986Z,York_2015,social:localisation,warn,"NOT eligible for the pooled gradient analysis: 5 mentions in the primary window, 1.92 effective locations, top place New Earswick = 0.6 (rule: >= 100, >= 10, <= 0.4)"
2026-09-30T10:27:12,20260930T101110636986Z,York_2015,resume:population_2b840f3a46,info,loaded from checkpoint (not recomputed)
2026-09-30T10:27:13,20260930T101110636986Z,York_2015,acquire,ok,analysis inputs saved (0.7 MB) in 0.1 min -> York_2015/_analysis_inputs.pkl.gz
2026-09-30T10:27:14,20260930T101110636986Z,NewYork_2021,resume:grid_bd268b9cbd,info,loaded from checkpoint (not recomputed)
2026-09-30T10:27:14,20260930T101110636986Z,NewYork_2021,grid,ok,"383x361 raster at 100 m, 133,865 cells in study area, EPSG:32618"
2026-09-30T10:27:15,20260930T101110636986Z,NewYork_2021,resume:physical_9b3ad96707,info,loaded from checkpoint (not recomputed)
2026-09-30T10:27:16,20260930T101110636986Z,NewYork_2021,resume:labels_54af0a72e2,info,loaded from checkpoint (not recomputed)
2026-09-30T10:27:16,20260930T101110636986Z,NewYork_2021,labels,ok,"source=usgs_sciencebase, positives=164, prevalence=12.3308% of 1,330 observable cells"
2026-09-30T10:27:16,20260930T101110636986Z,NewYork_2021,resume:docs_45667837d7,info,loaded from checkpoint (not recomputed)
2026-09-30T10:27:18,20260930T101110636986Z,NewYork_2021,resume:gazetteer_2cf92e1aa6,info,loaded from checkpoint (not recomputed)
2026-09-30T10:27:18,20260930T101110636986Z,NewYork_2021,resume:mentions_83cd2c80ad,info,loaded from checkpoint (not recomputed)
2026-09-30T10:27:20,20260930T101110636986Z,NewYork_2021,social:localisation,warn,"NOT eligible for the pooled gradient analysis: 1794 mentions in the primary window, 5.55 effective locations, top place Brooklyn = 0.359 (rule: >= 100, >= 10, <= 0.4)"
2026-09-30T10:27:21,20260930T101110636986Z,NewYork_2021,resume:population_f28b9c86e2,info,loaded from checkpoint (not recomputed)
2026-09-30T10:27:24,20260930T101110636986Z,NewYork_2021,acquire,ok,analysis inputs saved (11.9 MB) in 0.2 min -> NewYork_2021/_analysis_inputs.pkl.gz
2026-09-30T10:27:25,20260930T101110636986Z,Houston_SanJacinto_2017,resume:grid_05112b5552,info,loaded from checkpoint (not recomputed)
2026-09-30T10:27:25,20260930T101110636986Z,Houston_SanJacinto_2017,grid,ok,"442x436 raster at 150 m, 184,495 cells in study area, EPSG:32615"
2026-09-30T10:27:25,20260930T101110636986Z,Houston_SanJacinto_2017,grid,warn,cell size 150 m differs from the study default 100 m (large study area); report this per-city resolution in the paper
2026-09-30T10:27:26,20260930T101110636986Z,Houston_SanJacinto_2017,resume:physical_91f8e4a939,info,loaded from checkpoint (not recomputed)
2026-09-30T10:27:27,20260930T101110636986Z,Houston_SanJacinto_2017,resume:labels_276e2926a7,info,loaded from checkpoint (not recomputed)
2026-09-30T10:27:27,20260930T101110636986Z,Houston_SanJacinto_2017,labels,ok,"source=canonical_gpkg, positives=27565, prevalence=30.8375% of 89,388 observable cells"
2026-09-30T10:27:28,20260930T101110636986Z,Houston_SanJacinto_2017,resume:docs_99ca6f6e16,info,loaded from checkpoint (not recomputed)
2026-09-30T10:27:29,20260930T101110636986Z,Houston_SanJacinto_2017,resume:gazetteer_ee39dac93a,info,loaded from checkpoint (not recomputed)
2026-09-30T10:27:30,20260930T101110636986Z,Houston_SanJacinto_2017,social:gazetteer,info,1 gazetteer names shared with neighbouring towns outside the study area removed
2026-09-30T10:27:54,20260930T101110636986Z,Houston_SanJacinto_2017,social:toponyms,info,"rule t3: 1707 gazetteer candidates rejected at acquisition {'name': 807, 'occurrence': 900}"
2026-09-30T14:07:59,20260930T101110636986Z,Houston_SanJacinto_2017,social:places,ok,"995 mentions from 916 documents (gazetteer names=474, geocoder calls=1500, cache hits=110525)"
2026-09-30T14:07:59,20260930T101110636986Z,Houston_SanJacinto_2017,social:places,warn,"the geocoder cap (1500) stopped 11971 name lookups; cached names are free on the next run, so re-running widens coverage — raise MAX_GEOCODE_CALLS to finish in one pass"
2026-09-30T14:07:59,20260930T101110636986Z,Houston_SanJacinto_2017,social:concentration,info,"58 distinct locations, effective 6.29; top place 'Kingwood' = 27% of mentions; top 5: [('Kingwood', 0.268), ('Jersey Village', 0.265), ('Tomball', 0.097), ('Conroe', 0.034), ('North Houston', 0.033)]"
2026-09-30T14:08:38,20260930T101110636986Z,Houston_SanJacinto_2017,social:localisation,warn,"NOT eligible for the pooled gradient analysis: 437 mentions in the primary window, 4.82 effective locations, top place Kingwood = 0.414 (rule: >= 100, >= 10, <= 0.4)"
2026-09-30T14:08:38,20260930T101110636986Z,Houston_SanJacinto_2017,resume:population_930d8c92fe,info,loaded from checkpoint (not recomputed)
2026-09-30T14:08:42,20260930T101110636986Z,Houston_SanJacinto_2017,acquire,ok,analysis inputs saved (13.3 MB) in 221.3 min -> Houston_SanJacinto_2017/_analysis_inputs.pkl.gz
2026-09-30T14:08:44,20260930T101110636986Z,Jakarta_2020,grid,ok,"323x356 raster at 100 m, 71,661 cells in study area, EPSG:32748"
2026-09-30T14:11:38,20260930T101110636986Z,Jakarta_2020,physical:terrain,ok,"['elev_m', 'slope_deg', 'tpi_1km'] in 170s"
2026-09-30T14:12:50,20260930T101110636986Z,Jakarta_2020,physical:surface,ok,"['built_frac', 'tree_frac', 'dw_built'] in 72s"
2026-09-30T14:12:56,20260930T101110636986Z,Jakarta_2020,physical:hydrography,ok,"['hand_m', 'log_upa', 'dist_water_m', 'jrc_occ'] in 6s"
2026-09-30T14:12:59,20260930T101110636986Z,Jakarta_2020,physical:forcing,ok,"['era5_rain_72h', 'era5_rain_ante7d', 'era5_sm_l1', 'imerg_rain_72h'] in 2s"
2026-09-30T14:13:14,20260930T101110636986Z,Jakarta_2020,physical:sar_event,ok,['s1_vv_drop_db'] in 16s
2026-09-30T14:13:14,20260930T101110636986Z,Jakarta_2020,physical:fill,info,hand_m: 6785 cells (9.5%) filled from the nearest valid cell (max distance 4.0 km)
2026-09-30T14:13:15,20260930T101110636986Z,Jakarta_2020,physical:fill,info,log_upa: 6785 cells (9.5%) filled from the nearest valid cell (max distance 4.0 km)
2026-09-30T14:13:15,20260930T101110636986Z,Jakarta_2020,physical:fill,info,era5_rain_72h: 18812 cells (26.3%) filled from the nearest valid cell (max distance 7.8 km)
2026-09-30T14:13:15,20260930T101110636986Z,Jakarta_2020,physical:fill,info,era5_rain_ante7d: 18812 cells (26.3%) filled from the nearest valid cell (max distance 7.8 km)
2026-09-30T14:13:15,20260930T101110636986Z,Jakarta_2020,physical:fill,info,era5_sm_l1: 18812 cells (26.3%) filled from the nearest valid cell (max distance 7.8 km)
2026-09-30T14:13:15,20260930T101110636986Z,Jakarta_2020,physical:coarse,info,era5_rain_72h: 9 distinct values within the city (native ~9-11 km)
2026-09-30T14:13:15,20260930T101110636986Z,Jakarta_2020,physical:coarse,info,era5_rain_ante7d: 9 distinct values within the city (native ~9-11 km)
2026-09-30T14:13:15,20260930T101110636986Z,Jakarta_2020,physical:coarse,info,era5_sm_l1: 9 distinct values within the city (native ~9-11 km)
2026-09-30T14:13:15,20260930T101110636986Z,Jakarta_2020,physical:coarse,info,imerg_rain_72h: 14 distinct values within the city (native ~9-11 km)
2026-09-30T14:13:15,20260930T101110636986Z,Jakarta_2020,label:canonical_gpkg,ok,"255 features from the frozen file (sha256 8fb4ee55dbac, no download)"
2026-09-30T14:13:15,20260930T101110636986Z,Jakarta_2020,label:canonical_gpkg,info,255 features -> 1054 cells (1.471% of the study area)
2026-09-30T14:13:15,20260930T101110636986Z,Jakarta_2020,label:canonical_gpkg,info,no mapped-area footprint stored with this label: every grid cell is treated as mapped (report this for the city)
2026-09-30T14:13:15,20260930T101110636986Z,Jakarta_2020,label:canonical_gpkg,ok,"accepted: 1054 positive cells, prevalence 1.4708% of 71,661 observable cells [ground truth tier B_crowdsourced]"
2026-09-30T14:13:15,20260930T101110636986Z,Jakarta_2020,labels,ok,"source=canonical_gpkg, positives=1054, prevalence=1.4708% of 71,661 observable cells"
2026-09-30T14:13:15,20260930T101110636986Z,Jakarta_2020,social,info,"PetaBencana is the label source here, so it is excluded from the social layer (and this city is a crowdsourced-label case, not confirmatory evidence)"
2026-09-30T14:13:22,20260930T101110636986Z,Jakarta_2020,social:gdelt_bigquery,info,scanned 5.6 GB
2026-09-30T14:13:23,20260930T101110636986Z,Jakarta_2020,social:gdelt_parse,ok,12435 raw rows -> 12435 flood-themed -> 12341 mention the city; 12148 have a page title (193 use URL words + GDELT location names; titles exist only from 2019-09-22)
2026-09-30T14:13:23,20260930T101110636986Z,Jakarta_2020,social:gdelt_bigquery,ok,12341 documents in window
2026-09-30T14:13:41,20260930T101110636986Z,Jakarta_2020,social:google_news_rss,info,"521 fetched -> 306 kept (215 outside the window, empty or duplicate)"
2026-09-30T14:13:41,20260930T101110636986Z,Jakarta_2020,social:google_news_rss,ok,306 documents in window
2026-09-30T14:14:04,20260930T101110636986Z,Jakarta_2020,social:reddit_arcticshift,ok,828 documents in window
2026-09-30T14:14:13,20260930T101110636986Z,Jakarta_2020,social:wikimedia_commons,skip,Commons geosearch error: Search is currently too busy. Please try again later.
2026-09-30T14:14:14,20260930T101110636986Z,Jakarta_2020,social:dedupe,info,"13475 documents -> 12158 after de-duplication (912 syndicated wire copies, 405 repeated texts or photos)"
2026-09-30T14:14:14,20260930T101110636986Z,Jakarta_2020,download,ok,10.4 MB from https://download.geonames.org/export/dump/ID.zip
2026-09-30T14:14:18,20260930T101110636986Z,Jakarta_2020,social:gazetteer,info,101 ambiguous names (same name >2 km apart) dropped
2026-09-30T14:14:18,20260930T101110636986Z,Jakarta_2020,social:gazetteer,ok,GeoNames ID: 1005 populated places inside the study area -> 1652 gazetteer names; 44 names of 44 towns outside it (within 80 km) will not be placed inside it
2026-09-30T14:14:18,20260930T101110636986Z,Jakarta_2020,social:gazetteer,info,3 gazetteer names shared with neighbouring towns outside the study area removed
2026-09-30T14:14:35,20260930T101110636986Z,Jakarta_2020,social:toponyms,info,"rule t3: 1590 gazetteer candidates rejected at acquisition {'name': 0, 'occurrence': 1590}"
2026-09-30T15:55:01,20260930T101110636986Z,Jakarta_2020,social:places,ok,"5004 mentions from 3326 documents (gazetteer names=1649, geocoder calls=1500, cache hits=24071)"
2026-09-30T15:55:01,20260930T101110636986Z,Jakarta_2020,social:places,warn,"the geocoder cap (1500) stopped 334 name lookups; cached names are free on the next run, so re-running widens coverage — raise MAX_GEOCODE_CALLS to finish in one pass"
2026-09-30T15:55:01,20260930T101110636986Z,Jakarta_2020,social:concentration,info,"220 distinct locations, effective 35.42; top place 'Manggarai' = 9% of mentions; top 5: [('Manggarai', 0.086), ('Kemang', 0.081), ('Kalideres', 0.043), ('Kebanjiran', 0.038), ('Jatiasih', 0.038)]"
2026-09-30T15:55:30,20260930T101110636986Z,Jakarta_2020,social:localisation,ok,"eligible for the pooled gradient analysis: 4482 mentions in the primary window, 34.6 effective locations, top place Kemang = 0.086 (rule: >= 100, >= 10, <= 0.4)"
2026-09-30T15:55:32,20260930T101110636986Z,Jakarta_2020,exposure:population,ok,"JRC/GHSL/P2023A/GHS_POP/2020: median 14899 residents/km², max 173981"
2026-09-30T15:55:34,20260930T101110636986Z,Jakarta_2020,acquire,ok,analysis inputs saved (7.2 MB) in 106.9 min -> Jakarta_2020/_analysis_inputs.pkl.gz
2026-09-30T15:55:34,20260930T101110636986Z,(all),acquire,ok,12 of 13 cities acquired; run the analysis with RUN_MODE='analyse' (any machine) on /content/drive/MyDrive/saturation_v6/outputs
2026-09-30T16:18:03,20260930T101110636986Z,Houston_SanJacinto_2017,resume:grid_05112b5552,info,loaded from checkpoint (not recomputed)
2026-09-30T16:18:03,20260930T101110636986Z,Houston_SanJacinto_2017,grid,ok,"442x436 raster at 150 m, 184,495 cells in study area, EPSG:32615"
2026-09-30T16:18:03,20260930T101110636986Z,Houston_SanJacinto_2017,grid,warn,cell size 150 m differs from the study default 100 m (large study area); report this per-city resolution in the paper
2026-09-30T16:18:04,20260930T101110636986Z,Houston_SanJacinto_2017,resume:physical_91f8e4a939,info,loaded from checkpoint (not recomputed)
2026-09-30T16:18:04,20260930T101110636986Z,Houston_SanJacinto_2017,resume:labels_276e2926a7,info,loaded from checkpoint (not recomputed)
2026-09-30T16:18:04,20260930T101110636986Z,Houston_SanJacinto_2017,labels,ok,"source=canonical_gpkg, positives=27565, prevalence=30.8375% of 89,388 observable cells"
2026-09-30T16:18:04,20260930T101110636986Z,Houston_SanJacinto_2017,resume:docs_99ca6f6e16,info,loaded from checkpoint (not recomputed)
2026-09-30T16:18:04,20260930T101110636986Z,Houston_SanJacinto_2017,resume:gazetteer_ee39dac93a,info,loaded from checkpoint (not recomputed)
2026-09-30T16:18:04,20260930T101110636986Z,Houston_SanJacinto_2017,resume:mentions_cac151d013,info,loaded from checkpoint (not recomputed)
2026-09-30T16:18:08,20260930T101110636986Z,Houston_SanJacinto_2017,social:localisation,warn,"NOT eligible for the pooled gradient analysis: 437 mentions in the primary window, 4.82 effective locations, top place Kingwood = 0.414 (rule: >= 100, >= 10, <= 0.4)"
2026-09-30T16:18:08,20260930T101110636986Z,Houston_SanJacinto_2017,resume:population_930d8c92fe,info,loaded from checkpoint (not recomputed)
2026-09-30T16:18:11,20260930T101110636986Z,Houston_SanJacinto_2017,acquire,ok,analysis inputs saved (13.3 MB) in 0.1 min -> Houston_SanJacinto_2017/_analysis_inputs.pkl.gz
2026-09-30T16:18:11,20260930T101110636986Z,Jakarta_2020,resume:grid_b7e5eaea45,info,loaded from checkpoint (not recomputed)
2026-09-30T16:18:11,20260930T101110636986Z,Jakarta_2020,grid,ok,"323x356 raster at 100 m, 71,661 cells in study area, EPSG:32748"
2026-09-30T16:18:11,20260930T101110636986Z,Jakarta_2020,resume:physical_2f6db2ccbf,info,loaded from checkpoint (not recomputed)
2026-09-30T16:18:11,20260930T101110636986Z,Jakarta_2020,resume:labels_65db969f14,info,loaded from checkpoint (not recomputed)
2026-09-30T16:18:11,20260930T101110636986Z,Jakarta_2020,labels,ok,"source=canonical_gpkg, positives=1054, prevalence=1.4708% of 71,661 observable cells"
2026-09-30T16:18:11,20260930T101110636986Z,Jakarta_2020,social,info,"PetaBencana is the label source here, so it is excluded from the social layer (and this city is a crowdsourced-label case, not confirmatory evidence)"
2026-09-30T16:18:11,20260930T101110636986Z,Jakarta_2020,resume:docs_c99bc15103,info,loaded from checkpoint (not recomputed)
2026-09-30T16:18:11,20260930T101110636986Z,Jakarta_2020,resume:gazetteer_55bd60b3c0,info,loaded from checkpoint (not recomputed)
2026-09-30T16:18:11,20260930T101110636986Z,Jakarta_2020,resume:mentions_0446f36d6b,info,loaded from checkpoint (not recomputed)
2026-09-30T16:18:13,20260930T101110636986Z,Jakarta_2020,social:localisation,ok,"eligible for the pooled gradient analysis: 4482 mentions in the primary window, 34.6 effective locations, top place Kemang = 0.086 (rule: >= 100, >= 10, <= 0.4)"
2026-09-30T16:18:13,20260930T101110636986Z,Jakarta_2020,resume:population_962ac1f667,info,loaded from checkpoint (not recomputed)
2026-09-30T16:18:14,20260930T101110636986Z,Jakarta_2020,acquire,ok,analysis inputs saved (7.2 MB) in 0.0 min -> Jakarta_2020/_analysis_inputs.pkl.gz
2026-09-30T16:18:14,20260930T101110636986Z,(all),acquire,ok,2 of 2 cities acquired; run the analysis with RUN_MODE='analyse' (any machine) on /content/drive/MyDrive/saturation_v6/outputs
2026-09-30T16:25:43,20260930T101110636986Z,Chennai_2015,exclude,info,779 permanent-water cells (JRC occurrence >= 50%) excluded
2026-09-30T16:25:43,20260930T101110636986Z,Chennai_2015,exclude,ok,"779 of 41,919 cells excluded (1.9%); 9360 flooded among 41,140 analysed"
2026-09-30T16:25:44,20260930T101110636986Z,Chennai_2015,cv:blocks,ok,label autocorrelation < 0.1 by 3000 m -> CV tile 2500 m + buffer 500 m (correlogram range 3000 m)
2026-09-30T16:25:44,20260930T101110636986Z,Chennai_2015,rung:A_terrain_first,info,"positives per fold: {0: 1871, 1: 1872, 2: 1875, 3: 1871, 4: 1871}"
2026-09-30T16:30:06,20260930T101110636986Z,Chennai_2015,rung:A_terrain_first,info,[R0_none] AP_phys=0.2128 AP_stacked=0.3009 AP_gated=0.2852
2026-09-30T16:36:00,20260930T101110636986Z,Chennai_2015,rung:A_terrain_first,info,[R1_+terrain] AP_phys=0.2845 AP_stacked=0.3137 AP_gated=0.3168
2026-09-30T16:42:09,20260930T101110636986Z,Chennai_2015,rung:A_terrain_first,info,[R2_+surface] AP_phys=0.3113 AP_stacked=0.3325 AP_gated=0.3407
2026-09-30T16:49:25,20260930T101110636986Z,Chennai_2015,rung:A_terrain_first,info,[R3_+hydrography] AP_phys=0.3156 AP_stacked=0.3338 AP_gated=0.3423
2026-09-30T16:56:58,20260930T101110636986Z,Chennai_2015,rung:A_terrain_first,info,[R4_+forcing] AP_phys=0.3627 AP_stacked=0.3522 AP_gated=0.3595
2026-09-30T17:04:39,20260930T101110636986Z,Chennai_2015,rung:A_terrain_first,info,[R5_+sar_event] AP_phys=0.3665 AP_stacked=0.3528 AP_gated=0.3606
2026-09-30T17:11:06,20260930T101110636986Z,Chennai_2015,gradient:A_terrain_first,info,"without R0: 2 of 4 primary slopes have a 95% CI entirely below 0 ['dAP_stacked_fm_adj', 'dAP_gated_fm_adj']"
2026-09-30T17:11:06,20260930T101110636986Z,Chennai_2015,gated:A_terrain_first,warn,80% of fold fits chose the edge of the gate grid (alpha=2.0 or tau=0.3); see the gated_wide_grid sensitivity variant
2026-09-30T17:11:06,20260930T101110636986Z,Chennai_2015,effects:A_terrain_first,ok,"top rung: info_nats_fm -0.0008 [-0.0120, +0.0068] inconclusive; info_frac_fm -0.0016 [-0.0227, +0.0134] saturated; dAP_stacked_fm -0.0045 [-0.0272, +0.0170] inconclusive; dAP_gated_fm -0.0023 [-0.0247, +0.0160] inconclusive; dAP_early_fm +0.0101 [-0.0076, +0.0318] inconclusive; dAP_adr_legacy_fm -0.0100 [-0.0199, +0.0035] inconclusive | social gain saturated from: R3_+hydrography"
2026-09-30T17:11:06,20260930T101110636986Z,Chennai_2015,ladder:A_terrain_first,ok,6 rungs in 45.4 min
2026-09-30T17:11:06,20260930T101110636986Z,Chennai_2015,rung:B_surface_first,info,"positives per fold: {0: 1871, 1: 1872, 2: 1875, 3: 1871, 4: 1871}"
2026-09-30T17:11:06,20260930T101110636986Z,Chennai_2015,rung:B_surface_first,info,reused from checkpoint b38c06482b92 (identical feature set; not recomputed)
2026-09-30T17:16:43,20260930T101110636986Z,Chennai_2015,rung:B_surface_first,info,[R1_+surface] AP_phys=0.2626 AP_stacked=0.3171 AP_gated=0.3237
2026-09-30T17:22:35,20260930T101110636986Z,Chennai_2015,rung:B_surface_first,info,[R2_+forcing] AP_phys=0.3468 AP_stacked=0.3393 AP_gated=0.3440
2026-09-30T17:29:19,20260930T101110636986Z,Chennai_2015,rung:B_surface_first,info,[R3_+terrain] AP_phys=0.3660 AP_stacked=0.3463 AP_gated=0.3586
2026-09-30T17:29:19,20260930T101110636986Z,Chennai_2015,rung:B_surface_first,info,reused from checkpoint e278806b4e04 (identical feature set; not recomputed)
2026-09-30T17:29:19,20260930T101110636986Z,Chennai_2015,rung:B_surface_first,info,reused from checkpoint de28c0b8f88a (identical feature set; not recomputed)
2026-09-30T17:35:43,20260930T101110636986Z,Chennai_2015,gradient:B_surface_first,info,"without R0: 2 of 4 primary slopes have a 95% CI entirely below 0 ['dAP_stacked_fm_adj', 'dAP_gated_fm_adj']"
2026-09-30T17:35:43,20260930T101110636986Z,Chennai_2015,gated:B_surface_first,warn,73% of fold fits chose the edge of the gate grid (alpha=2.0 or tau=0.3); see the gated_wide_grid sensitivity variant
2026-09-30T17:35:44,20260930T101110636986Z,Chennai_2015,effects:B_surface_first,ok,"top rung: info_nats_fm -0.0008 [-0.0120, +0.0068] inconclusive; info_frac_fm -0.0016 [-0.0227, +0.0134] saturated; dAP_stacked_fm -0.0045 [-0.0272, +0.0170] inconclusive; dAP_gated_fm -0.0023 [-0.0247, +0.0160] inconclusive; dAP_early_fm +0.0101 [-0.0076, +0.0318] inconclusive; dAP_adr_legacy_fm -0.0100 [-0.0199, +0.0035] inconclusive | social gain saturated from: R4_+hydrography"
2026-09-30T17:35:44,20260930T101110636986Z,Chennai_2015,ladder:B_surface_first,ok,6 rungs in 24.6 min
2026-09-30T17:35:44,20260930T101110636986Z,Chennai_2015,rung:lens,info,reused from checkpoint de28c0b8f88a (identical feature set; not recomputed)
2026-09-30T18:22:00,20260930T101110636986Z,Chennai_2015,emotion_lens,ok,6 channel sets at rung R5_+sar_event
2026-09-30T18:48:51,20260930T101110636986Z,Chennai_2015,sensitivity,ok,4 variants
2026-09-30T18:48:51,20260930T101110636986Z,Chennai_2015,placebo,info,social layer vs population-density layer: Spearman 0.80
2026-09-30T18:48:51,20260930T101110636986Z,Chennai_2015,rung:placebo,info,"positives per fold: {0: 1871, 1: 1872, 2: 1875, 3: 1871, 4: 1871}"
2026-09-30T18:51:03,20260930T101110636986Z,Chennai_2015,rung:placebo,info,[R0_none] AP_phys=0.2128 AP_stacked=0.3407 AP_gated=0.3190
2026-09-30T18:53:36,20260930T101110636986Z,Chennai_2015,rung:placebo,info,[R1_+terrain] AP_phys=0.2845 AP_stacked=0.3415 AP_gated=0.3523
2026-09-30T18:56:10,20260930T101110636986Z,Chennai_2015,rung:placebo,info,[R2_+surface] AP_phys=0.3113 AP_stacked=0.3530 AP_gated=0.3635
2026-09-30T18:58:54,20260930T101110636986Z,Chennai_2015,rung:placebo,info,[R3_+hydrography] AP_phys=0.3156 AP_stacked=0.3528 AP_gated=0.3626
2026-09-30T19:01:40,20260930T101110636986Z,Chennai_2015,rung:placebo,info,[R4_+forcing] AP_phys=0.3627 AP_stacked=0.3653 AP_gated=0.3684
2026-09-30T19:04:30,20260930T101110636986Z,Chennai_2015,rung:placebo,info,[R5_+sar_event] AP_phys=0.3665 AP_stacked=0.3643 AP_gated=0.3672
2026-09-30T19:13:06,20260930T101110636986Z,Chennai_2015,placebo,ok,population-density placebo ladder and population control done
2026-09-30T19:13:09,20260930T101110636986Z,Chennai_2015,city,ok,finished in 167.4 min
2026-09-30T19:13:10,20260930T101110636986Z,(all),synthesis,ok,"1 cities (1 under the current pre-registration); confirmatory k=1, localisable k=1 -> paper_synthesis/"
2026-09-30T19:13:10,20260930T101110636986Z,Valencia_2024,exclude,info,"5,684 permanent-water cells (JRC occurrence >= 50%) excluded"
2026-09-30T19:13:10,20260930T101110636986Z,Valencia_2024,exclude,ok,"5,684 of 38,269 cells excluded (14.9%); 10460 flooded among 32,585 analysed"
2026-09-30T19:13:11,20260930T101110636986Z,Valencia_2024,cv:blocks,ok,label autocorrelation < 0.1 by 8000 m -> CV tile 4000 m + buffer 500 m (correlogram range 8000 m)
2026-09-30T19:13:11,20260930T101110636986Z,Valencia_2024,rung:A_terrain_first,info,"positives per fold: {0: 2087, 1: 2090, 2: 2107, 3: 2087, 4: 2089}"
2026-09-30T19:16:54,20260930T101110636986Z,Valencia_2024,rung:A_terrain_first,info,[R0_none] AP_phys=0.2902 AP_stacked=0.5169 AP_gated=0.4966
2026-09-30T19:21:45,20260930T101110636986Z,Valencia_2024,rung:A_terrain_first,info,[R1_+terrain] AP_phys=0.7488 AP_stacked=0.7793 AP_gated=0.7975
2026-09-30T19:27:14,20260930T101110636986Z,Valencia_2024,rung:A_terrain_first,info,[R2_+surface] AP_phys=0.7615 AP_stacked=0.7846 AP_gated=0.8134
2026-09-30T19:33:21,20260930T101110636986Z,Valencia_2024,rung:A_terrain_first,info,[R3_+hydrography] AP_phys=0.8204 AP_stacked=0.8539 AP_gated=0.8463
2026-09-30T19:39:51,20260930T101110636986Z,Valencia_2024,rung:A_terrain_first,info,[R4_+forcing] AP_phys=0.8373 AP_stacked=0.8361 AP_gated=0.8045
2026-09-30T19:46:21,20260930T101110636986Z,Valencia_2024,rung:A_terrain_first,info,[R5_+sar_event] AP_phys=0.8453 AP_stacked=0.8511 AP_gated=0.8322
2026-09-30T19:51:33,20260930T101110636986Z,Valencia_2024,gradient:A_terrain_first,info,without R0: 0 of 4 primary slopes have a 95% CI entirely below 0 []
2026-09-30T19:51:33,20260930T101110636986Z,Valencia_2024,gated:A_terrain_first,warn,100% of fold fits chose the edge of the gate grid (alpha=2.0 or tau=0.3); see the gated_wide_grid sensitivity variant
2026-09-30T19:51:34,20260930T101110636986Z,Valencia_2024,effects:A_terrain_first,ok,"top rung: info_nats_fm +0.0770 [-0.0230, +0.1722] inconclusive; info_frac_fm +0.1798 [-0.0698, +0.3328] inconclusive; dAP_stacked_fm +0.0388 [-0.0028, +0.1039] inconclusive; dAP_gated_fm -0.0125 [-0.0328, +0.0278] inconclusive; dAP_early_fm +0.0006 [-0.0218, +0.0805] inconclusive; dAP_adr_legacy_fm -0.1234 [-0.1477, -0.0511] harmful | social gain saturated from: None"
2026-09-30T19:51:34,20260930T101110636986Z,Valencia_2024,ladder:A_terrain_first,ok,6 rungs in 38.4 min
2026-09-30T19:51:34,20260930T101110636986Z,Valencia_2024,rung:B_surface_first,info,"positives per fold: {0: 2087, 1: 2090, 2: 2107, 3: 2087, 4: 2089}"
2026-09-30T19:51:34,20260930T101110636986Z,Valencia_2024,rung:B_surface_first,info,reused from checkpoint ab4e51bb9b6f (identical feature set; not recomputed)
2026-09-30T19:56:04,20260930T101110636986Z,Valencia_2024,rung:B_surface_first,info,[R1_+surface] AP_phys=0.7006 AP_stacked=0.7628 AP_gated=0.6993
2026-09-30T20:00:57,20260930T101110636986Z,Valencia_2024,rung:B_surface_first,info,[R2_+forcing] AP_phys=0.7666 AP_stacked=0.7170 AP_gated=0.6565
2026-09-30T20:06:39,20260930T101110636986Z,Valencia_2024,rung:B_surface_first,info,[R3_+terrain] AP_phys=0.7921 AP_stacked=0.7927 AP_gated=0.7267
2026-09-30T20:06:39,20260930T101110636986Z,Valencia_2024,rung:B_surface_first,info,reused from checkpoint d892e78436f1 (identical feature set; not recomputed)
2026-09-30T20:06:39,20260930T101110636986Z,Valencia_2024,rung:B_surface_first,info,reused from checkpoint c9bb368599c9 (identical feature set; not recomputed)
2026-09-30T20:11:58,20260930T101110636986Z,Valencia_2024,gradient:B_surface_first,info,without R0: 0 of 4 primary slopes have a 95% CI entirely below 0 []
2026-09-30T20:11:58,20260930T101110636986Z,Valencia_2024,gated:B_surface_first,warn,87% of fold fits chose the edge of the gate grid (alpha=2.0 or tau=0.3); see the gated_wide_grid sensitivity variant
2026-09-30T20:11:59,20260930T101110636986Z,Valencia_2024,effects:B_surface_first,ok,"top rung: info_nats_fm +0.0770 [-0.0230, +0.1722] inconclusive; info_frac_fm +0.1798 [-0.0698, +0.3328] inconclusive; dAP_stacked_fm +0.0388 [-0.0028, +0.1039] inconclusive; dAP_gated_fm -0.0125 [-0.0328, +0.0278] inconclusive; dAP_early_fm +0.0006 [-0.0218, +0.0805] inconclusive; dAP_adr_legacy_fm -0.1234 [-0.1477, -0.0511] harmful | social gain saturated from: None"
2026-09-30T20:11:59,20260930T101110636986Z,Valencia_2024,ladder:B_surface_first,ok,6 rungs in 20.4 min
2026-09-30T20:11:59,20260930T101110636986Z,Valencia_2024,rung:lens,info,reused from checkpoint c9bb368599c9 (identical feature set; not recomputed)
2026-09-30T21:00:20,20260930T101110636986Z,Valencia_2024,emotion_lens,ok,7 channel sets at rung R5_+sar_event
2026-09-30T21:23:12,20260930T101110636986Z,Valencia_2024,sensitivity,ok,4 variants
2026-09-30T21:23:12,20260930T101110636986Z,Valencia_2024,placebo,info,social layer vs population-density layer: Spearman 0.70
2026-09-30T21:23:12,20260930T101110636986Z,Valencia_2024,rung:placebo,info,"positives per fold: {0: 2087, 1: 2090, 2: 2107, 3: 2087, 4: 2089}"
2026-09-30T21:25:03,20260930T101110636986Z,Valencia_2024,rung:placebo,info,[R0_none] AP_phys=0.2902 AP_stacked=0.3397 AP_gated=0.2600
2026-09-30T21:27:31,20260930T101110636986Z,Valencia_2024,rung:placebo,info,[R1_+terrain] AP_phys=0.7488 AP_stacked=0.6896 AP_gated=0.7488
2026-09-30T21:29:54,20260930T101110636986Z,Valencia_2024,rung:placebo,info,[R2_+surface] AP_phys=0.7615 AP_stacked=0.6972 AP_gated=0.7615
2026-09-30T21:32:25,20260930T101110636986Z,Valencia_2024,rung:placebo,info,[R3_+hydrography] AP_phys=0.8204 AP_stacked=0.7541 AP_gated=0.8240
2026-09-30T21:35:00,20260930T101110636986Z,Valencia_2024,rung:placebo,info,[R4_+forcing] AP_phys=0.8373 AP_stacked=0.7444 AP_gated=0.8327
2026-09-30T21:37:42,20260930T101110636986Z,Valencia_2024,rung:placebo,info,[R5_+sar_event] AP_phys=0.8453 AP_stacked=0.7637 AP_gated=0.8436
2026-09-30T21:44:51,20260930T101110636986Z,Valencia_2024,placebo,ok,population-density placebo ladder and population control done
2026-09-30T21:44:52,20260930T101110636986Z,Valencia_2024,city,ok,finished in 151.7 min
2026-09-30T21:44:54,20260930T101110636986Z,(all),synthesis,ok,"2 cities (2 under the current pre-registration); confirmatory k=2, localisable k=1 -> paper_synthesis/"
2026-09-30T21:44:54,20260930T101110636986Z,EmiliaRomagna_2023a,exclude,info,238 permanent-water cells (JRC occurrence >= 50%) excluded
2026-09-30T21:44:54,20260930T101110636986Z,EmiliaRomagna_2023a,exclude,warn,"123,756 of 143,322 cells excluded (86.3%); 2576 flooded among 19,566 analysed"
2026-09-30T21:44:55,20260930T101110636986Z,EmiliaRomagna_2023a,cv:blocks,ok,label autocorrelation < 0.1 by 3000 m -> CV tile 2500 m + buffer 500 m (correlogram range 3000 m)
2026-09-30T21:44:55,20260930T101110636986Z,EmiliaRomagna_2023a,rung:A_terrain_first,info,"positives per fold: {0: 516, 1: 516, 2: 514, 3: 515, 4: 515}"
2026-09-30T21:47:12,20260930T101110636986Z,EmiliaRomagna_2023a,rung:A_terrain_first,info,[R0_none] AP_phys=0.1013 AP_stacked=0.1281 AP_gated=0.1187
2026-09-30T21:50:46,20260930T101110636986Z,EmiliaRomagna_2023a,rung:A_terrain_first,info,[R1_+terrain] AP_phys=0.1960 AP_stacked=0.1149 AP_gated=0.1595
2026-09-30T21:54:33,20260930T101110636986Z,EmiliaRomagna_2023a,rung:A_terrain_first,info,[R2_+surface] AP_phys=0.1949 AP_stacked=0.1135 AP_gated=0.1602
2026-09-30T21:59:02,20260930T101110636986Z,EmiliaRomagna_2023a,rung:A_terrain_first,info,[R3_+hydrography] AP_phys=0.2829 AP_stacked=0.1418 AP_gated=0.2537
2026-10-01T01:04:00,20261001T010320030981Z,Chennai_2015,exclude,info,779 permanent-water cells (JRC occurrence >= 50%) excluded
2026-10-01T01:04:00,20261001T010320030981Z,Chennai_2015,exclude,ok,"779 of 41,919 cells excluded (1.9%); 9360 flooded among 41,140 analysed"
2026-10-01T01:04:03,20261001T010320030981Z,Chennai_2015,cv:blocks,ok,label autocorrelation < 0.1 by 3000 m -> CV tile 2500 m + buffer 500 m (correlogram range 3000 m)
2026-10-01T01:04:05,20261001T010320030981Z,Chennai_2015,resume:ladder_A_terrain_first_full_f5091bc95aad7646_5_d2e2f7342e,info,loaded from checkpoint (not recomputed)
2026-10-01T01:04:10,20261001T010320030981Z,Chennai_2015,gradient:A_terrain_first,info,"without R0: 2 of 4 primary slopes have a 95% CI entirely below 0 ['dAP_stacked_fm_adj', 'dAP_gated_fm_adj']"
2026-10-01T01:04:10,20261001T010320030981Z,Chennai_2015,gated:A_terrain_first,warn,80% of fold fits chose the edge of the gate grid (alpha=2.0 or tau=0.3); see the gated_wide_grid sensitivity variant
2026-10-01T01:04:16,20261001T010320030981Z,Chennai_2015,effects:A_terrain_first,ok,"top rung: info_nats_fm -0.0008 [-0.0120, +0.0068] inconclusive; info_frac_fm -0.0016 [-0.0227, +0.0134] saturated; dAP_stacked_fm -0.0045 [-0.0272, +0.0170] inconclusive; dAP_gated_fm -0.0023 [-0.0247, +0.0160] inconclusive; dAP_early_fm +0.0101 [-0.0076, +0.0318] inconclusive; dAP_adr_legacy_fm -0.0100 [-0.0199, +0.0035] inconclusive | social gain saturated from: R3_+hydrography"
2026-10-01T01:04:16,20261001T010320030981Z,Chennai_2015,ladder:A_terrain_first,ok,6 rungs in 0.2 min
2026-10-01T01:04:18,20261001T010320030981Z,Chennai_2015,resume:ladder_B_surface_first_full_f5091bc95aad7646_5_d2e2f7342e,info,loaded from checkpoint (not recomputed)
2026-10-01T01:04:19,20261001T010320030981Z,Chennai_2015,gradient:B_surface_first,info,"without R0: 2 of 4 primary slopes have a 95% CI entirely below 0 ['dAP_stacked_fm_adj', 'dAP_gated_fm_adj']"
2026-10-01T01:04:19,20261001T010320030981Z,Chennai_2015,gated:B_surface_first,warn,73% of fold fits chose the edge of the gate grid (alpha=2.0 or tau=0.3); see the gated_wide_grid sensitivity variant
2026-10-01T01:04:25,20261001T010320030981Z,Chennai_2015,effects:B_surface_first,ok,"top rung: info_nats_fm -0.0008 [-0.0120, +0.0068] inconclusive; info_frac_fm -0.0016 [-0.0227, +0.0134] saturated; dAP_stacked_fm -0.0045 [-0.0272, +0.0170] inconclusive; dAP_gated_fm -0.0023 [-0.0247, +0.0160] inconclusive; dAP_early_fm +0.0101 [-0.0076, +0.0318] inconclusive; dAP_adr_legacy_fm -0.0100 [-0.0199, +0.0035] inconclusive | social gain saturated from: R4_+hydrography"
2026-10-01T01:04:25,20261001T010320030981Z,Chennai_2015,ladder:B_surface_first,ok,6 rungs in 0.1 min
2026-10-01T01:04:26,20261001T010320030981Z,Chennai_2015,resume:lens_S_mentions_full_f5091bc95aad7646_5_d2e2f7342e,info,loaded from checkpoint (not recomputed)
2026-10-01T01:04:27,20261001T010320030981Z,Chennai_2015,resume:lens_S_negative_full_f5091bc95aad7646_5_d2e2f7342e,info,loaded from checkpoint (not recomputed)
2026-10-01T01:04:27,20261001T010320030981Z,Chennai_2015,resume:lens_S_distress_full_f5091bc95aad7646_5_d2e2f7342e,info,loaded from checkpoint (not recomputed)
2026-10-01T01:04:28,20261001T010320030981Z,Chennai_2015,resume:lens_S_src_gdelt_bigquery_full_f5091bc95aad7646_5_d2e2f7342e,info,loaded from checkpoint (not recomputed)
2026-10-01T01:04:29,20261001T010320030981Z,Chennai_2015,resume:lens_S_src_reddit_arcticshift_full_f5091bc95aad7646_5_d2e2f7342e,info,loaded from checkpoint (not recomputed)
2026-10-01T01:04:29,20261001T010320030981Z,Chennai_2015,resume:lens_S_mentions+S_negative+S_distress_full_f5091bc95aad7646_5_d2e2f7342e,info,loaded from checkpoint (not recomputed)
2026-10-01T01:04:29,20261001T010320030981Z,Chennai_2015,emotion_lens,ok,6 channel sets at rung R5_+sar_event
2026-10-01T01:04:30,20261001T010320030981Z,Chennai_2015,resume:sens_bandwidth_1000m_full_963158048f0d1f43_5_d2e2f7342e_xgb,info,loaded from checkpoint (not recomputed)
2026-10-01T01:04:31,20261001T010320030981Z,Chennai_2015,resume:sens_window_minus3_plus3_full_c5d82600bb2f6880_5_d2e2f7342e_xgb,info,loaded from checkpoint (not recomputed)
2026-10-01T01:04:32,20261001T010320030981Z,Chennai_2015,resume:sens_gated_wide_grid_full_45e8bd55e80ce833_5_d2e2f7342e_xgb,info,loaded from checkpoint (not recomputed)
2026-10-01T01:04:32,20261001T010320030981Z,Chennai_2015,resume:sens_learner_logistic_full_45e8bd55e80ce833_5_d2e2f7342e_logistic,info,loaded from checkpoint (not recomputed)
2026-10-01T01:04:32,20261001T010320030981Z,Chennai_2015,sensitivity,ok,4 variants
2026-10-01T01:04:32,20261001T010320030981Z,Chennai_2015,placebo,info,social layer vs population-density layer: Spearman 0.80
2026-10-01T01:04:33,20261001T010320030981Z,Chennai_2015,resume:placebo_pop_full_59c3eae36682f007_5_d2e2f7342e,info,loaded from checkpoint (not recomputed)
2026-10-01T01:04:40,20261001T010320030981Z,Chennai_2015,resume:control_pop_full_d3be82dea2088aa9_5_d2e2f7342e,info,loaded from checkpoint (not recomputed)
2026-10-01T01:04:41,20261001T010320030981Z,Chennai_2015,placebo,ok,population-density placebo ladder and population control done
2026-10-01T01:04:44,20261001T010320030981Z,Chennai_2015,city,ok,finished in 0.8 min
2026-10-01T01:04:56,20261001T010320030981Z,(all),synthesis,ok,"2 cities (2 under the current pre-registration); confirmatory k=2, localisable k=1 -> paper_synthesis/"
2026-10-01T01:04:57,20261001T010320030981Z,Valencia_2024,exclude,info,"5,684 permanent-water cells (JRC occurrence >= 50%) excluded"
2026-10-01T01:04:57,20261001T010320030981Z,Valencia_2024,exclude,ok,"5,684 of 38,269 cells excluded (14.9%); 10460 flooded among 32,585 analysed"
2026-10-01T01:04:58,20261001T010320030981Z,Valencia_2024,cv:blocks,ok,label autocorrelation < 0.1 by 8000 m -> CV tile 4000 m + buffer 500 m (correlogram range 8000 m)
2026-10-01T01:04:59,20261001T010320030981Z,Valencia_2024,resume:ladder_A_terrain_first_full_84074a89e94ad337_5_fe639a2c0a,info,loaded from checkpoint (not recomputed)
2026-10-01T01:05:00,20261001T010320030981Z,Valencia_2024,gradient:A_terrain_first,info,without R0: 0 of 4 primary slopes have a 95% CI entirely below 0 []
2026-10-01T01:05:00,20261001T010320030981Z,Valencia_2024,gated:A_terrain_first,warn,100% of fold fits chose the edge of the gate grid (alpha=2.0 or tau=0.3); see the gated_wide_grid sensitivity variant
2026-10-01T01:05:06,20261001T010320030981Z,Valencia_2024,effects:A_terrain_first,ok,"top rung: info_nats_fm +0.0770 [-0.0230, +0.1722] inconclusive; info_frac_fm +0.1798 [-0.0698, +0.3328] inconclusive; dAP_stacked_fm +0.0388 [-0.0028, +0.1039] inconclusive; dAP_gated_fm -0.0125 [-0.0328, +0.0278] inconclusive; dAP_early_fm +0.0006 [-0.0218, +0.0805] inconclusive; dAP_adr_legacy_fm -0.1234 [-0.1477, -0.0511] harmful | social gain saturated from: None"
2026-10-01T01:05:06,20261001T010320030981Z,Valencia_2024,ladder:A_terrain_first,ok,6 rungs in 0.1 min
2026-10-01T01:05:07,20261001T010320030981Z,Valencia_2024,resume:ladder_B_surface_first_full_84074a89e94ad337_5_fe639a2c0a,info,loaded from checkpoint (not recomputed)
2026-10-01T01:05:08,20261001T010320030981Z,Valencia_2024,gradient:B_surface_first,info,without R0: 0 of 4 primary slopes have a 95% CI entirely below 0 []
2026-10-01T01:05:08,20261001T010320030981Z,Valencia_2024,gated:B_surface_first,warn,87% of fold fits chose the edge of the gate grid (alpha=2.0 or tau=0.3); see the gated_wide_grid sensitivity variant
2026-10-01T01:05:13,20261001T010320030981Z,Valencia_2024,effects:B_surface_first,ok,"top rung: info_nats_fm +0.0770 [-0.0230, +0.1722] inconclusive; info_frac_fm +0.1798 [-0.0698, +0.3328] inconclusive; dAP_stacked_fm +0.0388 [-0.0028, +0.1039] inconclusive; dAP_gated_fm -0.0125 [-0.0328, +0.0278] inconclusive; dAP_early_fm +0.0006 [-0.0218, +0.0805] inconclusive; dAP_adr_legacy_fm -0.1234 [-0.1477, -0.0511] harmful | social gain saturated from: None"
2026-10-01T01:05:13,20261001T010320030981Z,Valencia_2024,ladder:B_surface_first,ok,6 rungs in 0.1 min
2026-10-01T01:05:15,20261001T010320030981Z,Valencia_2024,resume:lens_S_mentions_full_84074a89e94ad337_5_fe639a2c0a,info,loaded from checkpoint (not recomputed)
2026-10-01T01:05:15,20261001T010320030981Z,Valencia_2024,resume:lens_S_negative_full_84074a89e94ad337_5_fe639a2c0a,info,loaded from checkpoint (not recomputed)
2026-10-01T01:05:16,20261001T010320030981Z,Valencia_2024,resume:lens_S_distress_full_84074a89e94ad337_5_fe639a2c0a,info,loaded from checkpoint (not recomputed)
2026-10-01T01:05:17,20261001T010320030981Z,Valencia_2024,resume:lens_S_src_gdelt_bigquery_full_84074a89e94ad337_5_fe639a2c0a,info,loaded from checkpoint (not recomputed)
2026-10-01T01:05:17,20261001T010320030981Z,Valencia_2024,resume:lens_S_src_google_news_rss_full_84074a89e94ad337_5_fe639a2c0a,info,loaded from checkpoint (not recomputed)
2026-10-01T01:05:17,20261001T010320030981Z,Valencia_2024,resume:lens_S_src_reddit_arcticshift_full_84074a89e94ad337_5_fe639a2c0a,info,loaded from checkpoint (not recomputed)
2026-10-01T01:05:18,20261001T010320030981Z,Valencia_2024,resume:lens_S_mentions+S_negative+S_distress_full_84074a89e94ad337_5_fe639a2c0a,info,loaded from checkpoint (not recomputed)
2026-10-01T01:05:18,20261001T010320030981Z,Valencia_2024,emotion_lens,ok,7 channel sets at rung R5_+sar_event
2026-10-01T01:05:19,20261001T010320030981Z,Valencia_2024,resume:sens_bandwidth_1000m_full_ed3d3dba3d38df3a_5_fe639a2c0a_xgb,info,loaded from checkpoint (not recomputed)
2026-10-01T01:05:19,20261001T010320030981Z,Valencia_2024,resume:sens_window_minus3_plus3_full_c9c8dcd8f4765b60_5_fe639a2c0a_xgb,info,loaded from checkpoint (not recomputed)
2026-10-01T01:05:20,20261001T010320030981Z,Valencia_2024,resume:sens_gated_wide_grid_full_1b9bca63eef2af64_5_fe639a2c0a_xgb,info,loaded from checkpoint (not recomputed)
2026-10-01T01:05:20,20261001T010320030981Z,Valencia_2024,resume:sens_learner_logistic_full_1b9bca63eef2af64_5_fe639a2c0a_logistic,info,loaded from checkpoint (not recomputed)
2026-10-01T01:05:21,20261001T010320030981Z,Valencia_2024,sensitivity,ok,4 variants
2026-10-01T01:05:21,20261001T010320030981Z,Valencia_2024,placebo,info,social layer vs population-density layer: Spearman 0.70
2026-10-01T01:05:21,20261001T010320030981Z,Valencia_2024,resume:placebo_pop_full_fb7e9451b1712344_5_fe639a2c0a,info,loaded from checkpoint (not recomputed)
2026-10-01T01:05:28,20261001T010320030981Z,Valencia_2024,resume:control_pop_full_9a7b6100b76e8a60_5_fe639a2c0a,info,loaded from checkpoint (not recomputed)
2026-10-01T01:05:28,20261001T010320030981Z,Valencia_2024,placebo,ok,population-density placebo ladder and population control done
2026-10-01T01:05:30,20261001T010320030981Z,Valencia_2024,city,ok,finished in 0.6 min
2026-10-01T01:05:31,20261001T010320030981Z,(all),synthesis,ok,"2 cities (2 under the current pre-registration); confirmatory k=2, localisable k=1 -> paper_synthesis/"
2026-10-01T01:05:33,20261001T010320030981Z,EmiliaRomagna_2023a,exclude,info,238 permanent-water cells (JRC occurrence >= 50%) excluded
2026-10-01T01:05:33,20261001T010320030981Z,EmiliaRomagna_2023a,exclude,warn,"123,756 of 143,322 cells excluded (86.3%); 2576 flooded among 19,566 analysed"
2026-10-01T01:05:34,20261001T010320030981Z,EmiliaRomagna_2023a,cv:blocks,ok,label autocorrelation < 0.1 by 3000 m -> CV tile 2500 m + buffer 500 m (correlogram range 3000 m)
2026-10-01T01:05:34,20261001T010320030981Z,EmiliaRomagna_2023a,rung:A_terrain_first,info,"positives per fold: {0: 516, 1: 516, 2: 514, 3: 515, 4: 515}"
2026-10-01T01:05:34,20261001T010320030981Z,EmiliaRomagna_2023a,rung:A_terrain_first,info,reused from checkpoint c80d8d314009 (identical feature set; not recomputed)
2026-10-01T01:05:35,20261001T010320030981Z,EmiliaRomagna_2023a,rung:A_terrain_first,info,reused from checkpoint aafdfdeaf71d (identical feature set; not recomputed)
2026-10-01T01:05:35,20261001T010320030981Z,EmiliaRomagna_2023a,rung:A_terrain_first,info,reused from checkpoint 9547a5f8b07e (identical feature set; not recomputed)
2026-10-01T01:05:36,20261001T010320030981Z,EmiliaRomagna_2023a,rung:A_terrain_first,info,reused from checkpoint 2280d5692fd0 (identical feature set; not recomputed)
2026-10-01T01:11:02,20261001T010320030981Z,EmiliaRomagna_2023a,rung:A_terrain_first,info,[R4_+forcing] AP_phys=0.2786 AP_stacked=0.1504 AP_gated=0.2580
2026-10-01T01:16:06,20261001T010320030981Z,EmiliaRomagna_2023a,rung:A_terrain_first,info,[R5_+sar_event] AP_phys=0.3575 AP_stacked=0.2005 AP_gated=0.3565
2026-10-01T01:20:03,20261001T010320030981Z,EmiliaRomagna_2023a,gradient:A_terrain_first,info,without R0: 0 of 4 primary slopes have a 95% CI entirely below 0 []
2026-10-01T01:20:03,20261001T010320030981Z,EmiliaRomagna_2023a,gated:A_terrain_first,warn,50% of fold fits chose the edge of the gate grid (alpha=2.0 or tau=0.3); see the gated_wide_grid sensitivity variant
2026-10-01T01:20:03,20261001T010320030981Z,EmiliaRomagna_2023a,effects:A_terrain_first,ok,"top rung: info_nats_fm -0.0061 [-0.0444, +0.0221] inconclusive; info_frac_fm -0.0137 [-0.0915, +0.0618] inconclusive; dAP_stacked_fm -0.1363 [-0.1564, +0.0189] inconclusive; dAP_gated_fm -0.0117 [-0.0166, +0.0095] inconclusive; dAP_early_fm -0.0089 [-0.0353, +0.0185] inconclusive; dAP_adr_legacy_fm -0.0550 [-0.0776, +0.0039] inconclusive | social gain saturated from: None"
2026-10-01T01:20:03,20261001T010320030981Z,EmiliaRomagna_2023a,ladder:A_terrain_first,ok,6 rungs in 14.5 min
2026-10-01T01:20:03,20261001T010320030981Z,EmiliaRomagna_2023a,rung:B_surface_first,info,"positives per fold: {0: 516, 1: 516, 2: 514, 3: 515, 4: 515}"
2026-10-01T01:20:03,20261001T010320030981Z,EmiliaRomagna_2023a,rung:B_surface_first,info,reused from checkpoint c80d8d314009 (identical feature set; not recomputed)
2026-10-01T01:23:21,20261001T010320030981Z,EmiliaRomagna_2023a,rung:B_surface_first,info,[R1_+surface] AP_phys=0.1242 AP_stacked=0.0964 AP_gated=0.1190
2026-10-01T01:26:58,20261001T010320030981Z,EmiliaRomagna_2023a,rung:B_surface_first,info,[R2_+forcing] AP_phys=0.1627 AP_stacked=0.1117 AP_gated=0.1547
2026-10-01T01:31:14,20261001T010320030981Z,EmiliaRomagna_2023a,rung:B_surface_first,info,[R3_+terrain] AP_phys=0.2242 AP_stacked=0.1483 AP_gated=0.2207
2026-10-01T01:31:14,20261001T010320030981Z,EmiliaRomagna_2023a,rung:B_surface_first,info,reused from checkpoint 3bf9967e199a (identical feature set; not recomputed)
2026-10-01T01:31:14,20261001T010320030981Z,EmiliaRomagna_2023a,rung:B_surface_first,info,reused from checkpoint eadcaaa430d3 (identical feature set; not recomputed)
2026-10-01T01:35:12,20261001T010320030981Z,EmiliaRomagna_2023a,gradient:B_surface_first,info,without R0: 0 of 4 primary slopes have a 95% CI entirely below 0 []
2026-10-01T01:35:12,20261001T010320030981Z,EmiliaRomagna_2023a,gated:B_surface_first,warn,47% of fold fits chose the edge of the gate grid (alpha=2.0 or tau=0.3); see the gated_wide_grid sensitivity variant
2026-10-01T01:35:13,20261001T010320030981Z,EmiliaRomagna_2023a,effects:B_surface_first,ok,"top rung: info_nats_fm -0.0061 [-0.0444, +0.0221] inconclusive; info_frac_fm -0.0137 [-0.0915, +0.0618] inconclusive; dAP_stacked_fm -0.1363 [-0.1564, +0.0189] inconclusive; dAP_gated_fm -0.0117 [-0.0166, +0.0095] inconclusive; dAP_early_fm -0.0089 [-0.0353, +0.0185] inconclusive; dAP_adr_legacy_fm -0.0550 [-0.0776, +0.0039] inconclusive | social gain saturated from: None"
2026-10-01T01:35:13,20261001T010320030981Z,EmiliaRomagna_2023a,ladder:B_surface_first,ok,6 rungs in 15.2 min
2026-10-01T01:35:13,20261001T010320030981Z,EmiliaRomagna_2023a,rung:lens,info,reused from checkpoint eadcaaa430d3 (identical feature set; not recomputed)
2026-10-01T02:05:10,20261001T010320030981Z,EmiliaRomagna_2023a,emotion_lens,ok,6 channel sets at rung R5_+sar_event
2026-10-01T02:22:55,20261001T010320030981Z,EmiliaRomagna_2023a,sensitivity,ok,4 variants
2026-10-01T02:22:55,20261001T010320030981Z,EmiliaRomagna_2023a,placebo,info,social layer vs population-density layer: Spearman 0.81
2026-10-01T02:22:55,20261001T010320030981Z,EmiliaRomagna_2023a,rung:placebo,info,"positives per fold: {0: 516, 1: 516, 2: 514, 3: 515, 4: 515}"
2026-10-01T02:24:28,20261001T010320030981Z,EmiliaRomagna_2023a,rung:placebo,info,[R0_none] AP_phys=0.1013 AP_stacked=0.1354 AP_gated=0.1013
2026-10-01T02:26:27,20261001T010320030981Z,EmiliaRomagna_2023a,rung:placebo,info,[R1_+terrain] AP_phys=0.1960 AP_stacked=0.1582 AP_gated=0.1960
2026-10-01T02:28:25,20261001T010320030981Z,EmiliaRomagna_2023a,rung:placebo,info,[R2_+surface] AP_phys=0.1949 AP_stacked=0.1619 AP_gated=0.1949
2026-10-01T02:30:28,20261001T010320030981Z,EmiliaRomagna_2023a,rung:placebo,info,[R3_+hydrography] AP_phys=0.2829 AP_stacked=0.1567 AP_gated=0.2829
2026-10-01T02:32:35,20261001T010320030981Z,EmiliaRomagna_2023a,rung:placebo,info,[R4_+forcing] AP_phys=0.2786 AP_stacked=0.1573 AP_gated=0.2859
2026-10-01T02:34:41,20261001T010320030981Z,EmiliaRomagna_2023a,rung:placebo,info,[R5_+sar_event] AP_phys=0.3575 AP_stacked=0.2021 AP_gated=0.3575
2026-10-01T02:40:10,20261001T010320030981Z,EmiliaRomagna_2023a,placebo,ok,population-density placebo ladder and population control done
2026-10-01T02:40:11,20261001T010320030981Z,EmiliaRomagna_2023a,city,ok,finished in 94.7 min
2026-10-01T02:40:12,20261001T010320030981Z,(all),synthesis,ok,"3 cities (3 under the current pre-registration); confirmatory k=3, localisable k=1 -> paper_synthesis/"
2026-10-01T02:40:13,20261001T010320030981Z,Forli_2023b,exclude,info,22 permanent-water cells (JRC occurrence >= 50%) excluded
2026-10-01T02:40:13,20261001T010320030981Z,Forli_2023b,exclude,ok,"8,684 of 93,651 cells excluded (9.3%); 3856 flooded among 84,967 analysed"
2026-10-01T02:40:14,20261001T010320030981Z,Forli_2023b,cv:blocks,ok,label autocorrelation < 0.1 by 2000 m -> CV tile 2000 m + buffer 500 m (correlogram range 2000 m)
2026-10-01T02:40:14,20261001T010320030981Z,Forli_2023b,rung:A_terrain_first,info,"positives per fold: {0: 771, 1: 771, 2: 771, 3: 771, 4: 772}"
2026-10-01T02:47:29,20261001T010320030981Z,Forli_2023b,rung:A_terrain_first,info,[R0_none] AP_phys=0.0414 AP_stacked=0.0532 AP_gated=0.0414
2026-10-01T02:56:39,20261001T010320030981Z,Forli_2023b,rung:A_terrain_first,info,[R1_+terrain] AP_phys=0.1517 AP_stacked=0.1589 AP_gated=0.1534
2026-10-01T03:06:32,20261001T010320030981Z,Forli_2023b,rung:A_terrain_first,info,[R2_+surface] AP_phys=0.1881 AP_stacked=0.1961 AP_gated=0.2000
2026-10-01T03:17:38,20261001T010320030981Z,Forli_2023b,rung:A_terrain_first,info,[R3_+hydrography] AP_phys=0.2201 AP_stacked=0.2181 AP_gated=0.2283
2026-10-01T03:29:19,20261001T010320030981Z,Forli_2023b,rung:A_terrain_first,info,[R4_+forcing] AP_phys=0.2774 AP_stacked=0.2537 AP_gated=0.2707
2026-10-01T03:40:59,20261001T010320030981Z,Forli_2023b,rung:A_terrain_first,info,[R5_+sar_event] AP_phys=0.3788 AP_stacked=0.3670 AP_gated=0.3756
2026-10-01T03:53:02,20261001T010320030981Z,Forli_2023b,gradient:A_terrain_first,info,without R0: 0 of 4 primary slopes have a 95% CI entirely below 0 []
2026-10-01T03:53:03,20261001T010320030981Z,Forli_2023b,gated:A_terrain_first,warn,73% of fold fits chose the edge of the gate grid (alpha=2.0 or tau=0.3); see the gated_wide_grid sensitivity variant
2026-10-01T03:53:03,20261001T010320030981Z,Forli_2023b,effects:A_terrain_first,ok,"top rung: info_nats_fm +0.0016 [-0.0004, +0.0041] inconclusive; info_frac_fm +0.0117 [-0.0025, +0.0274] inconclusive; dAP_stacked_fm +0.0054 [-0.0045, +0.0162] inconclusive; dAP_gated_fm +0.0024 [-0.0087, +0.0137] inconclusive; dAP_early_fm +0.0076 [-0.0091, +0.0270] inconclusive; dAP_adr_legacy_fm -0.0282 [-0.0418, -0.0140] harmful | social gain saturated from: None"
2026-10-01T03:53:03,20261001T010320030981Z,Forli_2023b,ladder:A_terrain_first,ok,6 rungs in 72.8 min
2026-10-01T03:53:03,20261001T010320030981Z,Forli_2023b,rung:B_surface_first,info,"positives per fold: {0: 771, 1: 771, 2: 771, 3: 771, 4: 772}"
2026-10-01T03:53:03,20261001T010320030981Z,Forli_2023b,rung:B_surface_first,info,reused from checkpoint 2725d9941385 (identical feature set; not recomputed)
2026-10-01T04:02:21,20261001T010320030981Z,Forli_2023b,rung:B_surface_first,info,[R1_+surface] AP_phys=0.0994 AP_stacked=0.1029 AP_gated=0.1204
2026-10-01T04:12:03,20261001T010320030981Z,Forli_2023b,rung:B_surface_first,info,[R2_+forcing] AP_phys=0.2032 AP_stacked=0.1996 AP_gated=0.1911
2026-10-01T04:22:34,20261001T010320030981Z,Forli_2023b,rung:B_surface_first,info,[R3_+terrain] AP_phys=0.2658 AP_stacked=0.2599 AP_gated=0.2620
2026-10-01T04:22:35,20261001T010320030981Z,Forli_2023b,rung:B_surface_first,info,reused from checkpoint b847e409b8a8 (identical feature set; not recomputed)
2026-10-01T04:22:35,20261001T010320030981Z,Forli_2023b,rung:B_surface_first,info,reused from checkpoint 7653b7728e18 (identical feature set; not recomputed)
2026-10-01T04:52:31,20261001T045140139955Z,Chennai_2015,exclude,info,779 permanent-water cells (JRC occurrence >= 50%) excluded
2026-10-01T04:52:31,20261001T045140139955Z,Chennai_2015,exclude,ok,"779 of 41,919 cells excluded (1.9%); 9360 flooded among 41,140 analysed"
2026-10-01T04:52:33,20261001T045140139955Z,Chennai_2015,cv:blocks,ok,label autocorrelation < 0.1 by 3000 m -> CV tile 2500 m + buffer 500 m (correlogram range 3000 m)
2026-10-01T04:52:35,20261001T045140139955Z,Chennai_2015,resume:ladder_A_terrain_first_full_f5091bc95aad7646_5_d2e2f7342e,info,loaded from checkpoint (not recomputed)
2026-10-01T04:52:36,20261001T045140139955Z,Chennai_2015,gradient:A_terrain_first,info,"without R0: 2 of 4 primary slopes have a 95% CI entirely below 0 ['dAP_stacked_fm_adj', 'dAP_gated_fm_adj']"
2026-10-01T04:52:36,20261001T045140139955Z,Chennai_2015,gated:A_terrain_first,warn,80% of fold fits chose the edge of the gate grid (alpha=2.0 or tau=0.3); see the gated_wide_grid sensitivity variant
2026-10-01T04:52:42,20261001T045140139955Z,Chennai_2015,effects:A_terrain_first,ok,"top rung: info_nats_fm -0.0008 [-0.0120, +0.0068] inconclusive; info_frac_fm -0.0016 [-0.0227, +0.0134] saturated; dAP_stacked_fm -0.0045 [-0.0272, +0.0170] inconclusive; dAP_gated_fm -0.0023 [-0.0247, +0.0160] inconclusive; dAP_early_fm +0.0101 [-0.0076, +0.0318] inconclusive; dAP_adr_legacy_fm -0.0100 [-0.0199, +0.0035] inconclusive | social gain saturated from: R3_+hydrography"
2026-10-01T04:52:42,20261001T045140139955Z,Chennai_2015,ladder:A_terrain_first,ok,6 rungs in 0.2 min
2026-10-01T04:52:43,20261001T045140139955Z,Chennai_2015,resume:ladder_B_surface_first_full_f5091bc95aad7646_5_d2e2f7342e,info,loaded from checkpoint (not recomputed)
2026-10-01T04:52:45,20261001T045140139955Z,Chennai_2015,gradient:B_surface_first,info,"without R0: 2 of 4 primary slopes have a 95% CI entirely below 0 ['dAP_stacked_fm_adj', 'dAP_gated_fm_adj']"
2026-10-01T04:52:45,20261001T045140139955Z,Chennai_2015,gated:B_surface_first,warn,73% of fold fits chose the edge of the gate grid (alpha=2.0 or tau=0.3); see the gated_wide_grid sensitivity variant
2026-10-01T04:52:50,20261001T045140139955Z,Chennai_2015,effects:B_surface_first,ok,"top rung: info_nats_fm -0.0008 [-0.0120, +0.0068] inconclusive; info_frac_fm -0.0016 [-0.0227, +0.0134] saturated; dAP_stacked_fm -0.0045 [-0.0272, +0.0170] inconclusive; dAP_gated_fm -0.0023 [-0.0247, +0.0160] inconclusive; dAP_early_fm +0.0101 [-0.0076, +0.0318] inconclusive; dAP_adr_legacy_fm -0.0100 [-0.0199, +0.0035] inconclusive | social gain saturated from: R4_+hydrography"
2026-10-01T04:52:50,20261001T045140139955Z,Chennai_2015,ladder:B_surface_first,ok,6 rungs in 0.1 min
2026-10-01T04:52:51,20261001T045140139955Z,Chennai_2015,resume:lens_S_mentions_full_f5091bc95aad7646_5_d2e2f7342e,info,loaded from checkpoint (not recomputed)
2026-10-01T04:52:53,20261001T045140139955Z,Chennai_2015,resume:lens_S_negative_full_f5091bc95aad7646_5_d2e2f7342e,info,loaded from checkpoint (not recomputed)
2026-10-01T04:52:54,20261001T045140139955Z,Chennai_2015,resume:lens_S_distress_full_f5091bc95aad7646_5_d2e2f7342e,info,loaded from checkpoint (not recomputed)
2026-10-01T04:52:55,20261001T045140139955Z,Chennai_2015,resume:lens_S_src_gdelt_bigquery_full_f5091bc95aad7646_5_d2e2f7342e,info,loaded from checkpoint (not recomputed)
2026-10-01T04:52:55,20261001T045140139955Z,Chennai_2015,resume:lens_S_src_reddit_arcticshift_full_f5091bc95aad7646_5_d2e2f7342e,info,loaded from checkpoint (not recomputed)
2026-10-01T04:52:56,20261001T045140139955Z,Chennai_2015,resume:lens_S_mentions+S_negative+S_distress_full_f5091bc95aad7646_5_d2e2f7342e,info,loaded from checkpoint (not recomputed)
2026-10-01T04:52:56,20261001T045140139955Z,Chennai_2015,emotion_lens,ok,6 channel sets at rung R5_+sar_event
2026-10-01T04:52:58,20261001T045140139955Z,Chennai_2015,resume:sens_bandwidth_1000m_full_963158048f0d1f43_5_d2e2f7342e_xgb,info,loaded from checkpoint (not recomputed)
2026-10-01T04:52:59,20261001T045140139955Z,Chennai_2015,resume:sens_window_minus3_plus3_full_c5d82600bb2f6880_5_d2e2f7342e_xgb,info,loaded from checkpoint (not recomputed)
2026-10-01T04:53:00,20261001T045140139955Z,Chennai_2015,resume:sens_gated_wide_grid_full_45e8bd55e80ce833_5_d2e2f7342e_xgb,info,loaded from checkpoint (not recomputed)
2026-10-01T04:53:01,20261001T045140139955Z,Chennai_2015,resume:sens_learner_logistic_full_45e8bd55e80ce833_5_d2e2f7342e_logistic,info,loaded from checkpoint (not recomputed)
2026-10-01T04:53:01,20261001T045140139955Z,Chennai_2015,sensitivity,ok,4 variants
2026-10-01T04:53:01,20261001T045140139955Z,Chennai_2015,placebo,info,social layer vs population-density layer: Spearman 0.80
2026-10-01T04:53:02,20261001T045140139955Z,Chennai_2015,resume:placebo_pop_full_59c3eae36682f007_5_d2e2f7342e,info,loaded from checkpoint (not recomputed)
2026-10-01T04:53:10,20261001T045140139955Z,Chennai_2015,resume:control_pop_full_d3be82dea2088aa9_5_d2e2f7342e,info,loaded from checkpoint (not recomputed)
2026-10-01T04:53:11,20261001T045140139955Z,Chennai_2015,placebo,ok,population-density placebo ladder and population control done
2026-10-01T04:53:15,20261001T045140139955Z,Chennai_2015,city,ok,finished in 0.8 min
2026-10-01T04:53:31,20261001T045140139955Z,(all),synthesis,ok,"3 cities (3 under the current pre-registration); confirmatory k=3, localisable k=1 -> paper_synthesis/"
2026-10-01T04:53:33,20261001T045140139955Z,Valencia_2024,exclude,info,"5,684 permanent-water cells (JRC occurrence >= 50%) excluded"
2026-10-01T04:53:33,20261001T045140139955Z,Valencia_2024,exclude,ok,"5,684 of 38,269 cells excluded (14.9%); 10460 flooded among 32,585 analysed"
2026-10-01T04:53:34,20261001T045140139955Z,Valencia_2024,cv:blocks,ok,label autocorrelation < 0.1 by 8000 m -> CV tile 4000 m + buffer 500 m (correlogram range 8000 m)
2026-10-01T04:53:35,20261001T045140139955Z,Valencia_2024,resume:ladder_A_terrain_first_full_84074a89e94ad337_5_fe639a2c0a,info,loaded from checkpoint (not recomputed)
2026-10-01T04:53:36,20261001T045140139955Z,Valencia_2024,gradient:A_terrain_first,info,without R0: 0 of 4 primary slopes have a 95% CI entirely below 0 []
2026-10-01T04:53:36,20261001T045140139955Z,Valencia_2024,gated:A_terrain_first,warn,100% of fold fits chose the edge of the gate grid (alpha=2.0 or tau=0.3); see the gated_wide_grid sensitivity variant
2026-10-01T04:53:43,20261001T045140139955Z,Valencia_2024,effects:A_terrain_first,ok,"top rung: info_nats_fm +0.0770 [-0.0230, +0.1722] inconclusive; info_frac_fm +0.1798 [-0.0698, +0.3328] inconclusive; dAP_stacked_fm +0.0388 [-0.0028, +0.1039] inconclusive; dAP_gated_fm -0.0125 [-0.0328, +0.0278] inconclusive; dAP_early_fm +0.0006 [-0.0218, +0.0805] inconclusive; dAP_adr_legacy_fm -0.1234 [-0.1477, -0.0511] harmful | social gain saturated from: None"
2026-10-01T04:53:43,20261001T045140139955Z,Valencia_2024,ladder:A_terrain_first,ok,6 rungs in 0.1 min
2026-10-01T04:53:44,20261001T045140139955Z,Valencia_2024,resume:ladder_B_surface_first_full_84074a89e94ad337_5_fe639a2c0a,info,loaded from checkpoint (not recomputed)
2026-10-01T04:53:45,20261001T045140139955Z,Valencia_2024,gradient:B_surface_first,info,without R0: 0 of 4 primary slopes have a 95% CI entirely below 0 []
2026-10-01T04:53:45,20261001T045140139955Z,Valencia_2024,gated:B_surface_first,warn,87% of fold fits chose the edge of the gate grid (alpha=2.0 or tau=0.3); see the gated_wide_grid sensitivity variant
2026-10-01T04:53:53,20261001T045140139955Z,Valencia_2024,effects:B_surface_first,ok,"top rung: info_nats_fm +0.0770 [-0.0230, +0.1722] inconclusive; info_frac_fm +0.1798 [-0.0698, +0.3328] inconclusive; dAP_stacked_fm +0.0388 [-0.0028, +0.1039] inconclusive; dAP_gated_fm -0.0125 [-0.0328, +0.0278] inconclusive; dAP_early_fm +0.0006 [-0.0218, +0.0805] inconclusive; dAP_adr_legacy_fm -0.1234 [-0.1477, -0.0511] harmful | social gain saturated from: None"
2026-10-01T04:53:53,20261001T045140139955Z,Valencia_2024,ladder:B_surface_first,ok,6 rungs in 0.2 min
2026-10-01T04:53:54,20261001T045140139955Z,Valencia_2024,resume:lens_S_mentions_full_84074a89e94ad337_5_fe639a2c0a,info,loaded from checkpoint (not recomputed)
2026-10-01T04:53:56,20261001T045140139955Z,Valencia_2024,resume:lens_S_negative_full_84074a89e94ad337_5_fe639a2c0a,info,loaded from checkpoint (not recomputed)
2026-10-01T04:53:57,20261001T045140139955Z,Valencia_2024,resume:lens_S_distress_full_84074a89e94ad337_5_fe639a2c0a,info,loaded from checkpoint (not recomputed)
2026-10-01T04:53:58,20261001T045140139955Z,Valencia_2024,resume:lens_S_src_gdelt_bigquery_full_84074a89e94ad337_5_fe639a2c0a,info,loaded from checkpoint (not recomputed)
2026-10-01T04:53:59,20261001T045140139955Z,Valencia_2024,resume:lens_S_src_google_news_rss_full_84074a89e94ad337_5_fe639a2c0a,info,loaded from checkpoint (not recomputed)
2026-10-01T04:53:59,20261001T045140139955Z,Valencia_2024,resume:lens_S_src_reddit_arcticshift_full_84074a89e94ad337_5_fe639a2c0a,info,loaded from checkpoint (not recomputed)
2026-10-01T04:54:00,20261001T045140139955Z,Valencia_2024,resume:lens_S_mentions+S_negative+S_distress_full_84074a89e94ad337_5_fe639a2c0a,info,loaded from checkpoint (not recomputed)
2026-10-01T04:54:00,20261001T045140139955Z,Valencia_2024,emotion_lens,ok,7 channel sets at rung R5_+sar_event
2026-10-01T04:54:01,20261001T045140139955Z,Valencia_2024,resume:sens_bandwidth_1000m_full_ed3d3dba3d38df3a_5_fe639a2c0a_xgb,info,loaded from checkpoint (not recomputed)
2026-10-01T04:54:02,20261001T045140139955Z,Valencia_2024,resume:sens_window_minus3_plus3_full_c9c8dcd8f4765b60_5_fe639a2c0a_xgb,info,loaded from checkpoint (not recomputed)
2026-10-01T04:54:03,20261001T045140139955Z,Valencia_2024,resume:sens_gated_wide_grid_full_1b9bca63eef2af64_5_fe639a2c0a_xgb,info,loaded from checkpoint (not recomputed)
2026-10-01T04:54:04,20261001T045140139955Z,Valencia_2024,resume:sens_learner_logistic_full_1b9bca63eef2af64_5_fe639a2c0a_logistic,info,loaded from checkpoint (not recomputed)
2026-10-01T04:54:04,20261001T045140139955Z,Valencia_2024,sensitivity,ok,4 variants
2026-10-01T04:54:04,20261001T045140139955Z,Valencia_2024,placebo,info,social layer vs population-density layer: Spearman 0.70
2026-10-01T04:54:05,20261001T045140139955Z,Valencia_2024,resume:placebo_pop_full_fb7e9451b1712344_5_fe639a2c0a,info,loaded from checkpoint (not recomputed)
2026-10-01T04:54:17,20261001T045140139955Z,Valencia_2024,resume:control_pop_full_9a7b6100b76e8a60_5_fe639a2c0a,info,loaded from checkpoint (not recomputed)
2026-10-01T04:54:17,20261001T045140139955Z,Valencia_2024,placebo,ok,population-density placebo ladder and population control done
2026-10-01T04:54:20,20261001T045140139955Z,Valencia_2024,city,ok,finished in 0.8 min
2026-10-01T04:54:21,20261001T045140139955Z,(all),synthesis,ok,"3 cities (3 under the current pre-registration); confirmatory k=3, localisable k=1 -> paper_synthesis/"
2026-10-01T04:54:22,20261001T045140139955Z,EmiliaRomagna_2023a,exclude,info,238 permanent-water cells (JRC occurrence >= 50%) excluded
2026-10-01T04:54:22,20261001T045140139955Z,EmiliaRomagna_2023a,exclude,warn,"123,756 of 143,322 cells excluded (86.3%); 2576 flooded among 19,566 analysed"
2026-10-01T04:54:23,20261001T045140139955Z,EmiliaRomagna_2023a,cv:blocks,ok,label autocorrelation < 0.1 by 3000 m -> CV tile 2500 m + buffer 500 m (correlogram range 3000 m)
2026-10-01T04:54:24,20261001T045140139955Z,EmiliaRomagna_2023a,resume:ladder_A_terrain_first_full_c2b95eed9b9bc451_5_d2e2f7342e,info,loaded from checkpoint (not recomputed)
2026-10-01T04:54:25,20261001T045140139955Z,EmiliaRomagna_2023a,gradient:A_terrain_first,info,without R0: 0 of 4 primary slopes have a 95% CI entirely below 0 []
2026-10-01T04:54:25,20261001T045140139955Z,EmiliaRomagna_2023a,gated:A_terrain_first,warn,50% of fold fits chose the edge of the gate grid (alpha=2.0 or tau=0.3); see the gated_wide_grid sensitivity variant
2026-10-01T04:54:33,20261001T045140139955Z,EmiliaRomagna_2023a,effects:A_terrain_first,ok,"top rung: info_nats_fm -0.0061 [-0.0444, +0.0221] inconclusive; info_frac_fm -0.0137 [-0.0915, +0.0618] inconclusive; dAP_stacked_fm -0.1363 [-0.1564, +0.0189] inconclusive; dAP_gated_fm -0.0117 [-0.0166, +0.0095] inconclusive; dAP_early_fm -0.0089 [-0.0353, +0.0185] inconclusive; dAP_adr_legacy_fm -0.0550 [-0.0776, +0.0039] inconclusive | social gain saturated from: None"
2026-10-01T04:54:33,20261001T045140139955Z,EmiliaRomagna_2023a,ladder:A_terrain_first,ok,6 rungs in 0.2 min
2026-10-01T04:54:34,20261001T045140139955Z,EmiliaRomagna_2023a,resume:ladder_B_surface_first_full_c2b95eed9b9bc451_5_d2e2f7342e,info,loaded from checkpoint (not recomputed)
2026-10-01T04:54:35,20261001T045140139955Z,EmiliaRomagna_2023a,gradient:B_surface_first,info,without R0: 0 of 4 primary slopes have a 95% CI entirely below 0 []
2026-10-01T04:54:35,20261001T045140139955Z,EmiliaRomagna_2023a,gated:B_surface_first,warn,47% of fold fits chose the edge of the gate grid (alpha=2.0 or tau=0.3); see the gated_wide_grid sensitivity variant
2026-10-01T04:54:42,20261001T045140139955Z,EmiliaRomagna_2023a,effects:B_surface_first,ok,"top rung: info_nats_fm -0.0061 [-0.0444, +0.0221] inconclusive; info_frac_fm -0.0137 [-0.0915, +0.0618] inconclusive; dAP_stacked_fm -0.1363 [-0.1564, +0.0189] inconclusive; dAP_gated_fm -0.0117 [-0.0166, +0.0095] inconclusive; dAP_early_fm -0.0089 [-0.0353, +0.0185] inconclusive; dAP_adr_legacy_fm -0.0550 [-0.0776, +0.0039] inconclusive | social gain saturated from: None"
2026-10-01T04:54:42,20261001T045140139955Z,EmiliaRomagna_2023a,ladder:B_surface_first,ok,6 rungs in 0.2 min
2026-10-01T04:54:43,20261001T045140139955Z,EmiliaRomagna_2023a,resume:lens_S_mentions_full_c2b95eed9b9bc451_5_d2e2f7342e,info,loaded from checkpoint (not recomputed)
2026-10-01T04:54:45,20261001T045140139955Z,EmiliaRomagna_2023a,resume:lens_S_negative_full_c2b95eed9b9bc451_5_d2e2f7342e,info,loaded from checkpoint (not recomputed)
2026-10-01T04:54:46,20261001T045140139955Z,EmiliaRomagna_2023a,resume:lens_S_distress_full_c2b95eed9b9bc451_5_d2e2f7342e,info,loaded from checkpoint (not recomputed)
2026-10-01T04:54:47,20261001T045140139955Z,EmiliaRomagna_2023a,resume:lens_S_src_gdelt_bigquery_full_c2b95eed9b9bc451_5_d2e2f7342e,info,loaded from checkpoint (not recomputed)
2026-10-01T04:54:48,20261001T045140139955Z,EmiliaRomagna_2023a,resume:lens_S_src_google_news_rss_full_c2b95eed9b9bc451_5_d2e2f7342e,info,loaded from checkpoint (not recomputed)
2026-10-01T04:54:49,20261001T045140139955Z,EmiliaRomagna_2023a,resume:lens_S_mentions+S_negative+S_distress_full_c2b95eed9b9bc451_5_d2e2f7342e,info,loaded from checkpoint (not recomputed)
2026-10-01T04:54:49,20261001T045140139955Z,EmiliaRomagna_2023a,emotion_lens,ok,6 channel sets at rung R5_+sar_event
2026-10-01T04:54:49,20261001T045140139955Z,EmiliaRomagna_2023a,resume:sens_bandwidth_1000m_full_700d0b0cf3a1dce7_5_d2e2f7342e_xgb,info,loaded from checkpoint (not recomputed)
2026-10-01T04:54:51,20261001T045140139955Z,EmiliaRomagna_2023a,resume:sens_window_minus3_plus3_full_eee63057e5e47906_5_d2e2f7342e_xgb,info,loaded from checkpoint (not recomputed)
2026-10-01T04:54:52,20261001T045140139955Z,EmiliaRomagna_2023a,resume:sens_gated_wide_grid_full_8ed46581152f3916_5_d2e2f7342e_xgb,info,loaded from checkpoint (not recomputed)
2026-10-01T04:54:53,20261001T045140139955Z,EmiliaRomagna_2023a,resume:sens_learner_logistic_full_8ed46581152f3916_5_d2e2f7342e_logistic,info,loaded from checkpoint (not recomputed)
2026-10-01T04:54:53,20261001T045140139955Z,EmiliaRomagna_2023a,sensitivity,ok,4 variants
2026-10-01T04:54:53,20261001T045140139955Z,EmiliaRomagna_2023a,placebo,info,social layer vs population-density layer: Spearman 0.81
2026-10-01T04:54:54,20261001T045140139955Z,EmiliaRomagna_2023a,resume:placebo_pop_full_befdd2e01741a217_5_d2e2f7342e,info,loaded from checkpoint (not recomputed)
2026-10-01T04:55:03,20261001T045140139955Z,EmiliaRomagna_2023a,resume:control_pop_full_e35a64f1038a6cd6_5_d2e2f7342e,info,loaded from checkpoint (not recomputed)
2026-10-01T04:55:04,20261001T045140139955Z,EmiliaRomagna_2023a,placebo,ok,population-density placebo ladder and population control done
2026-10-01T04:55:06,20261001T045140139955Z,EmiliaRomagna_2023a,city,ok,finished in 0.7 min
2026-10-01T04:55:07,20261001T045140139955Z,(all),synthesis,ok,"3 cities (3 under the current pre-registration); confirmatory k=3, localisable k=1 -> paper_synthesis/"
2026-10-01T04:55:08,20261001T045140139955Z,Forli_2023b,exclude,info,22 permanent-water cells (JRC occurrence >= 50%) excluded
2026-10-01T04:55:08,20261001T045140139955Z,Forli_2023b,exclude,ok,"8,684 of 93,651 cells excluded (9.3%); 3856 flooded among 84,967 analysed"
2026-10-01T04:55:09,20261001T045140139955Z,Forli_2023b,cv:blocks,ok,label autocorrelation < 0.1 by 2000 m -> CV tile 2000 m + buffer 500 m (correlogram range 2000 m)
2026-10-01T04:55:10,20261001T045140139955Z,Forli_2023b,resume:ladder_A_terrain_first_full_3de0a0a21c3bc7a2_5_5e3b8a0247,info,loaded from checkpoint (not recomputed)
2026-10-01T04:55:12,20261001T045140139955Z,Forli_2023b,gradient:A_terrain_first,info,without R0: 0 of 4 primary slopes have a 95% CI entirely below 0 []
2026-10-01T04:55:12,20261001T045140139955Z,Forli_2023b,gated:A_terrain_first,warn,73% of fold fits chose the edge of the gate grid (alpha=2.0 or tau=0.3); see the gated_wide_grid sensitivity variant
2026-10-01T04:55:18,20261001T045140139955Z,Forli_2023b,effects:A_terrain_first,ok,"top rung: info_nats_fm +0.0016 [-0.0004, +0.0041] inconclusive; info_frac_fm +0.0117 [-0.0025, +0.0274] inconclusive; dAP_stacked_fm +0.0054 [-0.0045, +0.0162] inconclusive; dAP_gated_fm +0.0024 [-0.0087, +0.0137] inconclusive; dAP_early_fm +0.0076 [-0.0091, +0.0270] inconclusive; dAP_adr_legacy_fm -0.0282 [-0.0418, -0.0140] harmful | social gain saturated from: None"
2026-10-01T04:55:18,20261001T045140139955Z,Forli_2023b,ladder:A_terrain_first,ok,6 rungs in 0.2 min
2026-10-01T04:55:18,20261001T045140139955Z,Forli_2023b,rung:B_surface_first,info,"positives per fold: {0: 771, 1: 771, 2: 771, 3: 771, 4: 772}"
2026-10-01T04:55:18,20261001T045140139955Z,Forli_2023b,rung:B_surface_first,info,reused from checkpoint 2725d9941385 (identical feature set; not recomputed)
2026-10-01T04:55:19,20261001T045140139955Z,Forli_2023b,rung:B_surface_first,info,reused from checkpoint dcecad64af9c (identical feature set; not recomputed)
2026-10-01T04:55:19,20261001T045140139955Z,Forli_2023b,rung:B_surface_first,info,reused from checkpoint 00d620bd9ba4 (identical feature set; not recomputed)
2026-10-01T04:55:20,20261001T045140139955Z,Forli_2023b,rung:B_surface_first,info,reused from checkpoint 82c5f42aec7d (identical feature set; not recomputed)
2026-10-01T04:55:21,20261001T045140139955Z,Forli_2023b,rung:B_surface_first,info,reused from checkpoint b847e409b8a8 (identical feature set; not recomputed)
2026-10-01T04:55:22,20261001T045140139955Z,Forli_2023b,rung:B_surface_first,info,reused from checkpoint 7653b7728e18 (identical feature set; not recomputed)
2026-10-01T05:06:14,20261001T045140139955Z,Forli_2023b,gradient:B_surface_first,info,without R0: 0 of 4 primary slopes have a 95% CI entirely below 0 []
2026-10-01T05:06:14,20261001T045140139955Z,Forli_2023b,gated:B_surface_first,warn,50% of fold fits chose the edge of the gate grid (alpha=2.0 or tau=0.3); see the gated_wide_grid sensitivity variant
2026-10-01T05:06:15,20261001T045140139955Z,Forli_2023b,effects:B_surface_first,ok,"top rung: info_nats_fm +0.0016 [-0.0004, +0.0041] inconclusive; info_frac_fm +0.0117 [-0.0025, +0.0274] inconclusive; dAP_stacked_fm +0.0054 [-0.0045, +0.0162] inconclusive; dAP_gated_fm +0.0024 [-0.0087, +0.0137] inconclusive; dAP_early_fm +0.0076 [-0.0091, +0.0270] inconclusive; dAP_adr_legacy_fm -0.0282 [-0.0418, -0.0140] harmful | social gain saturated from: None"
2026-10-01T05:06:15,20261001T045140139955Z,Forli_2023b,ladder:B_surface_first,ok,6 rungs in 10.9 min
2026-10-01T05:06:15,20261001T045140139955Z,Forli_2023b,rung:lens,info,reused from checkpoint 7653b7728e18 (identical feature set; not recomputed)
2026-10-01T06:02:05,20261001T045140139955Z,Forli_2023b,emotion_lens,ok,5 channel sets at rung R5_+sar_event
2026-10-01T06:43:25,20261001T045140139955Z,Forli_2023b,sensitivity,ok,4 variants
2026-10-01T06:43:25,20261001T045140139955Z,Forli_2023b,placebo,info,social layer vs population-density layer: Spearman 0.13
2026-10-01T06:43:25,20261001T045140139955Z,Forli_2023b,rung:placebo,info,"positives per fold: {0: 771, 1: 771, 2: 771, 3: 771, 4: 772}"
2026-10-01T06:46:22,20261001T045140139955Z,Forli_2023b,rung:placebo,info,[R0_none] AP_phys=0.0414 AP_stacked=0.0543 AP_gated=0.0414
2026-10-01T06:50:17,20261001T045140139955Z,Forli_2023b,rung:placebo,info,[R1_+terrain] AP_phys=0.1517 AP_stacked=0.1414 AP_gated=0.1433
2026-10-01T06:54:21,20261001T045140139955Z,Forli_2023b,rung:placebo,info,[R2_+surface] AP_phys=0.1881 AP_stacked=0.1781 AP_gated=0.1727
2026-10-01T06:58:31,20261001T045140139955Z,Forli_2023b,rung:placebo,info,[R3_+hydrography] AP_phys=0.2201 AP_stacked=0.2070 AP_gated=0.2119
2026-10-01T07:02:43,20261001T045140139955Z,Forli_2023b,rung:placebo,info,[R4_+forcing] AP_phys=0.2774 AP_stacked=0.2639 AP_gated=0.2606
2026-10-01T07:07:00,20261001T045140139955Z,Forli_2023b,rung:placebo,info,[R5_+sar_event] AP_phys=0.3788 AP_stacked=0.3688 AP_gated=0.3761
2026-10-01T07:20:42,20261001T045140139955Z,Forli_2023b,placebo,ok,population-density placebo ladder and population control done
2026-10-01T07:20:43,20261001T045140139955Z,Forli_2023b,city,ok,finished in 145.6 min
2026-10-01T07:20:45,20261001T045140139955Z,(all),synthesis,ok,"4 cities (4 under the current pre-registration); confirmatory k=4, localisable k=1 -> paper_synthesis/"
2026-10-01T07:20:45,20261001T045140139955Z,York_2015,exclude,info,1 permanent-water cells (JRC occurrence >= 50%) excluded
2026-10-01T07:20:45,20261001T045140139955Z,York_2015,exclude,ok,"1 of 10,821 cells excluded (0.0%); 514 flooded among 10,820 analysed"
2026-10-01T07:20:46,20261001T045140139955Z,York_2015,cv:blocks,ok,label autocorrelation < 0.1 by 1500 m -> CV tile 2000 m + buffer 500 m (correlogram range 1500 m)
2026-10-01T07:20:46,20261001T045140139955Z,York_2015,rung:A_terrain_first,info,"positives per fold: {0: 109, 1: 100, 2: 106, 3: 99, 4: 100}"
2026-10-01T07:22:15,20261001T045140139955Z,York_2015,rung:A_terrain_first,info,[R0_none] AP_phys=0.0323 AP_stacked=0.0352 AP_gated=0.0323
2026-10-01T07:24:01,20261001T045140139955Z,York_2015,rung:A_terrain_first,info,[R1_+terrain] AP_phys=0.5446 AP_stacked=0.4867 AP_gated=0.5518
2026-10-01T07:25:58,20261001T045140139955Z,York_2015,rung:A_terrain_first,info,[R2_+surface] AP_phys=0.5933 AP_stacked=0.5132 AP_gated=0.6093
2026-10-01T07:28:09,20261001T045140139955Z,York_2015,rung:A_terrain_first,info,[R3_+hydrography] AP_phys=0.5850 AP_stacked=0.4715 AP_gated=0.6050
2026-10-01T07:30:27,20261001T045140139955Z,York_2015,rung:A_terrain_first,info,[R4_+forcing] AP_phys=0.5233 AP_stacked=0.4362 AP_gated=0.5492
2026-10-01T07:32:43,20261001T045140139955Z,York_2015,rung:A_terrain_first,info,[R5_+sar_event] AP_phys=0.4994 AP_stacked=0.4096 AP_gated=0.5479
2026-10-01T07:35:07,20261001T045140139955Z,York_2015,gradient:A_terrain_first,info,without R0: 0 of 4 primary slopes have a 95% CI entirely below 0 []
2026-10-01T07:35:07,20261001T045140139955Z,York_2015,gated:A_terrain_first,warn,93% of fold fits chose the edge of the gate grid (alpha=2.0 or tau=0.3); see the gated_wide_grid sensitivity variant
2026-10-01T07:35:07,20261001T045140139955Z,York_2015,effects:A_terrain_first,ok,"top rung: info_nats_fm +0.0304 [+0.0012, +0.0498] inconclusive; info_frac_fm +0.1187 [+0.0056, +0.2352] inconclusive; dAP_stacked_fm +0.0595 [-0.0125, +0.0925] inconclusive; dAP_gated_fm +0.0226 [+0.0092, +0.0296] inconclusive; dAP_early_fm +0.0043 [-0.0695, +0.0324] inconclusive; dAP_adr_legacy_fm -0.1361 [-0.1992, -0.0149] harmful | social gain saturated from: None"
2026-10-01T07:35:07,20261001T045140139955Z,York_2015,ladder:A_terrain_first,ok,6 rungs in 14.4 min
2026-10-01T07:35:07,20261001T045140139955Z,York_2015,rung:B_surface_first,info,"positives per fold: {0: 109, 1: 100, 2: 106, 3: 99, 4: 100}"
2026-10-01T07:35:07,20261001T045140139955Z,York_2015,rung:B_surface_first,info,reused from checkpoint d64e6b99df09 (identical feature set; not recomputed)
2026-10-01T07:37:00,20261001T045140139955Z,York_2015,rung:B_surface_first,info,[R1_+surface] AP_phys=0.0633 AP_stacked=0.0335 AP_gated=0.0552
2026-10-01T07:38:55,20261001T045140139955Z,York_2015,rung:B_surface_first,info,[R2_+forcing] AP_phys=0.0841 AP_stacked=0.0332 AP_gated=0.0900
2026-10-01T07:40:55,20261001T045140139955Z,York_2015,rung:B_surface_first,info,[R3_+terrain] AP_phys=0.6307 AP_stacked=0.5573 AP_gated=0.6350
2026-10-01T07:40:55,20261001T045140139955Z,York_2015,rung:B_surface_first,info,reused from checkpoint 77b4c471c1cd (identical feature set; not recomputed)
2026-10-01T07:40:55,20261001T045140139955Z,York_2015,rung:B_surface_first,info,reused from checkpoint f0e2a36fb245 (identical feature set; not recomputed)
2026-10-01T07:43:19,20261001T045140139955Z,York_2015,gradient:B_surface_first,info,without R0: 0 of 4 primary slopes have a 95% CI entirely below 0 []
2026-10-01T07:43:19,20261001T045140139955Z,York_2015,gated:B_surface_first,warn,70% of fold fits chose the edge of the gate grid (alpha=2.0 or tau=0.3); see the gated_wide_grid sensitivity variant
2026-10-01T07:43:19,20261001T045140139955Z,York_2015,effects:B_surface_first,ok,"top rung: info_nats_fm +0.0304 [+0.0012, +0.0498] inconclusive; info_frac_fm +0.1187 [+0.0056, +0.2352] inconclusive; dAP_stacked_fm +0.0595 [-0.0125, +0.0925] inconclusive; dAP_gated_fm +0.0226 [+0.0092, +0.0296] inconclusive; dAP_early_fm +0.0043 [-0.0695, +0.0324] inconclusive; dAP_adr_legacy_fm -0.1361 [-0.1992, -0.0149] harmful | social gain saturated from: None"
2026-10-01T07:43:19,20261001T045140139955Z,York_2015,ladder:B_surface_first,ok,6 rungs in 8.2 min
2026-10-01T07:43:19,20261001T045140139955Z,York_2015,folds,warn,fold prevalence ranges 1.5%-27.3%: per-fold AP partly reflects fold base rates; report fold_diagnostics.csv
2026-10-01T07:43:19,20261001T045140139955Z,York_2015,rung:lens,info,reused from checkpoint f0e2a36fb245 (identical feature set; not recomputed)
2026-10-01T07:49:26,20261001T045140139955Z,York_2015,emotion_lens,ok,3 channel sets at rung R5_+sar_event
2026-10-01T07:52:07,20261001T045140139955Z,York_2015,rung:sensitivity,info,reused from checkpoint f0e2a36fb245 (identical feature set; not recomputed)
2026-10-01T07:55:43,20261001T045140139955Z,York_2015,sensitivity,ok,4 variants
2026-10-01T07:55:43,20261001T045140139955Z,York_2015,placebo,info,social layer vs population-density layer: Spearman 0.10
2026-10-01T07:55:43,20261001T045140139955Z,York_2015,rung:placebo,info,"positives per fold: {0: 109, 1: 100, 2: 106, 3: 99, 4: 100}"
2026-10-01T07:56:24,20261001T045140139955Z,York_2015,rung:placebo,info,[R0_none] AP_phys=0.0323 AP_stacked=0.0766 AP_gated=0.0323
2026-10-01T07:57:13,20261001T045140139955Z,York_2015,rung:placebo,info,[R1_+terrain] AP_phys=0.5446 AP_stacked=0.2086 AP_gated=0.5499
2026-10-01T10:13:12,20261001T101234590239Z,Chennai_2015,exclude,info,779 permanent-water cells (JRC occurrence >= 50%) excluded
2026-10-01T10:13:12,20261001T101234590239Z,Chennai_2015,exclude,ok,"779 of 41,919 cells excluded (1.9%); 9360 flooded among 41,140 analysed"
2026-10-01T10:13:14,20261001T101234590239Z,Chennai_2015,cv:blocks,ok,label autocorrelation < 0.1 by 3000 m -> CV tile 2500 m + buffer 500 m (correlogram range 3000 m)
2026-10-01T10:13:15,20261001T101234590239Z,Chennai_2015,resume:ladder_A_terrain_first_full_f5091bc95aad7646_5_d2e2f7342e,info,loaded from checkpoint (not recomputed)
2026-10-01T10:13:16,20261001T101234590239Z,Chennai_2015,gradient:A_terrain_first,info,"without R0: 2 of 4 primary slopes have a 95% CI entirely below 0 ['dAP_stacked_fm_adj', 'dAP_gated_fm_adj']"
2026-10-01T10:13:16,20261001T101234590239Z,Chennai_2015,gated:A_terrain_first,warn,80% of fold fits chose the edge of the gate grid (alpha=2.0 or tau=0.3); see the gated_wide_grid sensitivity variant
2026-10-01T10:13:21,20261001T101234590239Z,Chennai_2015,effects:A_terrain_first,ok,"top rung: info_nats_fm -0.0008 [-0.0120, +0.0068] inconclusive; info_frac_fm -0.0016 [-0.0227, +0.0134] saturated; dAP_stacked_fm -0.0045 [-0.0272, +0.0170] inconclusive; dAP_gated_fm -0.0023 [-0.0247, +0.0160] inconclusive; dAP_early_fm +0.0101 [-0.0076, +0.0318] inconclusive; dAP_adr_legacy_fm -0.0100 [-0.0199, +0.0035] inconclusive | social gain saturated from: R3_+hydrography"
2026-10-01T10:13:21,20261001T101234590239Z,Chennai_2015,ladder:A_terrain_first,ok,6 rungs in 0.1 min
2026-10-01T10:13:21,20261001T101234590239Z,Chennai_2015,resume:ladder_B_surface_first_full_f5091bc95aad7646_5_d2e2f7342e,info,loaded from checkpoint (not recomputed)
2026-10-01T10:13:22,20261001T101234590239Z,Chennai_2015,gradient:B_surface_first,info,"without R0: 2 of 4 primary slopes have a 95% CI entirely below 0 ['dAP_stacked_fm_adj', 'dAP_gated_fm_adj']"
2026-10-01T10:13:22,20261001T101234590239Z,Chennai_2015,gated:B_surface_first,warn,73% of fold fits chose the edge of the gate grid (alpha=2.0 or tau=0.3); see the gated_wide_grid sensitivity variant
2026-10-01T10:13:26,20261001T101234590239Z,Chennai_2015,effects:B_surface_first,ok,"top rung: info_nats_fm -0.0008 [-0.0120, +0.0068] inconclusive; info_frac_fm -0.0016 [-0.0227, +0.0134] saturated; dAP_stacked_fm -0.0045 [-0.0272, +0.0170] inconclusive; dAP_gated_fm -0.0023 [-0.0247, +0.0160] inconclusive; dAP_early_fm +0.0101 [-0.0076, +0.0318] inconclusive; dAP_adr_legacy_fm -0.0100 [-0.0199, +0.0035] inconclusive | social gain saturated from: R4_+hydrography"
2026-10-01T10:13:26,20261001T101234590239Z,Chennai_2015,ladder:B_surface_first,ok,6 rungs in 0.1 min
2026-10-01T10:13:27,20261001T101234590239Z,Chennai_2015,resume:lens_S_mentions_full_f5091bc95aad7646_5_d2e2f7342e,info,loaded from checkpoint (not recomputed)
2026-10-01T10:13:28,20261001T101234590239Z,Chennai_2015,resume:lens_S_negative_full_f5091bc95aad7646_5_d2e2f7342e,info,loaded from checkpoint (not recomputed)
2026-10-01T10:13:28,20261001T101234590239Z,Chennai_2015,resume:lens_S_distress_full_f5091bc95aad7646_5_d2e2f7342e,info,loaded from checkpoint (not recomputed)
2026-10-01T10:13:29,20261001T101234590239Z,Chennai_2015,resume:lens_S_src_gdelt_bigquery_full_f5091bc95aad7646_5_d2e2f7342e,info,loaded from checkpoint (not recomputed)
2026-10-01T10:13:29,20261001T101234590239Z,Chennai_2015,resume:lens_S_src_reddit_arcticshift_full_f5091bc95aad7646_5_d2e2f7342e,info,loaded from checkpoint (not recomputed)
2026-10-01T10:13:30,20261001T101234590239Z,Chennai_2015,resume:lens_S_mentions+S_negative+S_distress_full_f5091bc95aad7646_5_d2e2f7342e,info,loaded from checkpoint (not recomputed)
2026-10-01T10:13:30,20261001T101234590239Z,Chennai_2015,emotion_lens,ok,6 channel sets at rung R5_+sar_event
2026-10-01T10:13:31,20261001T101234590239Z,Chennai_2015,resume:sens_bandwidth_1000m_full_963158048f0d1f43_5_d2e2f7342e_xgb,info,loaded from checkpoint (not recomputed)
2026-10-01T10:13:32,20261001T101234590239Z,Chennai_2015,resume:sens_window_minus3_plus3_full_c5d82600bb2f6880_5_d2e2f7342e_xgb,info,loaded from checkpoint (not recomputed)
2026-10-01T10:13:32,20261001T101234590239Z,Chennai_2015,resume:sens_gated_wide_grid_full_45e8bd55e80ce833_5_d2e2f7342e_xgb,info,loaded from checkpoint (not recomputed)
2026-10-01T10:13:33,20261001T101234590239Z,Chennai_2015,resume:sens_learner_logistic_full_45e8bd55e80ce833_5_d2e2f7342e_logistic,info,loaded from checkpoint (not recomputed)
2026-10-01T10:13:33,20261001T101234590239Z,Chennai_2015,sensitivity,ok,4 variants
2026-10-01T10:13:33,20261001T101234590239Z,Chennai_2015,placebo,info,social layer vs population-density layer: Spearman 0.80
2026-10-01T10:13:34,20261001T101234590239Z,Chennai_2015,resume:placebo_pop_full_59c3eae36682f007_5_d2e2f7342e,info,loaded from checkpoint (not recomputed)
2026-10-01T10:13:39,20261001T101234590239Z,Chennai_2015,resume:control_pop_full_d3be82dea2088aa9_5_d2e2f7342e,info,loaded from checkpoint (not recomputed)
2026-10-01T10:13:40,20261001T101234590239Z,Chennai_2015,placebo,ok,population-density placebo ladder and population control done
2026-10-01T10:13:42,20261001T101234590239Z,Chennai_2015,city,ok,finished in 0.5 min
2026-10-01T10:13:52,20261001T101234590239Z,(all),synthesis,ok,"4 cities (4 under the current pre-registration); confirmatory k=4, localisable k=1 -> paper_synthesis/"
2026-10-01T10:13:54,20261001T101234590239Z,Valencia_2024,exclude,info,"5,684 permanent-water cells (JRC occurrence >= 50%) excluded"
2026-10-01T10:13:54,20261001T101234590239Z,Valencia_2024,exclude,ok,"5,684 of 38,269 cells excluded (14.9%); 10460 flooded among 32,585 analysed"
2026-10-01T10:13:55,20261001T101234590239Z,Valencia_2024,cv:blocks,ok,label autocorrelation < 0.1 by 8000 m -> CV tile 4000 m + buffer 500 m (correlogram range 8000 m)
2026-10-01T10:13:56,20261001T101234590239Z,Valencia_2024,resume:ladder_A_terrain_first_full_84074a89e94ad337_5_fe639a2c0a,info,loaded from checkpoint (not recomputed)
2026-10-01T10:13:57,20261001T101234590239Z,Valencia_2024,gradient:A_terrain_first,info,without R0: 0 of 4 primary slopes have a 95% CI entirely below 0 []
2026-10-01T10:13:57,20261001T101234590239Z,Valencia_2024,gated:A_terrain_first,warn,100% of fold fits chose the edge of the gate grid (alpha=2.0 or tau=0.3); see the gated_wide_grid sensitivity variant
2026-10-01T10:14:01,20261001T101234590239Z,Valencia_2024,effects:A_terrain_first,ok,"top rung: info_nats_fm +0.0770 [-0.0230, +0.1722] inconclusive; info_frac_fm +0.1798 [-0.0698, +0.3328] inconclusive; dAP_stacked_fm +0.0388 [-0.0028, +0.1039] inconclusive; dAP_gated_fm -0.0125 [-0.0328, +0.0278] inconclusive; dAP_early_fm +0.0006 [-0.0218, +0.0805] inconclusive; dAP_adr_legacy_fm -0.1234 [-0.1477, -0.0511] harmful | social gain saturated from: None"
2026-10-01T10:14:01,20261001T101234590239Z,Valencia_2024,ladder:A_terrain_first,ok,6 rungs in 0.1 min
2026-10-01T10:14:01,20261001T101234590239Z,Valencia_2024,resume:ladder_B_surface_first_full_84074a89e94ad337_5_fe639a2c0a,info,loaded from checkpoint (not recomputed)
2026-10-01T10:14:02,20261001T101234590239Z,Valencia_2024,gradient:B_surface_first,info,without R0: 0 of 4 primary slopes have a 95% CI entirely below 0 []
2026-10-01T10:14:02,20261001T101234590239Z,Valencia_2024,gated:B_surface_first,warn,87% of fold fits chose the edge of the gate grid (alpha=2.0 or tau=0.3); see the gated_wide_grid sensitivity variant
2026-10-01T10:14:06,20261001T101234590239Z,Valencia_2024,effects:B_surface_first,ok,"top rung: info_nats_fm +0.0770 [-0.0230, +0.1722] inconclusive; info_frac_fm +0.1798 [-0.0698, +0.3328] inconclusive; dAP_stacked_fm +0.0388 [-0.0028, +0.1039] inconclusive; dAP_gated_fm -0.0125 [-0.0328, +0.0278] inconclusive; dAP_early_fm +0.0006 [-0.0218, +0.0805] inconclusive; dAP_adr_legacy_fm -0.1234 [-0.1477, -0.0511] harmful | social gain saturated from: None"
2026-10-01T10:14:06,20261001T101234590239Z,Valencia_2024,ladder:B_surface_first,ok,6 rungs in 0.1 min
2026-10-01T10:14:07,20261001T101234590239Z,Valencia_2024,resume:lens_S_mentions_full_84074a89e94ad337_5_fe639a2c0a,info,loaded from checkpoint (not recomputed)
2026-10-01T10:14:07,20261001T101234590239Z,Valencia_2024,resume:lens_S_negative_full_84074a89e94ad337_5_fe639a2c0a,info,loaded from checkpoint (not recomputed)
2026-10-01T10:14:08,20261001T101234590239Z,Valencia_2024,resume:lens_S_distress_full_84074a89e94ad337_5_fe639a2c0a,info,loaded from checkpoint (not recomputed)
2026-10-01T10:14:08,20261001T101234590239Z,Valencia_2024,resume:lens_S_src_gdelt_bigquery_full_84074a89e94ad337_5_fe639a2c0a,info,loaded from checkpoint (not recomputed)
2026-10-01T10:14:09,20261001T101234590239Z,Valencia_2024,resume:lens_S_src_google_news_rss_full_84074a89e94ad337_5_fe639a2c0a,info,loaded from checkpoint (not recomputed)
2026-10-01T10:14:09,20261001T101234590239Z,Valencia_2024,resume:lens_S_src_reddit_arcticshift_full_84074a89e94ad337_5_fe639a2c0a,info,loaded from checkpoint (not recomputed)
2026-10-01T10:14:10,20261001T101234590239Z,Valencia_2024,resume:lens_S_mentions+S_negative+S_distress_full_84074a89e94ad337_5_fe639a2c0a,info,loaded from checkpoint (not recomputed)
2026-10-01T10:14:10,20261001T101234590239Z,Valencia_2024,emotion_lens,ok,7 channel sets at rung R5_+sar_event
2026-10-01T10:14:10,20261001T101234590239Z,Valencia_2024,resume:sens_bandwidth_1000m_full_ed3d3dba3d38df3a_5_fe639a2c0a_xgb,info,loaded from checkpoint (not recomputed)
2026-10-01T10:14:11,20261001T101234590239Z,Valencia_2024,resume:sens_window_minus3_plus3_full_c9c8dcd8f4765b60_5_fe639a2c0a_xgb,info,loaded from checkpoint (not recomputed)
2026-10-01T10:14:11,20261001T101234590239Z,Valencia_2024,resume:sens_gated_wide_grid_full_1b9bca63eef2af64_5_fe639a2c0a_xgb,info,loaded from checkpoint (not recomputed)
2026-10-01T10:14:12,20261001T101234590239Z,Valencia_2024,resume:sens_learner_logistic_full_1b9bca63eef2af64_5_fe639a2c0a_logistic,info,loaded from checkpoint (not recomputed)
2026-10-01T10:14:12,20261001T101234590239Z,Valencia_2024,sensitivity,ok,4 variants
2026-10-01T10:14:12,20261001T101234590239Z,Valencia_2024,placebo,info,social layer vs population-density layer: Spearman 0.70
2026-10-01T10:14:12,20261001T101234590239Z,Valencia_2024,resume:placebo_pop_full_fb7e9451b1712344_5_fe639a2c0a,info,loaded from checkpoint (not recomputed)
2026-10-01T10:14:18,20261001T101234590239Z,Valencia_2024,resume:control_pop_full_9a7b6100b76e8a60_5_fe639a2c0a,info,loaded from checkpoint (not recomputed)
2026-10-01T10:14:18,20261001T101234590239Z,Valencia_2024,placebo,ok,population-density placebo ladder and population control done
2026-10-01T10:14:20,20261001T101234590239Z,Valencia_2024,city,ok,finished in 0.5 min
2026-10-01T10:14:21,20261001T101234590239Z,(all),synthesis,ok,"4 cities (4 under the current pre-registration); confirmatory k=4, localisable k=1 -> paper_synthesis/"
2026-10-01T10:14:22,20261001T101234590239Z,EmiliaRomagna_2023a,exclude,info,238 permanent-water cells (JRC occurrence >= 50%) excluded
2026-10-01T10:14:22,20261001T101234590239Z,EmiliaRomagna_2023a,exclude,warn,"123,756 of 143,322 cells excluded (86.3%); 2576 flooded among 19,566 analysed"
2026-10-01T10:14:23,20261001T101234590239Z,EmiliaRomagna_2023a,cv:blocks,ok,label autocorrelation < 0.1 by 3000 m -> CV tile 2500 m + buffer 500 m (correlogram range 3000 m)
2026-10-01T10:14:23,20261001T101234590239Z,EmiliaRomagna_2023a,resume:ladder_A_terrain_first_full_c2b95eed9b9bc451_5_d2e2f7342e,info,loaded from checkpoint (not recomputed)
2026-10-01T10:14:24,20261001T101234590239Z,EmiliaRomagna_2023a,gradient:A_terrain_first,info,without R0: 0 of 4 primary slopes have a 95% CI entirely below 0 []
2026-10-01T10:14:24,20261001T101234590239Z,EmiliaRomagna_2023a,gated:A_terrain_first,warn,50% of fold fits chose the edge of the gate grid (alpha=2.0 or tau=0.3); see the gated_wide_grid sensitivity variant
2026-10-01T10:14:28,20261001T101234590239Z,EmiliaRomagna_2023a,effects:A_terrain_first,ok,"top rung: info_nats_fm -0.0061 [-0.0444, +0.0221] inconclusive; info_frac_fm -0.0137 [-0.0915, +0.0618] inconclusive; dAP_stacked_fm -0.1363 [-0.1564, +0.0189] inconclusive; dAP_gated_fm -0.0117 [-0.0166, +0.0095] inconclusive; dAP_early_fm -0.0089 [-0.0353, +0.0185] inconclusive; dAP_adr_legacy_fm -0.0550 [-0.0776, +0.0039] inconclusive | social gain saturated from: None"
2026-10-01T10:14:28,20261001T101234590239Z,EmiliaRomagna_2023a,ladder:A_terrain_first,ok,6 rungs in 0.1 min
2026-10-01T10:14:29,20261001T101234590239Z,EmiliaRomagna_2023a,resume:ladder_B_surface_first_full_c2b95eed9b9bc451_5_d2e2f7342e,info,loaded from checkpoint (not recomputed)
2026-10-01T10:14:30,20261001T101234590239Z,EmiliaRomagna_2023a,gradient:B_surface_first,info,without R0: 0 of 4 primary slopes have a 95% CI entirely below 0 []
2026-10-01T10:14:30,20261001T101234590239Z,EmiliaRomagna_2023a,gated:B_surface_first,warn,47% of fold fits chose the edge of the gate grid (alpha=2.0 or tau=0.3); see the gated_wide_grid sensitivity variant
2026-10-01T10:14:34,20261001T101234590239Z,EmiliaRomagna_2023a,effects:B_surface_first,ok,"top rung: info_nats_fm -0.0061 [-0.0444, +0.0221] inconclusive; info_frac_fm -0.0137 [-0.0915, +0.0618] inconclusive; dAP_stacked_fm -0.1363 [-0.1564, +0.0189] inconclusive; dAP_gated_fm -0.0117 [-0.0166, +0.0095] inconclusive; dAP_early_fm -0.0089 [-0.0353, +0.0185] inconclusive; dAP_adr_legacy_fm -0.0550 [-0.0776, +0.0039] inconclusive | social gain saturated from: None"
2026-10-01T10:14:34,20261001T101234590239Z,EmiliaRomagna_2023a,ladder:B_surface_first,ok,6 rungs in 0.1 min
2026-10-01T10:14:34,20261001T101234590239Z,EmiliaRomagna_2023a,resume:lens_S_mentions_full_c2b95eed9b9bc451_5_d2e2f7342e,info,loaded from checkpoint (not recomputed)
2026-10-01T10:14:35,20261001T101234590239Z,EmiliaRomagna_2023a,resume:lens_S_negative_full_c2b95eed9b9bc451_5_d2e2f7342e,info,loaded from checkpoint (not recomputed)
2026-10-01T10:14:35,20261001T101234590239Z,EmiliaRomagna_2023a,resume:lens_S_distress_full_c2b95eed9b9bc451_5_d2e2f7342e,info,loaded from checkpoint (not recomputed)
2026-10-01T10:14:36,20261001T101234590239Z,EmiliaRomagna_2023a,resume:lens_S_src_gdelt_bigquery_full_c2b95eed9b9bc451_5_d2e2f7342e,info,loaded from checkpoint (not recomputed)
2026-10-01T10:14:36,20261001T101234590239Z,EmiliaRomagna_2023a,resume:lens_S_src_google_news_rss_full_c2b95eed9b9bc451_5_d2e2f7342e,info,loaded from checkpoint (not recomputed)
2026-10-01T10:14:37,20261001T101234590239Z,EmiliaRomagna_2023a,resume:lens_S_mentions+S_negative+S_distress_full_c2b95eed9b9bc451_5_d2e2f7342e,info,loaded from checkpoint (not recomputed)
2026-10-01T10:14:37,20261001T101234590239Z,EmiliaRomagna_2023a,emotion_lens,ok,6 channel sets at rung R5_+sar_event
2026-10-01T10:14:38,20261001T101234590239Z,EmiliaRomagna_2023a,resume:sens_bandwidth_1000m_full_700d0b0cf3a1dce7_5_d2e2f7342e_xgb,info,loaded from checkpoint (not recomputed)
2026-10-01T10:14:38,20261001T101234590239Z,EmiliaRomagna_2023a,resume:sens_window_minus3_plus3_full_eee63057e5e47906_5_d2e2f7342e_xgb,info,loaded from checkpoint (not recomputed)
2026-10-01T10:14:39,20261001T101234590239Z,EmiliaRomagna_2023a,resume:sens_gated_wide_grid_full_8ed46581152f3916_5_d2e2f7342e_xgb,info,loaded from checkpoint (not recomputed)
2026-10-01T10:14:39,20261001T101234590239Z,EmiliaRomagna_2023a,resume:sens_learner_logistic_full_8ed46581152f3916_5_d2e2f7342e_logistic,info,loaded from checkpoint (not recomputed)
2026-10-01T10:14:39,20261001T101234590239Z,EmiliaRomagna_2023a,sensitivity,ok,4 variants
2026-10-01T10:14:39,20261001T101234590239Z,EmiliaRomagna_2023a,placebo,info,social layer vs population-density layer: Spearman 0.81
2026-10-01T10:14:40,20261001T101234590239Z,EmiliaRomagna_2023a,resume:placebo_pop_full_befdd2e01741a217_5_d2e2f7342e,info,loaded from checkpoint (not recomputed)
2026-10-01T10:14:47,20261001T101234590239Z,EmiliaRomagna_2023a,resume:control_pop_full_e35a64f1038a6cd6_5_d2e2f7342e,info,loaded from checkpoint (not recomputed)
2026-10-01T10:14:48,20261001T101234590239Z,EmiliaRomagna_2023a,placebo,ok,population-density placebo ladder and population control done
2026-10-01T10:14:53,20261001T101234590239Z,EmiliaRomagna_2023a,city,ok,finished in 0.5 min
2026-10-01T10:14:55,20261001T101234590239Z,(all),synthesis,ok,"4 cities (4 under the current pre-registration); confirmatory k=4, localisable k=1 -> paper_synthesis/"
2026-10-01T10:14:57,20261001T101234590239Z,Forli_2023b,exclude,info,22 permanent-water cells (JRC occurrence >= 50%) excluded
2026-10-01T10:14:57,20261001T101234590239Z,Forli_2023b,exclude,ok,"8,684 of 93,651 cells excluded (9.3%); 3856 flooded among 84,967 analysed"
2026-10-01T10:14:57,20261001T101234590239Z,Forli_2023b,cv:blocks,ok,label autocorrelation < 0.1 by 2000 m -> CV tile 2000 m + buffer 500 m (correlogram range 2000 m)
2026-10-01T10:14:59,20261001T101234590239Z,Forli_2023b,resume:ladder_A_terrain_first_full_3de0a0a21c3bc7a2_5_5e3b8a0247,info,loaded from checkpoint (not recomputed)
2026-10-01T10:15:00,20261001T101234590239Z,Forli_2023b,gradient:A_terrain_first,info,without R0: 0 of 4 primary slopes have a 95% CI entirely below 0 []
2026-10-01T10:15:00,20261001T101234590239Z,Forli_2023b,gated:A_terrain_first,warn,73% of fold fits chose the edge of the gate grid (alpha=2.0 or tau=0.3); see the gated_wide_grid sensitivity variant
2026-10-01T10:15:04,20261001T101234590239Z,Forli_2023b,effects:A_terrain_first,ok,"top rung: info_nats_fm +0.0016 [-0.0004, +0.0041] inconclusive; info_frac_fm +0.0117 [-0.0025, +0.0274] inconclusive; dAP_stacked_fm +0.0054 [-0.0045, +0.0162] inconclusive; dAP_gated_fm +0.0024 [-0.0087, +0.0137] inconclusive; dAP_early_fm +0.0076 [-0.0091, +0.0270] inconclusive; dAP_adr_legacy_fm -0.0282 [-0.0418, -0.0140] harmful | social gain saturated from: None"
2026-10-01T10:15:04,20261001T101234590239Z,Forli_2023b,ladder:A_terrain_first,ok,6 rungs in 0.1 min
2026-10-01T10:15:05,20261001T101234590239Z,Forli_2023b,resume:ladder_B_surface_first_full_3de0a0a21c3bc7a2_5_5e3b8a0247,info,loaded from checkpoint (not recomputed)
2026-10-01T10:15:06,20261001T101234590239Z,Forli_2023b,gradient:B_surface_first,info,without R0: 0 of 4 primary slopes have a 95% CI entirely below 0 []
2026-10-01T10:15:06,20261001T101234590239Z,Forli_2023b,gated:B_surface_first,warn,50% of fold fits chose the edge of the gate grid (alpha=2.0 or tau=0.3); see the gated_wide_grid sensitivity variant
2026-10-01T10:15:10,20261001T101234590239Z,Forli_2023b,effects:B_surface_first,ok,"top rung: info_nats_fm +0.0016 [-0.0004, +0.0041] inconclusive; info_frac_fm +0.0117 [-0.0025, +0.0274] inconclusive; dAP_stacked_fm +0.0054 [-0.0045, +0.0162] inconclusive; dAP_gated_fm +0.0024 [-0.0087, +0.0137] inconclusive; dAP_early_fm +0.0076 [-0.0091, +0.0270] inconclusive; dAP_adr_legacy_fm -0.0282 [-0.0418, -0.0140] harmful | social gain saturated from: None"
2026-10-01T10:15:10,20261001T101234590239Z,Forli_2023b,ladder:B_surface_first,ok,6 rungs in 0.1 min
2026-10-01T10:15:11,20261001T101234590239Z,Forli_2023b,resume:lens_S_mentions_full_3de0a0a21c3bc7a2_5_5e3b8a0247,info,loaded from checkpoint (not recomputed)
2026-10-01T10:15:12,20261001T101234590239Z,Forli_2023b,resume:lens_S_negative_full_3de0a0a21c3bc7a2_5_5e3b8a0247,info,loaded from checkpoint (not recomputed)
2026-10-01T10:15:12,20261001T101234590239Z,Forli_2023b,resume:lens_S_distress_full_3de0a0a21c3bc7a2_5_5e3b8a0247,info,loaded from checkpoint (not recomputed)
2026-10-01T10:15:13,20261001T101234590239Z,Forli_2023b,resume:lens_S_src_gdelt_bigquery_full_3de0a0a21c3bc7a2_5_5e3b8a0247,info,loaded from checkpoint (not recomputed)
2026-10-01T10:15:13,20261001T101234590239Z,Forli_2023b,resume:lens_S_mentions+S_negative+S_distress_full_3de0a0a21c3bc7a2_5_5e3b8a0247,info,loaded from checkpoint (not recomputed)
2026-10-01T10:15:13,20261001T101234590239Z,Forli_2023b,emotion_lens,ok,5 channel sets at rung R5_+sar_event
2026-10-01T10:15:14,20261001T101234590239Z,Forli_2023b,resume:sens_bandwidth_1000m_full_760c2495f64b9a5b_5_5e3b8a0247_xgb,info,loaded from checkpoint (not recomputed)
2026-10-01T10:15:14,20261001T101234590239Z,Forli_2023b,resume:sens_window_minus3_plus3_full_43246358e1d8afb4_5_5e3b8a0247_xgb,info,loaded from checkpoint (not recomputed)
2026-10-01T10:15:15,20261001T101234590239Z,Forli_2023b,resume:sens_gated_wide_grid_full_239a7e5482e58f3a_5_5e3b8a0247_xgb,info,loaded from checkpoint (not recomputed)
2026-10-01T10:15:15,20261001T101234590239Z,Forli_2023b,resume:sens_learner_logistic_full_239a7e5482e58f3a_5_5e3b8a0247_logistic,info,loaded from checkpoint (not recomputed)
2026-10-01T10:15:16,20261001T101234590239Z,Forli_2023b,sensitivity,ok,4 variants
2026-10-01T10:15:16,20261001T101234590239Z,Forli_2023b,placebo,info,social layer vs population-density layer: Spearman 0.13
2026-10-01T10:15:16,20261001T101234590239Z,Forli_2023b,resume:placebo_pop_full_107c77c8982b20de_5_5e3b8a0247,info,loaded from checkpoint (not recomputed)
2026-10-01T10:15:21,20261001T101234590239Z,Forli_2023b,resume:control_pop_full_f9095a8706293035_5_5e3b8a0247,info,loaded from checkpoint (not recomputed)
2026-10-01T10:15:22,20261001T101234590239Z,Forli_2023b,placebo,ok,population-density placebo ladder and population control done
2026-10-01T10:15:23,20261001T101234590239Z,Forli_2023b,city,ok,finished in 0.5 min
2026-10-01T10:15:24,20261001T101234590239Z,(all),synthesis,ok,"4 cities (4 under the current pre-registration); confirmatory k=4, localisable k=1 -> paper_synthesis/"
2026-10-01T10:15:25,20261001T101234590239Z,York_2015,exclude,info,1 permanent-water cells (JRC occurrence >= 50%) excluded
2026-10-01T10:15:25,20261001T101234590239Z,York_2015,exclude,ok,"1 of 10,821 cells excluded (0.0%); 514 flooded among 10,820 analysed"
2026-10-01T10:15:25,20261001T101234590239Z,York_2015,cv:blocks,ok,label autocorrelation < 0.1 by 1500 m -> CV tile 2000 m + buffer 500 m (correlogram range 1500 m)
2026-10-01T10:15:26,20261001T101234590239Z,York_2015,resume:ladder_A_terrain_first_full_bb3614a17ce93700_5_5e3b8a0247,info,loaded from checkpoint (not recomputed)
2026-10-01T10:15:27,20261001T101234590239Z,York_2015,gradient:A_terrain_first,info,without R0: 0 of 4 primary slopes have a 95% CI entirely below 0 []
2026-10-01T10:15:27,20261001T101234590239Z,York_2015,gated:A_terrain_first,warn,93% of fold fits chose the edge of the gate grid (alpha=2.0 or tau=0.3); see the gated_wide_grid sensitivity variant
2026-10-01T10:15:31,20261001T101234590239Z,York_2015,effects:A_terrain_first,ok,"top rung: info_nats_fm +0.0304 [+0.0012, +0.0498] inconclusive; info_frac_fm +0.1187 [+0.0056, +0.2352] inconclusive; dAP_stacked_fm +0.0595 [-0.0125, +0.0925] inconclusive; dAP_gated_fm +0.0226 [+0.0092, +0.0296] inconclusive; dAP_early_fm +0.0043 [-0.0695, +0.0324] inconclusive; dAP_adr_legacy_fm -0.1361 [-0.1992, -0.0149] harmful | social gain saturated from: None"
2026-10-01T10:15:31,20261001T101234590239Z,York_2015,ladder:A_terrain_first,ok,6 rungs in 0.1 min
2026-10-01T10:15:31,20261001T101234590239Z,York_2015,resume:ladder_B_surface_first_full_bb3614a17ce93700_5_5e3b8a0247,info,loaded from checkpoint (not recomputed)
2026-10-01T10:15:32,20261001T101234590239Z,York_2015,gradient:B_surface_first,info,without R0: 0 of 4 primary slopes have a 95% CI entirely below 0 []
2026-10-01T10:15:32,20261001T101234590239Z,York_2015,gated:B_surface_first,warn,70% of fold fits chose the edge of the gate grid (alpha=2.0 or tau=0.3); see the gated_wide_grid sensitivity variant
2026-10-01T10:15:36,20261001T101234590239Z,York_2015,effects:B_surface_first,ok,"top rung: info_nats_fm +0.0304 [+0.0012, +0.0498] inconclusive; info_frac_fm +0.1187 [+0.0056, +0.2352] inconclusive; dAP_stacked_fm +0.0595 [-0.0125, +0.0925] inconclusive; dAP_gated_fm +0.0226 [+0.0092, +0.0296] inconclusive; dAP_early_fm +0.0043 [-0.0695, +0.0324] inconclusive; dAP_adr_legacy_fm -0.1361 [-0.1992, -0.0149] harmful | social gain saturated from: None"
2026-10-01T10:15:36,20261001T101234590239Z,York_2015,ladder:B_surface_first,ok,6 rungs in 0.1 min
2026-10-01T10:15:36,20261001T101234590239Z,York_2015,folds,warn,fold prevalence ranges 1.5%-27.3%: per-fold AP partly reflects fold base rates; report fold_diagnostics.csv
2026-10-01T10:15:36,20261001T101234590239Z,York_2015,resume:lens_S_mentions_full_bb3614a17ce93700_5_5e3b8a0247,info,loaded from checkpoint (not recomputed)
2026-10-01T10:15:37,20261001T101234590239Z,York_2015,resume:lens_S_negative_full_bb3614a17ce93700_5_5e3b8a0247,info,loaded from checkpoint (not recomputed)
2026-10-01T10:15:37,20261001T101234590239Z,York_2015,resume:lens_S_mentions+S_negative_full_bb3614a17ce93700_5_5e3b8a0247,info,loaded from checkpoint (not recomputed)
2026-10-01T10:15:37,20261001T101234590239Z,York_2015,emotion_lens,ok,3 channel sets at rung R5_+sar_event
2026-10-01T10:15:37,20261001T101234590239Z,York_2015,resume:sens_bandwidth_1000m_full_7fdea8ab082016b5_5_5e3b8a0247_xgb,info,loaded from checkpoint (not recomputed)
2026-10-01T10:15:38,20261001T101234590239Z,York_2015,resume:sens_window_minus3_plus3_full_33afbb64ad7710a2_5_5e3b8a0247_xgb,info,loaded from checkpoint (not recomputed)
2026-10-01T10:15:38,20261001T101234590239Z,York_2015,resume:sens_gated_wide_grid_full_33afbb64ad7710a2_5_5e3b8a0247_xgb,info,loaded from checkpoint (not recomputed)
2026-10-01T10:15:39,20261001T101234590239Z,York_2015,resume:sens_learner_logistic_full_33afbb64ad7710a2_5_5e3b8a0247_logistic,info,loaded from checkpoint (not recomputed)
2026-10-01T10:15:39,20261001T101234590239Z,York_2015,sensitivity,ok,4 variants
2026-10-01T10:15:39,20261001T101234590239Z,York_2015,placebo,info,social layer vs population-density layer: Spearman 0.10
2026-10-01T10:15:39,20261001T101234590239Z,York_2015,rung:placebo,info,"positives per fold: {0: 109, 1: 100, 2: 106, 3: 99, 4: 100}"
2026-10-01T10:15:39,20261001T101234590239Z,York_2015,rung:placebo,info,reused from checkpoint 557007bbb71d (identical feature set; not recomputed)
2026-10-01T10:15:39,20261001T101234590239Z,York_2015,rung:placebo,info,reused from checkpoint 2d80c9d2c213 (identical feature set; not recomputed)
2026-10-01T10:16:33,20261001T101234590239Z,York_2015,rung:placebo,info,[R2_+surface] AP_phys=0.5933 AP_stacked=0.2259 AP_gated=0.6049
2026-10-01T10:17:25,20261001T101234590239Z,York_2015,rung:placebo,info,[R3_+hydrography] AP_phys=0.5850 AP_stacked=0.2441 AP_gated=0.5939
2026-10-01T10:18:21,20261001T101234590239Z,York_2015,rung:placebo,info,[R4_+forcing] AP_phys=0.5233 AP_stacked=0.3563 AP_gated=0.5842
2026-10-01T10:19:14,20261001T101234590239Z,York_2015,rung:placebo,info,[R5_+sar_event] AP_phys=0.4994 AP_stacked=0.2125 AP_gated=0.5614
2026-10-01T10:22:19,20261001T101234590239Z,York_2015,placebo,ok,population-density placebo ladder and population control done
2026-10-01T10:22:21,20261001T101234590239Z,York_2015,city,ok,finished in 6.9 min
2026-10-01T10:22:23,20261001T101234590239Z,(all),synthesis,ok,"5 cities (5 under the current pre-registration); confirmatory k=5, localisable k=1 -> paper_synthesis/"
2026-10-01T10:22:24,20261001T101234590239Z,Carlisle_2015,exclude,info,8 permanent-water cells (JRC occurrence >= 50%) excluded
2026-10-01T10:22:24,20261001T101234590239Z,Carlisle_2015,exclude,ok,"8 of 14,037 cells excluded (0.1%); 1234 flooded among 14,029 analysed"
2026-10-01T10:22:24,20261001T101234590239Z,Carlisle_2015,cv:blocks,ok,label autocorrelation < 0.1 by 4000 m -> CV tile 2000 m + buffer 500 m (correlogram range 4000 m; fewer than 15 flooded tiles even at larger sizes: default tile)
2026-10-01T10:22:24,20261001T101234590239Z,Carlisle_2015,rung:A_terrain_first,info,"positives per fold: {0: 276, 1: 229, 2: 223, 3: 264, 4: 242}"
2026-10-01T10:24:36,20261001T101234590239Z,Carlisle_2015,rung:A_terrain_first,info,[R0_none] AP_phys=0.0557 AP_stacked=0.0876 AP_gated=0.1092
2026-10-01T10:27:29,20261001T101234590239Z,Carlisle_2015,rung:A_terrain_first,info,[R1_+terrain] AP_phys=0.1830 AP_stacked=0.3780 AP_gated=0.2055
2026-10-01T10:30:37,20261001T101234590239Z,Carlisle_2015,rung:A_terrain_first,info,[R2_+surface] AP_phys=0.1735 AP_stacked=0.3134 AP_gated=0.1904
2026-10-01T10:33:46,20261001T101234590239Z,Carlisle_2015,rung:A_terrain_first,info,[R3_+hydrography] AP_phys=0.7412 AP_stacked=0.7028 AP_gated=0.7646
2026-10-01T10:37:05,20261001T101234590239Z,Carlisle_2015,rung:A_terrain_first,info,[R4_+forcing] AP_phys=0.7388 AP_stacked=0.6995 AP_gated=0.7680
2026-10-01T10:40:25,20261001T101234590239Z,Carlisle_2015,rung:A_terrain_first,info,[R5_+sar_event] AP_phys=0.7362 AP_stacked=0.7123 AP_gated=0.7661
2026-10-01T10:43:15,20261001T101234590239Z,Carlisle_2015,gradient:A_terrain_first,info,without R0: 1 of 4 primary slopes have a 95% CI entirely below 0 ['info_nats_fm_adj']
2026-10-01T10:43:15,20261001T101234590239Z,Carlisle_2015,gated:A_terrain_first,warn,87% of fold fits chose the edge of the gate grid (alpha=2.0 or tau=0.3); see the gated_wide_grid sensitivity variant
2026-10-01T10:43:15,20261001T101234590239Z,Carlisle_2015,effects:A_terrain_first,ok,"top rung: info_nats_fm +0.1900 [+0.0663, +0.3015] inconclusive; info_frac_fm +0.3509 [+0.0995, +0.7526] inconclusive; dAP_stacked_fm +0.0499 [-0.0369, +0.0679] inconclusive; dAP_gated_fm +0.0267 [+0.0174, +0.0465] inconclusive; dAP_early_fm -0.0024 [-0.0112, +0.0598] inconclusive; dAP_adr_legacy_fm +0.0000 [+0.0000, +0.0000] saturated | social gain saturated from: None"
2026-10-01T10:43:15,20261001T101234590239Z,Carlisle_2015,ladder:A_terrain_first,ok,6 rungs in 20.9 min
2026-10-01T10:43:16,20261001T101234590239Z,Carlisle_2015,rung:B_surface_first,info,"positives per fold: {0: 276, 1: 229, 2: 223, 3: 264, 4: 242}"
2026-10-01T10:43:16,20261001T101234590239Z,Carlisle_2015,rung:B_surface_first,info,reused from checkpoint 8d672f18e793 (identical feature set; not recomputed)
2026-10-01T10:45:50,20261001T101234590239Z,Carlisle_2015,rung:B_surface_first,info,[R1_+surface] AP_phys=0.0554 AP_stacked=0.0533 AP_gated=0.0870
2026-10-01T10:48:33,20261001T101234590239Z,Carlisle_2015,rung:B_surface_first,info,[R2_+forcing] AP_phys=0.0610 AP_stacked=0.0533 AP_gated=0.0767
2026-10-01T10:51:38,20261001T101234590239Z,Carlisle_2015,rung:B_surface_first,info,[R3_+terrain] AP_phys=0.5820 AP_stacked=0.6677 AP_gated=0.6164
2026-10-01T10:51:38,20261001T101234590239Z,Carlisle_2015,rung:B_surface_first,info,reused from checkpoint 602af98d6658 (identical feature set; not recomputed)
2026-10-01T10:51:38,20261001T101234590239Z,Carlisle_2015,rung:B_surface_first,info,reused from checkpoint 419020144dd0 (identical feature set; not recomputed)
2026-10-01T10:54:23,20261001T101234590239Z,Carlisle_2015,gradient:B_surface_first,info,without R0: 0 of 4 primary slopes have a 95% CI entirely below 0 []
2026-10-01T10:54:23,20261001T101234590239Z,Carlisle_2015,gated:B_surface_first,warn,90% of fold fits chose the edge of the gate grid (alpha=2.0 or tau=0.3); see the gated_wide_grid sensitivity variant
2026-10-01T10:54:24,20261001T101234590239Z,Carlisle_2015,effects:B_surface_first,ok,"top rung: info_nats_fm +0.1900 [+0.0663, +0.3015] inconclusive; info_frac_fm +0.3509 [+0.0995, +0.7526] inconclusive; dAP_stacked_fm +0.0499 [-0.0369, +0.0679] inconclusive; dAP_gated_fm +0.0267 [+0.0174, +0.0465] inconclusive; dAP_early_fm -0.0024 [-0.0112, +0.0598] inconclusive; dAP_adr_legacy_fm +0.0000 [+0.0000, +0.0000] saturated | social gain saturated from: None"
2026-10-01T10:54:24,20261001T101234590239Z,Carlisle_2015,ladder:B_surface_first,ok,6 rungs in 11.1 min
2026-10-01T10:54:24,20261001T101234590239Z,Carlisle_2015,folds,warn,fold prevalence ranges 2.0%-69.0%: per-fold AP partly reflects fold base rates; report fold_diagnostics.csv
2026-10-01T10:54:24,20261001T101234590239Z,Carlisle_2015,rung:lens,info,reused from checkpoint 419020144dd0 (identical feature set; not recomputed)
2026-10-01T11:02:44,20261001T101234590239Z,Carlisle_2015,emotion_lens,ok,3 channel sets at rung R5_+sar_event
2026-10-01T11:15:25,20261001T101234590239Z,Carlisle_2015,sensitivity,ok,4 variants
2026-10-01T11:15:25,20261001T101234590239Z,Carlisle_2015,placebo,info,social layer vs population-density layer: Spearman 0.85
2026-10-01T11:15:25,20261001T101234590239Z,Carlisle_2015,rung:placebo,info,"positives per fold: {0: 276, 1: 229, 2: 223, 3: 264, 4: 242}"
2026-10-01T11:16:39,20261001T101234590239Z,Carlisle_2015,rung:placebo,info,[R0_none] AP_phys=0.0557 AP_stacked=0.0560 AP_gated=0.1150
2026-10-01T11:18:17,20261001T101234590239Z,Carlisle_2015,rung:placebo,info,[R1_+terrain] AP_phys=0.1830 AP_stacked=0.1139 AP_gated=0.1968
2026-10-01T11:19:58,20261001T101234590239Z,Carlisle_2015,rung:placebo,info,[R2_+surface] AP_phys=0.1735 AP_stacked=0.1070 AP_gated=0.1845
2026-10-01T11:21:35,20261001T101234590239Z,Carlisle_2015,rung:placebo,info,[R3_+hydrography] AP_phys=0.7412 AP_stacked=0.5693 AP_gated=0.7787
2026-10-01T11:23:15,20261001T101234590239Z,Carlisle_2015,rung:placebo,info,[R4_+forcing] AP_phys=0.7388 AP_stacked=0.5249 AP_gated=0.7825
2026-10-01T11:24:54,20261001T101234590239Z,Carlisle_2015,rung:placebo,info,[R5_+sar_event] AP_phys=0.7362 AP_stacked=0.4206 AP_gated=0.7804
2026-10-01T11:28:59,20261001T101234590239Z,Carlisle_2015,placebo,ok,population-density placebo ladder and population control done
2026-10-01T11:29:00,20261001T101234590239Z,Carlisle_2015,city,ok,finished in 66.6 min
2026-10-01T11:29:07,20261001T101234590239Z,(all),synthesis,ok,"6 cities (6 under the current pre-registration); confirmatory k=6, localisable k=1 -> paper_synthesis/"
2026-10-01T11:29:07,20261001T101234590239Z,PortoAlegre_2024,exclude,info,"30,015 permanent-water cells (JRC occurrence >= 50%) excluded"
2026-10-01T11:29:07,20261001T101234590239Z,PortoAlegre_2024,exclude,ok,"61,867 of 141,828 cells excluded (43.6%); 32045 flooded among 79,961 analysed"
2026-10-01T11:29:08,20261001T101234590239Z,PortoAlegre_2024,cv:blocks,ok,label autocorrelation < 0.1 by nan m -> CV tile 4000 m + buffer 500 m (autocorrelation never fell below 0.1 within the correlogram's range: maximum tile)
2026-10-01T11:29:08,20261001T101234590239Z,PortoAlegre_2024,ladder,info,group 'sar_event' unavailable -> rung skipped (pre-registered rule)
2026-10-01T11:29:08,20261001T101234590239Z,PortoAlegre_2024,rung:A_terrain_first,info,"positives per fold: {0: 6409, 1: 6409, 2: 6408, 3: 6409, 4: 6410}"
2026-10-01T11:36:05,20261001T101234590239Z,PortoAlegre_2024,rung:A_terrain_first,info,[R0_none] AP_phys=0.3811 AP_stacked=0.3360 AP_gated=0.3662
2026-10-01T11:44:40,20261001T101234590239Z,PortoAlegre_2024,rung:A_terrain_first,info,[R1_+terrain] AP_phys=0.9280 AP_stacked=0.9266 AP_gated=0.9280
2026-10-01T11:54:04,20261001T101234590239Z,PortoAlegre_2024,rung:A_terrain_first,info,[R2_+surface] AP_phys=0.9351 AP_stacked=0.9345 AP_gated=0.9351
2026-10-01T12:05:08,20261001T101234590239Z,PortoAlegre_2024,rung:A_terrain_first,info,[R3_+hydrography] AP_phys=0.9427 AP_stacked=0.9423 AP_gated=0.9427
2026-10-01T12:16:58,20261001T101234590239Z,PortoAlegre_2024,rung:A_terrain_first,info,[R4_+forcing] AP_phys=0.9463 AP_stacked=0.9460 AP_gated=0.9463
2026-10-01T12:25:28,20261001T101234590239Z,PortoAlegre_2024,gradient:A_terrain_first,info,without R0: 0 of 4 primary slopes have a 95% CI entirely below 0 []
2026-10-01T12:25:28,20261001T101234590239Z,PortoAlegre_2024,effects:A_terrain_first,ok,"top rung: info_nats_fm -0.0001 [-0.0006, +0.0004] inconclusive; info_frac_fm -0.0003 [-0.0024, +0.0016] saturated; dAP_stacked_fm -0.0000 [-0.0003, +0.0003] saturated; dAP_gated_fm +0.0001 [+0.0001, +0.0001] saturated; dAP_early_fm +0.0002 [-0.0011, +0.0015] saturated; dAP_adr_legacy_fm -0.0960 [-0.1103, -0.0781] harmful | social gain saturated from: R4_+forcing"
2026-10-01T12:25:28,20261001T101234590239Z,PortoAlegre_2024,ladder:A_terrain_first,ok,5 rungs in 56.3 min
2026-10-01T12:25:28,20261001T101234590239Z,PortoAlegre_2024,ladder,info,group 'sar_event' unavailable -> rung skipped (pre-registered rule)
2026-10-01T12:25:28,20261001T101234590239Z,PortoAlegre_2024,rung:B_surface_first,info,"positives per fold: {0: 6409, 1: 6409, 2: 6408, 3: 6409, 4: 6410}"
2026-10-01T12:25:28,20261001T101234590239Z,PortoAlegre_2024,rung:B_surface_first,info,reused from checkpoint 44caf98103c9 (identical feature set; not recomputed)
2026-10-01T12:33:55,20261001T101234590239Z,PortoAlegre_2024,rung:B_surface_first,info,[R1_+surface] AP_phys=0.6651 AP_stacked=0.6508 AP_gated=0.6567
2026-10-01T12:43:07,20261001T101234590239Z,PortoAlegre_2024,rung:B_surface_first,info,[R2_+forcing] AP_phys=0.7934 AP_stacked=0.7938 AP_gated=0.7917
2026-10-01T12:53:26,20261001T101234590239Z,PortoAlegre_2024,rung:B_surface_first,info,[R3_+terrain] AP_phys=0.9405 AP_stacked=0.9400 AP_gated=0.9405
2026-10-01T12:53:26,20261001T101234590239Z,PortoAlegre_2024,rung:B_surface_first,info,reused from checkpoint 045c710f1acb (identical feature set; not recomputed)
2026-10-01T13:01:52,20261001T101234590239Z,PortoAlegre_2024,gradient:B_surface_first,info,without R0: 0 of 4 primary slopes have a 95% CI entirely below 0 []
2026-10-01T13:01:52,20261001T101234590239Z,PortoAlegre_2024,gated:B_surface_first,warn,32% of fold fits chose the edge of the gate grid (alpha=2.0 or tau=0.3); see the gated_wide_grid sensitivity variant
2026-10-01T13:01:53,20261001T101234590239Z,PortoAlegre_2024,effects:B_surface_first,ok,"top rung: info_nats_fm -0.0001 [-0.0006, +0.0004] inconclusive; info_frac_fm -0.0003 [-0.0024, +0.0016] saturated; dAP_stacked_fm -0.0000 [-0.0003, +0.0003] saturated; dAP_gated_fm +0.0001 [+0.0001, +0.0001] saturated; dAP_early_fm +0.0002 [-0.0011, +0.0015] saturated; dAP_adr_legacy_fm -0.0960 [-0.1103, -0.0781] harmful | social gain saturated from: R2_+forcing"
2026-10-01T13:01:53,20261001T101234590239Z,PortoAlegre_2024,ladder:B_surface_first,ok,5 rungs in 36.4 min
2026-10-01T13:01:53,20261001T101234590239Z,PortoAlegre_2024,ladder,info,group 'sar_event' unavailable -> rung skipped (pre-registered rule)
2026-10-01T13:01:53,20261001T101234590239Z,PortoAlegre_2024,rung:lens,info,reused from checkpoint 045c710f1acb (identical feature set; not recomputed)
2026-10-01T13:59:45,20261001T101234590239Z,PortoAlegre_2024,emotion_lens,ok,5 channel sets at rung R4_+forcing
2026-10-01T14:42:46,20261001T101234590239Z,PortoAlegre_2024,sensitivity,ok,4 variants
2026-10-01T14:42:46,20261001T101234590239Z,PortoAlegre_2024,placebo,info,social layer vs population-density layer: Spearman 0.64
2026-10-01T14:42:46,20261001T101234590239Z,PortoAlegre_2024,ladder,info,group 'sar_event' unavailable -> rung skipped (pre-registered rule)
2026-10-01T14:42:46,20261001T101234590239Z,PortoAlegre_2024,rung:placebo,info,"positives per fold: {0: 6409, 1: 6409, 2: 6408, 3: 6409, 4: 6410}"
2026-10-01T14:45:58,20261001T101234590239Z,PortoAlegre_2024,rung:placebo,info,[R0_none] AP_phys=0.3811 AP_stacked=0.4262 AP_gated=0.3811
2026-10-01T14:49:42,20261001T101234590239Z,PortoAlegre_2024,rung:placebo,info,[R1_+terrain] AP_phys=0.9280 AP_stacked=0.9273 AP_gated=0.9280
2026-10-01T14:53:32,20261001T101234590239Z,PortoAlegre_2024,rung:placebo,info,[R2_+surface] AP_phys=0.9351 AP_stacked=0.9351 AP_gated=0.9350
2026-10-01T14:57:33,20261001T101234590239Z,PortoAlegre_2024,rung:placebo,info,[R3_+hydrography] AP_phys=0.9427 AP_stacked=0.9427 AP_gated=0.9427
2026-10-01T15:01:40,20261001T101234590239Z,PortoAlegre_2024,rung:placebo,info,[R4_+forcing] AP_phys=0.9463 AP_stacked=0.9459 AP_gated=0.9463
2026-10-01T15:13:35,20261001T101234590239Z,PortoAlegre_2024,placebo,ok,population-density placebo ladder and population control done
2026-10-01T15:13:36,20261001T101234590239Z,PortoAlegre_2024,city,ok,finished in 224.5 min
2026-10-01T15:14:23,20261001T101234590239Z,(all),synthesis,ok,"7 cities (7 under the current pre-registration); confirmatory k=7, localisable k=1 -> paper_synthesis/"
2026-10-01T15:14:24,20261001T101234590239Z,TaquariValley_2024,exclude,info,294 permanent-water cells (JRC occurrence >= 50%) excluded
2026-10-01T15:14:24,20261001T101234590239Z,TaquariValley_2024,exclude,warn,"8,991 of 13,823 cells excluded (65.0%); 448 flooded among 4,832 analysed"
2026-10-01T15:14:24,20261001T101234590239Z,TaquariValley_2024,cv:blocks,ok,label autocorrelation < 0.1 by 1000 m -> CV tile 2000 m + buffer 500 m (correlogram range 1000 m)
2026-10-01T15:14:24,20261001T101234590239Z,TaquariValley_2024,ladder,info,group 'sar_event' unavailable -> rung skipped (pre-registered rule)
2026-10-01T15:14:24,20261001T101234590239Z,TaquariValley_2024,rung:A_terrain_first,info,"positives per fold: {0: 91, 1: 88, 2: 87, 3: 96, 4: 86}"
2026-10-01T15:15:21,20261001T101234590239Z,TaquariValley_2024,rung:A_terrain_first,info,[R0_none] AP_phys=0.0810 AP_stacked=0.0730 AP_gated=0.0686
2026-10-01T15:16:37,20261001T101234590239Z,TaquariValley_2024,rung:A_terrain_first,info,[R1_+terrain] AP_phys=0.3861 AP_stacked=0.3371 AP_gated=0.3590
2026-10-01T15:18:03,20261001T101234590239Z,TaquariValley_2024,rung:A_terrain_first,info,[R2_+surface] AP_phys=0.4071 AP_stacked=0.3557 AP_gated=0.3931
2026-10-01T15:19:44,20261001T101234590239Z,TaquariValley_2024,rung:A_terrain_first,info,[R3_+hydrography] AP_phys=0.3944 AP_stacked=0.3353 AP_gated=0.3475
2026-10-01T15:21:29,20261001T101234590239Z,TaquariValley_2024,rung:A_terrain_first,info,[R4_+forcing] AP_phys=0.4265 AP_stacked=0.3666 AP_gated=0.3746
2026-10-01T15:23:12,20261001T101234590239Z,TaquariValley_2024,gradient:A_terrain_first,info,without R0: 0 of 4 primary slopes have a 95% CI entirely below 0 []
2026-10-01T15:23:12,20261001T101234590239Z,TaquariValley_2024,gated:A_terrain_first,warn,72% of fold fits chose the edge of the gate grid (alpha=2.0 or tau=0.3); see the gated_wide_grid sensitivity variant
2026-10-01T15:23:13,20261001T101234590239Z,TaquariValley_2024,effects:A_terrain_first,ok,"top rung: info_nats_fm -0.0154 [-0.0359, +0.0033] inconclusive; info_frac_fm -0.0681 [-0.1447, +0.0161] inconclusive; dAP_stacked_fm -0.0256 [-0.0524, +0.0259] inconclusive; dAP_gated_fm -0.0329 [-0.0361, +0.0212] inconclusive; dAP_early_fm +0.0231 [-0.0103, +0.0462] inconclusive; dAP_adr_legacy_fm -0.0204 [-0.0382, -0.0041] harmful | social gain saturated from: None"
2026-10-01T15:23:13,20261001T101234590239Z,TaquariValley_2024,ladder:A_terrain_first,ok,5 rungs in 8.8 min
2026-10-01T15:23:13,20261001T101234590239Z,TaquariValley_2024,ladder,info,group 'sar_event' unavailable -> rung skipped (pre-registered rule)
2026-10-01T15:23:13,20261001T101234590239Z,TaquariValley_2024,rung:B_surface_first,info,"positives per fold: {0: 91, 1: 88, 2: 87, 3: 96, 4: 86}"
2026-10-01T15:23:13,20261001T101234590239Z,TaquariValley_2024,rung:B_surface_first,info,reused from checkpoint 6656b40b3019 (identical feature set; not recomputed)
2026-10-01T15:24:28,20261001T101234590239Z,TaquariValley_2024,rung:B_surface_first,info,[R1_+surface] AP_phys=0.2035 AP_stacked=0.1852 AP_gated=0.2035
2026-10-01T15:25:45,20261001T101234590239Z,TaquariValley_2024,rung:B_surface_first,info,[R2_+forcing] AP_phys=0.1942 AP_stacked=0.1747 AP_gated=0.2019
2026-10-01T15:27:13,20261001T101234590239Z,TaquariValley_2024,rung:B_surface_first,info,[R3_+terrain] AP_phys=0.4498 AP_stacked=0.3823 AP_gated=0.4324
2026-10-01T15:27:13,20261001T101234590239Z,TaquariValley_2024,rung:B_surface_first,info,reused from checkpoint 5428eef4b3c5 (identical feature set; not recomputed)
2026-10-01T15:28:56,20261001T101234590239Z,TaquariValley_2024,gradient:B_surface_first,info,without R0: 1 of 4 primary slopes have a 95% CI entirely below 0 ['info_nats_fm_adj']
2026-10-01T15:28:56,20261001T101234590239Z,TaquariValley_2024,gated:B_surface_first,warn,52% of fold fits chose the edge of the gate grid (alpha=2.0 or tau=0.3); see the gated_wide_grid sensitivity variant
2026-10-01T15:28:57,20261001T101234590239Z,TaquariValley_2024,effects:B_surface_first,ok,"top rung: info_nats_fm -0.0154 [-0.0359, +0.0033] inconclusive; info_frac_fm -0.0681 [-0.1447, +0.0161] inconclusive; dAP_stacked_fm -0.0256 [-0.0524, +0.0259] inconclusive; dAP_gated_fm -0.0329 [-0.0361, +0.0212] inconclusive; dAP_early_fm +0.0231 [-0.0103, +0.0462] inconclusive; dAP_adr_legacy_fm -0.0204 [-0.0382, -0.0041] harmful | social gain saturated from: None"
2026-10-01T15:28:57,20261001T101234590239Z,TaquariValley_2024,ladder:B_surface_first,ok,5 rungs in 5.7 min
2026-10-01T15:28:57,20261001T101234590239Z,TaquariValley_2024,ladder,info,group 'sar_event' unavailable -> rung skipped (pre-registered rule)
2026-10-01T15:28:57,20261001T101234590239Z,TaquariValley_2024,rung:lens,info,reused from checkpoint 5428eef4b3c5 (identical feature set; not recomputed)
2026-10-01T15:40:12,20261001T101234590239Z,TaquariValley_2024,emotion_lens,ok,6 channel sets at rung R4_+forcing
2026-10-01T15:46:43,20261001T101234590239Z,TaquariValley_2024,sensitivity,ok,4 variants
2026-10-01T15:46:43,20261001T101234590239Z,TaquariValley_2024,placebo,info,social layer vs population-density layer: Spearman 0.92
2026-10-01T15:46:43,20261001T101234590239Z,TaquariValley_2024,ladder,info,group 'sar_event' unavailable -> rung skipped (pre-registered rule)
2026-10-01T15:46:43,20261001T101234590239Z,TaquariValley_2024,rung:placebo,info,"positives per fold: {0: 91, 1: 88, 2: 87, 3: 96, 4: 86}"
2026-10-01T15:47:11,20261001T101234590239Z,TaquariValley_2024,rung:placebo,info,[R0_none] AP_phys=0.0810 AP_stacked=0.0667 AP_gated=0.0730
2026-10-01T15:47:43,20261001T101234590239Z,TaquariValley_2024,rung:placebo,info,[R1_+terrain] AP_phys=0.3861 AP_stacked=0.3587 AP_gated=0.3695
2026-10-01T15:48:16,20261001T101234590239Z,TaquariValley_2024,rung:placebo,info,[R2_+surface] AP_phys=0.4071 AP_stacked=0.3740 AP_gated=0.3886
2026-10-01T15:48:51,20261001T101234590239Z,TaquariValley_2024,rung:placebo,info,[R3_+hydrography] AP_phys=0.3944 AP_stacked=0.3524 AP_gated=0.3648
2026-10-01T15:49:28,20261001T101234590239Z,TaquariValley_2024,rung:placebo,info,[R4_+forcing] AP_phys=0.4265 AP_stacked=0.3857 AP_gated=0.3961
2026-10-01T15:51:32,20261001T101234590239Z,TaquariValley_2024,placebo,ok,population-density placebo ladder and population control done
2026-10-01T15:51:33,20261001T101234590239Z,TaquariValley_2024,city,ok,finished in 37.2 min
2026-10-01T15:55:00,20261001T101234590239Z,(all),synthesis,ok,"8 cities (8 under the current pre-registration); confirmatory k=8, localisable k=1 -> paper_synthesis/"
2026-10-01T15:55:01,20261001T101234590239Z,Houston_SanJacinto_2017,exclude,info,"4,607 permanent-water cells (JRC occurrence >= 50%) excluded"
2026-10-01T15:55:01,20261001T101234590239Z,Houston_SanJacinto_2017,exclude,warn,"97,100 of 184,495 cells excluded (52.6%); 25594 flooded among 87,395 analysed"
2026-10-01T15:55:02,20261001T101234590239Z,Houston_SanJacinto_2017,cv:blocks,ok,label autocorrelation < 0.1 by 4000 m -> CV tile 3500 m + buffer 500 m (correlogram range 4000 m)
2026-10-01T15:55:03,20261001T101234590239Z,Houston_SanJacinto_2017,rung:A_terrain_first,info,"positives per fold: {0: 5119, 1: 5119, 2: 5119, 3: 5118, 4: 5119}"
2026-10-01T16:01:57,20261001T101234590239Z,Houston_SanJacinto_2017,rung:A_terrain_first,info,[R0_none] AP_phys=0.2494 AP_stacked=0.2386 AP_gated=0.2626
2026-10-01T16:11:34,20261001T101234590239Z,Houston_SanJacinto_2017,rung:A_terrain_first,info,[R1_+terrain] AP_phys=0.5090 AP_stacked=0.4713 AP_gated=0.5090
2026-10-01T16:22:25,20261001T101234590239Z,Houston_SanJacinto_2017,rung:A_terrain_first,info,[R2_+surface] AP_phys=0.6553 AP_stacked=0.6376 AP_gated=0.6521
2026-10-01T16:34:50,20261001T101234590239Z,Houston_SanJacinto_2017,rung:A_terrain_first,info,[R3_+hydrography] AP_phys=0.7124 AP_stacked=0.6976 AP_gated=0.7098
2026-10-01T16:48:39,20261001T101234590239Z,Houston_SanJacinto_2017,rung:A_terrain_first,info,[R4_+forcing] AP_phys=0.8398 AP_stacked=0.8363 AP_gated=0.8404
2026-10-01T17:02:27,20261001T101234590239Z,Houston_SanJacinto_2017,rung:A_terrain_first,info,[R5_+sar_event] AP_phys=0.8467 AP_stacked=0.8426 AP_gated=0.8474
2026-10-01T17:13:54,20261001T101234590239Z,Houston_SanJacinto_2017,gradient:A_terrain_first,info,without R0: 0 of 4 primary slopes have a 95% CI entirely below 0 []
2026-10-01T17:13:54,20261001T101234590239Z,Houston_SanJacinto_2017,gated:A_terrain_first,warn,37% of fold fits chose the edge of the gate grid (alpha=2.0 or tau=0.3); see the gated_wide_grid sensitivity variant
2026-10-01T17:13:54,20261001T101234590239Z,Houston_SanJacinto_2017,effects:A_terrain_first,ok,"top rung: info_nats_fm +0.0017 [+0.0004, +0.0030] inconclusive; info_frac_fm +0.0049 [+0.0011, +0.0086] saturated; dAP_stacked_fm +0.0032 [+0.0011, +0.0060] saturated; dAP_gated_fm +0.0015 [+0.0005, +0.0026] informative; dAP_early_fm +0.0052 [-0.0002, +0.0111] inconclusive; dAP_adr_legacy_fm -0.1152 [-0.1376, -0.0935] harmful | social gain saturated from: R0_none"
2026-10-01T17:13:54,20261001T101234590239Z,Houston_SanJacinto_2017,ladder:A_terrain_first,ok,6 rungs in 78.9 min
2026-10-01T17:13:55,20261001T101234590239Z,Houston_SanJacinto_2017,rung:B_surface_first,info,"positives per fold: {0: 5119, 1: 5119, 2: 5119, 3: 5118, 4: 5119}"
2026-10-01T17:13:55,20261001T101234590239Z,Houston_SanJacinto_2017,rung:B_surface_first,info,reused from checkpoint 691494a464be (identical feature set; not recomputed)
2026-10-01T17:23:17,20261001T101234590239Z,Houston_SanJacinto_2017,rung:B_surface_first,info,[R1_+surface] AP_phys=0.4290 AP_stacked=0.3995 AP_gated=0.4337
2026-10-01T17:33:12,20261001T101234590239Z,Houston_SanJacinto_2017,rung:B_surface_first,info,[R2_+forcing] AP_phys=0.5933 AP_stacked=0.5667 AP_gated=0.5834
2026-10-01T17:45:21,20261001T101234590239Z,Houston_SanJacinto_2017,rung:B_surface_first,info,[R3_+terrain] AP_phys=0.8368 AP_stacked=0.8285 AP_gated=0.8367
2026-10-01T17:45:21,20261001T101234590239Z,Houston_SanJacinto_2017,rung:B_surface_first,info,reused from checkpoint 57064efb5214 (identical feature set; not recomputed)
2026-10-01T17:45:21,20261001T101234590239Z,Houston_SanJacinto_2017,rung:B_surface_first,info,reused from checkpoint c2f6b25e620a (identical feature set; not recomputed)
2026-10-01T17:56:45,20261001T101234590239Z,Houston_SanJacinto_2017,gradient:B_surface_first,info,without R0: 0 of 4 primary slopes have a 95% CI entirely below 0 []
2026-10-01T17:56:45,20261001T101234590239Z,Houston_SanJacinto_2017,effects:B_surface_first,ok,"top rung: info_nats_fm +0.0017 [+0.0004, +0.0030] inconclusive; info_frac_fm +0.0049 [+0.0011, +0.0086] saturated; dAP_stacked_fm +0.0032 [+0.0011, +0.0060] saturated; dAP_gated_fm +0.0015 [+0.0005, +0.0026] informative; dAP_early_fm +0.0052 [-0.0002, +0.0111] inconclusive; dAP_adr_legacy_fm -0.1152 [-0.1376, -0.0935] harmful | social gain saturated from: R0_none"
2026-10-01T17:56:45,20261001T101234590239Z,Houston_SanJacinto_2017,ladder:B_surface_first,ok,6 rungs in 42.8 min
2026-10-01T17:56:46,20261001T101234590239Z,Houston_SanJacinto_2017,rung:lens,info,reused from checkpoint c2f6b25e620a (identical feature set; not recomputed)
2026-10-01T19:38:52,20261001T101234590239Z,Houston_SanJacinto_2017,emotion_lens,ok,7 channel sets at rung R5_+sar_event
2026-10-01T20:28:23,20261001T101234590239Z,Houston_SanJacinto_2017,sensitivity,ok,4 variants
2026-10-01T20:28:24,20261001T101234590239Z,Houston_SanJacinto_2017,placebo,info,social layer vs population-density layer: Spearman 0.31
2026-10-01T20:28:24,20261001T101234590239Z,Houston_SanJacinto_2017,rung:placebo,info,"positives per fold: {0: 5119, 1: 5119, 2: 5119, 3: 5118, 4: 5119}"
2026-10-01T20:31:33,20261001T101234590239Z,Houston_SanJacinto_2017,rung:placebo,info,[R0_none] AP_phys=0.2494 AP_stacked=0.2314 AP_gated=0.2553
2026-10-01T20:35:55,20261001T101234590239Z,Houston_SanJacinto_2017,rung:placebo,info,[R1_+terrain] AP_phys=0.5090 AP_stacked=0.4802 AP_gated=0.5090
2026-10-01T20:40:23,20261001T101234590239Z,Houston_SanJacinto_2017,rung:placebo,info,[R2_+surface] AP_phys=0.6553 AP_stacked=0.6355 AP_gated=0.6475
2026-10-01T20:45:05,20261001T101234590239Z,Houston_SanJacinto_2017,rung:placebo,info,[R3_+hydrography] AP_phys=0.7124 AP_stacked=0.6951 AP_gated=0.7099
2026-10-01T20:50:01,20261001T101234590239Z,Houston_SanJacinto_2017,rung:placebo,info,[R4_+forcing] AP_phys=0.8398 AP_stacked=0.8316 AP_gated=0.8377
2026-10-01T20:55:01,20261001T101234590239Z,Houston_SanJacinto_2017,rung:placebo,info,[R5_+sar_event] AP_phys=0.8467 AP_stacked=0.8382 AP_gated=0.8447
2026-10-01T21:10:14,20261001T101234590239Z,Houston_SanJacinto_2017,placebo,ok,population-density placebo ladder and population control done
2026-10-01T21:10:15,20261001T101234590239Z,Houston_SanJacinto_2017,city,ok,finished in 315.3 min
2026-10-01T21:13:30,20261001T101234590239Z,(all),synthesis,ok,"9 cities (9 under the current pre-registration); confirmatory k=9, localisable k=1 -> paper_synthesis/"
2026-10-01T21:13:31,20261001T101234590239Z,Jakarta_2020,exclude,info,"7,720 permanent-water cells (JRC occurrence >= 50%) excluded"
2026-10-01T21:13:31,20261001T101234590239Z,Jakarta_2020,exclude,ok,"7,720 of 71,661 cells excluded (10.8%); 1054 flooded among 63,941 analysed"
2026-10-01T21:13:31,20261001T101234590239Z,Jakarta_2020,cv:blocks,ok,label autocorrelation < 0.1 by 1000 m -> CV tile 2000 m + buffer 500 m (correlogram range 1000 m)
2026-10-01T21:13:32,20261001T101234590239Z,Jakarta_2020,rung:A_terrain_first,info,"positives per fold: {0: 212, 1: 210, 2: 211, 3: 210, 4: 211}"
2026-10-01T21:18:40,20261001T101234590239Z,Jakarta_2020,rung:A_terrain_first,info,[R0_none] AP_phys=0.0120 AP_stacked=0.0149 AP_gated=0.0120
2026-10-01T21:25:52,20261001T101234590239Z,Jakarta_2020,rung:A_terrain_first,info,[R1_+terrain] AP_phys=0.0256 AP_stacked=0.0225 AP_gated=0.0285
2026-10-01T21:33:52,20261001T101234590239Z,Jakarta_2020,rung:A_terrain_first,info,[R2_+surface] AP_phys=0.0286 AP_stacked=0.0234 AP_gated=0.0309
2026-10-01T21:42:41,20261001T101234590239Z,Jakarta_2020,rung:A_terrain_first,info,[R3_+hydrography] AP_phys=0.0315 AP_stacked=0.0244 AP_gated=0.0324
2026-10-01T21:51:54,20261001T101234590239Z,Jakarta_2020,rung:A_terrain_first,info,[R4_+forcing] AP_phys=0.0581 AP_stacked=0.0317 AP_gated=0.0530
2026-10-01T22:01:14,20261001T101234590239Z,Jakarta_2020,rung:A_terrain_first,info,[R5_+sar_event] AP_phys=0.0798 AP_stacked=0.0456 AP_gated=0.0749
2026-10-01T22:10:11,20261001T101234590239Z,Jakarta_2020,gradient:A_terrain_first,info,without R0: 1 of 4 primary slopes have a 95% CI entirely below 0 ['dAP_stacked_fm_adj']
2026-10-01T22:10:11,20261001T101234590239Z,Jakarta_2020,gated:A_terrain_first,warn,67% of fold fits chose the edge of the gate grid (alpha=2.0 or tau=0.3); see the gated_wide_grid sensitivity variant
2026-10-01T22:10:12,20261001T101234590239Z,Jakarta_2020,effects:A_terrain_first,ok,"top rung: info_nats_fm -0.0013 [-0.0032, +0.0007] inconclusive; info_frac_fm -0.0095 [-0.0265, +0.0046] inconclusive; dAP_stacked_fm -0.0233 [-0.0291, -0.0119] harmful; dAP_gated_fm -0.0045 [-0.0130, +0.0025] inconclusive; dAP_early_fm -0.0071 [-0.0238, +0.0123] inconclusive; dAP_adr_legacy_fm -0.0013 [-0.0034, +0.0011] saturated | social gain saturated from: None"
2026-10-01T22:10:12,20261001T101234590239Z,Jakarta_2020,ladder:A_terrain_first,ok,6 rungs in 56.7 min
2026-10-01T22:10:12,20261001T101234590239Z,Jakarta_2020,rung:B_surface_first,info,"positives per fold: {0: 212, 1: 210, 2: 211, 3: 210, 4: 211}"
2026-10-01T22:10:12,20261001T101234590239Z,Jakarta_2020,rung:B_surface_first,info,reused from checkpoint 50f99a55d0d7 (identical feature set; not recomputed)
2026-10-02T06:03:58,20261002T060319978366Z,Chennai_2015,exclude,info,779 permanent-water cells (JRC occurrence >= 50%) excluded
2026-10-02T06:03:58,20261002T060319978366Z,Chennai_2015,exclude,ok,"779 of 41,919 cells excluded (1.9%); 9360 flooded among 41,140 analysed"
2026-10-02T06:03:59,20261002T060319978366Z,Chennai_2015,cv:blocks,ok,label autocorrelation < 0.1 by 3000 m -> CV tile 2500 m + buffer 500 m (correlogram range 3000 m)
2026-10-02T06:04:00,20261002T060319978366Z,Chennai_2015,resume:ladder_A_terrain_first_full_f5091bc95aad7646_5_d2e2f7342e,info,loaded from checkpoint (not recomputed)
2026-10-02T06:04:01,20261002T060319978366Z,Chennai_2015,gradient:A_terrain_first,info,"without R0: 2 of 4 primary slopes have a 95% CI entirely below 0 ['dAP_stacked_fm_adj', 'dAP_gated_fm_adj']"
2026-10-02T06:04:01,20261002T060319978366Z,Chennai_2015,gated:A_terrain_first,warn,80% of fold fits chose the edge of the gate grid (alpha=2.0 or tau=0.3); see the gated_wide_grid sensitivity variant
2026-10-02T06:04:09,20261002T060319978366Z,Chennai_2015,effects:A_terrain_first,ok,"top rung: info_nats_fm -0.0008 [-0.0120, +0.0068] inconclusive; info_frac_fm -0.0016 [-0.0227, +0.0134] saturated; dAP_stacked_fm -0.0045 [-0.0272, +0.0170] inconclusive; dAP_gated_fm -0.0023 [-0.0247, +0.0160] inconclusive; dAP_early_fm +0.0101 [-0.0076, +0.0318] inconclusive; dAP_adr_legacy_fm -0.0100 [-0.0199, +0.0035] inconclusive | social gain saturated from: R3_+hydrography"
2026-10-02T06:04:09,20261002T060319978366Z,Chennai_2015,ladder:A_terrain_first,ok,6 rungs in 0.2 min
2026-10-02T06:04:10,20261002T060319978366Z,Chennai_2015,resume:ladder_B_surface_first_full_f5091bc95aad7646_5_d2e2f7342e,info,loaded from checkpoint (not recomputed)
2026-10-02T06:04:11,20261002T060319978366Z,Chennai_2015,gradient:B_surface_first,info,"without R0: 2 of 4 primary slopes have a 95% CI entirely below 0 ['dAP_stacked_fm_adj', 'dAP_gated_fm_adj']"
2026-10-02T06:04:11,20261002T060319978366Z,Chennai_2015,gated:B_surface_first,warn,73% of fold fits chose the edge of the gate grid (alpha=2.0 or tau=0.3); see the gated_wide_grid sensitivity variant
2026-10-02T06:04:17,20261002T060319978366Z,Chennai_2015,effects:B_surface_first,ok,"top rung: info_nats_fm -0.0008 [-0.0120, +0.0068] inconclusive; info_frac_fm -0.0016 [-0.0227, +0.0134] saturated; dAP_stacked_fm -0.0045 [-0.0272, +0.0170] inconclusive; dAP_gated_fm -0.0023 [-0.0247, +0.0160] inconclusive; dAP_early_fm +0.0101 [-0.0076, +0.0318] inconclusive; dAP_adr_legacy_fm -0.0100 [-0.0199, +0.0035] inconclusive | social gain saturated from: R4_+hydrography"
2026-10-02T06:04:17,20261002T060319978366Z,Chennai_2015,ladder:B_surface_first,ok,6 rungs in 0.1 min
2026-10-02T06:04:18,20261002T060319978366Z,Chennai_2015,resume:lens_S_mentions_full_f5091bc95aad7646_5_d2e2f7342e,info,loaded from checkpoint (not recomputed)
2026-10-02T06:04:19,20261002T060319978366Z,Chennai_2015,resume:lens_S_negative_full_f5091bc95aad7646_5_d2e2f7342e,info,loaded from checkpoint (not recomputed)
2026-10-02T06:04:20,20261002T060319978366Z,Chennai_2015,resume:lens_S_distress_full_f5091bc95aad7646_5_d2e2f7342e,info,loaded from checkpoint (not recomputed)
2026-10-02T06:04:20,20261002T060319978366Z,Chennai_2015,resume:lens_S_src_gdelt_bigquery_full_f5091bc95aad7646_5_d2e2f7342e,info,loaded from checkpoint (not recomputed)
2026-10-02T06:04:21,20261002T060319978366Z,Chennai_2015,resume:lens_S_src_reddit_arcticshift_full_f5091bc95aad7646_5_d2e2f7342e,info,loaded from checkpoint (not recomputed)
2026-10-02T06:04:22,20261002T060319978366Z,Chennai_2015,resume:lens_S_mentions+S_negative+S_distress_full_f5091bc95aad7646_5_d2e2f7342e,info,loaded from checkpoint (not recomputed)
2026-10-02T06:04:22,20261002T060319978366Z,Chennai_2015,emotion_lens,ok,6 channel sets at rung R5_+sar_event
2026-10-02T06:04:22,20261002T060319978366Z,Chennai_2015,resume:sens_bandwidth_1000m_full_963158048f0d1f43_5_d2e2f7342e_xgb,info,loaded from checkpoint (not recomputed)
2026-10-02T06:04:24,20261002T060319978366Z,Chennai_2015,resume:sens_window_minus3_plus3_full_c5d82600bb2f6880_5_d2e2f7342e_xgb,info,loaded from checkpoint (not recomputed)
2026-10-02T06:04:24,20261002T060319978366Z,Chennai_2015,resume:sens_gated_wide_grid_full_45e8bd55e80ce833_5_d2e2f7342e_xgb,info,loaded from checkpoint (not recomputed)
2026-10-02T06:04:25,20261002T060319978366Z,Chennai_2015,resume:sens_learner_logistic_full_45e8bd55e80ce833_5_d2e2f7342e_logistic,info,loaded from checkpoint (not recomputed)
2026-10-02T06:04:25,20261002T060319978366Z,Chennai_2015,sensitivity,ok,4 variants
2026-10-02T06:04:25,20261002T060319978366Z,Chennai_2015,placebo,info,social layer vs population-density layer: Spearman 0.80
2026-10-02T06:04:26,20261002T060319978366Z,Chennai_2015,resume:placebo_pop_full_59c3eae36682f007_5_d2e2f7342e,info,loaded from checkpoint (not recomputed)
2026-10-02T06:04:35,20261002T060319978366Z,Chennai_2015,resume:control_pop_full_d3be82dea2088aa9_5_d2e2f7342e,info,loaded from checkpoint (not recomputed)
2026-10-02T06:04:36,20261002T060319978366Z,Chennai_2015,placebo,ok,population-density placebo ladder and population control done
2026-10-02T06:04:48,20261002T060319978366Z,Chennai_2015,city,ok,finished in 0.9 min
2026-10-02T06:07:59,20261002T060319978366Z,(all),synthesis,ok,"9 cities (9 under the current pre-registration); confirmatory k=9, localisable k=1 -> paper_synthesis/"
2026-10-02T06:08:01,20261002T060319978366Z,Valencia_2024,exclude,info,"5,684 permanent-water cells (JRC occurrence >= 50%) excluded"
2026-10-02T06:08:01,20261002T060319978366Z,Valencia_2024,exclude,ok,"5,684 of 38,269 cells excluded (14.9%); 10460 flooded among 32,585 analysed"
2026-10-02T06:08:02,20261002T060319978366Z,Valencia_2024,cv:blocks,ok,label autocorrelation < 0.1 by 8000 m -> CV tile 4000 m + buffer 500 m (correlogram range 8000 m)
2026-10-02T06:08:03,20261002T060319978366Z,Valencia_2024,resume:ladder_A_terrain_first_full_84074a89e94ad337_5_fe639a2c0a,info,loaded from checkpoint (not recomputed)
2026-10-02T06:08:04,20261002T060319978366Z,Valencia_2024,gradient:A_terrain_first,info,without R0: 0 of 4 primary slopes have a 95% CI entirely below 0 []
2026-10-02T06:08:04,20261002T060319978366Z,Valencia_2024,gated:A_terrain_first,warn,100% of fold fits chose the edge of the gate grid (alpha=2.0 or tau=0.3); see the gated_wide_grid sensitivity variant
2026-10-02T06:08:11,20261002T060319978366Z,Valencia_2024,effects:A_terrain_first,ok,"top rung: info_nats_fm +0.0770 [-0.0230, +0.1722] inconclusive; info_frac_fm +0.1798 [-0.0698, +0.3328] inconclusive; dAP_stacked_fm +0.0388 [-0.0028, +0.1039] inconclusive; dAP_gated_fm -0.0125 [-0.0328, +0.0278] inconclusive; dAP_early_fm +0.0006 [-0.0218, +0.0805] inconclusive; dAP_adr_legacy_fm -0.1234 [-0.1477, -0.0511] harmful | social gain saturated from: None"
2026-10-02T06:08:11,20261002T060319978366Z,Valencia_2024,ladder:A_terrain_first,ok,6 rungs in 0.2 min
2026-10-02T06:08:12,20261002T060319978366Z,Valencia_2024,resume:ladder_B_surface_first_full_84074a89e94ad337_5_fe639a2c0a,info,loaded from checkpoint (not recomputed)
2026-10-02T06:08:13,20261002T060319978366Z,Valencia_2024,gradient:B_surface_first,info,without R0: 0 of 4 primary slopes have a 95% CI entirely below 0 []
2026-10-02T06:08:13,20261002T060319978366Z,Valencia_2024,gated:B_surface_first,warn,87% of fold fits chose the edge of the gate grid (alpha=2.0 or tau=0.3); see the gated_wide_grid sensitivity variant
2026-10-02T06:08:18,20261002T060319978366Z,Valencia_2024,effects:B_surface_first,ok,"top rung: info_nats_fm +0.0770 [-0.0230, +0.1722] inconclusive; info_frac_fm +0.1798 [-0.0698, +0.3328] inconclusive; dAP_stacked_fm +0.0388 [-0.0028, +0.1039] inconclusive; dAP_gated_fm -0.0125 [-0.0328, +0.0278] inconclusive; dAP_early_fm +0.0006 [-0.0218, +0.0805] inconclusive; dAP_adr_legacy_fm -0.1234 [-0.1477, -0.0511] harmful | social gain saturated from: None"
2026-10-02T06:08:18,20261002T060319978366Z,Valencia_2024,ladder:B_surface_first,ok,6 rungs in 0.1 min
2026-10-02T06:08:19,20261002T060319978366Z,Valencia_2024,resume:lens_S_mentions_full_84074a89e94ad337_5_fe639a2c0a,info,loaded from checkpoint (not recomputed)
2026-10-02T06:08:20,20261002T060319978366Z,Valencia_2024,resume:lens_S_negative_full_84074a89e94ad337_5_fe639a2c0a,info,loaded from checkpoint (not recomputed)
2026-10-02T06:08:21,20261002T060319978366Z,Valencia_2024,resume:lens_S_distress_full_84074a89e94ad337_5_fe639a2c0a,info,loaded from checkpoint (not recomputed)
2026-10-02T06:08:21,20261002T060319978366Z,Valencia_2024,resume:lens_S_src_gdelt_bigquery_full_84074a89e94ad337_5_fe639a2c0a,info,loaded from checkpoint (not recomputed)
2026-10-02T06:08:22,20261002T060319978366Z,Valencia_2024,resume:lens_S_src_google_news_rss_full_84074a89e94ad337_5_fe639a2c0a,info,loaded from checkpoint (not recomputed)
2026-10-02T06:08:22,20261002T060319978366Z,Valencia_2024,resume:lens_S_src_reddit_arcticshift_full_84074a89e94ad337_5_fe639a2c0a,info,loaded from checkpoint (not recomputed)
2026-10-02T06:08:23,20261002T060319978366Z,Valencia_2024,resume:lens_S_mentions+S_negative+S_distress_full_84074a89e94ad337_5_fe639a2c0a,info,loaded from checkpoint (not recomputed)
2026-10-02T06:08:23,20261002T060319978366Z,Valencia_2024,emotion_lens,ok,7 channel sets at rung R5_+sar_event
2026-10-02T06:08:23,20261002T060319978366Z,Valencia_2024,resume:sens_bandwidth_1000m_full_ed3d3dba3d38df3a_5_fe639a2c0a_xgb,info,loaded from checkpoint (not recomputed)
2026-10-02T06:08:25,20261002T060319978366Z,Valencia_2024,resume:sens_window_minus3_plus3_full_c9c8dcd8f4765b60_5_fe639a2c0a_xgb,info,loaded from checkpoint (not recomputed)
2026-10-02T06:08:25,20261002T060319978366Z,Valencia_2024,resume:sens_gated_wide_grid_full_1b9bca63eef2af64_5_fe639a2c0a_xgb,info,loaded from checkpoint (not recomputed)
2026-10-02T06:08:26,20261002T060319978366Z,Valencia_2024,resume:sens_learner_logistic_full_1b9bca63eef2af64_5_fe639a2c0a_logistic,info,loaded from checkpoint (not recomputed)
2026-10-02T06:08:26,20261002T060319978366Z,Valencia_2024,sensitivity,ok,4 variants
2026-10-02T06:08:26,20261002T060319978366Z,Valencia_2024,placebo,info,social layer vs population-density layer: Spearman 0.70
2026-10-02T06:08:27,20261002T060319978366Z,Valencia_2024,resume:placebo_pop_full_fb7e9451b1712344_5_fe639a2c0a,info,loaded from checkpoint (not recomputed)
2026-10-02T06:08:34,20261002T060319978366Z,Valencia_2024,resume:control_pop_full_9a7b6100b76e8a60_5_fe639a2c0a,info,loaded from checkpoint (not recomputed)
2026-10-02T06:08:35,20261002T060319978366Z,Valencia_2024,placebo,ok,population-density placebo ladder and population control done
2026-10-02T06:08:36,20261002T060319978366Z,Valencia_2024,city,ok,finished in 0.6 min
2026-10-02T06:11:31,20261002T060319978366Z,(all),synthesis,ok,"9 cities (9 under the current pre-registration); confirmatory k=9, localisable k=1 -> paper_synthesis/"
2026-10-02T06:11:32,20261002T060319978366Z,EmiliaRomagna_2023a,exclude,info,238 permanent-water cells (JRC occurrence >= 50%) excluded
2026-10-02T06:11:32,20261002T060319978366Z,EmiliaRomagna_2023a,exclude,warn,"123,756 of 143,322 cells excluded (86.3%); 2576 flooded among 19,566 analysed"
2026-10-02T06:11:33,20261002T060319978366Z,EmiliaRomagna_2023a,cv:blocks,ok,label autocorrelation < 0.1 by 3000 m -> CV tile 2500 m + buffer 500 m (correlogram range 3000 m)
2026-10-02T06:11:34,20261002T060319978366Z,EmiliaRomagna_2023a,resume:ladder_A_terrain_first_full_c2b95eed9b9bc451_5_d2e2f7342e,info,loaded from checkpoint (not recomputed)
2026-10-02T06:11:35,20261002T060319978366Z,EmiliaRomagna_2023a,gradient:A_terrain_first,info,without R0: 0 of 4 primary slopes have a 95% CI entirely below 0 []
2026-10-02T06:11:35,20261002T060319978366Z,EmiliaRomagna_2023a,gated:A_terrain_first,warn,50% of fold fits chose the edge of the gate grid (alpha=2.0 or tau=0.3); see the gated_wide_grid sensitivity variant
2026-10-02T06:11:43,20261002T060319978366Z,EmiliaRomagna_2023a,effects:A_terrain_first,ok,"top rung: info_nats_fm -0.0061 [-0.0444, +0.0221] inconclusive; info_frac_fm -0.0137 [-0.0915, +0.0618] inconclusive; dAP_stacked_fm -0.1363 [-0.1564, +0.0189] inconclusive; dAP_gated_fm -0.0117 [-0.0166, +0.0095] inconclusive; dAP_early_fm -0.0089 [-0.0353, +0.0185] inconclusive; dAP_adr_legacy_fm -0.0550 [-0.0776, +0.0039] inconclusive | social gain saturated from: None"
2026-10-02T06:11:43,20261002T060319978366Z,EmiliaRomagna_2023a,ladder:A_terrain_first,ok,6 rungs in 0.2 min
2026-10-02T06:11:45,20261002T060319978366Z,EmiliaRomagna_2023a,resume:ladder_B_surface_first_full_c2b95eed9b9bc451_5_d2e2f7342e,info,loaded from checkpoint (not recomputed)
2026-10-02T06:11:46,20261002T060319978366Z,EmiliaRomagna_2023a,gradient:B_surface_first,info,without R0: 0 of 4 primary slopes have a 95% CI entirely below 0 []
2026-10-02T06:11:46,20261002T060319978366Z,EmiliaRomagna_2023a,gated:B_surface_first,warn,47% of fold fits chose the edge of the gate grid (alpha=2.0 or tau=0.3); see the gated_wide_grid sensitivity variant
2026-10-02T06:11:53,20261002T060319978366Z,EmiliaRomagna_2023a,effects:B_surface_first,ok,"top rung: info_nats_fm -0.0061 [-0.0444, +0.0221] inconclusive; info_frac_fm -0.0137 [-0.0915, +0.0618] inconclusive; dAP_stacked_fm -0.1363 [-0.1564, +0.0189] inconclusive; dAP_gated_fm -0.0117 [-0.0166, +0.0095] inconclusive; dAP_early_fm -0.0089 [-0.0353, +0.0185] inconclusive; dAP_adr_legacy_fm -0.0550 [-0.0776, +0.0039] inconclusive | social gain saturated from: None"
2026-10-02T06:11:53,20261002T060319978366Z,EmiliaRomagna_2023a,ladder:B_surface_first,ok,6 rungs in 0.2 min
2026-10-02T06:11:54,20261002T060319978366Z,EmiliaRomagna_2023a,resume:lens_S_mentions_full_c2b95eed9b9bc451_5_d2e2f7342e,info,loaded from checkpoint (not recomputed)
2026-10-02T06:11:55,20261002T060319978366Z,EmiliaRomagna_2023a,resume:lens_S_negative_full_c2b95eed9b9bc451_5_d2e2f7342e,info,loaded from checkpoint (not recomputed)
2026-10-02T06:11:55,20261002T060319978366Z,EmiliaRomagna_2023a,resume:lens_S_distress_full_c2b95eed9b9bc451_5_d2e2f7342e,info,loaded from checkpoint (not recomputed)
2026-10-02T06:11:56,20261002T060319978366Z,EmiliaRomagna_2023a,resume:lens_S_src_gdelt_bigquery_full_c2b95eed9b9bc451_5_d2e2f7342e,info,loaded from checkpoint (not recomputed)
2026-10-02T06:11:56,20261002T060319978366Z,EmiliaRomagna_2023a,resume:lens_S_src_google_news_rss_full_c2b95eed9b9bc451_5_d2e2f7342e,info,loaded from checkpoint (not recomputed)
2026-10-02T06:11:57,20261002T060319978366Z,EmiliaRomagna_2023a,resume:lens_S_mentions+S_negative+S_distress_full_c2b95eed9b9bc451_5_d2e2f7342e,info,loaded from checkpoint (not recomputed)
2026-10-02T06:11:57,20261002T060319978366Z,EmiliaRomagna_2023a,emotion_lens,ok,6 channel sets at rung R5_+sar_event
2026-10-02T06:11:57,20261002T060319978366Z,EmiliaRomagna_2023a,resume:sens_bandwidth_1000m_full_700d0b0cf3a1dce7_5_d2e2f7342e_xgb,info,loaded from checkpoint (not recomputed)
2026-10-02T06:11:58,20261002T060319978366Z,EmiliaRomagna_2023a,resume:sens_window_minus3_plus3_full_eee63057e5e47906_5_d2e2f7342e_xgb,info,loaded from checkpoint (not recomputed)
2026-10-02T06:11:59,20261002T060319978366Z,EmiliaRomagna_2023a,resume:sens_gated_wide_grid_full_8ed46581152f3916_5_d2e2f7342e_xgb,info,loaded from checkpoint (not recomputed)
2026-10-02T06:12:00,20261002T060319978366Z,EmiliaRomagna_2023a,resume:sens_learner_logistic_full_8ed46581152f3916_5_d2e2f7342e_logistic,info,loaded from checkpoint (not recomputed)
2026-10-02T06:12:00,20261002T060319978366Z,EmiliaRomagna_2023a,sensitivity,ok,4 variants
2026-10-02T06:12:00,20261002T060319978366Z,EmiliaRomagna_2023a,placebo,info,social layer vs population-density layer: Spearman 0.81
2026-10-02T06:12:01,20261002T060319978366Z,EmiliaRomagna_2023a,resume:placebo_pop_full_befdd2e01741a217_5_d2e2f7342e,info,loaded from checkpoint (not recomputed)
2026-10-02T06:12:09,20261002T060319978366Z,EmiliaRomagna_2023a,resume:control_pop_full_e35a64f1038a6cd6_5_d2e2f7342e,info,loaded from checkpoint (not recomputed)
2026-10-02T06:12:09,20261002T060319978366Z,EmiliaRomagna_2023a,placebo,ok,population-density placebo ladder and population control done
2026-10-02T06:12:11,20261002T060319978366Z,EmiliaRomagna_2023a,city,ok,finished in 0.7 min
2026-10-02T06:15:05,20261002T060319978366Z,(all),synthesis,ok,"9 cities (9 under the current pre-registration); confirmatory k=9, localisable k=1 -> paper_synthesis/"
2026-10-02T06:15:06,20261002T060319978366Z,Forli_2023b,exclude,info,22 permanent-water cells (JRC occurrence >= 50%) excluded
2026-10-02T06:15:06,20261002T060319978366Z,Forli_2023b,exclude,ok,"8,684 of 93,651 cells excluded (9.3%); 3856 flooded among 84,967 analysed"
2026-10-02T06:15:07,20261002T060319978366Z,Forli_2023b,cv:blocks,ok,label autocorrelation < 0.1 by 2000 m -> CV tile 2000 m + buffer 500 m (correlogram range 2000 m)
2026-10-02T06:15:08,20261002T060319978366Z,Forli_2023b,resume:ladder_A_terrain_first_full_3de0a0a21c3bc7a2_5_5e3b8a0247,info,loaded from checkpoint (not recomputed)
2026-10-02T06:15:09,20261002T060319978366Z,Forli_2023b,gradient:A_terrain_first,info,without R0: 0 of 4 primary slopes have a 95% CI entirely below 0 []
2026-10-02T06:15:09,20261002T060319978366Z,Forli_2023b,gated:A_terrain_first,warn,73% of fold fits chose the edge of the gate grid (alpha=2.0 or tau=0.3); see the gated_wide_grid sensitivity variant
2026-10-02T06:15:15,20261002T060319978366Z,Forli_2023b,effects:A_terrain_first,ok,"top rung: info_nats_fm +0.0016 [-0.0004, +0.0041] inconclusive; info_frac_fm +0.0117 [-0.0025, +0.0274] inconclusive; dAP_stacked_fm +0.0054 [-0.0045, +0.0162] inconclusive; dAP_gated_fm +0.0024 [-0.0087, +0.0137] inconclusive; dAP_early_fm +0.0076 [-0.0091, +0.0270] inconclusive; dAP_adr_legacy_fm -0.0282 [-0.0418, -0.0140] harmful | social gain saturated from: None"
2026-10-02T06:15:15,20261002T060319978366Z,Forli_2023b,ladder:A_terrain_first,ok,6 rungs in 0.1 min
2026-10-02T06:15:16,20261002T060319978366Z,Forli_2023b,resume:ladder_B_surface_first_full_3de0a0a21c3bc7a2_5_5e3b8a0247,info,loaded from checkpoint (not recomputed)
2026-10-02T06:15:18,20261002T060319978366Z,Forli_2023b,gradient:B_surface_first,info,without R0: 0 of 4 primary slopes have a 95% CI entirely below 0 []
2026-10-02T06:15:18,20261002T060319978366Z,Forli_2023b,gated:B_surface_first,warn,50% of fold fits chose the edge of the gate grid (alpha=2.0 or tau=0.3); see the gated_wide_grid sensitivity variant
2026-10-02T06:15:22,20261002T060319978366Z,Forli_2023b,effects:B_surface_first,ok,"top rung: info_nats_fm +0.0016 [-0.0004, +0.0041] inconclusive; info_frac_fm +0.0117 [-0.0025, +0.0274] inconclusive; dAP_stacked_fm +0.0054 [-0.0045, +0.0162] inconclusive; dAP_gated_fm +0.0024 [-0.0087, +0.0137] inconclusive; dAP_early_fm +0.0076 [-0.0091, +0.0270] inconclusive; dAP_adr_legacy_fm -0.0282 [-0.0418, -0.0140] harmful | social gain saturated from: None"
2026-10-02T06:15:22,20261002T060319978366Z,Forli_2023b,ladder:B_surface_first,ok,6 rungs in 0.1 min
2026-10-02T06:15:23,20261002T060319978366Z,Forli_2023b,resume:lens_S_mentions_full_3de0a0a21c3bc7a2_5_5e3b8a0247,info,loaded from checkpoint (not recomputed)
2026-10-02T06:15:24,20261002T060319978366Z,Forli_2023b,resume:lens_S_negative_full_3de0a0a21c3bc7a2_5_5e3b8a0247,info,loaded from checkpoint (not recomputed)
2026-10-02T06:15:24,20261002T060319978366Z,Forli_2023b,resume:lens_S_distress_full_3de0a0a21c3bc7a2_5_5e3b8a0247,info,loaded from checkpoint (not recomputed)
2026-10-02T06:15:25,20261002T060319978366Z,Forli_2023b,resume:lens_S_src_gdelt_bigquery_full_3de0a0a21c3bc7a2_5_5e3b8a0247,info,loaded from checkpoint (not recomputed)
2026-10-02T06:15:25,20261002T060319978366Z,Forli_2023b,resume:lens_S_mentions+S_negative+S_distress_full_3de0a0a21c3bc7a2_5_5e3b8a0247,info,loaded from checkpoint (not recomputed)
2026-10-02T06:15:25,20261002T060319978366Z,Forli_2023b,emotion_lens,ok,5 channel sets at rung R5_+sar_event
2026-10-02T06:15:26,20261002T060319978366Z,Forli_2023b,resume:sens_bandwidth_1000m_full_760c2495f64b9a5b_5_5e3b8a0247_xgb,info,loaded from checkpoint (not recomputed)
2026-10-02T06:15:27,20261002T060319978366Z,Forli_2023b,resume:sens_window_minus3_plus3_full_43246358e1d8afb4_5_5e3b8a0247_xgb,info,loaded from checkpoint (not recomputed)
2026-10-02T06:15:27,20261002T060319978366Z,Forli_2023b,resume:sens_gated_wide_grid_full_239a7e5482e58f3a_5_5e3b8a0247_xgb,info,loaded from checkpoint (not recomputed)
2026-10-02T06:15:28,20261002T060319978366Z,Forli_2023b,resume:sens_learner_logistic_full_239a7e5482e58f3a_5_5e3b8a0247_logistic,info,loaded from checkpoint (not recomputed)
2026-10-02T06:15:28,20261002T060319978366Z,Forli_2023b,sensitivity,ok,4 variants
2026-10-02T06:15:28,20261002T060319978366Z,Forli_2023b,placebo,info,social layer vs population-density layer: Spearman 0.13
2026-10-02T06:15:29,20261002T060319978366Z,Forli_2023b,resume:placebo_pop_full_107c77c8982b20de_5_5e3b8a0247,info,loaded from checkpoint (not recomputed)
2026-10-02T06:15:36,20261002T060319978366Z,Forli_2023b,resume:control_pop_full_f9095a8706293035_5_5e3b8a0247,info,loaded from checkpoint (not recomputed)
2026-10-02T06:15:36,20261002T060319978366Z,Forli_2023b,placebo,ok,population-density placebo ladder and population control done
2026-10-02T06:15:38,20261002T060319978366Z,Forli_2023b,city,ok,finished in 0.6 min
2026-10-02T06:18:33,20261002T060319978366Z,(all),synthesis,ok,"9 cities (9 under the current pre-registration); confirmatory k=9, localisable k=1 -> paper_synthesis/"
2026-10-02T06:18:34,20261002T060319978366Z,York_2015,exclude,info,1 permanent-water cells (JRC occurrence >= 50%) excluded
2026-10-02T06:18:34,20261002T060319978366Z,York_2015,exclude,ok,"1 of 10,821 cells excluded (0.0%); 514 flooded among 10,820 analysed"
2026-10-02T06:18:35,20261002T060319978366Z,York_2015,cv:blocks,ok,label autocorrelation < 0.1 by 1500 m -> CV tile 2000 m + buffer 500 m (correlogram range 1500 m)
2026-10-02T06:18:35,20261002T060319978366Z,York_2015,resume:ladder_A_terrain_first_full_bb3614a17ce93700_5_5e3b8a0247,info,loaded from checkpoint (not recomputed)
2026-10-02T06:18:36,20261002T060319978366Z,York_2015,gradient:A_terrain_first,info,without R0: 0 of 4 primary slopes have a 95% CI entirely below 0 []
2026-10-02T06:18:36,20261002T060319978366Z,York_2015,gated:A_terrain_first,warn,93% of fold fits chose the edge of the gate grid (alpha=2.0 or tau=0.3); see the gated_wide_grid sensitivity variant
2026-10-02T06:18:40,20261002T060319978366Z,York_2015,effects:A_terrain_first,ok,"top rung: info_nats_fm +0.0304 [+0.0012, +0.0498] inconclusive; info_frac_fm +0.1187 [+0.0056, +0.2352] inconclusive; dAP_stacked_fm +0.0595 [-0.0125, +0.0925] inconclusive; dAP_gated_fm +0.0226 [+0.0092, +0.0296] inconclusive; dAP_early_fm +0.0043 [-0.0695, +0.0324] inconclusive; dAP_adr_legacy_fm -0.1361 [-0.1992, -0.0149] harmful | social gain saturated from: None"
2026-10-02T06:18:40,20261002T060319978366Z,York_2015,ladder:A_terrain_first,ok,6 rungs in 0.1 min
2026-10-02T06:18:41,20261002T060319978366Z,York_2015,resume:ladder_B_surface_first_full_bb3614a17ce93700_5_5e3b8a0247,info,loaded from checkpoint (not recomputed)
2026-10-02T06:18:42,20261002T060319978366Z,York_2015,gradient:B_surface_first,info,without R0: 0 of 4 primary slopes have a 95% CI entirely below 0 []
2026-10-02T06:18:42,20261002T060319978366Z,York_2015,gated:B_surface_first,warn,70% of fold fits chose the edge of the gate grid (alpha=2.0 or tau=0.3); see the gated_wide_grid sensitivity variant
2026-10-02T06:18:47,20261002T060319978366Z,York_2015,effects:B_surface_first,ok,"top rung: info_nats_fm +0.0304 [+0.0012, +0.0498] inconclusive; info_frac_fm +0.1187 [+0.0056, +0.2352] inconclusive; dAP_stacked_fm +0.0595 [-0.0125, +0.0925] inconclusive; dAP_gated_fm +0.0226 [+0.0092, +0.0296] inconclusive; dAP_early_fm +0.0043 [-0.0695, +0.0324] inconclusive; dAP_adr_legacy_fm -0.1361 [-0.1992, -0.0149] harmful | social gain saturated from: None"
2026-10-02T06:18:47,20261002T060319978366Z,York_2015,ladder:B_surface_first,ok,6 rungs in 0.1 min
2026-10-02T06:18:48,20261002T060319978366Z,York_2015,folds,warn,fold prevalence ranges 1.5%-27.3%: per-fold AP partly reflects fold base rates; report fold_diagnostics.csv
2026-10-02T06:18:48,20261002T060319978366Z,York_2015,resume:lens_S_mentions_full_bb3614a17ce93700_5_5e3b8a0247,info,loaded from checkpoint (not recomputed)
2026-10-02T06:18:49,20261002T060319978366Z,York_2015,resume:lens_S_negative_full_bb3614a17ce93700_5_5e3b8a0247,info,loaded from checkpoint (not recomputed)
2026-10-02T06:18:49,20261002T060319978366Z,York_2015,resume:lens_S_mentions+S_negative_full_bb3614a17ce93700_5_5e3b8a0247,info,loaded from checkpoint (not recomputed)
2026-10-02T06:18:49,20261002T060319978366Z,York_2015,emotion_lens,ok,3 channel sets at rung R5_+sar_event
2026-10-02T06:18:49,20261002T060319978366Z,York_2015,resume:sens_bandwidth_1000m_full_7fdea8ab082016b5_5_5e3b8a0247_xgb,info,loaded from checkpoint (not recomputed)
2026-10-02T06:18:50,20261002T060319978366Z,York_2015,resume:sens_window_minus3_plus3_full_33afbb64ad7710a2_5_5e3b8a0247_xgb,info,loaded from checkpoint (not recomputed)
2026-10-02T06:18:50,20261002T060319978366Z,York_2015,resume:sens_gated_wide_grid_full_33afbb64ad7710a2_5_5e3b8a0247_xgb,info,loaded from checkpoint (not recomputed)
2026-10-02T06:18:51,20261002T060319978366Z,York_2015,resume:sens_learner_logistic_full_33afbb64ad7710a2_5_5e3b8a0247_logistic,info,loaded from checkpoint (not recomputed)
2026-10-02T06:18:51,20261002T060319978366Z,York_2015,sensitivity,ok,4 variants
2026-10-02T06:18:51,20261002T060319978366Z,York_2015,placebo,info,social layer vs population-density layer: Spearman 0.10
2026-10-02T06:18:51,20261002T060319978366Z,York_2015,resume:placebo_pop_full_da6d0d6d9ca766d4_5_5e3b8a0247,info,loaded from checkpoint (not recomputed)
2026-10-02T06:18:57,20261002T060319978366Z,York_2015,resume:control_pop_full_f1c6ca46ba058f36_5_5e3b8a0247,info,loaded from checkpoint (not recomputed)
2026-10-02T06:18:58,20261002T060319978366Z,York_2015,placebo,ok,population-density placebo ladder and population control done
2026-10-02T06:18:59,20261002T060319978366Z,York_2015,city,ok,finished in 0.4 min
2026-10-02T06:21:51,20261002T060319978366Z,(all),synthesis,ok,"9 cities (9 under the current pre-registration); confirmatory k=9, localisable k=1 -> paper_synthesis/"
2026-10-02T06:21:52,20261002T060319978366Z,Carlisle_2015,exclude,info,8 permanent-water cells (JRC occurrence >= 50%) excluded
2026-10-02T06:21:52,20261002T060319978366Z,Carlisle_2015,exclude,ok,"8 of 14,037 cells excluded (0.1%); 1234 flooded among 14,029 analysed"
2026-10-02T06:21:53,20261002T060319978366Z,Carlisle_2015,cv:blocks,ok,label autocorrelation < 0.1 by 4000 m -> CV tile 2000 m + buffer 500 m (correlogram range 4000 m; fewer than 15 flooded tiles even at larger sizes: default tile)
2026-10-02T06:21:53,20261002T060319978366Z,Carlisle_2015,resume:ladder_A_terrain_first_full_e8247b8cae1efad2_5_5e3b8a0247,info,loaded from checkpoint (not recomputed)
2026-10-02T06:21:54,20261002T060319978366Z,Carlisle_2015,gradient:A_terrain_first,info,without R0: 1 of 4 primary slopes have a 95% CI entirely below 0 ['info_nats_fm_adj']
2026-10-02T06:21:54,20261002T060319978366Z,Carlisle_2015,gated:A_terrain_first,warn,87% of fold fits chose the edge of the gate grid (alpha=2.0 or tau=0.3); see the gated_wide_grid sensitivity variant
2026-10-02T06:22:00,20261002T060319978366Z,Carlisle_2015,effects:A_terrain_first,ok,"top rung: info_nats_fm +0.1900 [+0.0663, +0.3015] inconclusive; info_frac_fm +0.3509 [+0.0995, +0.7526] inconclusive; dAP_stacked_fm +0.0499 [-0.0369, +0.0679] inconclusive; dAP_gated_fm +0.0267 [+0.0174, +0.0465] inconclusive; dAP_early_fm -0.0024 [-0.0112, +0.0598] inconclusive; dAP_adr_legacy_fm +0.0000 [+0.0000, +0.0000] saturated | social gain saturated from: None"
2026-10-02T06:22:00,20261002T060319978366Z,Carlisle_2015,ladder:A_terrain_first,ok,6 rungs in 0.1 min
2026-10-02T06:22:00,20261002T060319978366Z,Carlisle_2015,resume:ladder_B_surface_first_full_e8247b8cae1efad2_5_5e3b8a0247,info,loaded from checkpoint (not recomputed)
2026-10-02T06:22:01,20261002T060319978366Z,Carlisle_2015,gradient:B_surface_first,info,without R0: 0 of 4 primary slopes have a 95% CI entirely below 0 []
2026-10-02T06:22:01,20261002T060319978366Z,Carlisle_2015,gated:B_surface_first,warn,90% of fold fits chose the edge of the gate grid (alpha=2.0 or tau=0.3); see the gated_wide_grid sensitivity variant
2026-10-02T06:22:06,20261002T060319978366Z,Carlisle_2015,effects:B_surface_first,ok,"top rung: info_nats_fm +0.1900 [+0.0663, +0.3015] inconclusive; info_frac_fm +0.3509 [+0.0995, +0.7526] inconclusive; dAP_stacked_fm +0.0499 [-0.0369, +0.0679] inconclusive; dAP_gated_fm +0.0267 [+0.0174, +0.0465] inconclusive; dAP_early_fm -0.0024 [-0.0112, +0.0598] inconclusive; dAP_adr_legacy_fm +0.0000 [+0.0000, +0.0000] saturated | social gain saturated from: None"
2026-10-02T06:22:06,20261002T060319978366Z,Carlisle_2015,ladder:B_surface_first,ok,6 rungs in 0.1 min
2026-10-02T06:22:06,20261002T060319978366Z,Carlisle_2015,folds,warn,fold prevalence ranges 2.0%-69.0%: per-fold AP partly reflects fold base rates; report fold_diagnostics.csv
2026-10-02T06:22:07,20261002T060319978366Z,Carlisle_2015,resume:lens_S_mentions_full_e8247b8cae1efad2_5_5e3b8a0247,info,loaded from checkpoint (not recomputed)
2026-10-02T06:22:07,20261002T060319978366Z,Carlisle_2015,resume:lens_S_negative_full_e8247b8cae1efad2_5_5e3b8a0247,info,loaded from checkpoint (not recomputed)
2026-10-02T06:22:08,20261002T060319978366Z,Carlisle_2015,resume:lens_S_mentions+S_negative_full_e8247b8cae1efad2_5_5e3b8a0247,info,loaded from checkpoint (not recomputed)
2026-10-02T06:22:08,20261002T060319978366Z,Carlisle_2015,emotion_lens,ok,3 channel sets at rung R5_+sar_event
2026-10-02T06:22:08,20261002T060319978366Z,Carlisle_2015,resume:sens_bandwidth_1000m_full_bd41716e4f77735b_5_5e3b8a0247_xgb,info,loaded from checkpoint (not recomputed)
2026-10-02T06:22:09,20261002T060319978366Z,Carlisle_2015,resume:sens_window_minus3_plus3_full_91f34bb8f67b8e36_5_5e3b8a0247_xgb,info,loaded from checkpoint (not recomputed)
2026-10-02T06:22:10,20261002T060319978366Z,Carlisle_2015,resume:sens_gated_wide_grid_full_4b72b668a506cc18_5_5e3b8a0247_xgb,info,loaded from checkpoint (not recomputed)
2026-10-02T06:22:10,20261002T060319978366Z,Carlisle_2015,resume:sens_learner_logistic_full_4b72b668a506cc18_5_5e3b8a0247_logistic,info,loaded from checkpoint (not recomputed)
2026-10-02T06:22:10,20261002T060319978366Z,Carlisle_2015,sensitivity,ok,4 variants
2026-10-02T06:22:10,20261002T060319978366Z,Carlisle_2015,placebo,info,social layer vs population-density layer: Spearman 0.85
2026-10-02T06:22:12,20261002T060319978366Z,Carlisle_2015,resume:placebo_pop_full_b8d12c14780c70e7_5_5e3b8a0247,info,loaded from checkpoint (not recomputed)
2026-10-02T06:22:17,20261002T060319978366Z,Carlisle_2015,resume:control_pop_full_6398d0fea5e88308_5_5e3b8a0247,info,loaded from checkpoint (not recomputed)
2026-10-02T06:22:18,20261002T060319978366Z,Carlisle_2015,placebo,ok,population-density placebo ladder and population control done
2026-10-02T06:22:19,20261002T060319978366Z,Carlisle_2015,city,ok,finished in 0.5 min
2026-10-02T06:25:11,20261002T060319978366Z,(all),synthesis,ok,"9 cities (9 under the current pre-registration); confirmatory k=9, localisable k=1 -> paper_synthesis/"
2026-10-02T06:25:12,20261002T060319978366Z,PortoAlegre_2024,exclude,info,"30,015 permanent-water cells (JRC occurrence >= 50%) excluded"
2026-10-02T06:25:12,20261002T060319978366Z,PortoAlegre_2024,exclude,ok,"61,867 of 141,828 cells excluded (43.6%); 32045 flooded among 79,961 analysed"
2026-10-02T06:25:13,20261002T060319978366Z,PortoAlegre_2024,cv:blocks,ok,label autocorrelation < 0.1 by nan m -> CV tile 4000 m + buffer 500 m (autocorrelation never fell below 0.1 within the correlogram's range: maximum tile)
2026-10-02T06:25:13,20261002T060319978366Z,PortoAlegre_2024,ladder,info,group 'sar_event' unavailable -> rung skipped (pre-registered rule)
2026-10-02T06:25:14,20261002T060319978366Z,PortoAlegre_2024,resume:ladder_A_terrain_first_full_b0759a94cc7fa40e_5_fe639a2c0a,info,loaded from checkpoint (not recomputed)
2026-10-02T06:25:15,20261002T060319978366Z,PortoAlegre_2024,gradient:A_terrain_first,info,without R0: 0 of 4 primary slopes have a 95% CI entirely below 0 []
2026-10-02T06:25:19,20261002T060319978366Z,PortoAlegre_2024,effects:A_terrain_first,ok,"top rung: info_nats_fm -0.0001 [-0.0006, +0.0004] inconclusive; info_frac_fm -0.0003 [-0.0024, +0.0016] saturated; dAP_stacked_fm -0.0000 [-0.0003, +0.0003] saturated; dAP_gated_fm +0.0001 [+0.0001, +0.0001] saturated; dAP_early_fm +0.0002 [-0.0011, +0.0015] saturated; dAP_adr_legacy_fm -0.0960 [-0.1103, -0.0781] harmful | social gain saturated from: R4_+forcing"
2026-10-02T06:25:19,20261002T060319978366Z,PortoAlegre_2024,ladder:A_terrain_first,ok,5 rungs in 0.1 min
2026-10-02T06:25:19,20261002T060319978366Z,PortoAlegre_2024,ladder,info,group 'sar_event' unavailable -> rung skipped (pre-registered rule)
2026-10-02T06:25:20,20261002T060319978366Z,PortoAlegre_2024,resume:ladder_B_surface_first_full_b0759a94cc7fa40e_5_fe639a2c0a,info,loaded from checkpoint (not recomputed)
2026-10-02T06:25:21,20261002T060319978366Z,PortoAlegre_2024,gradient:B_surface_first,info,without R0: 0 of 4 primary slopes have a 95% CI entirely below 0 []
2026-10-02T06:25:21,20261002T060319978366Z,PortoAlegre_2024,gated:B_surface_first,warn,32% of fold fits chose the edge of the gate grid (alpha=2.0 or tau=0.3); see the gated_wide_grid sensitivity variant
2026-10-02T06:25:26,20261002T060319978366Z,PortoAlegre_2024,effects:B_surface_first,ok,"top rung: info_nats_fm -0.0001 [-0.0006, +0.0004] inconclusive; info_frac_fm -0.0003 [-0.0024, +0.0016] saturated; dAP_stacked_fm -0.0000 [-0.0003, +0.0003] saturated; dAP_gated_fm +0.0001 [+0.0001, +0.0001] saturated; dAP_early_fm +0.0002 [-0.0011, +0.0015] saturated; dAP_adr_legacy_fm -0.0960 [-0.1103, -0.0781] harmful | social gain saturated from: R2_+forcing"
2026-10-02T06:25:26,20261002T060319978366Z,PortoAlegre_2024,ladder:B_surface_first,ok,5 rungs in 0.1 min
2026-10-02T06:25:26,20261002T060319978366Z,PortoAlegre_2024,ladder,info,group 'sar_event' unavailable -> rung skipped (pre-registered rule)
2026-10-02T06:25:27,20261002T060319978366Z,PortoAlegre_2024,resume:lens_S_mentions_full_b0759a94cc7fa40e_5_fe639a2c0a,info,loaded from checkpoint (not recomputed)
2026-10-02T06:25:29,20261002T060319978366Z,PortoAlegre_2024,resume:lens_S_negative_full_b0759a94cc7fa40e_5_fe639a2c0a,info,loaded from checkpoint (not recomputed)
2026-10-02T06:25:30,20261002T060319978366Z,PortoAlegre_2024,resume:lens_S_distress_full_b0759a94cc7fa40e_5_fe639a2c0a,info,loaded from checkpoint (not recomputed)
2026-10-02T06:25:30,20261002T060319978366Z,PortoAlegre_2024,resume:lens_S_src_gdelt_bigquery_full_b0759a94cc7fa40e_5_fe639a2c0a,info,loaded from checkpoint (not recomputed)
2026-10-02T06:25:31,20261002T060319978366Z,PortoAlegre_2024,resume:lens_S_mentions+S_negative+S_distress_full_b0759a94cc7fa40e_5_fe639a2c0a,info,loaded from checkpoint (not recomputed)
2026-10-02T06:25:31,20261002T060319978366Z,PortoAlegre_2024,emotion_lens,ok,5 channel sets at rung R4_+forcing
2026-10-02T06:25:32,20261002T060319978366Z,PortoAlegre_2024,resume:sens_bandwidth_1000m_full_1af5982fc72c054e_5_fe639a2c0a_xgb,info,loaded from checkpoint (not recomputed)
2026-10-02T06:25:33,20261002T060319978366Z,PortoAlegre_2024,resume:sens_window_minus3_plus3_full_e74e9745ed3be417_5_fe639a2c0a_xgb,info,loaded from checkpoint (not recomputed)
2026-10-02T06:25:34,20261002T060319978366Z,PortoAlegre_2024,resume:sens_gated_wide_grid_full_cc6711f7a9596ec7_5_fe639a2c0a_xgb,info,loaded from checkpoint (not recomputed)
2026-10-02T06:25:34,20261002T060319978366Z,PortoAlegre_2024,resume:sens_learner_logistic_full_cc6711f7a9596ec7_5_fe639a2c0a_logistic,info,loaded from checkpoint (not recomputed)
2026-10-02T06:25:34,20261002T060319978366Z,PortoAlegre_2024,sensitivity,ok,4 variants
2026-10-02T06:25:34,20261002T060319978366Z,PortoAlegre_2024,placebo,info,social layer vs population-density layer: Spearman 0.64
2026-10-02T06:25:34,20261002T060319978366Z,PortoAlegre_2024,ladder,info,group 'sar_event' unavailable -> rung skipped (pre-registered rule)
2026-10-02T06:25:35,20261002T060319978366Z,PortoAlegre_2024,resume:placebo_pop_full_f96e46208e062bbe_5_fe639a2c0a,info,loaded from checkpoint (not recomputed)
2026-10-02T06:25:41,20261002T060319978366Z,PortoAlegre_2024,resume:control_pop_full_e27c9d2f876aaee0_5_fe639a2c0a,info,loaded from checkpoint (not recomputed)
2026-10-02T06:25:42,20261002T060319978366Z,PortoAlegre_2024,placebo,ok,population-density placebo ladder and population control done
2026-10-02T06:25:43,20261002T060319978366Z,PortoAlegre_2024,city,ok,finished in 0.5 min
2026-10-02T06:28:39,20261002T060319978366Z,(all),synthesis,ok,"9 cities (9 under the current pre-registration); confirmatory k=9, localisable k=1 -> paper_synthesis/"
2026-10-02T06:28:39,20261002T060319978366Z,TaquariValley_2024,exclude,info,294 permanent-water cells (JRC occurrence >= 50%) excluded
2026-10-02T06:28:39,20261002T060319978366Z,TaquariValley_2024,exclude,warn,"8,991 of 13,823 cells excluded (65.0%); 448 flooded among 4,832 analysed"
2026-10-02T06:28:40,20261002T060319978366Z,TaquariValley_2024,cv:blocks,ok,label autocorrelation < 0.1 by 1000 m -> CV tile 2000 m + buffer 500 m (correlogram range 1000 m)
2026-10-02T06:28:40,20261002T060319978366Z,TaquariValley_2024,ladder,info,group 'sar_event' unavailable -> rung skipped (pre-registered rule)
2026-10-02T06:28:40,20261002T060319978366Z,TaquariValley_2024,resume:ladder_A_terrain_first_full_19ba8bded9bbd96e_5_5e3b8a0247,info,loaded from checkpoint (not recomputed)
2026-10-02T06:28:42,20261002T060319978366Z,TaquariValley_2024,gradient:A_terrain_first,info,without R0: 0 of 4 primary slopes have a 95% CI entirely below 0 []
2026-10-02T06:28:42,20261002T060319978366Z,TaquariValley_2024,gated:A_terrain_first,warn,72% of fold fits chose the edge of the gate grid (alpha=2.0 or tau=0.3); see the gated_wide_grid sensitivity variant
2026-10-02T06:28:46,20261002T060319978366Z,TaquariValley_2024,effects:A_terrain_first,ok,"top rung: info_nats_fm -0.0154 [-0.0359, +0.0033] inconclusive; info_frac_fm -0.0681 [-0.1447, +0.0161] inconclusive; dAP_stacked_fm -0.0256 [-0.0524, +0.0259] inconclusive; dAP_gated_fm -0.0329 [-0.0361, +0.0212] inconclusive; dAP_early_fm +0.0231 [-0.0103, +0.0462] inconclusive; dAP_adr_legacy_fm -0.0204 [-0.0382, -0.0041] harmful | social gain saturated from: None"
2026-10-02T06:28:46,20261002T060319978366Z,TaquariValley_2024,ladder:A_terrain_first,ok,5 rungs in 0.1 min
2026-10-02T06:28:46,20261002T060319978366Z,TaquariValley_2024,ladder,info,group 'sar_event' unavailable -> rung skipped (pre-registered rule)
2026-10-02T06:28:47,20261002T060319978366Z,TaquariValley_2024,resume:ladder_B_surface_first_full_19ba8bded9bbd96e_5_5e3b8a0247,info,loaded from checkpoint (not recomputed)
2026-10-02T06:28:48,20261002T060319978366Z,TaquariValley_2024,gradient:B_surface_first,info,without R0: 1 of 4 primary slopes have a 95% CI entirely below 0 ['info_nats_fm_adj']
2026-10-02T06:28:48,20261002T060319978366Z,TaquariValley_2024,gated:B_surface_first,warn,52% of fold fits chose the edge of the gate grid (alpha=2.0 or tau=0.3); see the gated_wide_grid sensitivity variant
2026-10-02T06:28:52,20261002T060319978366Z,TaquariValley_2024,effects:B_surface_first,ok,"top rung: info_nats_fm -0.0154 [-0.0359, +0.0033] inconclusive; info_frac_fm -0.0681 [-0.1447, +0.0161] inconclusive; dAP_stacked_fm -0.0256 [-0.0524, +0.0259] inconclusive; dAP_gated_fm -0.0329 [-0.0361, +0.0212] inconclusive; dAP_early_fm +0.0231 [-0.0103, +0.0462] inconclusive; dAP_adr_legacy_fm -0.0204 [-0.0382, -0.0041] harmful | social gain saturated from: None"
2026-10-02T06:28:52,20261002T060319978366Z,TaquariValley_2024,ladder:B_surface_first,ok,5 rungs in 0.1 min
2026-10-02T06:28:52,20261002T060319978366Z,TaquariValley_2024,ladder,info,group 'sar_event' unavailable -> rung skipped (pre-registered rule)
2026-10-02T06:28:52,20261002T060319978366Z,TaquariValley_2024,resume:lens_S_mentions_full_19ba8bded9bbd96e_5_5e3b8a0247,info,loaded from checkpoint (not recomputed)
2026-10-02T06:28:53,20261002T060319978366Z,TaquariValley_2024,resume:lens_S_negative_full_19ba8bded9bbd96e_5_5e3b8a0247,info,loaded from checkpoint (not recomputed)
2026-10-02T06:28:54,20261002T060319978366Z,TaquariValley_2024,resume:lens_S_distress_full_19ba8bded9bbd96e_5_5e3b8a0247,info,loaded from checkpoint (not recomputed)
2026-10-02T06:28:54,20261002T060319978366Z,TaquariValley_2024,resume:lens_S_src_gdelt_bigquery_full_19ba8bded9bbd96e_5_5e3b8a0247,info,loaded from checkpoint (not recomputed)
2026-10-02T06:28:54,20261002T060319978366Z,TaquariValley_2024,resume:lens_S_src_google_news_rss_full_19ba8bded9bbd96e_5_5e3b8a0247,info,loaded from checkpoint (not recomputed)
2026-10-02T06:28:55,20261002T060319978366Z,TaquariValley_2024,resume:lens_S_mentions+S_negative+S_distress_full_19ba8bded9bbd96e_5_5e3b8a0247,info,loaded from checkpoint (not recomputed)
2026-10-02T06:28:55,20261002T060319978366Z,TaquariValley_2024,emotion_lens,ok,6 channel sets at rung R4_+forcing
2026-10-02T06:28:55,20261002T060319978366Z,TaquariValley_2024,resume:sens_bandwidth_1000m_full_a3b836a1edb44644_5_5e3b8a0247_xgb,info,loaded from checkpoint (not recomputed)
2026-10-02T06:28:56,20261002T060319978366Z,TaquariValley_2024,resume:sens_window_minus3_plus3_full_c70a720dcc8291cf_5_5e3b8a0247_xgb,info,loaded from checkpoint (not recomputed)
2026-10-02T06:28:56,20261002T060319978366Z,TaquariValley_2024,resume:sens_gated_wide_grid_full_9d39b9c1744af721_5_5e3b8a0247_xgb,info,loaded from checkpoint (not recomputed)
2026-10-02T06:28:57,20261002T060319978366Z,TaquariValley_2024,resume:sens_learner_logistic_full_9d39b9c1744af721_5_5e3b8a0247_logistic,info,loaded from checkpoint (not recomputed)
2026-10-02T06:28:57,20261002T060319978366Z,TaquariValley_2024,sensitivity,ok,4 variants
2026-10-02T06:28:57,20261002T060319978366Z,TaquariValley_2024,placebo,info,social layer vs population-density layer: Spearman 0.92
2026-10-02T06:28:57,20261002T060319978366Z,TaquariValley_2024,ladder,info,group 'sar_event' unavailable -> rung skipped (pre-registered rule)
2026-10-02T06:28:57,20261002T060319978366Z,TaquariValley_2024,resume:placebo_pop_full_dce1b5a4972d20a0_5_5e3b8a0247,info,loaded from checkpoint (not recomputed)
2026-10-02T06:29:03,20261002T060319978366Z,TaquariValley_2024,resume:control_pop_full_12302c78419c6a7f_5_5e3b8a0247,info,loaded from checkpoint (not recomputed)
2026-10-02T06:29:04,20261002T060319978366Z,TaquariValley_2024,placebo,ok,population-density placebo ladder and population control done
2026-10-02T06:29:05,20261002T060319978366Z,TaquariValley_2024,city,ok,finished in 0.4 min
2026-10-02T06:31:56,20261002T060319978366Z,(all),synthesis,ok,"9 cities (9 under the current pre-registration); confirmatory k=9, localisable k=1 -> paper_synthesis/"
2026-10-02T06:31:57,20261002T060319978366Z,Houston_SanJacinto_2017,exclude,info,"4,607 permanent-water cells (JRC occurrence >= 50%) excluded"
2026-10-02T06:31:57,20261002T060319978366Z,Houston_SanJacinto_2017,exclude,warn,"97,100 of 184,495 cells excluded (52.6%); 25594 flooded among 87,395 analysed"
2026-10-02T06:31:58,20261002T060319978366Z,Houston_SanJacinto_2017,cv:blocks,ok,label autocorrelation < 0.1 by 4000 m -> CV tile 3500 m + buffer 500 m (correlogram range 4000 m)
2026-10-02T06:31:59,20261002T060319978366Z,Houston_SanJacinto_2017,resume:ladder_A_terrain_first_full_5c40844f313ed2aa_5_f15641ede8,info,loaded from checkpoint (not recomputed)
2026-10-02T06:32:00,20261002T060319978366Z,Houston_SanJacinto_2017,gradient:A_terrain_first,info,without R0: 0 of 4 primary slopes have a 95% CI entirely below 0 []
2026-10-02T06:32:00,20261002T060319978366Z,Houston_SanJacinto_2017,gated:A_terrain_first,warn,37% of fold fits chose the edge of the gate grid (alpha=2.0 or tau=0.3); see the gated_wide_grid sensitivity variant
2026-10-02T06:32:05,20261002T060319978366Z,Houston_SanJacinto_2017,effects:A_terrain_first,ok,"top rung: info_nats_fm +0.0017 [+0.0004, +0.0030] inconclusive; info_frac_fm +0.0049 [+0.0011, +0.0086] saturated; dAP_stacked_fm +0.0032 [+0.0011, +0.0060] saturated; dAP_gated_fm +0.0015 [+0.0005, +0.0026] informative; dAP_early_fm +0.0052 [-0.0002, +0.0111] inconclusive; dAP_adr_legacy_fm -0.1152 [-0.1376, -0.0935] harmful | social gain saturated from: R0_none"
2026-10-02T06:32:05,20261002T060319978366Z,Houston_SanJacinto_2017,ladder:A_terrain_first,ok,6 rungs in 0.1 min
2026-10-02T06:32:06,20261002T060319978366Z,Houston_SanJacinto_2017,resume:ladder_B_surface_first_full_5c40844f313ed2aa_5_f15641ede8,info,loaded from checkpoint (not recomputed)
2026-10-02T06:32:07,20261002T060319978366Z,Houston_SanJacinto_2017,gradient:B_surface_first,info,without R0: 0 of 4 primary slopes have a 95% CI entirely below 0 []
2026-10-02T06:32:12,20261002T060319978366Z,Houston_SanJacinto_2017,effects:B_surface_first,ok,"top rung: info_nats_fm +0.0017 [+0.0004, +0.0030] inconclusive; info_frac_fm +0.0049 [+0.0011, +0.0086] saturated; dAP_stacked_fm +0.0032 [+0.0011, +0.0060] saturated; dAP_gated_fm +0.0015 [+0.0005, +0.0026] informative; dAP_early_fm +0.0052 [-0.0002, +0.0111] inconclusive; dAP_adr_legacy_fm -0.1152 [-0.1376, -0.0935] harmful | social gain saturated from: R0_none"
2026-10-02T06:32:12,20261002T060319978366Z,Houston_SanJacinto_2017,ladder:B_surface_first,ok,6 rungs in 0.1 min
2026-10-02T06:32:13,20261002T060319978366Z,Houston_SanJacinto_2017,resume:lens_S_mentions_full_5c40844f313ed2aa_5_f15641ede8,info,loaded from checkpoint (not recomputed)
2026-10-02T06:32:14,20261002T060319978366Z,Houston_SanJacinto_2017,resume:lens_S_negative_full_5c40844f313ed2aa_5_f15641ede8,info,loaded from checkpoint (not recomputed)
2026-10-02T06:32:14,20261002T060319978366Z,Houston_SanJacinto_2017,resume:lens_S_distress_full_5c40844f313ed2aa_5_f15641ede8,info,loaded from checkpoint (not recomputed)
2026-10-02T06:32:15,20261002T060319978366Z,Houston_SanJacinto_2017,resume:lens_S_src_gdelt_bigquery_full_5c40844f313ed2aa_5_f15641ede8,info,loaded from checkpoint (not recomputed)
2026-10-02T06:32:16,20261002T060319978366Z,Houston_SanJacinto_2017,resume:lens_S_src_reddit_arcticshift_full_5c40844f313ed2aa_5_f15641ede8,info,loaded from checkpoint (not recomputed)
2026-10-02T06:32:16,20261002T060319978366Z,Houston_SanJacinto_2017,resume:lens_S_src_google_news_rss_full_5c40844f313ed2aa_5_f15641ede8,info,loaded from checkpoint (not recomputed)
2026-10-02T06:32:17,20261002T060319978366Z,Houston_SanJacinto_2017,resume:lens_S_mentions+S_negative+S_distress_full_5c40844f313ed2aa_5_f15641ede8,info,loaded from checkpoint (not recomputed)
2026-10-02T06:32:17,20261002T060319978366Z,Houston_SanJacinto_2017,emotion_lens,ok,7 channel sets at rung R5_+sar_event
2026-10-02T06:32:18,20261002T060319978366Z,Houston_SanJacinto_2017,resume:sens_bandwidth_1000m_full_d6b2f9bd2a0b82bf_5_f15641ede8_xgb,info,loaded from checkpoint (not recomputed)
2026-10-02T06:32:19,20261002T060319978366Z,Houston_SanJacinto_2017,resume:sens_window_minus3_plus3_full_8ce9d811d73a78e8_5_f15641ede8_xgb,info,loaded from checkpoint (not recomputed)
2026-10-02T06:32:19,20261002T060319978366Z,Houston_SanJacinto_2017,resume:sens_gated_wide_grid_full_b579dba6bd4e1827_5_f15641ede8_xgb,info,loaded from checkpoint (not recomputed)
2026-10-02T06:32:20,20261002T060319978366Z,Houston_SanJacinto_2017,resume:sens_learner_logistic_full_b579dba6bd4e1827_5_f15641ede8_logistic,info,loaded from checkpoint (not recomputed)
2026-10-02T06:32:20,20261002T060319978366Z,Houston_SanJacinto_2017,sensitivity,ok,4 variants
2026-10-02T06:32:20,20261002T060319978366Z,Houston_SanJacinto_2017,placebo,info,social layer vs population-density layer: Spearman 0.31
2026-10-02T06:32:25,20261002T060319978366Z,Houston_SanJacinto_2017,resume:placebo_pop_full_6769a1b1a1c5ae2e_5_f15641ede8,info,loaded from checkpoint (not recomputed)
2026-10-02T06:32:33,20261002T060319978366Z,Houston_SanJacinto_2017,resume:control_pop_full_4b12ab01410a2151_5_f15641ede8,info,loaded from checkpoint (not recomputed)
2026-10-02T06:32:33,20261002T060319978366Z,Houston_SanJacinto_2017,placebo,ok,population-density placebo ladder and population control done
2026-10-02T06:32:35,20261002T060319978366Z,Houston_SanJacinto_2017,city,ok,finished in 0.7 min
2026-10-02T06:35:25,20261002T060319978366Z,(all),synthesis,ok,"9 cities (9 under the current pre-registration); confirmatory k=9, localisable k=1 -> paper_synthesis/"
2026-10-02T06:35:26,20261002T060319978366Z,Jakarta_2020,exclude,info,"7,720 permanent-water cells (JRC occurrence >= 50%) excluded"
2026-10-02T06:35:26,20261002T060319978366Z,Jakarta_2020,exclude,ok,"7,720 of 71,661 cells excluded (10.8%); 1054 flooded among 63,941 analysed"
2026-10-02T06:35:27,20261002T060319978366Z,Jakarta_2020,cv:blocks,ok,label autocorrelation < 0.1 by 1000 m -> CV tile 2000 m + buffer 500 m (correlogram range 1000 m)
2026-10-02T06:35:28,20261002T060319978366Z,Jakarta_2020,resume:ladder_A_terrain_first_full_2f3d3dcc620bd229_5_5e3b8a0247,info,loaded from checkpoint (not recomputed)
2026-10-02T06:35:29,20261002T060319978366Z,Jakarta_2020,gradient:A_terrain_first,info,without R0: 1 of 4 primary slopes have a 95% CI entirely below 0 ['dAP_stacked_fm_adj']
2026-10-02T06:35:29,20261002T060319978366Z,Jakarta_2020,gated:A_terrain_first,warn,67% of fold fits chose the edge of the gate grid (alpha=2.0 or tau=0.3); see the gated_wide_grid sensitivity variant
2026-10-02T06:35:34,20261002T060319978366Z,Jakarta_2020,effects:A_terrain_first,ok,"top rung: info_nats_fm -0.0013 [-0.0032, +0.0007] inconclusive; info_frac_fm -0.0095 [-0.0265, +0.0046] inconclusive; dAP_stacked_fm -0.0233 [-0.0291, -0.0119] harmful; dAP_gated_fm -0.0045 [-0.0130, +0.0025] inconclusive; dAP_early_fm -0.0071 [-0.0238, +0.0123] inconclusive; dAP_adr_legacy_fm -0.0013 [-0.0034, +0.0011] saturated | social gain saturated from: None"
2026-10-02T06:35:34,20261002T060319978366Z,Jakarta_2020,ladder:A_terrain_first,ok,6 rungs in 0.1 min
2026-10-02T06:35:34,20261002T060319978366Z,Jakarta_2020,rung:B_surface_first,info,"positives per fold: {0: 212, 1: 210, 2: 211, 3: 210, 4: 211}"
2026-10-02T06:35:34,20261002T060319978366Z,Jakarta_2020,rung:B_surface_first,info,reused from checkpoint 50f99a55d0d7 (identical feature set; not recomputed)
2026-10-02T06:42:34,20261002T060319978366Z,Jakarta_2020,rung:B_surface_first,info,[R1_+surface] AP_phys=0.0144 AP_stacked=0.0156 AP_gated=0.0148
2026-10-02T06:50:02,20261002T060319978366Z,Jakarta_2020,rung:B_surface_first,info,[R2_+forcing] AP_phys=0.0414 AP_stacked=0.0270 AP_gated=0.0397
2026-10-02T06:58:36,20261002T060319978366Z,Jakarta_2020,rung:B_surface_first,info,[R3_+terrain] AP_phys=0.0563 AP_stacked=0.0328 AP_gated=0.0513
2026-10-02T06:58:36,20261002T060319978366Z,Jakarta_2020,rung:B_surface_first,info,reused from checkpoint 826fa364e1fd (identical feature set; not recomputed)
2026-10-02T06:58:37,20261002T060319978366Z,Jakarta_2020,rung:B_surface_first,info,reused from checkpoint bcbbca0c2915 (identical feature set; not recomputed)
2026-10-02T07:07:24,20261002T060319978366Z,Jakarta_2020,gradient:B_surface_first,info,without R0: 1 of 4 primary slopes have a 95% CI entirely below 0 ['dAP_stacked_fm_adj']
2026-10-02T07:07:24,20261002T060319978366Z,Jakarta_2020,gated:B_surface_first,warn,57% of fold fits chose the edge of the gate grid (alpha=2.0 or tau=0.3); see the gated_wide_grid sensitivity variant
2026-10-02T07:07:24,20261002T060319978366Z,Jakarta_2020,effects:B_surface_first,ok,"top rung: info_nats_fm -0.0013 [-0.0032, +0.0007] inconclusive; info_frac_fm -0.0095 [-0.0265, +0.0046] inconclusive; dAP_stacked_fm -0.0233 [-0.0291, -0.0119] harmful; dAP_gated_fm -0.0045 [-0.0130, +0.0025] inconclusive; dAP_early_fm -0.0071 [-0.0238, +0.0123] inconclusive; dAP_adr_legacy_fm -0.0013 [-0.0034, +0.0011] saturated | social gain saturated from: None"
2026-10-02T07:07:24,20261002T060319978366Z,Jakarta_2020,ladder:B_surface_first,ok,6 rungs in 31.8 min
2026-10-02T07:07:24,20261002T060319978366Z,Jakarta_2020,rung:lens,info,reused from checkpoint bcbbca0c2915 (identical feature set; not recomputed)
2026-10-02T08:15:50,20261002T060319978366Z,Jakarta_2020,emotion_lens,ok,7 channel sets at rung R5_+sar_event
2026-10-02T08:51:44,20261002T060319978366Z,Jakarta_2020,sensitivity,ok,4 variants
2026-10-02T08:51:44,20261002T060319978366Z,Jakarta_2020,placebo,info,social layer vs population-density layer: Spearman 0.75
2026-10-02T08:51:44,20261002T060319978366Z,Jakarta_2020,rung:placebo,info,"positives per fold: {0: 212, 1: 210, 2: 211, 3: 210, 4: 211}"
2026-10-02T08:54:22,20261002T060319978366Z,Jakarta_2020,rung:placebo,info,[R0_none] AP_phys=0.0120 AP_stacked=0.0298 AP_gated=0.0120
2026-10-02T08:58:10,20261002T060319978366Z,Jakarta_2020,rung:placebo,info,[R1_+terrain] AP_phys=0.0256 AP_stacked=0.0344 AP_gated=0.0316
2026-10-02T09:02:03,20261002T060319978366Z,Jakarta_2020,rung:placebo,info,[R2_+surface] AP_phys=0.0286 AP_stacked=0.0343 AP_gated=0.0341
2026-10-02T09:06:03,20261002T060319978366Z,Jakarta_2020,rung:placebo,info,[R3_+hydrography] AP_phys=0.0315 AP_stacked=0.0335 AP_gated=0.0341
2026-10-02T09:10:06,20261002T060319978366Z,Jakarta_2020,rung:placebo,info,[R4_+forcing] AP_phys=0.0581 AP_stacked=0.0416 AP_gated=0.0566
2026-10-02T09:14:15,20261002T060319978366Z,Jakarta_2020,rung:placebo,info,[R5_+sar_event] AP_phys=0.0798 AP_stacked=0.0579 AP_gated=0.0811
2026-10-02T09:26:38,20261002T060319978366Z,Jakarta_2020,placebo,ok,population-density placebo ladder and population control done
2026-10-02T09:26:40,20261002T060319978366Z,Jakarta_2020,city,ok,finished in 171.3 min
2026-10-02T09:29:31,20261002T060319978366Z,(all),synthesis,ok,"10 cities (10 under the current pre-registration); confirmatory k=9, localisable k=1 -> paper_synthesis/"
2026-10-02T09:32:35,20261002T060319978366Z,(all),synthesis,ok,"10 cities (10 under the current pre-registration); confirmatory k=9, localisable k=1 -> paper_synthesis/"
2026-10-02T17:34:23,20261002T173150659725Z,Chennai_2015,label:verify,ok,file_url NRSC 2015 flood inundation zone (via Chennai SDSS; image date/sensor not stated): ok 5475 kB
2026-10-02T17:34:55,20261002T173150659725Z,Chennai_2015,label:verify,ok,file_url GCC water-stagnation locations 2015 (points): ok 513 kB
2026-10-02T17:34:58,20261002T173150659725Z,Chennai_2015,label:verify,ok,"file_url OSM-India crowdsourced flooded streets, 11:00 2 Dec 2015: ok 949 kB"
2026-10-02T17:34:59,20261002T173150659725Z,Chennai_2015,label:verify,ok,gfd Global Flood Database DFO 4309 (MODIS 250 m): ok 108 kB
2026-10-02T17:35:00,20261002T173150659725Z,Valencia_2024,label:verify,ok,copernicus_ems EMSR773 (DEL images 30 Oct - 8 Nov 2024): ok 233 kB
2026-10-02T17:35:00,20261002T173150659725Z,EmiliaRomagna_2023a,label:verify,ok,copernicus_ems EMSR659 (DEL images 4 May 2023): ok 36 kB
2026-10-02T17:35:02,20261002T173150659725Z,Forli_2023b,label:verify,ok,copernicus_ems EMSR664 AOI01 Forlì (DEL images 17-21 May 2023): ok 42 kB
2026-10-02T17:35:03,20261002T173150659725Z,York_2015,label:verify,ok,file_url EA Recorded Flood Outline rec_out_id 4084890 'December 2015 Flood Event' (Ouse/Derwent; clipped to York): ok 2878 kB
2026-10-02T17:35:21,20261002T173150659725Z,York_2015,label:verify,ok,copernicus_ems EMSR150 AOI01 York delineation: ok 2481 kB
2026-10-02T17:35:22,20261002T173150659725Z,Carlisle_2015,label:verify,ok,file_url EA Recorded Flood Outline rec_out_id 4078182 'Carlisle (including Crosby-on-Eden) 05_12_2015': ok 53 kB
2026-10-02T17:35:37,20261002T173150659725Z,Carlisle_2015,label:verify,ok,copernicus_ems EMSR147 AOI01 Carlisle delineation: ok 1930 kB
2026-10-02T17:35:38,20261002T173150659725Z,PortoAlegre_2024,label:verify,ok,arcgis_featureserver EMSN194 Extent Temporal Evolution layers: ok 3 kB
2026-10-02T17:35:39,20261002T173150659725Z,TaquariValley_2024,label:verify,ok,"copernicus_ems EMSR720 (AOIs Guaporé, Encantado, Roca Sales, Das Antas, Santa Tereza): ok 65 kB"
2026-10-02T17:35:39,20261002T173150659725Z,Houston_SanJacinto_2017,label:verify,ok,"usgs_sciencebase USGS 10.5066/F7VH5N3N, San Jacinto child 5aa023ebe4b0b1c392e6881b: ok 20 kB"
2026-10-02T17:35:40,20261002T173150659725Z,Houston_SanJacinto_2017,label:verify,ok,"usgs_stn STN event 180 (2017 Harvey), Harris + Montgomery counties: ok 792 kB"
2026-10-02T17:35:42,20261002T173150659725Z,Jakarta_2020,label:verify,ok,petabencana reports archive (crowdsourced): ok 180 kB
2026-10-02T17:35:44,20261002T173150659725Z,Chennai_2015,label:assets,info,"already frozen (Chennai_2015_labels.gpkg, 2009 features, coverage polygons 0, sha256 3ef3d94f6435); set REFREEZE_LABEL_FILES=True to rebuild"
2026-10-02T17:35:44,20261002T173150659725Z,Valencia_2024,label:assets,info,"already frozen (Valencia_2024_labels.gpkg, 2220 features, coverage polygons 6, sha256 a7174d9b527b); set REFREEZE_LABEL_FILES=True to rebuild"
2026-10-02T17:35:45,20261002T173150659725Z,EmiliaRomagna_2023a,label:assets,info,"already frozen (EmiliaRomagna_2023a_labels.gpkg, 406 features, coverage polygons 4, sha256 a7f1d106afee); set REFREEZE_LABEL_FILES=True to rebuild"
2026-10-02T17:35:46,20261002T173150659725Z,Forli_2023b,label:assets,info,"already frozen (Forli_2023b_labels.gpkg, 1991 features, coverage polygons 4, sha256 3b9e9a15498b); set REFREEZE_LABEL_FILES=True to rebuild"
2026-10-02T17:35:47,20261002T173150659725Z,York_2015,label:assets,info,"already frozen (York_2015_labels.gpkg, 1 features, coverage polygons 0, sha256 a649b08810b6); set REFREEZE_LABEL_FILES=True to rebuild"
2026-10-02T17:35:47,20261002T173150659725Z,Carlisle_2015,label:assets,info,"already frozen (Carlisle_2015_labels.gpkg, 1 features, coverage polygons 0, sha256 7e6f1fba50dd); set REFREEZE_LABEL_FILES=True to rebuild"
2026-10-02T17:35:48,20261002T173150659725Z,PortoAlegre_2024,label:assets,info,"already frozen (PortoAlegre_2024_labels.gpkg, 13011 features, coverage polygons 4, sha256 b1d2bd15f3b9); set REFREEZE_LABEL_FILES=True to rebuild"
2026-10-02T17:35:49,20261002T173150659725Z,TaquariValley_2024,label:assets,info,"already frozen (TaquariValley_2024_labels.gpkg, 641 features, coverage polygons 3, sha256 fd285474e6e9); set REFREEZE_LABEL_FILES=True to rebuild"
2026-10-02T17:35:50,20261002T173150659725Z,Houston_SanJacinto_2017,label:assets,info,"already frozen (Houston_SanJacinto_2017_labels.gpkg, 1 features, coverage polygons 1, sha256 d202af054a80); set REFREEZE_LABEL_FILES=True to rebuild"
2026-10-02T17:35:51,20261002T173150659725Z,Jakarta_2020,label:assets,info,"already frozen (Jakarta_2020_labels.gpkg, 255 features, coverage polygons 0, sha256 8fb4ee55dbac); set REFREEZE_LABEL_FILES=True to rebuild"
2026-10-02T17:35:51,20261002T173150659725Z,,label:assets,ok,manifest written: /content/drive/MyDrive/saturation_v4/label_assets/label_assets_manifest.csv
2026-10-02T17:36:00,20261002T173150659725Z,(all),archive,ok,results under pre-registration 5e163339 archived to archive_5e163339/ (9 items)
2026-10-02T17:36:02,20261002T173150659725Z,Chennai_2015,resume:grid_a9aa5a577a,info,loaded from checkpoint (not recomputed)
2026-10-02T17:36:02,20261002T173150659725Z,Chennai_2015,grid,ok,"400x251 raster at 100 m, 41,919 cells in study area, EPSG:32644"
2026-10-02T17:36:03,20261002T173150659725Z,Chennai_2015,resume:physical_beaab38215,info,loaded from checkpoint (not recomputed)
2026-10-02T17:36:03,20261002T173150659725Z,Chennai_2015,resume:labels_ea10f0be23,info,loaded from checkpoint (not recomputed)
2026-10-02T17:36:03,20261002T173150659725Z,Chennai_2015,labels,ok,"source=canonical_gpkg, positives=9404, prevalence=22.4337% of 41,919 observable cells"
2026-10-02T17:36:05,20261002T173150659725Z,Chennai_2015,social:gdelt_parse,ok,8993 raw rows -> 8993 flood-themed -> 8993 mention the city; 0 have a page title (8993 use URL words + GDELT location names; titles exist only from 2019-09-22)
2026-10-02T17:36:05,20261002T173150659725Z,Chennai_2015,social:gdelt_bigquery,info,"8993 fetched -> 8992 kept (1 outside the window, empty or duplicate)"
2026-10-02T17:36:05,20261002T173150659725Z,Chennai_2015,social:gdelt_bigquery,ok,8992 documents in window
2026-10-02T17:36:16,20261002T173150659725Z,Chennai_2015,social:google_news_rss,info,"234 fetched -> 111 kept (123 outside the window, empty or duplicate)"
2026-10-02T17:36:16,20261002T173150659725Z,Chennai_2015,social:google_news_rss,ok,111 documents in window
2026-10-02T17:36:42,20261002T173150659725Z,Chennai_2015,social:reddit_arcticshift,ok,606 documents in window
2026-10-02T17:36:42,20261002T173150659725Z,Chennai_2015,social:petabencana,skip,not an Indonesian city
2026-10-02T17:38:21,20261002T173150659725Z,Chennai_2015,acquire,fail,KeyboardInterrupt: KeyboardInterrupt (traceback in Chennai_2015_ERROR.txt)
2026-10-02T17:38:21,20261002T173150659725Z,Valencia_2024,resume:grid_4e795b1ca1,info,loaded from checkpoint (not recomputed)
2026-10-02T17:38:21,20261002T173150659725Z,Valencia_2024,grid,ok,"228x180 raster at 100 m, 38,269 cells in study area, EPSG:32630"
2026-10-02T17:38:22,20261002T173150659725Z,Valencia_2024,resume:physical_6ff3351ddc,info,loaded from checkpoint (not recomputed)
2026-10-02T17:38:22,20261002T173150659725Z,Valencia_2024,resume:labels_1e4d01701d,info,loaded from checkpoint (not recomputed)
2026-10-02T17:38:22,20261002T173150659725Z,Valencia_2024,labels,ok,"source=canonical_gpkg, positives=10477, prevalence=27.3773% of 38,269 observable cells"
2026-10-02T17:38:25,20261002T173150659725Z,Valencia_2024,acquire,fail,KeyboardInterrupt: KeyboardInterrupt (traceback in Valencia_2024_ERROR.txt)
2026-10-02T17:38:25,20261002T173150659725Z,EmiliaRomagna_2023a,resume:grid_d82ee58a5f,info,loaded from checkpoint (not recomputed)
2026-10-02T17:38:25,20261002T173150659725Z,EmiliaRomagna_2023a,grid,ok,"387x397 raster at 100 m, 143,322 cells in study area, EPSG:32632"
2026-10-02T17:38:26,20261002T173150659725Z,EmiliaRomagna_2023a,acquire,fail,KeyboardInterrupt: KeyboardInterrupt (traceback in EmiliaRomagna_2023a_ERROR.txt)
2026-10-02T17:38:26,20261002T173150659725Z,Forli_2023b,resume:grid_cef2163465,info,loaded from checkpoint (not recomputed)
2026-10-02T17:38:27,20261002T173150659725Z,Forli_2023b,grid,ok,"316x320 raster at 100 m, 93,651 cells in study area, EPSG:32633"
2026-10-02T17:38:27,20261002T173150659725Z,Forli_2023b,resume:physical_18b1d715d7,info,loaded from checkpoint (not recomputed)
2026-10-02T17:38:28,20261002T173150659725Z,Forli_2023b,resume:labels_e367e66aad,info,loaded from checkpoint (not recomputed)
2026-10-02T17:38:28,20261002T173150659725Z,Forli_2023b,labels,ok,"source=canonical_gpkg, positives=3856, prevalence=4.5371% of 84,989 observable cells"
2026-10-02T17:38:29,20261002T173150659725Z,Forli_2023b,social:gdelt_parse,ok,8988 raw rows -> 8988 flood-themed -> 8585 mention the city; 8569 have a page title (16 use URL words + GDELT location names; titles exist only from 2019-09-22)
2026-10-02T17:38:29,20261002T173150659725Z,Forli_2023b,social:gdelt_bigquery,ok,8585 documents in window
2026-10-02T17:38:48,20261002T173150659725Z,Forli_2023b,social:google_news_rss,info,"190 fetched -> 70 kept (120 outside the window, empty or duplicate)"
2026-10-02T17:38:48,20261002T173150659725Z,Forli_2023b,social:google_news_rss,ok,70 documents in window
2026-10-02T17:38:51,20261002T173150659725Z,Forli_2023b,social:reddit_arcticshift,ok,78 documents in window
2026-10-02T17:38:51,20261002T173150659725Z,Forli_2023b,social:petabencana,skip,not an Indonesian city
2026-10-02T17:42:43,20261002T173150659725Z,Forli_2023b,social:wikimedia_commons,info,2054 geotagged files in the box; 0 flood photos taken in the window
2026-10-02T17:42:43,20261002T173150659725Z,Forli_2023b,social:wikimedia_commons,warn,0 documents in window
2026-10-02T17:42:43,20261002T173150659725Z,Forli_2023b,social:dedupe,info,"8733 documents -> 7395 after de-duplication (518 syndicated wire copies, 820 repeated texts or photos)"
2026-10-02T17:42:44,20261002T173150659725Z,Forli_2023b,resume:gazetteer_b8f29a3541,info,loaded from checkpoint (not recomputed)
2026-10-02T17:42:45,20261002T173150659725Z,Forli_2023b,social:gazetteer,info,9 gazetteer names shared with neighbouring towns outside the study area removed
2026-10-02T17:42:47,20261002T173150659725Z,Forli_2023b,social:toponyms,info,"rule t4: 161 gazetteer candidates rejected at acquisition {'name': 0, 'occurrence': 161}"
2026-10-02T17:49:42,20261002T174729794601Z,Chennai_2015,label:verify,ok,file_url NRSC 2015 flood inundation zone (via Chennai SDSS; image date/sensor not stated): ok 5475 kB
2026-10-02T17:49:53,20261002T174729794601Z,Chennai_2015,label:verify,ok,file_url GCC water-stagnation locations 2015 (points): ok 513 kB
2026-10-02T17:49:54,20261002T174729794601Z,Chennai_2015,label:verify,ok,"file_url OSM-India crowdsourced flooded streets, 11:00 2 Dec 2015: ok 949 kB"
2026-10-02T17:49:54,20261002T174729794601Z,Chennai_2015,label:verify,ok,gfd Global Flood Database DFO 4309 (MODIS 250 m): ok 108 kB
2026-10-02T17:49:55,20261002T174729794601Z,Valencia_2024,label:verify,ok,copernicus_ems EMSR773 (DEL images 30 Oct - 8 Nov 2024): ok 233 kB
2026-10-02T17:49:56,20261002T174729794601Z,EmiliaRomagna_2023a,label:verify,ok,copernicus_ems EMSR659 (DEL images 4 May 2023): ok 36 kB
2026-10-02T17:49:57,20261002T174729794601Z,Forli_2023b,label:verify,ok,copernicus_ems EMSR664 AOI01 Forlì (DEL images 17-21 May 2023): ok 42 kB
2026-10-02T17:49:58,20261002T174729794601Z,York_2015,label:verify,ok,file_url EA Recorded Flood Outline rec_out_id 4084890 'December 2015 Flood Event' (Ouse/Derwent; clipped to York): ok 2878 kB
2026-10-02T17:50:26,20261002T174729794601Z,York_2015,label:verify,ok,copernicus_ems EMSR150 AOI01 York delineation: ok 2481 kB
2026-10-02T17:50:27,20261002T174729794601Z,Carlisle_2015,label:verify,ok,file_url EA Recorded Flood Outline rec_out_id 4078182 'Carlisle (including Crosby-on-Eden) 05_12_2015': ok 53 kB
2026-10-02T17:50:41,20261002T174729794601Z,Carlisle_2015,label:verify,ok,copernicus_ems EMSR147 AOI01 Carlisle delineation: ok 1930 kB
2026-10-02T17:50:43,20261002T174729794601Z,PortoAlegre_2024,label:verify,ok,arcgis_featureserver EMSN194 Extent Temporal Evolution layers: ok 3 kB
2026-10-02T17:50:44,20261002T174729794601Z,TaquariValley_2024,label:verify,ok,"copernicus_ems EMSR720 (AOIs Guaporé, Encantado, Roca Sales, Das Antas, Santa Tereza): ok 65 kB"
2026-10-02T17:50:44,20261002T174729794601Z,Houston_SanJacinto_2017,label:verify,ok,"usgs_sciencebase USGS 10.5066/F7VH5N3N, San Jacinto child 5aa023ebe4b0b1c392e6881b: ok 20 kB"
2026-10-02T17:50:46,20261002T174729794601Z,Houston_SanJacinto_2017,label:verify,ok,"usgs_stn STN event 180 (2017 Harvey), Harris + Montgomery counties: ok 792 kB"
2026-10-02T17:50:47,20261002T174729794601Z,Jakarta_2020,label:verify,ok,petabencana reports archive (crowdsourced): ok 180 kB
2026-10-02T17:50:50,20261002T174729794601Z,Chennai_2015,label:file_url,info,label Chennai2015_NRSC_inundation_zone.kml: 2009 feature(s) in the study area (sha256 fa6943b2916d)
2026-10-02T17:50:51,20261002T174729794601Z,Chennai_2015,label:assets,ok,"froze 2009 features -> Chennai_2015_labels.gpkg (1.68 MB, sha256 9d6d8b54895b)"
2026-10-02T17:50:52,20261002T174729794601Z,Valencia_2024,label:copernicus_ems,info,1 product(s) imaged outside the event window 2024-10-28..2024-11-09 dropped: ['AOI11 DEL (2024-11-11..2024-11-11)']
2026-10-02T17:50:52,20261002T174729794601Z,Valencia_2024,label:copernicus_ems,ok,9 product(s) of type ['DEL'] imaged ['2024-10-30']..['2024-11-08'] listed by https://rapidmapping.emergency.copernicus.eu
2026-10-02T17:50:54,20261002T174729794601Z,Valencia_2024,label:vector,info,EMSR773_AOI01_DEL_PRODUCT_v1.zip: 1 duplicate layer copy(ies) ignored (same layer as .json and .shp)
2026-10-02T17:51:07,20261002T174729794601Z,Valencia_2024,label:vector,info,EMSR773_AOI01_DEL_MONIT01_v1.zip: 2 duplicate layer copy(ies) ignored (same layer as .json and .shp)
2026-10-02T17:51:22,20261002T174729794601Z,Valencia_2024,label:vector,info,EMSR773_AOI01_DEL_MONIT02_v1.zip: 2 duplicate layer copy(ies) ignored (same layer as .json and .shp)
2026-10-02T17:51:33,20261002T174729794601Z,Valencia_2024,label:vector,info,EMSR773_AOI01_DEL_MONIT03_v1.zip: 2 duplicate layer copy(ies) ignored (same layer as .json and .shp)
2026-10-02T17:51:47,20261002T174729794601Z,Valencia_2024,label:vector,info,EMSR773_AOI01_DEL_MONIT04_v1.zip: 2 duplicate layer copy(ies) ignored (same layer as .json and .shp)
2026-10-02T17:51:58,20261002T174729794601Z,Valencia_2024,label:vector,info,EMSR773_AOI02_DEL_PRODUCT_v2.zip: 1 duplicate layer copy(ies) ignored (same layer as .json and .shp)
2026-10-02T17:52:05,20261002T174729794601Z,Valencia_2024,label:vector,info,"EMSR773_AOI02_DEL_PRODUCT_v2.zip: 1 layer(s) read, none intersecting the study area"
2026-10-02T17:52:07,20261002T174729794601Z,Valencia_2024,label:vector,info,EMSR773_AOI03_DEL_PRODUCT_v1.zip: 1 duplicate layer copy(ies) ignored (same layer as .json and .shp)
2026-10-02T17:52:16,20261002T174729794601Z,Valencia_2024,label:vector,info,EMSR773_AOI04_DEL_PRODUCT_v1.zip: 1 duplicate layer copy(ies) ignored (same layer as .json and .shp)
2026-10-02T17:52:24,20261002T174729794601Z,Valencia_2024,label:vector,info,"EMSR773_AOI04_DEL_PRODUCT_v1.zip: 1 layer(s) read, none intersecting the study area"
2026-10-02T17:52:26,20261002T174729794601Z,Valencia_2024,label:vector,info,EMSR773_AOI06_DEL_MONIT01_v1.zip: 2 duplicate layer copy(ies) ignored (same layer as .json and .shp)
2026-10-02T17:52:35,20261002T174729794601Z,Valencia_2024,label:vector,info,"EMSR773_AOI06_DEL_MONIT01_v1.zip: 2 layer(s) read, none intersecting the study area"
2026-10-02T17:52:35,20261002T174729794601Z,Valencia_2024,label:copernicus_ems,info,"areas of interest outside the study area, not downloaded further: AOI02, AOI04, AOI06"
2026-10-02T17:52:36,20261002T174729794601Z,Valencia_2024,label:assets,ok,"froze 2220 features -> Valencia_2024_labels.gpkg (14.88 MB, sha256 c92ac27780ca)"
2026-10-02T17:52:37,20261002T174729794601Z,EmiliaRomagna_2023a,label:copernicus_ems,ok,4 product(s) of type ['DEL'] imaged ['2023-05-04']..['2023-05-04'] listed by https://rapidmapping.emergency.copernicus.eu
2026-10-02T17:52:39,20261002T174729794601Z,EmiliaRomagna_2023a,label:vector,info,EMSR659_AOI01_DEL_PRODUCT_v2.zip: 2 duplicate layer copy(ies) ignored (same layer as .json and .shp)
2026-10-02T17:52:49,20261002T174729794601Z,EmiliaRomagna_2023a,label:vector,info,EMSR659_AOI02_DEL_PRODUCT_v2.zip: 2 duplicate layer copy(ies) ignored (same layer as .json and .shp)
2026-10-02T17:52:53,20261002T174729794601Z,EmiliaRomagna_2023a,label:vector,info,EMSR659_AOI03_DEL_PRODUCT_v1.zip: 2 duplicate layer copy(ies) ignored (same layer as .json and .shp)
2026-10-02T17:52:59,20261002T174729794601Z,EmiliaRomagna_2023a,label:vector,info,EMSR659_AOI04_DEL_PRODUCT_v1.zip: 4 duplicate layer copy(ies) ignored (same layer as .json and .shp)
2026-10-02T17:53:09,20261002T174729794601Z,EmiliaRomagna_2023a,label:assets,ok,"froze 406 features -> EmiliaRomagna_2023a_labels.gpkg (4.50 MB, sha256 b01f91e49676)"
2026-10-02T17:53:10,20261002T174729794601Z,Forli_2023b,label:copernicus_ems,ok,4 product(s) of type ['DEL'] imaged ['2023-05-17']..['2023-05-21'] listed by https://rapidmapping.emergency.copernicus.eu
2026-10-02T17:53:12,20261002T174729794601Z,Forli_2023b,label:vector,info,EMSR664_AOI01_DEL_PRODUCT_v1.zip: 2 duplicate layer copy(ies) ignored (same layer as .json and .shp)
2026-10-02T17:53:24,20261002T174729794601Z,Forli_2023b,label:vector,info,EMSR664_AOI01_DEL_MONIT01_v1.zip: 4 duplicate layer copy(ies) ignored (same layer as .json and .shp)
2026-10-02T17:53:36,20261002T174729794601Z,Forli_2023b,label:vector,info,EMSR664_AOI01_DEL_MONIT02_v2.zip: 4 duplicate layer copy(ies) ignored (same layer as .json and .shp)
2026-10-02T17:53:48,20261002T174729794601Z,Forli_2023b,label:vector,info,EMSR664_AOI01_DEL_MONIT03_v1.zip: 4 duplicate layer copy(ies) ignored (same layer as .json and .shp)
2026-10-02T17:53:57,20261002T174729794601Z,Forli_2023b,label:assets,ok,"froze 1991 features -> Forli_2023b_labels.gpkg (9.72 MB, sha256 51d9318fcf34)"
2026-10-02T17:53:59,20261002T174729794601Z,York_2015,label:file_url,info,label EA_RFO_4084890_OuseDerwent_2015-12-25.geojson: 1 feature(s) in the study area (sha256 f947819777ad)
2026-10-02T17:53:59,20261002T174729794601Z,York_2015,label:assets,ok,"froze 1 features -> York_2015_labels.gpkg (2.21 MB, sha256 ccd23f13de82)"
2026-10-02T17:53:59,20261002T174729794601Z,Carlisle_2015,label:file_url,info,label EA_RFO_4078182_Carlisle_2015-12-05.geojson: 1 feature(s) in the study area (sha256 357aab8fbb88)
2026-10-02T17:54:00,20261002T174729794601Z,Carlisle_2015,label:assets,ok,"froze 1 features -> Carlisle_2015_labels.gpkg (0.14 MB, sha256 c558ba9f695d)"
2026-10-02T17:54:00,20261002T174729794601Z,PortoAlegre_2024,label:arcgis,info,"4 extent layer(s) dated inside 2024-05-03..2024-05-15: ['Extent Temporal Evolution 04/05/2024', 'Extent Temporal Evolution 06/05/2024', 'Extent Temporal Evolution 08/05/2024', 'Extent Temporal Evolution 10/05/2024']; outside/undated: ['8:Extent Temporal Evolution 30/04/2024', '9:Extent Temporal Evolution 02/05/2024']"
2026-10-02T17:54:16,20261002T174729794601Z,PortoAlegre_2024,label:arcgis,ok,13011 extent features from 4 dated layer(s)
2026-10-02T17:54:17,20261002T174729794601Z,PortoAlegre_2024,label:assets,ok,"froze 13011 features -> PortoAlegre_2024_labels.gpkg (8.08 MB, sha256 63356abba5d6)"
2026-10-02T17:54:18,20261002T174729794601Z,TaquariValley_2024,label:copernicus_ems,ok,7 product(s) of type ['DEL'] imaged ['2024-05-04']..['2024-05-05'] listed by https://rapidmapping.emergency.copernicus.eu
2026-10-02T17:54:20,20261002T174729794601Z,TaquariValley_2024,label:vector,info,EMSR720_AOI02_DEL_PRODUCT_v1.zip: 1 duplicate layer copy(ies) ignored (same layer as .json and .shp)
2026-10-02T17:54:28,20261002T174729794601Z,TaquariValley_2024,label:vector,info,EMSR720_AOI02_DEL_MONIT01_v1.zip: 2 duplicate layer copy(ies) ignored (same layer as .json and .shp)
2026-10-02T17:54:38,20261002T174729794601Z,TaquariValley_2024,label:vector,info,EMSR720_AOI03_DEL_PRODUCT_v1.zip: 1 duplicate layer copy(ies) ignored (same layer as .json and .shp)
2026-10-02T17:54:45,20261002T174729794601Z,TaquariValley_2024,label:assets,ok,"froze 641 features -> TaquariValley_2024_labels.gpkg (1.81 MB, sha256 598a2b9e251c)"
2026-10-02T17:54:46,20261002T174729794601Z,Houston_SanJacinto_2017,label:usgs_sciencebase,info,"1 items in the release; 1 carry a bounding box, 1 intersect the study area; 0 without a bounding box are also searched"
2026-10-02T17:54:57,20261002T174729794601Z,Houston_SanJacinto_2017,label:usgs_sciencebase,info,"features by role: coverage=1, flood=1, ignore=85 (coverage = mapped-area boundary, used as the valid mask; ignore = e.g. HWM points)"
2026-10-02T17:54:58,20261002T174729794601Z,Houston_SanJacinto_2017,label:usgs_sciencebase,ok,1 vector features and 0 depth raster(s) inside the study area
2026-10-02T17:54:59,20261002T174729794601Z,Houston_SanJacinto_2017,label:assets,ok,"froze 1 features -> Houston_SanJacinto_2017_labels.gpkg (31.47 MB, sha256 c2cc8728530f)"
2026-10-02T17:55:00,20261002T174729794601Z,Jakarta_2020,label:petabencana,ok,"289 reports in 2019-12-31..2020-01-04, 255 flood reports inside the study area (buffered 150 m)"
2026-10-02T17:55:00,20261002T174729794601Z,Jakarta_2020,label:assets,ok,"froze 255 features -> Jakarta_2020_labels.gpkg (0.14 MB, sha256 1510c72d92a1)"
2026-10-02T17:55:00,20261002T174729794601Z,,label:assets,ok,manifest written: /content/drive/MyDrive/saturation_v4/label_assets/label_assets_manifest.csv
2026-10-02T17:55:02,20261002T174729794601Z,Chennai_2015,resume:grid_a9aa5a577a,info,loaded from checkpoint (not recomputed)
2026-10-02T17:55:02,20261002T174729794601Z,Chennai_2015,grid,ok,"400x251 raster at 100 m, 41,919 cells in study area, EPSG:32644"
2026-10-02T17:55:03,20261002T174729794601Z,Chennai_2015,resume:physical_beaab38215,info,loaded from checkpoint (not recomputed)
2026-10-02T17:55:03,20261002T174729794601Z,Chennai_2015,resume:labels_ea10f0be23,info,loaded from checkpoint (not recomputed)
2026-10-02T17:55:03,20261002T174729794601Z,Chennai_2015,labels,ok,"source=canonical_gpkg, positives=9404, prevalence=22.4337% of 41,919 observable cells"
2026-10-02T17:55:04,20261002T174729794601Z,Chennai_2015,social:gdelt_parse,ok,8993 raw rows -> 8993 flood-themed -> 8993 mention the city; 0 have a page title (8993 use URL words + GDELT location names; titles exist only from 2019-09-22)
2026-10-02T17:55:05,20261002T174729794601Z,Chennai_2015,social:gdelt_bigquery,info,"8993 fetched -> 8992 kept (1 outside the window, empty or duplicate)"
2026-10-02T17:55:05,20261002T174729794601Z,Chennai_2015,social:gdelt_bigquery,ok,8992 documents in window
2026-10-02T17:55:17,20261002T174729794601Z,Chennai_2015,social:google_news_rss,info,"234 fetched -> 111 kept (123 outside the window, empty or duplicate)"
2026-10-02T17:55:17,20261002T174729794601Z,Chennai_2015,social:google_news_rss,ok,111 documents in window
2026-10-02T17:55:45,20261002T174729794601Z,Chennai_2015,social:reddit_arcticshift,ok,606 documents in window
2026-10-02T17:55:45,20261002T174729794601Z,Chennai_2015,social:petabencana,skip,not an Indonesian city
2026-10-02T17:56:59,20261002T174729794601Z,Chennai_2015,social:wikimedia_commons,info,2441 geotagged files in the box; 0 flood photos taken in the window
2026-10-02T17:56:59,20261002T174729794601Z,Chennai_2015,social:wikimedia_commons,warn,0 documents in window
2026-10-02T17:56:59,20261002T174729794601Z,Chennai_2015,social:dedupe,info,"9709 documents -> 7663 after de-duplication (1370 syndicated wire copies, 676 repeated texts or photos)"
2026-10-02T17:57:01,20261002T174729794601Z,Chennai_2015,resume:gazetteer_355db48032,info,loaded from checkpoint (not recomputed)
2026-10-02T17:57:02,20261002T174729794601Z,Chennai_2015,social:gazetteer,info,2 gazetteer names shared with neighbouring towns outside the study area removed
2026-10-02T17:57:07,20261002T174729794601Z,Chennai_2015,social:toponyms,info,"rule t4: 750 gazetteer candidates rejected at acquisition {'name': 0, 'occurrence': 750}"
2026-10-02T18:24:07,20261002T174729794601Z,Chennai_2015,social:toponyms,info,"rule t4: 4592 NER candidates rejected before geocoding {'name': 1452, 'occurrence': 3140}"
2026-10-02T18:24:07,20261002T174729794601Z,Chennai_2015,social:places,ok,"3615 mentions from 1516 documents (gazetteer names=334, geocoder calls=221, cache hits=1497)"
2026-10-02T18:24:07,20261002T174729794601Z,Chennai_2015,social:concentration,info,"86 distinct locations, effective 19.59; top place 'Adyar' = 14% of mentions; top 5: [('Adyar', 0.144), ('Saidapet', 0.073), ('Kotturpuram', 0.067), ('Kodambakkam', 0.054), ('manali', 0.047)]"
2026-10-02T18:24:26,20261002T174729794601Z,Chennai_2015,acquire:complete,ok,every source answered and every place name was looked up
2026-10-02T18:24:29,20261002T174729794601Z,Chennai_2015,social:localisation,ok,"eligible for the pooled gradient analysis: 3009 mentions in the primary window, 19.02 effective locations, top place Adyar = 0.147 (rule: >= 100, >= 10, <= 0.4)"
2026-10-02T18:24:29,20261002T174729794601Z,Chennai_2015,social:signal,info,"primary-window layer is a news-media signal {'news': 0.975, 'social_media': 0.025}; report it under that name"
2026-10-02T18:24:29,20261002T174729794601Z,Chennai_2015,resume:population_61b9bac9a9,info,loaded from checkpoint (not recomputed)
2026-10-02T18:24:30,20261002T174729794601Z,Chennai_2015,acquire,ok,analysis inputs saved (3.8 MB) in 29.5 min -> Chennai_2015/_analysis_inputs.pkl.gz
2026-10-02T18:24:31,20261002T174729794601Z,Valencia_2024,resume:grid_4e795b1ca1,info,loaded from checkpoint (not recomputed)
2026-10-02T18:24:31,20261002T174729794601Z,Valencia_2024,grid,ok,"228x180 raster at 100 m, 38,269 cells in study area, EPSG:32630"
2026-10-02T18:24:31,20261002T174729794601Z,Valencia_2024,resume:physical_6ff3351ddc,info,loaded from checkpoint (not recomputed)
2026-10-02T18:24:32,20261002T174729794601Z,Valencia_2024,resume:labels_1e4d01701d,info,loaded from checkpoint (not recomputed)
2026-10-02T18:24:32,20261002T174729794601Z,Valencia_2024,labels,ok,"source=canonical_gpkg, positives=10477, prevalence=27.3773% of 38,269 observable cells"
2026-10-02T18:24:36,20261002T174729794601Z,Valencia_2024,social:gdelt_parse,ok,20828 raw rows -> 20828 flood-themed -> 19966 mention the city; 19919 have a page title (47 use URL words + GDELT location names; titles exist only from 2019-09-22)
2026-10-02T18:24:37,20261002T174729794601Z,Valencia_2024,social:gdelt_bigquery,ok,19966 documents in window
2026-10-02T18:24:57,20261002T174729794601Z,Valencia_2024,social:google_news_rss,info,"669 fetched -> 404 kept (265 outside the window, empty or duplicate)"
2026-10-02T18:24:57,20261002T174729794601Z,Valencia_2024,social:google_news_rss,ok,404 documents in window
2026-10-02T18:25:07,20261002T174729794601Z,Valencia_2024,social:reddit_arcticshift,ok,408 documents in window
2026-10-02T18:25:07,20261002T174729794601Z,Valencia_2024,social:petabencana,skip,not an Indonesian city
2026-10-02T18:28:39,20261002T174729794601Z,Valencia_2024,social:wikimedia_commons,info,3899 geotagged files in the box; 0 flood photos taken in the window
2026-10-02T18:28:39,20261002T174729794601Z,Valencia_2024,social:wikimedia_commons,warn,0 documents in window
2026-10-02T18:28:39,20261002T174729794601Z,Valencia_2024,social:dedupe,info,"20778 documents -> 17637 after de-duplication (1362 syndicated wire copies, 1779 repeated texts or photos)"
2026-10-02T18:28:41,20261002T174729794601Z,Valencia_2024,resume:gazetteer_105b05a4ac,info,loaded from checkpoint (not recomputed)
2026-10-02T18:28:41,20261002T174729794601Z,Valencia_2024,social:gazetteer,info,2 gazetteer names shared with neighbouring towns outside the study area removed
2026-10-02T18:28:47,20261002T174729794601Z,Valencia_2024,social:toponyms,info,"rule t4: 403 gazetteer candidates rejected at acquisition {'name': 0, 'occurrence': 403}"
2026-10-02T20:01:01,20261002T174729794601Z,Valencia_2024,social:toponyms,info,"rule t4: 47476 NER candidates rejected before geocoding {'name': 21261, 'occurrence': 26215}"
2026-10-02T20:01:01,20261002T174729794601Z,Valencia_2024,social:places,ok,"2189 mentions from 1659 documents (gazetteer names=145, geocoder calls=854, cache hits=11851)"
2026-10-02T20:01:01,20261002T174729794601Z,Valencia_2024,social:concentration,warn,"25 distinct locations, effective 3.87; top place 'Paiporta' = 44% of mentions; top 5: [('Paiporta', 0.442), ('Sedavi', 0.163), ('Alfafar', 0.135), ('Catarroja', 0.114), ('Picana', 0.067)]  <- the social layer is carried by very few points; it cannot localise flooding. Check the top places are real places inside the study area"
2026-10-02T20:01:37,20261002T174729794601Z,Valencia_2024,acquire:complete,ok,every source answered and every place name was looked up
2026-10-02T20:01:40,20261002T174729794601Z,Valencia_2024,social:localisation,warn,"NOT eligible for the pooled gradient analysis: 1710 mentions in the primary window, 4.0 effective locations, top place Paiporta = 0.429 (rule: >= 100, >= 10, <= 0.4)"
2026-10-02T20:01:40,20261002T174729794601Z,Valencia_2024,social:signal,info,"primary-window layer is a news-media signal {'news': 0.964, 'social_media': 0.036}; report it under that name"
2026-10-02T20:01:40,20261002T174729794601Z,Valencia_2024,resume:population_f9f40345d9,info,loaded from checkpoint (not recomputed)
2026-10-02T20:01:41,20261002T174729794601Z,Valencia_2024,acquire,ok,analysis inputs saved (3.7 MB) in 97.2 min -> Valencia_2024/_analysis_inputs.pkl.gz
2026-10-02T20:01:43,20261002T174729794601Z,EmiliaRomagna_2023a,resume:grid_d82ee58a5f,info,loaded from checkpoint (not recomputed)
2026-10-02T20:01:43,20261002T174729794601Z,EmiliaRomagna_2023a,grid,ok,"387x397 raster at 100 m, 143,322 cells in study area, EPSG:32632"
2026-10-02T20:01:45,20261002T174729794601Z,EmiliaRomagna_2023a,resume:physical_bd2ae38243,info,loaded from checkpoint (not recomputed)
2026-10-02T20:01:45,20261002T174729794601Z,EmiliaRomagna_2023a,resume:labels_fe350fbe87,info,loaded from checkpoint (not recomputed)
2026-10-02T20:01:45,20261002T174729794601Z,EmiliaRomagna_2023a,labels,ok,"source=canonical_gpkg, positives=2576, prevalence=13.1523% of 19,586 observable cells"
2026-10-02T20:01:46,20261002T174729794601Z,EmiliaRomagna_2023a,social:gdelt_parse,ok,1075 raw rows -> 1075 flood-themed -> 1043 mention the city; 1043 have a page title (0 use URL words + GDELT location names; titles exist only from 2019-09-22)
2026-10-02T20:01:46,20261002T174729794601Z,EmiliaRomagna_2023a,social:gdelt_bigquery,ok,1043 documents in window
2026-10-02T20:02:07,20261002T174729794601Z,EmiliaRomagna_2023a,social:google_news_rss,info,"106 fetched -> 52 kept (54 outside the window, empty or duplicate)"
2026-10-02T20:02:07,20261002T174729794601Z,EmiliaRomagna_2023a,social:google_news_rss,ok,52 documents in window
2026-10-02T20:02:12,20261002T174729794601Z,EmiliaRomagna_2023a,social:reddit_arcticshift,ok,74 documents in window
2026-10-02T20:02:12,20261002T174729794601Z,EmiliaRomagna_2023a,social:petabencana,skip,not an Indonesian city
2026-10-02T20:04:53,20261002T174729794601Z,EmiliaRomagna_2023a,social:wikimedia_commons,info,2479 geotagged files in the box; 0 flood photos taken in the window
2026-10-02T20:04:53,20261002T174729794601Z,EmiliaRomagna_2023a,social:wikimedia_commons,warn,0 documents in window
2026-10-02T20:04:53,20261002T174729794601Z,EmiliaRomagna_2023a,social:dedupe,info,"1169 documents -> 1094 after de-duplication (26 syndicated wire copies, 49 repeated texts or photos)"
2026-10-02T20:04:55,20261002T174729794601Z,EmiliaRomagna_2023a,resume:gazetteer_e5429930ba,info,loaded from checkpoint (not recomputed)
2026-10-02T20:04:55,20261002T174729794601Z,EmiliaRomagna_2023a,social:gazetteer,info,5 gazetteer names shared with neighbouring towns outside the study area removed
2026-10-02T20:04:56,20261002T174729794601Z,EmiliaRomagna_2023a,social:toponyms,info,"rule t4: 80 gazetteer candidates rejected at acquisition {'name': 0, 'occurrence': 80}"
2026-10-02T20:10:31,20261002T174729794601Z,EmiliaRomagna_2023a,social:toponyms,info,"rule t4: 1449 NER candidates rejected before geocoding {'name': 867, 'occurrence': 582}"
2026-10-02T20:10:31,20261002T174729794601Z,EmiliaRomagna_2023a,social:places,ok,"277 mentions from 206 documents (gazetteer names=406, geocoder calls=103, cache hits=138)"
2026-10-02T20:10:31,20261002T174729794601Z,EmiliaRomagna_2023a,social:concentration,info,"18 distinct locations, effective 5.25; top place 'Lavezzola' = 32% of mentions; top 5: [('Lavezzola', 0.325), ('Faenza', 0.235), ('Castel Bolognese', 0.108), ('Bagnacavallo', 0.101), ('Conselice', 0.069)]"
2026-10-02T20:10:38,20261002T174729794601Z,EmiliaRomagna_2023a,acquire:complete,ok,every source answered and every place name was looked up
2026-10-02T20:10:39,20261002T174729794601Z,EmiliaRomagna_2023a,social:localisation,warn,"NOT eligible for the pooled gradient analysis: 245 mentions in the primary window, 4.79 effective locations, top place Lavezzola = 0.359 (rule: >= 100, >= 10, <= 0.4)"
2026-10-02T20:10:39,20261002T174729794601Z,EmiliaRomagna_2023a,social:signal,info,primary-window layer is a news-media signal {'news': 1.0}; report it under that name
2026-10-02T20:10:40,20261002T174729794601Z,EmiliaRomagna_2023a,resume:population_5788997820,info,loaded from checkpoint (not recomputed)
2026-10-02T20:10:42,20261002T174729794601Z,EmiliaRomagna_2023a,acquire,ok,analysis inputs saved (10.5 MB) in 9.0 min -> EmiliaRomagna_2023a/_analysis_inputs.pkl.gz
2026-10-02T20:10:43,20261002T174729794601Z,Forli_2023b,resume:grid_cef2163465,info,loaded from checkpoint (not recomputed)
2026-10-02T20:10:43,20261002T174729794601Z,Forli_2023b,grid,ok,"316x320 raster at 100 m, 93,651 cells in study area, EPSG:32633"
2026-10-02T20:10:44,20261002T174729794601Z,Forli_2023b,resume:physical_18b1d715d7,info,loaded from checkpoint (not recomputed)
2026-10-02T20:10:45,20261002T174729794601Z,Forli_2023b,resume:labels_e367e66aad,info,loaded from checkpoint (not recomputed)
2026-10-02T20:10:45,20261002T174729794601Z,Forli_2023b,labels,ok,"source=canonical_gpkg, positives=3856, prevalence=4.5371% of 84,989 observable cells"
2026-10-02T20:10:45,20261002T174729794601Z,Forli_2023b,resume:docs_dd32fac63a,info,loaded from checkpoint (not recomputed)
2026-10-02T20:10:47,20261002T174729794601Z,Forli_2023b,resume:gazetteer_b8f29a3541,info,loaded from checkpoint (not recomputed)
2026-10-02T20:10:47,20261002T174729794601Z,Forli_2023b,social:gazetteer,info,9 gazetteer names shared with neighbouring towns outside the study area removed
2026-10-02T20:10:50,20261002T174729794601Z,Forli_2023b,social:toponyms,info,"rule t4: 161 gazetteer candidates rejected at acquisition {'name': 0, 'occurrence': 161}"
2026-10-02T20:52:18,20261002T174729794601Z,Forli_2023b,social:toponyms,info,"rule t4: 14856 NER candidates rejected before geocoding {'name': 9701, 'occurrence': 5155}"
2026-10-02T20:52:18,20261002T174729794601Z,Forli_2023b,social:places,ok,"311 mentions from 301 documents (gazetteer names=266, geocoder calls=381, cache hits=2185)"
2026-10-02T20:52:18,20261002T174729794601Z,Forli_2023b,social:concentration,warn,"27 distinct locations, effective 4.66; top place 'Dovadola' = 38% of mentions; top 5: [('Dovadola', 0.383), ('Faenza', 0.203), ('Roversano', 0.132), ('Roncalceci', 0.08), ('Durazzano', 0.029)]  <- the social layer is carried by very few points; it cannot localise flooding. Check the top places are real places inside the study area"
2026-10-02T20:52:22,20261002T174729794601Z,Forli_2023b,acquire:complete,ok,every source answered and every place name was looked up
2026-10-02T20:52:24,20261002T174729794601Z,Forli_2023b,social:localisation,warn,"NOT eligible for the pooled gradient analysis: 284 mentions in the primary window, 4.68 effective locations, top place Dovadola = 0.377 (rule: >= 100, >= 10, <= 0.4)"
2026-10-02T20:52:24,20261002T174729794601Z,Forli_2023b,social:signal,info,"primary-window layer is a news-media signal {'news': 0.979, 'social_media': 0.021}; report it under that name"
2026-10-02T20:52:25,20261002T174729794601Z,Forli_2023b,resume:population_911492b6db,info,loaded from checkpoint (not recomputed)
2026-10-02T20:52:27,20261002T174729794601Z,Forli_2023b,acquire,ok,analysis inputs saved (7.5 MB) in 41.7 min -> Forli_2023b/_analysis_inputs.pkl.gz
2026-10-02T20:52:27,20261002T174729794601Z,York_2015,resume:grid_5ca50aa46b,info,loaded from checkpoint (not recomputed)
2026-10-02T20:52:27,20261002T174729794601Z,York_2015,grid,ok,"114x102 raster at 100 m, 10,821 cells in study area, EPSG:32630"
2026-10-02T20:52:28,20261002T174729794601Z,York_2015,resume:physical_9fae66be28,info,loaded from checkpoint (not recomputed)
2026-10-02T20:52:28,20261002T174729794601Z,York_2015,resume:labels_d95413a2d2,info,loaded from checkpoint (not recomputed)
2026-10-02T20:52:29,20261002T174729794601Z,York_2015,labels,ok,"source=canonical_gpkg, positives=514, prevalence=4.7500% of 10,821 observable cells"
2026-10-02T20:52:30,20261002T174729794601Z,York_2015,social:gdelt_parse,ok,8207 raw rows -> 8207 flood-themed -> 8207 mention the city; 0 have a page title (8207 use URL words + GDELT location names; titles exist only from 2019-09-22)
2026-10-02T20:52:30,20261002T174729794601Z,York_2015,social:gdelt_bigquery,ok,8207 documents in window
2026-10-02T20:52:44,20261002T174729794601Z,York_2015,social:google_news_rss,info,"161 fetched -> 69 kept (92 outside the window, empty or duplicate)"
2026-10-02T20:52:44,20261002T174729794601Z,York_2015,social:google_news_rss,ok,69 documents in window
2026-10-02T20:52:57,20261002T174729794601Z,York_2015,social:reddit_arcticshift,ok,558 documents in window
2026-10-02T20:52:57,20261002T174729794601Z,York_2015,social:petabencana,skip,not an Indonesian city
2026-10-02T20:54:32,20261002T174729794601Z,York_2015,social:wikimedia_commons,info,1809 geotagged files in the box; 0 flood photos taken in the window
2026-10-02T20:54:32,20261002T174729794601Z,York_2015,social:wikimedia_commons,warn,0 documents in window
2026-10-02T20:54:33,20261002T174729794601Z,York_2015,social:dedupe,info,"8834 documents -> 4857 after de-duplication (3350 syndicated wire copies, 627 repeated texts or photos)"
2026-10-02T20:54:34,20261002T174729794601Z,York_2015,resume:gazetteer_66f1cf7f73,info,loaded from checkpoint (not recomputed)
2026-10-02T20:54:34,20261002T174729794601Z,York_2015,social:gazetteer,info,1 gazetteer names shared with neighbouring towns outside the study area removed
2026-10-02T20:54:35,20261002T174729794601Z,York_2015,social:toponyms,info,"rule t4: 93 gazetteer candidates rejected at acquisition {'name': 0, 'occurrence': 93}"
2026-10-02T21:27:04,20261002T174729794601Z,York_2015,social:toponyms,info,"rule t4: 26823 NER candidates rejected before geocoding {'name': 6064, 'occurrence': 20759}"
2026-10-02T21:27:04,20261002T174729794601Z,York_2015,social:places,ok,"5 mentions from 3 documents (gazetteer names=27, geocoder calls=426, cache hits=3593)"
2026-10-02T21:27:04,20261002T174729794601Z,York_2015,social:concentration,warn,"2 distinct locations, effective 1.92; top place 'New Earswick' = 60% of mentions; top 5: [('New Earswick', 0.6), ('Earswick', 0.4)]  <- the social layer is carried by very few points; it cannot localise flooding. Check the top places are real places inside the study area"
2026-10-02T21:27:04,20261002T174729794601Z,York_2015,acquire:complete,ok,every source answered and every place name was looked up
2026-10-02T21:27:06,20261002T174729794601Z,York_2015,social,warn,sparse social layer: 5 located mentions in the primary window
2026-10-02T21:27:06,20261002T174729794601Z,York_2015,social:localisation,warn,"NOT eligible for the pooled gradient analysis: 5 mentions in the primary window, 1.92 effective locations, top place New Earswick = 0.6 (rule: >= 100, >= 10, <= 0.4)"
2026-10-02T21:27:06,20261002T174729794601Z,York_2015,social:signal,info,primary-window layer is a news-media signal {'news': 1.0}; report it under that name
2026-10-02T21:27:07,20261002T174729794601Z,York_2015,resume:population_2b840f3a46,info,loaded from checkpoint (not recomputed)
2026-10-02T21:27:07,20261002T174729794601Z,York_2015,acquire,ok,analysis inputs saved (0.7 MB) in 34.7 min -> York_2015/_analysis_inputs.pkl.gz
2026-10-02T21:27:08,20261002T174729794601Z,Carlisle_2015,resume:grid_4bc1f26076,info,loaded from checkpoint (not recomputed)
2026-10-02T21:27:08,20261002T174729794601Z,Carlisle_2015,grid,ok,"123x117 raster at 100 m, 14,037 cells in study area, EPSG:32630"
2026-10-02T21:27:08,20261002T174729794601Z,Carlisle_2015,resume:physical_40c7476a5d,info,loaded from checkpoint (not recomputed)
2026-10-02T21:27:09,20261002T174729794601Z,Carlisle_2015,resume:labels_e20d76e6f3,info,loaded from checkpoint (not recomputed)
2026-10-02T21:27:09,20261002T174729794601Z,Carlisle_2015,labels,ok,"source=canonical_gpkg, positives=1234, prevalence=8.7911% of 14,037 observable cells"
2026-10-02T21:27:10,20261002T174729794601Z,Carlisle_2015,social:gdelt_parse,ok,3325 raw rows -> 3325 flood-themed -> 3325 mention the city; 0 have a page title (3325 use URL words + GDELT location names; titles exist only from 2019-09-22)
2026-10-02T21:27:10,20261002T174729794601Z,Carlisle_2015,social:gdelt_bigquery,ok,3325 documents in window
2026-10-02T21:27:24,20261002T174729794601Z,Carlisle_2015,social:google_news_rss,info,"244 fetched -> 94 kept (150 outside the window, empty or duplicate)"
2026-10-02T21:27:24,20261002T174729794601Z,Carlisle_2015,social:google_news_rss,ok,94 documents in window
2026-10-02T21:27:36,20261002T174729794601Z,Carlisle_2015,social:reddit_arcticshift,ok,174 documents in window
2026-10-02T21:27:36,20261002T174729794601Z,Carlisle_2015,social:petabencana,skip,not an Indonesian city
2026-10-02T21:29:44,20261002T174729794601Z,Carlisle_2015,social:wikimedia_commons,info,1810 geotagged files in the box; 0 flood photos taken in the window
2026-10-02T21:29:44,20261002T174729794601Z,Carlisle_2015,social:wikimedia_commons,warn,0 documents in window
2026-10-02T21:29:44,20261002T174729794601Z,Carlisle_2015,social:dedupe,info,"3593 documents -> 2385 after de-duplication (956 syndicated wire copies, 252 repeated texts or photos)"
2026-10-02T21:29:46,20261002T174729794601Z,Carlisle_2015,resume:gazetteer_1af3e8865d,info,loaded from checkpoint (not recomputed)
2026-10-02T21:44:21,20261002T174729794601Z,Carlisle_2015,social:toponyms,info,"rule t4: 9348 NER candidates rejected before geocoding {'name': 5142, 'occurrence': 4206}"
2026-10-02T21:44:21,20261002T174729794601Z,Carlisle_2015,social:places,ok,"4 mentions from 4 documents (gazetteer names=60, geocoder calls=288, cache hits=2295)"
2026-10-02T21:44:21,20261002T174729794601Z,Carlisle_2015,social:concentration,warn,"1 distinct locations, effective 1.0; top place 'Harraby' = 100% of mentions; top 5: [('Harraby', 1.0)]  <- the social layer is carried by very few points; it cannot localise flooding. Check the top places are real places inside the study area"
2026-10-02T21:44:22,20261002T174729794601Z,Carlisle_2015,acquire:complete,ok,every source answered and every place name was looked up
2026-10-02T21:44:24,20261002T174729794601Z,Carlisle_2015,social,warn,sparse social layer: 2 located mentions in the primary window
2026-10-02T21:44:24,20261002T174729794601Z,Carlisle_2015,social:localisation,warn,"NOT eligible for the pooled gradient analysis: 2 mentions in the primary window, 1.0 effective locations, top place Harraby = 1.0 (rule: >= 100, >= 10, <= 0.4)"
2026-10-02T21:44:24,20261002T174729794601Z,Carlisle_2015,social:signal,info,primary-window layer is a news-media signal {'news': 1.0}; report it under that name
2026-10-02T21:44:25,20261002T174729794601Z,Carlisle_2015,resume:population_bbf84a8691,info,loaded from checkpoint (not recomputed)
2026-10-02T21:44:26,20261002T174729794601Z,Carlisle_2015,acquire,ok,analysis inputs saved (0.7 MB) in 17.3 min -> Carlisle_2015/_analysis_inputs.pkl.gz
2026-10-02T21:44:26,20261002T174729794601Z,PortoAlegre_2024,resume:grid_c36a05bc17,info,loaded from checkpoint (not recomputed)
2026-10-02T21:44:26,20261002T174729794601Z,PortoAlegre_2024,grid,ok,"541x264 raster at 100 m, 141,828 cells in study area, EPSG:32722"
2026-10-02T21:44:28,20261002T174729794601Z,PortoAlegre_2024,resume:physical_c8b2db03fd,info,loaded from checkpoint (not recomputed)
2026-10-02T21:44:28,20261002T174729794601Z,PortoAlegre_2024,resume:labels_11ae2d392e,info,loaded from checkpoint (not recomputed)
2026-10-02T21:44:28,20261002T174729794601Z,PortoAlegre_2024,labels,ok,"source=canonical_gpkg, positives=32153, prevalence=35.1161% of 91,562 observable cells"
2026-10-02T21:44:28,20261002T174729794601Z,PortoAlegre_2024,labels,warn,"prevalence 35.1% is high: Recall@K and AP are near their random baselines by construction, so read info_nats and AUC for this city"
2026-10-02T21:44:29,20261002T174729794601Z,PortoAlegre_2024,social:gdelt_parse,ok,6672 raw rows -> 6672 flood-themed -> 1460 mention the city; 1460 have a page title (0 use URL words + GDELT location names; titles exist only from 2019-09-22)
2026-10-02T21:44:29,20261002T174729794601Z,PortoAlegre_2024,social:gdelt_bigquery,ok,1460 documents in window
2026-10-02T21:44:51,20261002T174729794601Z,PortoAlegre_2024,social:google_news_rss,info,"818 fetched -> 377 kept (441 outside the window, empty or duplicate)"
2026-10-02T21:44:51,20261002T174729794601Z,PortoAlegre_2024,social:google_news_rss,ok,377 documents in window
2026-10-02T21:45:17,20261002T174729794601Z,PortoAlegre_2024,social:reddit_arcticshift,ok,487 documents in window
2026-10-02T21:45:17,20261002T174729794601Z,PortoAlegre_2024,social:petabencana,skip,not an Indonesian city
2026-10-02T21:48:01,20261002T174729794601Z,PortoAlegre_2024,social:wikimedia_commons,info,2474 geotagged files in the box; 0 flood photos taken in the window
2026-10-02T21:48:01,20261002T174729794601Z,PortoAlegre_2024,social:wikimedia_commons,warn,0 documents in window
2026-10-02T21:48:01,20261002T174729794601Z,PortoAlegre_2024,social:dedupe,info,"2324 documents -> 2121 after de-duplication (33 syndicated wire copies, 170 repeated texts or photos)"
2026-10-02T21:48:03,20261002T174729794601Z,PortoAlegre_2024,resume:gazetteer_e722c0447a,info,loaded from checkpoint (not recomputed)
2026-10-02T21:48:03,20261002T174729794601Z,PortoAlegre_2024,social:gazetteer,info,7 gazetteer names shared with neighbouring towns outside the study area removed
2026-10-02T21:48:04,20261002T174729794601Z,PortoAlegre_2024,social:toponyms,info,"rule t4: 462 gazetteer candidates rejected at acquisition {'name': 52, 'occurrence': 410}"
2026-10-02T22:00:45,20261002T174729794601Z,PortoAlegre_2024,social:toponyms,info,"rule t4: 1670 NER candidates rejected before geocoding {'name': 591, 'occurrence': 1079}"
2026-10-02T22:00:45,20261002T174729794601Z,PortoAlegre_2024,social:places,ok,"112 mentions from 97 documents (gazetteer names=376, geocoder calls=179, cache hits=757)"
2026-10-02T22:00:45,20261002T174729794601Z,PortoAlegre_2024,social:concentration,info,"26 distinct locations, effective 6.1; top place 'Belem Novo' = 35% of mentions; top 5: [('Belem Novo', 0.348), ('Nossa Senhora das Gracas', 0.161), ('Vargas', 0.08), ('Tres Figueiras', 0.045), ('Menino Deus', 0.045)]"
2026-10-02T22:00:51,20261002T174729794601Z,PortoAlegre_2024,acquire:complete,ok,every source answered and every place name was looked up
2026-10-02T22:00:53,20261002T174729794601Z,PortoAlegre_2024,social:localisation,warn,"NOT eligible for the pooled gradient analysis: 80 mentions in the primary window, 5.77 effective locations, top place Belem Novo = 0.338 (rule: >= 100, >= 10, <= 0.4)"
2026-10-02T22:00:53,20261002T174729794601Z,PortoAlegre_2024,social:signal,info,"primary-window layer is a news-media signal {'news': 0.912, 'social_media': 0.087}; report it under that name"
2026-10-02T22:00:53,20261002T174729794601Z,PortoAlegre_2024,resume:population_fc0ddbd7f7,info,loaded from checkpoint (not recomputed)
2026-10-02T22:00:56,20261002T174729794601Z,PortoAlegre_2024,acquire,ok,analysis inputs saved (9.0 MB) in 16.5 min -> PortoAlegre_2024/_analysis_inputs.pkl.gz
2026-10-02T22:00:56,20261002T174729794601Z,TaquariValley_2024,resume:grid_b1147904ff,info,loaded from checkpoint (not recomputed)
2026-10-02T22:00:56,20261002T174729794601Z,TaquariValley_2024,grid,ok,"150x95 raster at 100 m, 13,823 cells in study area, EPSG:32722"
2026-10-02T22:00:57,20261002T174729794601Z,TaquariValley_2024,resume:physical_4270429ec5,info,loaded from checkpoint (not recomputed)
2026-10-02T22:00:57,20261002T174729794601Z,TaquariValley_2024,resume:labels_c9df784651,info,loaded from checkpoint (not recomputed)
2026-10-02T22:00:57,20261002T174729794601Z,TaquariValley_2024,labels,ok,"source=canonical_gpkg, positives=463, prevalence=9.2011% of 5,032 observable cells"
2026-10-02T22:00:58,20261002T174729794601Z,TaquariValley_2024,social:gdelt_parse,ok,356 raw rows -> 356 flood-themed -> 350 mention the city; 350 have a page title (0 use URL words + GDELT location names; titles exist only from 2019-09-22)
2026-10-02T22:00:58,20261002T174729794601Z,TaquariValley_2024,social:gdelt_bigquery,ok,350 documents in window
2026-10-02T22:01:19,20261002T174729794601Z,TaquariValley_2024,social:google_news_rss,info,"203 fetched -> 85 kept (118 outside the window, empty or duplicate)"
2026-10-02T22:01:19,20261002T174729794601Z,TaquariValley_2024,social:google_news_rss,ok,85 documents in window
2026-10-02T22:01:38,20261002T174729794601Z,TaquariValley_2024,social:reddit_arcticshift,ok,289 documents in window
2026-10-02T22:01:38,20261002T174729794601Z,TaquariValley_2024,social:petabencana,skip,not an Indonesian city
2026-10-02T22:01:42,20261002T174729794601Z,TaquariValley_2024,social:wikimedia_commons,info,9 geotagged files in the box; 0 flood photos taken in the window
2026-10-02T22:01:42,20261002T174729794601Z,TaquariValley_2024,social:wikimedia_commons,warn,0 documents in window
2026-10-02T22:01:42,20261002T174729794601Z,TaquariValley_2024,social:dedupe,info,"724 documents -> 569 after de-duplication (28 syndicated wire copies, 127 repeated texts or photos)"
2026-10-02T22:01:43,20261002T174729794601Z,TaquariValley_2024,resume:gazetteer_3b04cc1643,info,loaded from checkpoint (not recomputed)
2026-10-02T22:01:43,20261002T174729794601Z,TaquariValley_2024,social:gazetteer,info,2 gazetteer names shared with neighbouring towns outside the study area removed
2026-10-02T22:01:43,20261002T174729794601Z,TaquariValley_2024,social:toponyms,info,"rule t4: 7 gazetteer candidates rejected at acquisition {'name': 0, 'occurrence': 7}"
2026-10-02T22:05:44,20261002T174729794601Z,TaquariValley_2024,social:toponyms,info,"rule t4: 261 NER candidates rejected before geocoding {'name': 66, 'occurrence': 195}"
2026-10-02T22:05:44,20261002T174729794601Z,TaquariValley_2024,social:places,ok,"50 mentions from 48 documents (gazetteer names=10, geocoder calls=75, cache hits=285)"
2026-10-02T22:05:44,20261002T174729794601Z,TaquariValley_2024,social:concentration,warn,"2 distinct locations, effective 1.42; top place 'Encantado' = 82% of mentions; top 5: [('Encantado', 0.82), ('Roca Sales', 0.18)]  <- the social layer is carried by very few points; it cannot localise flooding. Check the top places are real places inside the study area"
2026-10-02T22:05:48,20261002T174729794601Z,TaquariValley_2024,acquire:complete,ok,every source answered and every place name was looked up
2026-10-02T22:05:50,20261002T174729794601Z,TaquariValley_2024,social:localisation,warn,"NOT eligible for the pooled gradient analysis: 48 mentions in the primary window, 1.38 effective locations, top place Encantado = 0.833 (rule: >= 100, >= 10, <= 0.4)"
2026-10-02T22:05:50,20261002T174729794601Z,TaquariValley_2024,social:signal,info,"primary-window layer is a news-media signal {'news': 0.938, 'social_media': 0.062}; report it under that name"
2026-10-02T22:05:50,20261002T174729794601Z,TaquariValley_2024,resume:population_56291df856,info,loaded from checkpoint (not recomputed)
2026-10-02T22:05:51,20261002T174729794601Z,TaquariValley_2024,acquire,ok,analysis inputs saved (1.0 MB) in 4.9 min -> TaquariValley_2024/_analysis_inputs.pkl.gz
2026-10-02T22:05:51,20261002T174729794601Z,Houston_SanJacinto_2017,resume:grid_05112b5552,info,loaded from checkpoint (not recomputed)
2026-10-02T22:05:51,20261002T174729794601Z,Houston_SanJacinto_2017,grid,ok,"442x436 raster at 150 m, 184,495 cells in study area, EPSG:32615"
2026-10-02T22:05:52,20261002T174729794601Z,Houston_SanJacinto_2017,grid,warn,cell size 150 m differs from the study default 100 m (large study area); report this per-city resolution in the paper
2026-10-02T22:05:52,20261002T174729794601Z,Houston_SanJacinto_2017,resume:physical_91f8e4a939,info,loaded from checkpoint (not recomputed)
2026-10-02T22:05:53,20261002T174729794601Z,Houston_SanJacinto_2017,resume:labels_276e2926a7,info,loaded from checkpoint (not recomputed)
2026-10-02T22:05:53,20261002T174729794601Z,Houston_SanJacinto_2017,labels,ok,"source=canonical_gpkg, positives=27565, prevalence=30.8375% of 89,388 observable cells"
2026-10-02T22:06:07,20261002T174729794601Z,Houston_SanJacinto_2017,social:gdelt_parse,ok,81621 raw rows -> 81621 flood-themed -> 78179 mention the city; 0 have a page title (78179 use URL words + GDELT location names; titles exist only from 2019-09-22)
2026-10-02T22:06:12,20261002T174729794601Z,Houston_SanJacinto_2017,social:gdelt_bigquery,info,"78179 fetched -> 78156 kept (23 outside the window, empty or duplicate)"
2026-10-02T22:06:12,20261002T174729794601Z,Houston_SanJacinto_2017,social:gdelt_bigquery,ok,78156 documents in window
2026-10-02T22:06:25,20261002T174729794601Z,Houston_SanJacinto_2017,social:google_news_rss,info,"68 fetched -> 35 kept (33 outside the window, empty or duplicate)"
2026-10-02T22:06:25,20261002T174729794601Z,Houston_SanJacinto_2017,social:google_news_rss,ok,35 documents in window
2026-10-02T22:07:17,20261002T174729794601Z,Houston_SanJacinto_2017,social:reddit_arcticshift,ok,2995 documents in window
2026-10-02T22:07:17,20261002T174729794601Z,Houston_SanJacinto_2017,social:petabencana,skip,not an Indonesian city
2026-10-02T22:11:34,20261002T174729794601Z,Houston_SanJacinto_2017,social:wikimedia_commons,info,2916 geotagged files in the box; 1 flood photos taken in the window
2026-10-02T22:11:34,20261002T174729794601Z,Houston_SanJacinto_2017,social:wikimedia_commons,ok,1 documents in window
2026-10-02T22:11:35,20261002T174729794601Z,Houston_SanJacinto_2017,social:dedupe,info,"81187 documents -> 42563 after de-duplication (30262 syndicated wire copies, 8362 repeated texts or photos)"
2026-10-02T22:11:37,20261002T174729794601Z,Houston_SanJacinto_2017,resume:gazetteer_ee39dac93a,info,loaded from checkpoint (not recomputed)
2026-10-02T22:11:37,20261002T174729794601Z,Houston_SanJacinto_2017,social:gazetteer,info,1 gazetteer names shared with neighbouring towns outside the study area removed
2026-10-02T22:11:57,20261002T174729794601Z,Houston_SanJacinto_2017,social:toponyms,info,"rule t4: 1711 gazetteer candidates rejected at acquisition {'name': 809, 'occurrence': 902}"
2026-10-03T04:45:38,20261003T044203549323Z,Chennai_2015,label:verify,ok,file_url NRSC 2015 flood inundation zone (via Chennai SDSS; image date/sensor not stated): ok 5475 kB
2026-10-03T04:45:43,20261003T044203549323Z,Chennai_2015,label:verify,ok,file_url GCC water-stagnation locations 2015 (points): ok 513 kB
2026-10-03T04:45:44,20261003T044203549323Z,Chennai_2015,label:verify,ok,"file_url OSM-India crowdsourced flooded streets, 11:00 2 Dec 2015: ok 949 kB"
2026-10-03T04:45:44,20261003T044203549323Z,Chennai_2015,label:verify,ok,gfd Global Flood Database DFO 4309 (MODIS 250 m): ok 108 kB
2026-10-03T04:45:46,20261003T044203549323Z,Valencia_2024,label:verify,ok,copernicus_ems EMSR773 (DEL images 30 Oct - 8 Nov 2024): ok 233 kB
2026-10-03T04:45:47,20261003T044203549323Z,EmiliaRomagna_2023a,label:verify,ok,copernicus_ems EMSR659 (DEL images 4 May 2023): ok 36 kB
2026-10-03T04:45:49,20261003T044203549323Z,Forli_2023b,label:verify,ok,copernicus_ems EMSR664 AOI01 Forlì (DEL images 17-21 May 2023): ok 42 kB
2026-10-03T04:45:51,20261003T044203549323Z,York_2015,label:verify,ok,file_url EA Recorded Flood Outline rec_out_id 4084890 'December 2015 Flood Event' (Ouse/Derwent; clipped to York): ok 2878 kB
2026-10-03T04:46:05,20261003T044203549323Z,York_2015,label:verify,ok,copernicus_ems EMSR150 AOI01 York delineation: ok 2481 kB
2026-10-03T04:46:07,20261003T044203549323Z,Carlisle_2015,label:verify,ok,file_url EA Recorded Flood Outline rec_out_id 4078182 'Carlisle (including Crosby-on-Eden) 05_12_2015': ok 53 kB
2026-10-03T04:46:18,20261003T044203549323Z,Carlisle_2015,label:verify,ok,copernicus_ems EMSR147 AOI01 Carlisle delineation: ok 1930 kB
2026-10-03T04:46:19,20261003T044203549323Z,PortoAlegre_2024,label:verify,ok,arcgis_featureserver EMSN194 Extent Temporal Evolution layers: ok 3 kB
2026-10-03T04:46:20,20261003T044203549323Z,TaquariValley_2024,label:verify,ok,"copernicus_ems EMSR720 (AOIs Guaporé, Encantado, Roca Sales, Das Antas, Santa Tereza): ok 65 kB"
2026-10-03T04:46:21,20261003T044203549323Z,Houston_SanJacinto_2017,label:verify,warn,"usgs_sciencebase USGS 10.5066/F7VH5N3N, San Jacinto child 5aa023ebe4b0b1c392e6881b: http 403 6 kB"
2026-10-03T04:46:24,20261003T044203549323Z,Houston_SanJacinto_2017,label:verify,ok,"usgs_stn STN event 180 (2017 Harvey), Harris + Montgomery counties: ok 792 kB"
2026-10-03T04:46:24,20261003T044203549323Z,Jakarta_2020,label:verify,ok,petabencana reports archive (crowdsourced): ok 180 kB
2026-10-03T04:46:29,20261003T044203549323Z,Chennai_2015,label:file_url,info,label Chennai2015_NRSC_inundation_zone.kml: 2009 feature(s) in the study area (sha256 fa6943b2916d)
2026-10-03T04:46:29,20261003T044203549323Z,Chennai_2015,label:assets,ok,"froze 2009 features -> Chennai_2015_labels.gpkg (1.68 MB, sha256 31d7652c7d77)"
2026-10-03T04:46:31,20261003T044203549323Z,Valencia_2024,label:copernicus_ems,info,1 product(s) imaged outside the event window 2024-10-28..2024-11-09 dropped: ['AOI11 DEL (2024-11-11..2024-11-11)']
2026-10-03T04:46:31,20261003T044203549323Z,Valencia_2024,label:copernicus_ems,ok,9 product(s) of type ['DEL'] imaged ['2024-10-30']..['2024-11-08'] listed by https://rapidmapping.emergency.copernicus.eu
2026-10-03T04:46:34,20261003T044203549323Z,Valencia_2024,label:vector,info,EMSR773_AOI01_DEL_PRODUCT_v1.zip: 1 duplicate layer copy(ies) ignored (same layer as .json and .shp)
2026-10-03T04:46:45,20261003T044203549323Z,Valencia_2024,label:vector,info,EMSR773_AOI01_DEL_MONIT01_v1.zip: 2 duplicate layer copy(ies) ignored (same layer as .json and .shp)
2026-10-03T04:47:04,20261003T044203549323Z,Valencia_2024,label:vector,info,EMSR773_AOI01_DEL_MONIT02_v1.zip: 2 duplicate layer copy(ies) ignored (same layer as .json and .shp)
2026-10-03T04:47:17,20261003T044203549323Z,Valencia_2024,label:vector,info,EMSR773_AOI01_DEL_MONIT03_v1.zip: 2 duplicate layer copy(ies) ignored (same layer as .json and .shp)
2026-10-03T04:47:28,20261003T044203549323Z,Valencia_2024,label:vector,info,EMSR773_AOI01_DEL_MONIT04_v1.zip: 2 duplicate layer copy(ies) ignored (same layer as .json and .shp)
2026-10-03T04:47:41,20261003T044203549323Z,Valencia_2024,label:vector,info,EMSR773_AOI02_DEL_PRODUCT_v2.zip: 1 duplicate layer copy(ies) ignored (same layer as .json and .shp)
2026-10-03T04:47:49,20261003T044203549323Z,Valencia_2024,label:vector,info,"EMSR773_AOI02_DEL_PRODUCT_v2.zip: 1 layer(s) read, none intersecting the study area"
2026-10-03T04:47:51,20261003T044203549323Z,Valencia_2024,label:vector,info,EMSR773_AOI03_DEL_PRODUCT_v1.zip: 1 duplicate layer copy(ies) ignored (same layer as .json and .shp)
2026-10-03T04:48:07,20261003T044203549323Z,Valencia_2024,label:vector,info,EMSR773_AOI04_DEL_PRODUCT_v1.zip: 1 duplicate layer copy(ies) ignored (same layer as .json and .shp)
2026-10-03T04:48:14,20261003T044203549323Z,Valencia_2024,label:vector,info,"EMSR773_AOI04_DEL_PRODUCT_v1.zip: 1 layer(s) read, none intersecting the study area"
2026-10-03T04:48:16,20261003T044203549323Z,Valencia_2024,label:vector,info,EMSR773_AOI06_DEL_MONIT01_v1.zip: 2 duplicate layer copy(ies) ignored (same layer as .json and .shp)
2026-10-03T04:48:24,20261003T044203549323Z,Valencia_2024,label:vector,info,"EMSR773_AOI06_DEL_MONIT01_v1.zip: 2 layer(s) read, none intersecting the study area"
2026-10-03T04:48:24,20261003T044203549323Z,Valencia_2024,label:copernicus_ems,info,"areas of interest outside the study area, not downloaded further: AOI02, AOI04, AOI06"
2026-10-03T04:48:25,20261003T044203549323Z,Valencia_2024,label:assets,ok,"froze 2220 features -> Valencia_2024_labels.gpkg (14.88 MB, sha256 bfda79042747)"
2026-10-03T04:48:26,20261003T044203549323Z,EmiliaRomagna_2023a,label:copernicus_ems,ok,4 product(s) of type ['DEL'] imaged ['2023-05-04']..['2023-05-04'] listed by https://rapidmapping.emergency.copernicus.eu
2026-10-03T04:48:29,20261003T044203549323Z,EmiliaRomagna_2023a,label:vector,info,EMSR659_AOI01_DEL_PRODUCT_v2.zip: 2 duplicate layer copy(ies) ignored (same layer as .json and .shp)
2026-10-03T04:48:42,20261003T044203549323Z,EmiliaRomagna_2023a,label:vector,info,EMSR659_AOI02_DEL_PRODUCT_v2.zip: 2 duplicate layer copy(ies) ignored (same layer as .json and .shp)
2026-10-03T04:48:47,20261003T044203549323Z,EmiliaRomagna_2023a,label:vector,info,EMSR659_AOI03_DEL_PRODUCT_v1.zip: 2 duplicate layer copy(ies) ignored (same layer as .json and .shp)
2026-10-03T04:48:55,20261003T044203549323Z,EmiliaRomagna_2023a,label:vector,info,EMSR659_AOI04_DEL_PRODUCT_v1.zip: 4 duplicate layer copy(ies) ignored (same layer as .json and .shp)
2026-10-03T04:49:03,20261003T044203549323Z,EmiliaRomagna_2023a,label:assets,ok,"froze 406 features -> EmiliaRomagna_2023a_labels.gpkg (4.50 MB, sha256 9769dcb64629)"
2026-10-03T04:49:04,20261003T044203549323Z,Forli_2023b,label:copernicus_ems,ok,4 product(s) of type ['DEL'] imaged ['2023-05-17']..['2023-05-21'] listed by https://rapidmapping.emergency.copernicus.eu
2026-10-03T04:49:07,20261003T044203549323Z,Forli_2023b,label:vector,info,EMSR664_AOI01_DEL_PRODUCT_v1.zip: 2 duplicate layer copy(ies) ignored (same layer as .json and .shp)
2026-10-03T04:49:22,20261003T044203549323Z,Forli_2023b,label:vector,info,EMSR664_AOI01_DEL_MONIT01_v1.zip: 4 duplicate layer copy(ies) ignored (same layer as .json and .shp)
2026-10-03T04:49:40,20261003T044203549323Z,Forli_2023b,label:vector,info,EMSR664_AOI01_DEL_MONIT02_v2.zip: 4 duplicate layer copy(ies) ignored (same layer as .json and .shp)
2026-10-03T04:49:52,20261003T044203549323Z,Forli_2023b,label:vector,info,EMSR664_AOI01_DEL_MONIT03_v1.zip: 4 duplicate layer copy(ies) ignored (same layer as .json and .shp)
2026-10-03T04:50:05,20261003T044203549323Z,Forli_2023b,label:assets,ok,"froze 1991 features -> Forli_2023b_labels.gpkg (9.72 MB, sha256 65c40d570e1c)"
2026-10-03T04:50:07,20261003T044203549323Z,York_2015,label:file_url,info,label EA_RFO_4084890_OuseDerwent_2015-12-25.geojson: 1 feature(s) in the study area (sha256 f947819777ad)
2026-10-03T04:50:07,20261003T044203549323Z,York_2015,label:assets,ok,"froze 1 features -> York_2015_labels.gpkg (2.21 MB, sha256 89b26e21f9d8)"
2026-10-03T04:50:08,20261003T044203549323Z,Carlisle_2015,label:file_url,info,label EA_RFO_4078182_Carlisle_2015-12-05.geojson: 1 feature(s) in the study area (sha256 357aab8fbb88)
2026-10-03T04:50:08,20261003T044203549323Z,Carlisle_2015,label:assets,ok,"froze 1 features -> Carlisle_2015_labels.gpkg (0.14 MB, sha256 fd251d380811)"
2026-10-03T04:50:09,20261003T044203549323Z,PortoAlegre_2024,label:arcgis,info,"4 extent layer(s) dated inside 2024-05-03..2024-05-15: ['Extent Temporal Evolution 04/05/2024', 'Extent Temporal Evolution 06/05/2024', 'Extent Temporal Evolution 08/05/2024', 'Extent Temporal Evolution 10/05/2024']; outside/undated: ['8:Extent Temporal Evolution 30/04/2024', '9:Extent Temporal Evolution 02/05/2024']"
2026-10-03T04:50:27,20261003T044203549323Z,PortoAlegre_2024,label:arcgis,ok,13011 extent features from 4 dated layer(s)
2026-10-03T04:50:28,20261003T044203549323Z,PortoAlegre_2024,label:assets,ok,"froze 13011 features -> PortoAlegre_2024_labels.gpkg (8.08 MB, sha256 f58ae1c49cc5)"
2026-10-03T04:50:29,20261003T044203549323Z,TaquariValley_2024,label:copernicus_ems,ok,7 product(s) of type ['DEL'] imaged ['2024-05-04']..['2024-05-05'] listed by https://rapidmapping.emergency.copernicus.eu
2026-10-03T04:50:31,20261003T044203549323Z,TaquariValley_2024,label:vector,info,EMSR720_AOI02_DEL_PRODUCT_v1.zip: 1 duplicate layer copy(ies) ignored (same layer as .json and .shp)
2026-10-03T04:50:47,20261003T044203549323Z,TaquariValley_2024,label:vector,info,EMSR720_AOI02_DEL_MONIT01_v1.zip: 2 duplicate layer copy(ies) ignored (same layer as .json and .shp)
2026-10-03T04:50:58,20261003T044203549323Z,TaquariValley_2024,label:vector,info,EMSR720_AOI03_DEL_PRODUCT_v1.zip: 1 duplicate layer copy(ies) ignored (same layer as .json and .shp)
2026-10-03T04:51:08,20261003T044203549323Z,TaquariValley_2024,label:assets,ok,"froze 641 features -> TaquariValley_2024_labels.gpkg (1.81 MB, sha256 ce33e126065b)"
2026-10-03T04:51:08,20261003T044203549323Z,Houston_SanJacinto_2017,label:assets,warn,could not freeze usgs_sciencebase: ScienceBase item 5aa023ebe4b0b1c392e6881b unavailable
2026-10-03T04:51:09,20261003T044203549323Z,Jakarta_2020,label:petabencana,ok,"289 reports in 2019-12-31..2020-01-04, 255 flood reports inside the study area (buffered 150 m)"
2026-10-03T04:51:09,20261003T044203549323Z,Jakarta_2020,label:assets,ok,"froze 255 features -> Jakarta_2020_labels.gpkg (0.14 MB, sha256 b8c2af022938)"
2026-10-03T04:51:10,20261003T044203549323Z,,label:assets,ok,manifest written: /content/drive/MyDrive/saturation_v4/label_assets/label_assets_manifest.csv
2026-10-03T04:51:13,20261003T044203549323Z,Chennai_2015,resume:grid_a9aa5a577a,info,loaded from checkpoint (not recomputed)
2026-10-03T04:51:13,20261003T044203549323Z,Chennai_2015,grid,ok,"400x251 raster at 100 m, 41,919 cells in study area, EPSG:32644"
2026-10-03T04:51:14,20261003T044203549323Z,Chennai_2015,resume:physical_beaab38215,info,loaded from checkpoint (not recomputed)
2026-10-03T04:51:15,20261003T044203549323Z,Chennai_2015,resume:labels_ea10f0be23,info,loaded from checkpoint (not recomputed)
2026-10-03T04:51:15,20261003T044203549323Z,Chennai_2015,labels,ok,"source=canonical_gpkg, positives=9404, prevalence=22.4337% of 41,919 observable cells"
2026-10-03T04:51:15,20261003T044203549323Z,Chennai_2015,resume:docs_bfd9d9e3ad,info,loaded from checkpoint (not recomputed)
2026-10-03T04:51:17,20261003T044203549323Z,Chennai_2015,resume:gazetteer_355db48032,info,loaded from checkpoint (not recomputed)
2026-10-03T04:51:18,20261003T044203549323Z,Chennai_2015,resume:mentions_0edef7bf53,info,loaded from checkpoint (not recomputed)
2026-10-03T04:51:18,20261003T044203549323Z,Chennai_2015,acquire:complete,ok,every source answered and every place name was looked up
2026-10-03T04:51:20,20261003T044203549323Z,Chennai_2015,social:localisation,ok,"eligible for the pooled gradient analysis: 3009 mentions in the primary window, 19.02 effective locations, top place Adyar = 0.147 (rule: >= 100, >= 10, <= 0.4)"
2026-10-03T04:51:20,20261003T044203549323Z,Chennai_2015,social:signal,info,"primary-window layer is a news-media signal {'news': 0.975, 'social_media': 0.025}; report it under that name"
2026-10-03T04:51:21,20261003T044203549323Z,Chennai_2015,resume:population_61b9bac9a9,info,loaded from checkpoint (not recomputed)
2026-10-03T04:51:22,20261003T044203549323Z,Chennai_2015,acquire,ok,analysis inputs saved (3.8 MB) in 0.2 min -> Chennai_2015/_analysis_inputs.pkl.gz
2026-10-03T04:51:23,20261003T044203549323Z,Valencia_2024,resume:grid_4e795b1ca1,info,loaded from checkpoint (not recomputed)
2026-10-03T04:51:23,20261003T044203549323Z,Valencia_2024,grid,ok,"228x180 raster at 100 m, 38,269 cells in study area, EPSG:32630"
2026-10-03T04:51:24,20261003T044203549323Z,Valencia_2024,resume:physical_6ff3351ddc,info,loaded from checkpoint (not recomputed)
2026-10-03T04:51:24,20261003T044203549323Z,Valencia_2024,resume:labels_1e4d01701d,info,loaded from checkpoint (not recomputed)
2026-10-03T04:51:24,20261003T044203549323Z,Valencia_2024,labels,ok,"source=canonical_gpkg, positives=10477, prevalence=27.3773% of 38,269 observable cells"
2026-10-03T04:51:26,20261003T044203549323Z,Valencia_2024,resume:docs_f758eb233c,info,loaded from checkpoint (not recomputed)
2026-10-03T04:51:28,20261003T044203549323Z,Valencia_2024,resume:gazetteer_105b05a4ac,info,loaded from checkpoint (not recomputed)
2026-10-03T04:51:28,20261003T044203549323Z,Valencia_2024,resume:mentions_f8664627c7,info,loaded from checkpoint (not recomputed)
2026-10-03T04:51:28,20261003T044203549323Z,Valencia_2024,acquire:complete,ok,every source answered and every place name was looked up
2026-10-03T04:51:31,20261003T044203549323Z,Valencia_2024,social:localisation,warn,"NOT eligible for the pooled gradient analysis: 1710 mentions in the primary window, 4.0 effective locations, top place Paiporta = 0.429 (rule: >= 100, >= 10, <= 0.4)"
2026-10-03T04:51:31,20261003T044203549323Z,Valencia_2024,social:signal,info,"primary-window layer is a news-media signal {'news': 0.964, 'social_media': 0.036}; report it under that name"
2026-10-03T04:51:31,20261003T044203549323Z,Valencia_2024,resume:population_f9f40345d9,info,loaded from checkpoint (not recomputed)
2026-10-03T04:51:33,20261003T044203549323Z,Valencia_2024,acquire,ok,analysis inputs saved (3.7 MB) in 0.2 min -> Valencia_2024/_analysis_inputs.pkl.gz
2026-10-03T04:51:34,20261003T044203549323Z,EmiliaRomagna_2023a,resume:grid_d82ee58a5f,info,loaded from checkpoint (not recomputed)
2026-10-03T04:51:34,20261003T044203549323Z,EmiliaRomagna_2023a,grid,ok,"387x397 raster at 100 m, 143,322 cells in study area, EPSG:32632"
2026-10-03T04:51:36,20261003T044203549323Z,EmiliaRomagna_2023a,resume:physical_bd2ae38243,info,loaded from checkpoint (not recomputed)
2026-10-03T04:51:37,20261003T044203549323Z,EmiliaRomagna_2023a,resume:labels_fe350fbe87,info,loaded from checkpoint (not recomputed)
2026-10-03T04:51:37,20261003T044203549323Z,EmiliaRomagna_2023a,labels,ok,"source=canonical_gpkg, positives=2576, prevalence=13.1523% of 19,586 observable cells"
2026-10-03T04:51:38,20261003T044203549323Z,EmiliaRomagna_2023a,resume:docs_b1d62d8114,info,loaded from checkpoint (not recomputed)
2026-10-03T04:51:40,20261003T044203549323Z,EmiliaRomagna_2023a,resume:gazetteer_e5429930ba,info,loaded from checkpoint (not recomputed)
2026-10-03T04:51:40,20261003T044203549323Z,EmiliaRomagna_2023a,resume:mentions_44f5ae909e,info,loaded from checkpoint (not recomputed)
2026-10-03T04:51:40,20261003T044203549323Z,EmiliaRomagna_2023a,acquire:complete,ok,every source answered and every place name was looked up
2026-10-03T04:51:42,20261003T044203549323Z,EmiliaRomagna_2023a,social:localisation,warn,"NOT eligible for the pooled gradient analysis: 245 mentions in the primary window, 4.79 effective locations, top place Lavezzola = 0.359 (rule: >= 100, >= 10, <= 0.4)"
2026-10-03T04:51:42,20261003T044203549323Z,EmiliaRomagna_2023a,social:signal,info,primary-window layer is a news-media signal {'news': 1.0}; report it under that name
2026-10-03T04:51:42,20261003T044203549323Z,EmiliaRomagna_2023a,resume:population_5788997820,info,loaded from checkpoint (not recomputed)
2026-10-03T04:51:45,20261003T044203549323Z,EmiliaRomagna_2023a,acquire,ok,analysis inputs saved (10.5 MB) in 0.2 min -> EmiliaRomagna_2023a/_analysis_inputs.pkl.gz
2026-10-03T04:51:46,20261003T044203549323Z,Forli_2023b,resume:grid_cef2163465,info,loaded from checkpoint (not recomputed)
2026-10-03T04:51:46,20261003T044203549323Z,Forli_2023b,grid,ok,"316x320 raster at 100 m, 93,651 cells in study area, EPSG:32633"
2026-10-03T04:51:47,20261003T044203549323Z,Forli_2023b,resume:physical_18b1d715d7,info,loaded from checkpoint (not recomputed)
2026-10-03T04:51:48,20261003T044203549323Z,Forli_2023b,resume:labels_e367e66aad,info,loaded from checkpoint (not recomputed)
2026-10-03T04:51:48,20261003T044203549323Z,Forli_2023b,labels,ok,"source=canonical_gpkg, positives=3856, prevalence=4.5371% of 84,989 observable cells"
2026-10-03T04:51:49,20261003T044203549323Z,Forli_2023b,resume:docs_dd32fac63a,info,loaded from checkpoint (not recomputed)
2026-10-03T04:51:51,20261003T044203549323Z,Forli_2023b,resume:gazetteer_b8f29a3541,info,loaded from checkpoint (not recomputed)
2026-10-03T04:51:51,20261003T044203549323Z,Forli_2023b,resume:mentions_cfdea5766c,info,loaded from checkpoint (not recomputed)
2026-10-03T04:51:51,20261003T044203549323Z,Forli_2023b,acquire:complete,ok,every source answered and every place name was looked up
2026-10-03T04:51:53,20261003T044203549323Z,Forli_2023b,social:localisation,warn,"NOT eligible for the pooled gradient analysis: 284 mentions in the primary window, 4.68 effective locations, top place Dovadola = 0.377 (rule: >= 100, >= 10, <= 0.4)"
2026-10-03T04:51:53,20261003T044203549323Z,Forli_2023b,social:signal,info,"primary-window layer is a news-media signal {'news': 0.979, 'social_media': 0.021}; report it under that name"
2026-10-03T04:51:54,20261003T044203549323Z,Forli_2023b,resume:population_911492b6db,info,loaded from checkpoint (not recomputed)
2026-10-03T04:51:56,20261003T044203549323Z,Forli_2023b,acquire,ok,analysis inputs saved (7.5 MB) in 0.2 min -> Forli_2023b/_analysis_inputs.pkl.gz
2026-10-03T04:51:56,20261003T044203549323Z,York_2015,resume:grid_5ca50aa46b,info,loaded from checkpoint (not recomputed)
2026-10-03T04:51:56,20261003T044203549323Z,York_2015,grid,ok,"114x102 raster at 100 m, 10,821 cells in study area, EPSG:32630"
2026-10-03T04:51:58,20261003T044203549323Z,York_2015,resume:physical_9fae66be28,info,loaded from checkpoint (not recomputed)
2026-10-03T04:51:59,20261003T044203549323Z,York_2015,resume:labels_d95413a2d2,info,loaded from checkpoint (not recomputed)
2026-10-03T04:51:59,20261003T044203549323Z,York_2015,labels,ok,"source=canonical_gpkg, positives=514, prevalence=4.7500% of 10,821 observable cells"
2026-10-03T04:51:59,20261003T044203549323Z,York_2015,resume:docs_58f37136fe,info,loaded from checkpoint (not recomputed)
2026-10-03T04:52:02,20261003T044203549323Z,York_2015,resume:gazetteer_66f1cf7f73,info,loaded from checkpoint (not recomputed)
2026-10-03T04:52:03,20261003T044203549323Z,York_2015,resume:mentions_304db7b252,info,loaded from checkpoint (not recomputed)
2026-10-03T04:52:03,20261003T044203549323Z,York_2015,acquire:complete,ok,every source answered and every place name was looked up
2026-10-03T04:52:05,20261003T044203549323Z,York_2015,social,warn,sparse social layer: 5 located mentions in the primary window
2026-10-03T04:52:05,20261003T044203549323Z,York_2015,social:localisation,warn,"NOT eligible for the pooled gradient analysis: 5 mentions in the primary window, 1.92 effective locations, top place New Earswick = 0.6 (rule: >= 100, >= 10, <= 0.4)"
2026-10-03T04:52:05,20261003T044203549323Z,York_2015,social:signal,info,primary-window layer is a news-media signal {'news': 1.0}; report it under that name
2026-10-03T04:52:05,20261003T044203549323Z,York_2015,resume:population_2b840f3a46,info,loaded from checkpoint (not recomputed)
2026-10-03T04:52:06,20261003T044203549323Z,York_2015,acquire,ok,analysis inputs saved (0.7 MB) in 0.2 min -> York_2015/_analysis_inputs.pkl.gz
2026-10-03T04:52:07,20261003T044203549323Z,Carlisle_2015,resume:grid_4bc1f26076,info,loaded from checkpoint (not recomputed)
2026-10-03T04:52:07,20261003T044203549323Z,Carlisle_2015,grid,ok,"123x117 raster at 100 m, 14,037 cells in study area, EPSG:32630"
2026-10-03T04:52:08,20261003T044203549323Z,Carlisle_2015,resume:physical_40c7476a5d,info,loaded from checkpoint (not recomputed)
2026-10-03T04:52:08,20261003T044203549323Z,Carlisle_2015,resume:labels_e20d76e6f3,info,loaded from checkpoint (not recomputed)
2026-10-03T04:52:08,20261003T044203549323Z,Carlisle_2015,labels,ok,"source=canonical_gpkg, positives=1234, prevalence=8.7911% of 14,037 observable cells"
2026-10-03T04:52:09,20261003T044203549323Z,Carlisle_2015,resume:docs_40def0d020,info,loaded from checkpoint (not recomputed)
2026-10-03T04:52:11,20261003T044203549323Z,Carlisle_2015,resume:gazetteer_1af3e8865d,info,loaded from checkpoint (not recomputed)
2026-10-03T04:52:12,20261003T044203549323Z,Carlisle_2015,resume:mentions_ba9e842f3e,info,loaded from checkpoint (not recomputed)
2026-10-03T04:52:12,20261003T044203549323Z,Carlisle_2015,acquire:complete,ok,every source answered and every place name was looked up
2026-10-03T04:52:13,20261003T044203549323Z,Carlisle_2015,social,warn,sparse social layer: 2 located mentions in the primary window
2026-10-03T04:52:13,20261003T044203549323Z,Carlisle_2015,social:localisation,warn,"NOT eligible for the pooled gradient analysis: 2 mentions in the primary window, 1.0 effective locations, top place Harraby = 1.0 (rule: >= 100, >= 10, <= 0.4)"
2026-10-03T04:52:13,20261003T044203549323Z,Carlisle_2015,social:signal,info,primary-window layer is a news-media signal {'news': 1.0}; report it under that name
2026-10-03T04:52:14,20261003T044203549323Z,Carlisle_2015,resume:population_bbf84a8691,info,loaded from checkpoint (not recomputed)
2026-10-03T04:52:15,20261003T044203549323Z,Carlisle_2015,acquire,ok,analysis inputs saved (0.7 MB) in 0.2 min -> Carlisle_2015/_analysis_inputs.pkl.gz
2026-10-03T04:52:16,20261003T044203549323Z,PortoAlegre_2024,resume:grid_c36a05bc17,info,loaded from checkpoint (not recomputed)
2026-10-03T04:52:16,20261003T044203549323Z,PortoAlegre_2024,grid,ok,"541x264 raster at 100 m, 141,828 cells in study area, EPSG:32722"
2026-10-03T04:52:18,20261003T044203549323Z,PortoAlegre_2024,resume:physical_c8b2db03fd,info,loaded from checkpoint (not recomputed)
2026-10-03T04:52:18,20261003T044203549323Z,PortoAlegre_2024,resume:labels_11ae2d392e,info,loaded from checkpoint (not recomputed)
2026-10-03T04:52:18,20261003T044203549323Z,PortoAlegre_2024,labels,ok,"source=canonical_gpkg, positives=32153, prevalence=35.1161% of 91,562 observable cells"
2026-10-03T04:52:18,20261003T044203549323Z,PortoAlegre_2024,labels,warn,"prevalence 35.1% is high: Recall@K and AP are near their random baselines by construction, so read info_nats and AUC for this city"
2026-10-03T04:52:19,20261003T044203549323Z,PortoAlegre_2024,resume:docs_0b123c2dfe,info,loaded from checkpoint (not recomputed)
2026-10-03T04:52:21,20261003T044203549323Z,PortoAlegre_2024,resume:gazetteer_e722c0447a,info,loaded from checkpoint (not recomputed)
2026-10-03T04:52:22,20261003T044203549323Z,PortoAlegre_2024,resume:mentions_3b9fb65ac2,info,loaded from checkpoint (not recomputed)
2026-10-03T04:52:22,20261003T044203549323Z,PortoAlegre_2024,acquire:complete,ok,every source answered and every place name was looked up
2026-10-03T04:52:23,20261003T044203549323Z,PortoAlegre_2024,social:localisation,warn,"NOT eligible for the pooled gradient analysis: 80 mentions in the primary window, 5.77 effective locations, top place Belem Novo = 0.338 (rule: >= 100, >= 10, <= 0.4)"
2026-10-03T04:52:23,20261003T044203549323Z,PortoAlegre_2024,social:signal,info,"primary-window layer is a news-media signal {'news': 0.912, 'social_media': 0.087}; report it under that name"
2026-10-03T04:52:24,20261003T044203549323Z,PortoAlegre_2024,resume:population_fc0ddbd7f7,info,loaded from checkpoint (not recomputed)
2026-10-03T04:52:26,20261003T044203549323Z,PortoAlegre_2024,acquire,ok,analysis inputs saved (9.0 MB) in 0.2 min -> PortoAlegre_2024/_analysis_inputs.pkl.gz
2026-10-03T04:52:27,20261003T044203549323Z,TaquariValley_2024,resume:grid_b1147904ff,info,loaded from checkpoint (not recomputed)
2026-10-03T04:52:27,20261003T044203549323Z,TaquariValley_2024,grid,ok,"150x95 raster at 100 m, 13,823 cells in study area, EPSG:32722"
2026-10-03T04:52:28,20261003T044203549323Z,TaquariValley_2024,resume:physical_4270429ec5,info,loaded from checkpoint (not recomputed)
2026-10-03T04:52:28,20261003T044203549323Z,TaquariValley_2024,resume:labels_c9df784651,info,loaded from checkpoint (not recomputed)
2026-10-03T04:52:28,20261003T044203549323Z,TaquariValley_2024,labels,ok,"source=canonical_gpkg, positives=463, prevalence=9.2011% of 5,032 observable cells"
2026-10-03T04:52:29,20261003T044203549323Z,TaquariValley_2024,resume:docs_fda46866d8,info,loaded from checkpoint (not recomputed)
2026-10-03T04:52:32,20261003T044203549323Z,TaquariValley_2024,resume:gazetteer_3b04cc1643,info,loaded from checkpoint (not recomputed)
2026-10-03T04:52:32,20261003T044203549323Z,TaquariValley_2024,resume:mentions_5fcfbcc685,info,loaded from checkpoint (not recomputed)
2026-10-03T04:52:32,20261003T044203549323Z,TaquariValley_2024,acquire:complete,ok,every source answered and every place name was looked up
2026-10-03T04:52:34,20261003T044203549323Z,TaquariValley_2024,social:localisation,warn,"NOT eligible for the pooled gradient analysis: 48 mentions in the primary window, 1.38 effective locations, top place Encantado = 0.833 (rule: >= 100, >= 10, <= 0.4)"
2026-10-03T04:52:34,20261003T044203549323Z,TaquariValley_2024,social:signal,info,"primary-window layer is a news-media signal {'news': 0.938, 'social_media': 0.062}; report it under that name"
2026-10-03T04:52:35,20261003T044203549323Z,TaquariValley_2024,resume:population_56291df856,info,loaded from checkpoint (not recomputed)
2026-10-03T04:52:36,20261003T044203549323Z,TaquariValley_2024,acquire,ok,analysis inputs saved (1.0 MB) in 0.2 min -> TaquariValley_2024/_analysis_inputs.pkl.gz
2026-10-03T04:52:38,20261003T044203549323Z,Houston_SanJacinto_2017,resume:grid_05112b5552,info,loaded from checkpoint (not recomputed)
2026-10-03T04:52:38,20261003T044203549323Z,Houston_SanJacinto_2017,grid,ok,"442x436 raster at 150 m, 184,495 cells in study area, EPSG:32615"
2026-10-03T04:52:38,20261003T044203549323Z,Houston_SanJacinto_2017,grid,warn,cell size 150 m differs from the study default 100 m (large study area); report this per-city resolution in the paper
2026-10-03T04:52:39,20261003T044203549323Z,Houston_SanJacinto_2017,resume:physical_91f8e4a939,info,loaded from checkpoint (not recomputed)
2026-10-03T04:52:40,20261003T044203549323Z,Houston_SanJacinto_2017,resume:labels_276e2926a7,info,loaded from checkpoint (not recomputed)
2026-10-03T04:52:40,20261003T044203549323Z,Houston_SanJacinto_2017,labels,ok,"source=canonical_gpkg, positives=27565, prevalence=30.8375% of 89,388 observable cells"
2026-10-03T04:52:41,20261003T044203549323Z,Houston_SanJacinto_2017,resume:docs_ddfc975ff6,info,loaded from checkpoint (not recomputed)
2026-10-03T04:52:43,20261003T044203549323Z,Houston_SanJacinto_2017,resume:gazetteer_ee39dac93a,info,loaded from checkpoint (not recomputed)
2026-10-03T04:52:44,20261003T044203549323Z,Houston_SanJacinto_2017,social:gazetteer,info,1 gazetteer names shared with neighbouring towns outside the study area removed
2026-10-03T04:52:57,20261003T044203549323Z,Houston_SanJacinto_2017,social:toponyms,info,"rule t4: 1711 gazetteer candidates rejected at acquisition {'name': 809, 'occurrence': 902}"
2026-10-03T07:19:16,20261003T044203549323Z,Houston_SanJacinto_2017,social:toponyms,info,"rule t4: 80724 NER candidates rejected before geocoding {'name': 43420, 'occurrence': 37304}"
2026-10-03T07:19:16,20261003T044203549323Z,Houston_SanJacinto_2017,social:places,ok,"1068 mentions from 988 documents (gazetteer names=474, geocoder calls=728, cache hits=42611)"
2026-10-03T07:19:17,20261003T044203549323Z,Houston_SanJacinto_2017,social:concentration,info,"75 distinct locations, effective 7.25; top place 'Kingwood' = 25% of mentions; top 5: [('Kingwood', 0.249), ('Jersey Village', 0.246), ('Tomball', 0.091), ('Conroe', 0.032), ('North Houston', 0.031)]"
2026-10-03T07:19:42,20261003T044203549323Z,Houston_SanJacinto_2017,acquire:complete,ok,every source answered and every place name was looked up
2026-10-03T07:19:46,20261003T044203549323Z,Houston_SanJacinto_2017,social:localisation,warn,"NOT eligible for the pooled gradient analysis: 481 mentions in the primary window, 5.81 effective locations, top place Kingwood = 0.374 (rule: >= 100, >= 10, <= 0.4)"
2026-10-03T07:19:46,20261003T044203549323Z,Houston_SanJacinto_2017,social:signal,info,"primary-window layer is a news-media signal {'news': 0.946, 'social_media': 0.052, 'geotagged_photo': 0.002}; report it under that name"
2026-10-03T07:19:47,20261003T044203549323Z,Houston_SanJacinto_2017,resume:population_930d8c92fe,info,loaded from checkpoint (not recomputed)
2026-10-03T07:19:50,20261003T044203549323Z,Houston_SanJacinto_2017,acquire,ok,analysis inputs saved (13.4 MB) in 147.2 min -> Houston_SanJacinto_2017/_analysis_inputs.pkl.gz
2026-10-03T07:19:51,20261003T044203549323Z,Jakarta_2020,resume:grid_b7e5eaea45,info,loaded from checkpoint (not recomputed)
2026-10-03T07:19:51,20261003T044203549323Z,Jakarta_2020,grid,ok,"323x356 raster at 100 m, 71,661 cells in study area, EPSG:32748"
2026-10-03T07:19:52,20261003T044203549323Z,Jakarta_2020,resume:physical_2f6db2ccbf,info,loaded from checkpoint (not recomputed)
2026-10-03T07:19:53,20261003T044203549323Z,Jakarta_2020,resume:labels_65db969f14,info,loaded from checkpoint (not recomputed)
2026-10-03T07:19:53,20261003T044203549323Z,Jakarta_2020,labels,ok,"source=canonical_gpkg, positives=1054, prevalence=1.4708% of 71,661 observable cells"
2026-10-03T07:19:53,20261003T044203549323Z,Jakarta_2020,social,info,"PetaBencana is the label source here, so it is excluded from the social layer (and this city is a crowdsourced-label case, not confirmatory evidence)"
2026-10-03T07:19:55,20261003T044203549323Z,Jakarta_2020,social:gdelt_parse,ok,12435 raw rows -> 12435 flood-themed -> 12341 mention the city; 12148 have a page title (193 use URL words + GDELT location names; titles exist only from 2019-09-22)
2026-10-03T07:19:56,20261003T044203549323Z,Jakarta_2020,social:gdelt_bigquery,ok,12341 documents in window
2026-10-03T07:20:17,20261003T044203549323Z,Jakarta_2020,social:google_news_rss,info,"521 fetched -> 306 kept (215 outside the window, empty or duplicate)"
2026-10-03T07:20:17,20261003T044203549323Z,Jakarta_2020,social:google_news_rss,ok,306 documents in window
2026-10-03T07:20:38,20261003T044203549323Z,Jakarta_2020,social:reddit_arcticshift,ok,828 documents in window
2026-10-03T07:23:52,20261003T044203549323Z,Jakarta_2020,social:wikimedia_commons,info,4840 geotagged files in the box; 0 flood photos taken in the window
2026-10-03T07:23:52,20261003T044203549323Z,Jakarta_2020,social:wikimedia_commons,warn,0 documents in window
2026-10-03T07:23:52,20261003T044203549323Z,Jakarta_2020,social:dedupe,info,"13475 documents -> 12197 after de-duplication (912 syndicated wire copies, 366 repeated texts or photos)"
2026-10-03T07:23:54,20261003T044203549323Z,Jakarta_2020,resume:gazetteer_55bd60b3c0,info,loaded from checkpoint (not recomputed)
2026-10-03T07:23:54,20261003T044203549323Z,Jakarta_2020,social:gazetteer,info,3 gazetteer names shared with neighbouring towns outside the study area removed
2026-10-03T07:24:04,20261003T044203549323Z,Jakarta_2020,social:toponyms,info,"rule t4: 1782 gazetteer candidates rejected at acquisition {'name': 267, 'occurrence': 1515}"
2026-10-03T08:03:06,20261003T044203549323Z,Jakarta_2020,social:toponyms,info,"rule t4: 6343 NER candidates rejected before geocoding {'name': 814, 'occurrence': 5529}"
2026-10-03T08:03:06,20261003T044203549323Z,Jakarta_2020,social:places,ok,"4201 mentions from 2769 documents (gazetteer names=1649, geocoder calls=654, cache hits=19709)"
2026-10-03T08:03:06,20261003T044203549323Z,Jakarta_2020,social:concentration,info,"191 distinct locations, effective 28.47; top place 'Manggarai' = 10% of mentions; top 5: [('Manggarai', 0.102), ('Kemang', 0.096), ('Kalideres', 0.051), ('Jatiasih', 0.046), ('Cipinang', 0.043)]"
2026-10-03T08:03:24,20261003T044203549323Z,Jakarta_2020,acquire:complete,ok,every source answered and every place name was looked up
2026-10-03T08:03:27,20261003T044203549323Z,Jakarta_2020,social:localisation,ok,"eligible for the pooled gradient analysis: 3747 mentions in the primary window, 27.38 effective locations, top place Kemang = 0.103 (rule: >= 100, >= 10, <= 0.4)"
2026-10-03T08:03:27,20261003T044203549323Z,Jakarta_2020,social:signal,info,"primary-window layer is a news-media signal {'news': 0.993, 'social_media': 0.007}; report it under that name"
2026-10-03T08:03:28,20261003T044203549323Z,Jakarta_2020,resume:population_962ac1f667,info,loaded from checkpoint (not recomputed)
2026-10-03T08:03:30,20261003T044203549323Z,Jakarta_2020,acquire,ok,analysis inputs saved (7.1 MB) in 43.7 min -> Jakarta_2020/_analysis_inputs.pkl.gz
2026-10-03T08:03:30,20261003T044203549323Z,(all),acquire,ok,"10 of 10 cities acquired, 10 complete; run the analysis with RUN_MODE='analyse' (any machine) on /content/drive/MyDrive/saturation_v6/outputs"
2026-10-03T19:30:17,20261003T192805830508Z,Chennai_2015,label:verify,ok,file_url NRSC 2015 flood inundation zone (via Chennai SDSS; image date/sensor not stated): ok 5475 kB
2026-10-03T19:30:24,20261003T192805830508Z,Chennai_2015,label:verify,ok,file_url GCC water-stagnation locations 2015 (points): ok 513 kB
2026-10-03T19:30:25,20261003T192805830508Z,Chennai_2015,label:verify,ok,"file_url OSM-India crowdsourced flooded streets, 11:00 2 Dec 2015: ok 949 kB"
2026-10-03T19:30:25,20261003T192805830508Z,Chennai_2015,label:verify,ok,gfd Global Flood Database DFO 4309 (MODIS 250 m): ok 108 kB
2026-10-03T19:30:26,20261003T192805830508Z,Valencia_2024,label:verify,ok,copernicus_ems EMSR773 (DEL images 30 Oct - 8 Nov 2024): ok 233 kB
2026-10-03T19:30:27,20261003T192805830508Z,EmiliaRomagna_2023a,label:verify,ok,copernicus_ems EMSR659 (DEL images 4 May 2023): ok 36 kB
2026-10-03T19:30:27,20261003T192805830508Z,Forli_2023b,label:verify,ok,copernicus_ems EMSR664 AOI01 Forlì (DEL images 17-21 May 2023): ok 42 kB
2026-10-03T19:30:29,20261003T192805830508Z,York_2015,label:verify,ok,file_url EA Recorded Flood Outline rec_out_id 4084890 'December 2015 Flood Event' (Ouse/Derwent; clipped to York): ok 2878 kB
2026-10-03T19:30:47,20261003T192805830508Z,York_2015,label:verify,ok,copernicus_ems EMSR150 AOI01 York delineation: ok 2481 kB
2026-10-03T19:30:47,20261003T192805830508Z,Carlisle_2015,label:verify,ok,file_url EA Recorded Flood Outline rec_out_id 4078182 'Carlisle (including Crosby-on-Eden) 05_12_2015': ok 53 kB
2026-10-03T19:31:02,20261003T192805830508Z,Carlisle_2015,label:verify,ok,copernicus_ems EMSR147 AOI01 Carlisle delineation: ok 1930 kB
2026-10-03T19:31:03,20261003T192805830508Z,PortoAlegre_2024,label:verify,ok,arcgis_featureserver EMSN194 Extent Temporal Evolution layers: ok 3 kB
2026-10-03T19:31:04,20261003T192805830508Z,TaquariValley_2024,label:verify,ok,"copernicus_ems EMSR720 (AOIs Guaporé, Encantado, Roca Sales, Das Antas, Santa Tereza): ok 65 kB"
2026-10-03T19:31:04,20261003T192805830508Z,Houston_SanJacinto_2017,label:verify,ok,"usgs_sciencebase USGS 10.5066/F7VH5N3N, San Jacinto child 5aa023ebe4b0b1c392e6881b: ok 20 kB"
2026-10-03T19:31:05,20261003T192805830508Z,Houston_SanJacinto_2017,label:verify,ok,"usgs_stn STN event 180 (2017 Harvey), Harris + Montgomery counties: ok 792 kB"
2026-10-03T19:31:16,20261003T192805830508Z,Jakarta_2020,label:verify,ok,petabencana reports archive (crowdsourced): ok 0 kB
2026-10-03T19:31:19,20261003T192805830508Z,Chennai_2015,label:file_url,info,label Chennai2015_NRSC_inundation_zone.kml: 2009 feature(s) in the study area (sha256 fa6943b2916d)
2026-10-03T19:31:20,20261003T192805830508Z,Chennai_2015,label:assets,ok,"froze 2009 features -> Chennai_2015_labels.gpkg (1.68 MB, sha256 40ebbdf9f553)"
2026-10-03T19:31:21,20261003T192805830508Z,Valencia_2024,label:copernicus_ems,info,1 product(s) imaged outside the event window 2024-10-28..2024-11-09 dropped: ['AOI11 DEL (2024-11-11..2024-11-11)']
2026-10-03T19:31:21,20261003T192805830508Z,Valencia_2024,label:copernicus_ems,ok,9 product(s) of type ['DEL'] imaged ['2024-10-30']..['2024-11-08'] listed by https://rapidmapping.emergency.copernicus.eu
2026-10-03T19:31:23,20261003T192805830508Z,Valencia_2024,label:vector,info,EMSR773_AOI01_DEL_PRODUCT_v1.zip: 1 duplicate layer copy(ies) ignored (same layer as .json and .shp)
2026-10-03T19:31:31,20261003T192805830508Z,Valencia_2024,label:vector,info,EMSR773_AOI01_DEL_MONIT01_v1.zip: 2 duplicate layer copy(ies) ignored (same layer as .json and .shp)
2026-10-03T19:31:41,20261003T192805830508Z,Valencia_2024,label:vector,info,EMSR773_AOI01_DEL_MONIT02_v1.zip: 2 duplicate layer copy(ies) ignored (same layer as .json and .shp)
2026-10-03T19:31:52,20261003T192805830508Z,Valencia_2024,label:vector,info,EMSR773_AOI01_DEL_MONIT03_v1.zip: 2 duplicate layer copy(ies) ignored (same layer as .json and .shp)
2026-10-03T19:32:00,20261003T192805830508Z,Valencia_2024,label:vector,info,EMSR773_AOI01_DEL_MONIT04_v1.zip: 2 duplicate layer copy(ies) ignored (same layer as .json and .shp)
2026-10-03T19:32:07,20261003T192805830508Z,Valencia_2024,label:vector,info,EMSR773_AOI02_DEL_PRODUCT_v2.zip: 1 duplicate layer copy(ies) ignored (same layer as .json and .shp)
2026-10-03T19:32:12,20261003T192805830508Z,Valencia_2024,label:vector,info,"EMSR773_AOI02_DEL_PRODUCT_v2.zip: 1 layer(s) read, none intersecting the study area"
2026-10-03T19:32:13,20261003T192805830508Z,Valencia_2024,label:vector,info,EMSR773_AOI03_DEL_PRODUCT_v1.zip: 1 duplicate layer copy(ies) ignored (same layer as .json and .shp)
2026-10-03T19:32:20,20261003T192805830508Z,Valencia_2024,label:vector,info,EMSR773_AOI04_DEL_PRODUCT_v1.zip: 1 duplicate layer copy(ies) ignored (same layer as .json and .shp)
2026-10-03T19:32:25,20261003T192805830508Z,Valencia_2024,label:vector,info,"EMSR773_AOI04_DEL_PRODUCT_v1.zip: 1 layer(s) read, none intersecting the study area"
2026-10-03T19:32:27,20261003T192805830508Z,Valencia_2024,label:vector,info,EMSR773_AOI06_DEL_MONIT01_v1.zip: 2 duplicate layer copy(ies) ignored (same layer as .json and .shp)
2026-10-03T19:32:33,20261003T192805830508Z,Valencia_2024,label:vector,info,"EMSR773_AOI06_DEL_MONIT01_v1.zip: 2 layer(s) read, none intersecting the study area"
2026-10-03T19:32:34,20261003T192805830508Z,Valencia_2024,label:copernicus_ems,info,"areas of interest outside the study area, not downloaded further: AOI02, AOI04, AOI06"
2026-10-03T19:32:35,20261003T192805830508Z,Valencia_2024,label:assets,ok,"froze 2220 features -> Valencia_2024_labels.gpkg (14.88 MB, sha256 003f5ab3614d)"
2026-10-03T19:32:35,20261003T192805830508Z,EmiliaRomagna_2023a,label:copernicus_ems,ok,4 product(s) of type ['DEL'] imaged ['2023-05-04']..['2023-05-04'] listed by https://rapidmapping.emergency.copernicus.eu
2026-10-03T19:32:37,20261003T192805830508Z,EmiliaRomagna_2023a,label:vector,info,EMSR659_AOI01_DEL_PRODUCT_v2.zip: 2 duplicate layer copy(ies) ignored (same layer as .json and .shp)
2026-10-03T19:32:44,20261003T192805830508Z,EmiliaRomagna_2023a,label:vector,info,EMSR659_AOI02_DEL_PRODUCT_v2.zip: 2 duplicate layer copy(ies) ignored (same layer as .json and .shp)
2026-10-03T19:32:47,20261003T192805830508Z,EmiliaRomagna_2023a,label:vector,info,EMSR659_AOI03_DEL_PRODUCT_v1.zip: 2 duplicate layer copy(ies) ignored (same layer as .json and .shp)
2026-10-03T19:32:50,20261003T192805830508Z,EmiliaRomagna_2023a,label:vector,info,EMSR659_AOI04_DEL_PRODUCT_v1.zip: 4 duplicate layer copy(ies) ignored (same layer as .json and .shp)
2026-10-03T19:32:52,20261003T192805830508Z,EmiliaRomagna_2023a,label:assets,ok,"froze 406 features -> EmiliaRomagna_2023a_labels.gpkg (4.50 MB, sha256 f9b070cf3c27)"
2026-10-03T19:32:53,20261003T192805830508Z,Forli_2023b,label:copernicus_ems,ok,4 product(s) of type ['DEL'] imaged ['2023-05-17']..['2023-05-21'] listed by https://rapidmapping.emergency.copernicus.eu
2026-10-03T19:32:54,20261003T192805830508Z,Forli_2023b,label:vector,info,EMSR664_AOI01_DEL_PRODUCT_v1.zip: 2 duplicate layer copy(ies) ignored (same layer as .json and .shp)
2026-10-03T19:33:02,20261003T192805830508Z,Forli_2023b,label:vector,info,EMSR664_AOI01_DEL_MONIT01_v1.zip: 4 duplicate layer copy(ies) ignored (same layer as .json and .shp)
2026-10-03T19:33:13,20261003T192805830508Z,Forli_2023b,label:vector,info,EMSR664_AOI01_DEL_MONIT02_v2.zip: 4 duplicate layer copy(ies) ignored (same layer as .json and .shp)
2026-10-03T19:33:24,20261003T192805830508Z,Forli_2023b,label:vector,info,EMSR664_AOI01_DEL_MONIT03_v1.zip: 4 duplicate layer copy(ies) ignored (same layer as .json and .shp)
2026-10-03T19:33:32,20261003T192805830508Z,Forli_2023b,label:assets,ok,"froze 1991 features -> Forli_2023b_labels.gpkg (9.72 MB, sha256 1c28a5b55893)"
2026-10-03T19:33:33,20261003T192805830508Z,York_2015,label:file_url,info,label EA_RFO_4084890_OuseDerwent_2015-12-25.geojson: 1 feature(s) in the study area (sha256 f947819777ad)
2026-10-03T19:33:33,20261003T192805830508Z,York_2015,label:assets,ok,"froze 1 features -> York_2015_labels.gpkg (2.21 MB, sha256 70ae25c6236a)"
2026-10-03T19:33:34,20261003T192805830508Z,Carlisle_2015,label:file_url,info,label EA_RFO_4078182_Carlisle_2015-12-05.geojson: 1 feature(s) in the study area (sha256 357aab8fbb88)
2026-10-03T19:33:34,20261003T192805830508Z,Carlisle_2015,label:assets,ok,"froze 1 features -> Carlisle_2015_labels.gpkg (0.14 MB, sha256 a0417aaaa21b)"
2026-10-03T19:33:34,20261003T192805830508Z,PortoAlegre_2024,label:arcgis,info,"4 extent layer(s) dated inside 2024-05-03..2024-05-15: ['Extent Temporal Evolution 04/05/2024', 'Extent Temporal Evolution 06/05/2024', 'Extent Temporal Evolution 08/05/2024', 'Extent Temporal Evolution 10/05/2024']; outside/undated: ['8:Extent Temporal Evolution 30/04/2024', '9:Extent Temporal Evolution 02/05/2024']"
2026-10-03T19:33:47,20261003T192805830508Z,PortoAlegre_2024,label:arcgis,ok,13011 extent features from 4 dated layer(s)
2026-10-03T19:33:48,20261003T192805830508Z,PortoAlegre_2024,label:assets,ok,"froze 13011 features -> PortoAlegre_2024_labels.gpkg (8.08 MB, sha256 35f5d3384c25)"
2026-10-03T19:33:48,20261003T192805830508Z,TaquariValley_2024,label:copernicus_ems,ok,7 product(s) of type ['DEL'] imaged ['2024-05-04']..['2024-05-05'] listed by https://rapidmapping.emergency.copernicus.eu
2026-10-03T19:33:50,20261003T192805830508Z,TaquariValley_2024,label:vector,info,EMSR720_AOI02_DEL_PRODUCT_v1.zip: 1 duplicate layer copy(ies) ignored (same layer as .json and .shp)
2026-10-03T19:33:56,20261003T192805830508Z,TaquariValley_2024,label:vector,info,EMSR720_AOI02_DEL_MONIT01_v1.zip: 2 duplicate layer copy(ies) ignored (same layer as .json and .shp)
2026-10-03T19:34:02,20261003T192805830508Z,TaquariValley_2024,label:vector,info,EMSR720_AOI03_DEL_PRODUCT_v1.zip: 1 duplicate layer copy(ies) ignored (same layer as .json and .shp)
2026-10-03T19:34:08,20261003T192805830508Z,TaquariValley_2024,label:assets,ok,"froze 641 features -> TaquariValley_2024_labels.gpkg (1.81 MB, sha256 cfc8bc3fba4c)"
2026-10-03T19:34:09,20261003T192805830508Z,Houston_SanJacinto_2017,label:usgs_sciencebase,info,"1 items in the release; 1 carry a bounding box, 1 intersect the study area; 0 without a bounding box are also searched"
2026-10-03T19:34:17,20261003T192805830508Z,Houston_SanJacinto_2017,label:usgs_sciencebase,info,"features by role: coverage=1, flood=1, ignore=85 (coverage = mapped-area boundary, used as the valid mask; ignore = e.g. HWM points)"
2026-10-03T19:34:17,20261003T192805830508Z,Houston_SanJacinto_2017,label:usgs_sciencebase,ok,1 vector features and 0 depth raster(s) inside the study area
2026-10-03T19:34:19,20261003T192805830508Z,Houston_SanJacinto_2017,label:assets,ok,"froze 1 features -> Houston_SanJacinto_2017_labels.gpkg (31.47 MB, sha256 91f5f8d8d12a)"
2026-10-03T19:34:19,20261003T192805830508Z,Jakarta_2020,label:petabencana,ok,"289 reports in 2019-12-31..2020-01-04, 255 flood reports inside the study area (buffered 150 m)"
2026-10-03T19:34:19,20261003T192805830508Z,Jakarta_2020,label:assets,ok,"froze 255 features -> Jakarta_2020_labels.gpkg (0.14 MB, sha256 31c39162547c)"
2026-10-03T19:34:20,20261003T192805830508Z,,label:assets,ok,manifest written: /content/drive/MyDrive/saturation_v4/label_assets/label_assets_manifest.csv
2026-10-03T19:34:33,20261003T192805830508Z,(all),archive,ok,results under pre-registration 4a03528b archived to archive_4a03528b/ (9 items)
2026-10-03T19:34:34,20261003T192805830508Z,Chennai_2015,resume:grid_a9aa5a577a,info,loaded from checkpoint (not recomputed)
2026-10-03T19:34:34,20261003T192805830508Z,Chennai_2015,grid,ok,"400x251 raster at 100 m, 41,919 cells in study area, EPSG:32644"
2026-10-03T19:34:35,20261003T192805830508Z,Chennai_2015,resume:physical_beaab38215,info,loaded from checkpoint (not recomputed)
2026-10-03T19:34:35,20261003T192805830508Z,Chennai_2015,resume:labels_ea10f0be23,info,loaded from checkpoint (not recomputed)
2026-10-03T19:34:35,20261003T192805830508Z,Chennai_2015,labels,ok,"source=canonical_gpkg, positives=9404, prevalence=22.4337% of 41,919 observable cells"
2026-10-03T19:34:36,20261003T192805830508Z,Chennai_2015,social:gdelt_parse,ok,8993 raw rows -> 8993 flood-themed -> 8993 mention the city; 0 have a page title (8993 use URL words + GDELT location names; titles exist only from 2019-09-22)
2026-10-03T19:34:37,20261003T192805830508Z,Chennai_2015,social:gdelt_bigquery,info,"8993 fetched -> 8992 kept (1 outside the window, empty or duplicate)"
2026-10-03T19:34:37,20261003T192805830508Z,Chennai_2015,social:gdelt_bigquery,ok,8992 documents in window
2026-10-03T19:34:48,20261003T192805830508Z,Chennai_2015,social:google_news_rss,info,"234 fetched -> 111 kept (123 outside the window, empty or duplicate)"
2026-10-03T19:34:48,20261003T192805830508Z,Chennai_2015,social:google_news_rss,ok,111 documents in window
2026-10-03T19:35:10,20261003T192805830508Z,Chennai_2015,social:reddit_arcticshift,ok,606 documents in window
2026-10-03T19:35:11,20261003T192805830508Z,Chennai_2015,social:petabencana,skip,not an Indonesian city
2026-10-03T19:39:37,20261003T192805830508Z,Chennai_2015,social:wikimedia_commons,info,5000 of 5390 files examined ...
2026-10-03T19:39:46,20261003T192805830508Z,Chennai_2015,social:wikimedia_commons,info,"5390 geotagged files in the box (55 tile requests, 10 dense tiles subdivided); 0 flood photos taken in the window"
2026-10-03T19:39:46,20261003T192805830508Z,Chennai_2015,social:wikimedia_commons,warn,0 documents in window
2026-10-03T19:39:46,20261003T192805830508Z,Chennai_2015,social:dedupe,info,"9709 documents -> 7663 after de-duplication (1370 syndicated wire copies, 676 repeated texts or photos)"
2026-10-03T19:39:47,20261003T192805830508Z,Chennai_2015,resume:gazetteer_355db48032,info,loaded from checkpoint (not recomputed)
2026-10-03T19:39:49,20261003T192805830508Z,Chennai_2015,social:places,ok,"3615 text mentions reused from the complete v6.1 acquisition (same text documents, gazetteer, study box and lookup rules); rule t5 dropped 0 of them []"
2026-10-03T19:39:49,20261003T192805830508Z,Chennai_2015,social:mentions,ok,"3615 mentions: 0 from geotagged documents, 3615 from place names in text (name lookups reused from the v6.1 acquisition)"
2026-10-03T19:39:49,20261003T192805830508Z,Chennai_2015,social:concentration,info,"86 distinct locations, effective 19.59; top place 'Adyar' = 14% of mentions; top 5: [('Adyar', 0.144), ('Saidapet', 0.073), ('Kotturpuram', 0.067), ('Kodambakkam', 0.054), ('manali', 0.047)]"
2026-10-03T19:39:49,20261003T192805830508Z,Chennai_2015,acquire:complete,ok,every source answered and every place name was looked up
2026-10-03T19:39:51,20261003T192805830508Z,Chennai_2015,social:localisation,ok,"eligible for the pooled gradient analysis: 3009 mentions in the primary window, 19.02 effective locations, top place Adyar = 0.147 (rule: >= 100, >= 10, <= 0.4)"
2026-10-03T19:39:51,20261003T192805830508Z,Chennai_2015,social:signal,info,"primary-window layer is a news-media signal {'news': 0.975, 'social_media': 0.025}; report it under that name"
2026-10-03T19:39:51,20261003T192805830508Z,Chennai_2015,resume:population_61b9bac9a9,info,loaded from checkpoint (not recomputed)
2026-10-03T19:39:52,20261003T192805830508Z,Chennai_2015,acquire,ok,analysis inputs saved (3.8 MB) in 5.3 min -> Chennai_2015/_analysis_inputs.pkl.gz
2026-10-03T19:39:52,20261003T192805830508Z,Valencia_2024,resume:grid_4e795b1ca1,info,loaded from checkpoint (not recomputed)
2026-10-03T19:39:52,20261003T192805830508Z,Valencia_2024,grid,ok,"228x180 raster at 100 m, 38,269 cells in study area, EPSG:32630"
2026-10-03T19:39:53,20261003T192805830508Z,Valencia_2024,resume:physical_6ff3351ddc,info,loaded from checkpoint (not recomputed)
2026-10-03T19:39:53,20261003T192805830508Z,Valencia_2024,resume:labels_1e4d01701d,info,loaded from checkpoint (not recomputed)
2026-10-03T19:39:53,20261003T192805830508Z,Valencia_2024,labels,ok,"source=canonical_gpkg, positives=10477, prevalence=27.3773% of 38,269 observable cells"
2026-10-03T19:39:55,20261003T192805830508Z,Valencia_2024,social:gdelt_parse,ok,20828 raw rows -> 20828 flood-themed -> 19966 mention the city; 19919 have a page title (47 use URL words + GDELT location names; titles exist only from 2019-09-22)
2026-10-03T19:39:56,20261003T192805830508Z,Valencia_2024,social:gdelt_bigquery,ok,19966 documents in window
2026-10-03T19:40:15,20261003T192805830508Z,Valencia_2024,social:google_news_rss,info,"669 fetched -> 404 kept (265 outside the window, empty or duplicate)"
2026-10-03T19:40:15,20261003T192805830508Z,Valencia_2024,social:google_news_rss,ok,404 documents in window
2026-10-03T19:40:23,20261003T192805830508Z,Valencia_2024,social:reddit_arcticshift,ok,408 documents in window
2026-10-03T19:40:23,20261003T192805830508Z,Valencia_2024,social:petabencana,skip,not an Indonesian city
2026-10-03T19:45:41,20261003T192805830508Z,Valencia_2024,social:wikimedia_commons,info,5000 of 25230 files examined ...
2026-10-03T19:49:28,20261003T192805830508Z,Valencia_2024,social:wikimedia_commons,info,10000 of 25230 files examined ...
2026-10-03T19:53:35,20261003T192805830508Z,Valencia_2024,social:wikimedia_commons,info,15000 of 25230 files examined ...
2026-10-03T19:57:57,20261003T192805830508Z,Valencia_2024,social:wikimedia_commons,info,20000 of 25230 files examined ...
2026-10-03T20:01:40,20261003T192805830508Z,Valencia_2024,social:wikimedia_commons,info,25000 of 25230 files examined ...
2026-10-03T20:01:51,20261003T192805830508Z,Valencia_2024,social:wikimedia_commons,info,"25230 geotagged files in the box (173 tile requests, 41 dense tiles subdivided); 0 flood photos taken in the window"
2026-10-03T20:01:51,20261003T192805830508Z,Valencia_2024,social:wikimedia_commons,warn,2 spots of about 139 m still hold 500 or more files (a heavily photographed landmark); only 500 of each were read. Report this
2026-10-03T20:01:51,20261003T192805830508Z,Valencia_2024,social:wikimedia_commons,warn,0 documents in window
2026-10-03T20:01:52,20261003T192805830508Z,Valencia_2024,social:dedupe,info,"20778 documents -> 17637 after de-duplication (1362 syndicated wire copies, 1779 repeated texts or photos)"
2026-10-03T20:01:53,20261003T192805830508Z,Valencia_2024,resume:gazetteer_105b05a4ac,info,loaded from checkpoint (not recomputed)
2026-10-03T20:01:56,20261003T192805830508Z,Valencia_2024,social:places,ok,"2189 text mentions reused from the complete v6.1 acquisition (same text documents, gazetteer, study box and lookup rules); rule t5 dropped 0 of them []"
2026-10-03T20:01:56,20261003T192805830508Z,Valencia_2024,social:mentions,ok,"2189 mentions: 0 from geotagged documents, 2189 from place names in text (name lookups reused from the v6.1 acquisition)"
2026-10-03T20:01:56,20261003T192805830508Z,Valencia_2024,social:concentration,warn,"25 distinct locations, effective 3.87; top place 'Paiporta' = 44% of mentions; top 5: [('Paiporta', 0.442), ('Sedavi', 0.163), ('Alfafar', 0.135), ('Catarroja', 0.114), ('Picana', 0.067)]  <- the layer is carried by very few points; it cannot localise flooding. Check the top places are real places inside the study area"
2026-10-03T20:01:56,20261003T192805830508Z,Valencia_2024,acquire:complete,ok,every source answered and every place name was looked up
2026-10-03T20:01:59,20261003T192805830508Z,Valencia_2024,social:localisation,warn,"NOT eligible for the pooled gradient analysis: 1710 mentions in the primary window, 4.0 effective locations, top place Paiporta = 0.429 (rule: >= 100, >= 10, <= 0.4)"
2026-10-03T20:01:59,20261003T192805830508Z,Valencia_2024,social:signal,info,"primary-window layer is a news-media signal {'news': 0.964, 'social_media': 0.036}; report it under that name"
2026-10-03T20:01:59,20261003T192805830508Z,Valencia_2024,resume:population_f9f40345d9,info,loaded from checkpoint (not recomputed)
2026-10-03T20:02:00,20261003T192805830508Z,Valencia_2024,acquire,ok,analysis inputs saved (3.7 MB) in 22.1 min -> Valencia_2024/_analysis_inputs.pkl.gz
2026-10-03T20:02:01,20261003T192805830508Z,EmiliaRomagna_2023a,resume:grid_d82ee58a5f,info,loaded from checkpoint (not recomputed)
2026-10-03T20:02:01,20261003T192805830508Z,EmiliaRomagna_2023a,grid,ok,"387x397 raster at 100 m, 143,322 cells in study area, EPSG:32632"
2026-10-03T20:02:02,20261003T192805830508Z,EmiliaRomagna_2023a,resume:physical_bd2ae38243,info,loaded from checkpoint (not recomputed)
2026-10-03T20:02:02,20261003T192805830508Z,EmiliaRomagna_2023a,resume:labels_fe350fbe87,info,loaded from checkpoint (not recomputed)
2026-10-03T20:02:02,20261003T192805830508Z,EmiliaRomagna_2023a,labels,ok,"source=canonical_gpkg, positives=2576, prevalence=13.1523% of 19,586 observable cells"
2026-10-03T20:02:03,20261003T192805830508Z,EmiliaRomagna_2023a,social:gdelt_parse,ok,1075 raw rows -> 1075 flood-themed -> 1043 mention the city; 1043 have a page title (0 use URL words + GDELT location names; titles exist only from 2019-09-22)
2026-10-03T20:02:03,20261003T192805830508Z,EmiliaRomagna_2023a,social:gdelt_bigquery,ok,1043 documents in window
2026-10-03T20:02:21,20261003T192805830508Z,EmiliaRomagna_2023a,social:google_news_rss,info,"106 fetched -> 52 kept (54 outside the window, empty or duplicate)"
2026-10-03T20:02:21,20261003T192805830508Z,EmiliaRomagna_2023a,social:google_news_rss,ok,52 documents in window
2026-10-03T20:02:24,20261003T192805830508Z,EmiliaRomagna_2023a,social:reddit_arcticshift,ok,74 documents in window
2026-10-03T20:02:24,20261003T192805830508Z,EmiliaRomagna_2023a,social:petabencana,skip,not an Indonesian city
2026-10-03T20:05:41,20261003T192805830508Z,EmiliaRomagna_2023a,social:wikimedia_commons,info,"3258 geotagged files in the box (63 tile requests, 7 dense tiles subdivided); 0 flood photos taken in the window"
2026-10-03T20:05:41,20261003T192805830508Z,EmiliaRomagna_2023a,social:wikimedia_commons,warn,0 documents in window
2026-10-03T20:05:41,20261003T192805830508Z,EmiliaRomagna_2023a,social:dedupe,info,"1169 documents -> 1094 after de-duplication (26 syndicated wire copies, 49 repeated texts or photos)"
2026-10-03T20:05:42,20261003T192805830508Z,EmiliaRomagna_2023a,resume:gazetteer_e5429930ba,info,loaded from checkpoint (not recomputed)
2026-10-03T20:05:43,20261003T192805830508Z,EmiliaRomagna_2023a,social:places,ok,"276 text mentions reused from the complete v6.1 acquisition (same text documents, gazetteer, study box and lookup rules); rule t5 dropped 1 of them [('Santerno', 1)]"
2026-10-03T20:05:43,20261003T192805830508Z,EmiliaRomagna_2023a,social:mentions,ok,"276 mentions: 0 from geotagged documents, 276 from place names in text (name lookups reused from the v6.1 acquisition)"
2026-10-03T20:05:43,20261003T192805830508Z,EmiliaRomagna_2023a,social:concentration,info,"18 distinct locations, effective 5.21; top place 'Lavezzola' = 33% of mentions; top 5: [('Lavezzola', 0.326), ('Faenza', 0.236), ('Castel Bolognese', 0.109), ('Bagnacavallo', 0.101), ('Conselice', 0.069)]"
2026-10-03T20:05:43,20261003T192805830508Z,EmiliaRomagna_2023a,acquire:complete,ok,every source answered and every place name was looked up
2026-10-03T20:05:44,20261003T192805830508Z,EmiliaRomagna_2023a,social:localisation,warn,"NOT eligible for the pooled gradient analysis: 244 mentions in the primary window, 4.75 effective locations, top place Lavezzola = 0.361 (rule: >= 100, >= 10, <= 0.4)"
2026-10-03T20:05:44,20261003T192805830508Z,EmiliaRomagna_2023a,social:signal,info,primary-window layer is a news-media signal {'news': 1.0}; report it under that name
2026-10-03T20:05:44,20261003T192805830508Z,EmiliaRomagna_2023a,resume:population_5788997820,info,loaded from checkpoint (not recomputed)
2026-10-03T20:05:47,20261003T192805830508Z,EmiliaRomagna_2023a,acquire,ok,analysis inputs saved (10.5 MB) in 3.8 min -> EmiliaRomagna_2023a/_analysis_inputs.pkl.gz
2026-10-03T20:05:47,20261003T192805830508Z,Forli_2023b,resume:grid_cef2163465,info,loaded from checkpoint (not recomputed)
2026-10-03T20:05:47,20261003T192805830508Z,Forli_2023b,grid,ok,"316x320 raster at 100 m, 93,651 cells in study area, EPSG:32633"
2026-10-03T20:05:48,20261003T192805830508Z,Forli_2023b,resume:physical_18b1d715d7,info,loaded from checkpoint (not recomputed)
2026-10-03T20:05:48,20261003T192805830508Z,Forli_2023b,resume:labels_e367e66aad,info,loaded from checkpoint (not recomputed)
2026-10-03T20:05:48,20261003T192805830508Z,Forli_2023b,labels,ok,"source=canonical_gpkg, positives=3856, prevalence=4.5371% of 84,989 observable cells"
2026-10-03T20:05:50,20261003T192805830508Z,Forli_2023b,social:gdelt_parse,ok,8988 raw rows -> 8988 flood-themed -> 8585 mention the city; 8569 have a page title (16 use URL words + GDELT location names; titles exist only from 2019-09-22)
2026-10-03T20:05:50,20261003T192805830508Z,Forli_2023b,social:gdelt_bigquery,ok,8585 documents in window
2026-10-03T20:06:09,20261003T192805830508Z,Forli_2023b,social:google_news_rss,info,"190 fetched -> 70 kept (120 outside the window, empty or duplicate)"
2026-10-03T20:06:09,20261003T192805830508Z,Forli_2023b,social:google_news_rss,ok,70 documents in window
2026-10-03T20:06:12,20261003T192805830508Z,Forli_2023b,social:reddit_arcticshift,ok,78 documents in window
2026-10-03T20:06:12,20261003T192805830508Z,Forli_2023b,social:petabencana,skip,not an Indonesian city
2026-10-03T20:09:20,20261003T192805830508Z,Forli_2023b,social:wikimedia_commons,info,"2887 geotagged files in the box (64 tile requests, 10 dense tiles subdivided); 0 flood photos taken in the window"
2026-10-03T20:09:20,20261003T192805830508Z,Forli_2023b,social:wikimedia_commons,warn,0 documents in window
2026-10-03T20:09:20,20261003T192805830508Z,Forli_2023b,social:dedupe,info,"8733 documents -> 7395 after de-duplication (518 syndicated wire copies, 820 repeated texts or photos)"
2026-10-03T20:09:21,20261003T192805830508Z,Forli_2023b,resume:gazetteer_b8f29a3541,info,loaded from checkpoint (not recomputed)
2026-10-03T20:09:22,20261003T192805830508Z,Forli_2023b,social:places,ok,"311 text mentions reused from the complete v6.1 acquisition (same text documents, gazetteer, study box and lookup rules); rule t5 dropped 0 of them []"
2026-10-03T20:09:22,20261003T192805830508Z,Forli_2023b,social:mentions,ok,"311 mentions: 0 from geotagged documents, 311 from place names in text (name lookups reused from the v6.1 acquisition)"
2026-10-03T20:09:22,20261003T192805830508Z,Forli_2023b,social:concentration,warn,"27 distinct locations, effective 4.66; top place 'Dovadola' = 38% of mentions; top 5: [('Dovadola', 0.383), ('Faenza', 0.203), ('Roversano', 0.132), ('Roncalceci', 0.08), ('Durazzano', 0.029)]  <- the layer is carried by very few points; it cannot localise flooding. Check the top places are real places inside the study area"
2026-10-03T20:09:22,20261003T192805830508Z,Forli_2023b,acquire:complete,ok,every source answered and every place name was looked up
2026-10-03T20:09:23,20261003T192805830508Z,Forli_2023b,social:localisation,warn,"NOT eligible for the pooled gradient analysis: 284 mentions in the primary window, 4.68 effective locations, top place Dovadola = 0.377 (rule: >= 100, >= 10, <= 0.4)"
2026-10-03T20:09:23,20261003T192805830508Z,Forli_2023b,social:signal,info,"primary-window layer is a news-media signal {'news': 0.979, 'social_media': 0.021}; report it under that name"
2026-10-03T20:09:23,20261003T192805830508Z,Forli_2023b,resume:population_911492b6db,info,loaded from checkpoint (not recomputed)
2026-10-03T20:09:25,20261003T192805830508Z,Forli_2023b,acquire,ok,analysis inputs saved (7.5 MB) in 3.6 min -> Forli_2023b/_analysis_inputs.pkl.gz
2026-10-03T20:09:26,20261003T192805830508Z,York_2015,resume:grid_5ca50aa46b,info,loaded from checkpoint (not recomputed)
2026-10-03T20:09:26,20261003T192805830508Z,York_2015,grid,ok,"114x102 raster at 100 m, 10,821 cells in study area, EPSG:32630"
2026-10-03T20:09:26,20261003T192805830508Z,York_2015,resume:physical_9fae66be28,info,loaded from checkpoint (not recomputed)
2026-10-03T20:09:26,20261003T192805830508Z,York_2015,resume:labels_d95413a2d2,info,loaded from checkpoint (not recomputed)
2026-10-03T20:09:26,20261003T192805830508Z,York_2015,labels,ok,"source=canonical_gpkg, positives=514, prevalence=4.7500% of 10,821 observable cells"
2026-10-03T20:09:28,20261003T192805830508Z,York_2015,social:gdelt_parse,ok,8207 raw rows -> 8207 flood-themed -> 8207 mention the city; 0 have a page title (8207 use URL words + GDELT location names; titles exist only from 2019-09-22)
2026-10-03T20:09:28,20261003T192805830508Z,York_2015,social:gdelt_bigquery,ok,8207 documents in window
2026-10-03T20:09:39,20261003T192805830508Z,York_2015,social:google_news_rss,info,"161 fetched -> 69 kept (92 outside the window, empty or duplicate)"
2026-10-03T20:09:39,20261003T192805830508Z,York_2015,social:google_news_rss,ok,69 documents in window
2026-10-03T20:09:48,20261003T192805830508Z,York_2015,social:reddit_arcticshift,ok,558 documents in window
2026-10-03T20:09:48,20261003T192805830508Z,York_2015,social:petabencana,skip,not an Indonesian city
2026-10-03T20:18:37,20261003T192805830508Z,York_2015,social:wikimedia_commons,info,5000 of 45474 files examined ...
2026-10-03T20:23:00,20261003T192805830508Z,York_2015,social:wikimedia_commons,info,10000 of 45474 files examined ...
2026-10-03T20:27:41,20261003T192805830508Z,York_2015,social:wikimedia_commons,info,15000 of 45474 files examined ...
2026-10-03T20:32:17,20261003T192805830508Z,York_2015,social:wikimedia_commons,info,20000 of 45474 files examined ...
2026-10-03T20:37:05,20261003T192805830508Z,York_2015,social:wikimedia_commons,info,25000 of 45474 files examined ...
2026-10-03T20:41:59,20261003T192805830508Z,York_2015,social:wikimedia_commons,info,30000 of 45474 files examined ...
2026-10-03T20:46:39,20261003T192805830508Z,York_2015,social:wikimedia_commons,info,35000 of 45474 files examined ...
2026-10-03T20:50:50,20261003T192805830508Z,York_2015,social:wikimedia_commons,info,40000 of 45474 files examined ...
2026-10-03T20:55:49,20261003T192805830508Z,York_2015,social:wikimedia_commons,info,45000 of 45474 files examined ...
2026-10-03T20:56:06,20261003T192805830508Z,York_2015,social:wikimedia_commons,info,"45474 geotagged files in the box (272 tile requests, 67 dense tiles subdivided); 1 flood photos taken in the window"
2026-10-03T20:56:06,20261003T192805830508Z,York_2015,social:wikimedia_commons,warn,2 spots of about 139 m still hold 500 or more files (a heavily photographed landmark); only 500 of each were read. Report this
2026-10-03T20:56:06,20261003T192805830508Z,York_2015,social:wikimedia_commons,ok,1 documents in window
2026-10-03T20:56:06,20261003T192805830508Z,York_2015,social:dedupe,info,"8835 documents -> 4859 after de-duplication (3350 syndicated wire copies, 626 repeated texts or photos)"
2026-10-03T20:56:07,20261003T192805830508Z,York_2015,resume:gazetteer_66f1cf7f73,info,loaded from checkpoint (not recomputed)
2026-10-03T20:56:08,20261003T192805830508Z,York_2015,social:gazetteer,info,1 gazetteer names shared with neighbouring towns outside the study area removed
2026-10-03T20:56:09,20261003T192805830508Z,York_2015,social:toponyms,info,"rule t5: 92 gazetteer candidates rejected at acquisition {'name': 0, 'occurrence': 92}"
2026-10-03T21:23:53,20261003T192805830508Z,York_2015,social:toponyms,info,"rule t5: 26819 NER candidates rejected before geocoding {'name': 6068, 'occurrence': 20751}"
2026-10-03T21:23:53,20261003T192805830508Z,York_2015,social:places,ok,"5 mentions from 3 documents (gazetteer names=27, geocoder calls=1, cache hits=4036)"
2026-10-03T21:23:56,20261003T192805830508Z,York_2015,social:mentions,ok,"6 mentions: 1 from geotagged documents, 5 from place names in text"
2026-10-03T21:23:56,20261003T192805830508Z,York_2015,social:concentration,warn,"3 distinct locations, effective 2.57; top place 'New Earswick' = 50% of mentions; top 5: [('New Earswick', 0.5), ('Earswick', 0.333), ('geotagged@53.957,-1.084', 0.167)]  <- the layer is carried by very few points; it cannot localise flooding. Check the top places are real places inside the study area"
2026-10-03T21:23:56,20261003T192805830508Z,York_2015,acquire:complete,ok,every source answered and every place name was looked up
2026-10-03T21:23:58,20261003T192805830508Z,York_2015,social,warn,sparse social layer: 6 located mentions in the primary window
2026-10-03T21:23:58,20261003T192805830508Z,York_2015,social:localisation,warn,"NOT eligible for the pooled gradient analysis: 6 mentions in the primary window, 2.57 effective locations, top place New Earswick = 0.5 (rule: >= 100, >= 10, <= 0.4)"
2026-10-03T21:23:58,20261003T192805830508Z,York_2015,social:signal,info,"primary-window layer is a news-media signal {'news': 0.833, 'geotagged_photo': 0.167}; report it under that name"
2026-10-03T21:23:58,20261003T192805830508Z,York_2015,resume:population_2b840f3a46,info,loaded from checkpoint (not recomputed)
2026-10-03T21:23:59,20261003T192805830508Z,York_2015,acquire,ok,analysis inputs saved (0.7 MB) in 74.6 min -> York_2015/_analysis_inputs.pkl.gz
2026-10-03T21:23:59,20261003T192805830508Z,Carlisle_2015,resume:grid_4bc1f26076,info,loaded from checkpoint (not recomputed)
2026-10-03T21:23:59,20261003T192805830508Z,Carlisle_2015,grid,ok,"123x117 raster at 100 m, 14,037 cells in study area, EPSG:32630"
2026-10-03T21:23:59,20261003T192805830508Z,Carlisle_2015,resume:physical_40c7476a5d,info,loaded from checkpoint (not recomputed)
2026-10-03T21:24:00,20261003T192805830508Z,Carlisle_2015,resume:labels_e20d76e6f3,info,loaded from checkpoint (not recomputed)
2026-10-03T21:24:00,20261003T192805830508Z,Carlisle_2015,labels,ok,"source=canonical_gpkg, positives=1234, prevalence=8.7911% of 14,037 observable cells"
2026-10-03T21:24:00,20261003T192805830508Z,Carlisle_2015,social:gdelt_parse,ok,3325 raw rows -> 3325 flood-themed -> 3325 mention the city; 0 have a page title (3325 use URL words + GDELT location names; titles exist only from 2019-09-22)
2026-10-03T21:24:01,20261003T192805830508Z,Carlisle_2015,social:gdelt_bigquery,ok,3325 documents in window
2026-10-03T21:24:12,20261003T192805830508Z,Carlisle_2015,social:google_news_rss,info,"244 fetched -> 94 kept (150 outside the window, empty or duplicate)"
2026-10-03T21:24:12,20261003T192805830508Z,Carlisle_2015,social:google_news_rss,ok,94 documents in window
2026-10-03T21:24:21,20261003T192805830508Z,Carlisle_2015,social:reddit_arcticshift,ok,174 documents in window
2026-10-03T21:24:21,20261003T192805830508Z,Carlisle_2015,social:petabencana,skip,not an Indonesian city
2026-10-03T21:30:33,20261003T192805830508Z,Carlisle_2015,social:wikimedia_commons,info,5000 of 7863 files examined ...
2026-10-03T21:33:03,20261003T192805830508Z,Carlisle_2015,social:wikimedia_commons,info,"7863 geotagged files in the box (50 tile requests, 11 dense tiles subdivided); 4 flood photos taken in the window"
2026-10-03T21:33:04,20261003T192805830508Z,Carlisle_2015,social:wikimedia_commons,ok,4 documents in window
2026-10-03T21:33:04,20261003T192805830508Z,Carlisle_2015,social:dedupe,info,"3597 documents -> 2388 after de-duplication (956 syndicated wire copies, 253 repeated texts or photos)"
2026-10-03T21:33:05,20261003T192805830508Z,Carlisle_2015,resume:gazetteer_1af3e8865d,info,loaded from checkpoint (not recomputed)
2026-10-03T21:44:38,20261003T192805830508Z,Carlisle_2015,social:toponyms,info,"rule t5: 9345 NER candidates rejected before geocoding {'name': 5141, 'occurrence': 4204}"
2026-10-03T21:44:38,20261003T192805830508Z,Carlisle_2015,social:places,ok,"4 mentions from 4 documents (gazetteer names=60, geocoder calls=0, cache hits=2581)"
2026-10-03T21:44:39,20261003T192805830508Z,Carlisle_2015,social:mentions,ok,"8 mentions: 4 from geotagged documents, 4 from place names in text"
2026-10-03T21:44:39,20261003T192805830508Z,Carlisle_2015,social:concentration,warn,"4 distinct locations, effective 2.91; top place 'Harraby' = 50% of mentions; top 5: [('Harraby', 0.5), ('geotagged@54.896,-2.936', 0.25), ('geotagged@54.905,-2.956', 0.125), ('geotagged@54.896,-2.943', 0.125)]  <- the layer is carried by very few points; it cannot localise flooding. Check the top places are real places inside the study area"
2026-10-03T21:44:39,20261003T192805830508Z,Carlisle_2015,acquire:complete,ok,every source answered and every place name was looked up
2026-10-03T21:44:40,20261003T192805830508Z,Carlisle_2015,social,warn,sparse social layer: 6 located mentions in the primary window
2026-10-03T21:44:40,20261003T192805830508Z,Carlisle_2015,social:localisation,warn,"NOT eligible for the pooled gradient analysis: 6 mentions in the primary window, 3.6 effective locations, top place geotagged@54.896,-2.936 = 0.333 (rule: >= 100, >= 10, <= 0.4)"
2026-10-03T21:44:40,20261003T192805830508Z,Carlisle_2015,social:signal,info,"primary-window layer is a mixed signal (geotagged_photo 67%, news 33%) {'geotagged_photo': 0.667, 'news': 0.333}; report it under that name"
2026-10-03T21:44:41,20261003T192805830508Z,Carlisle_2015,resume:population_bbf84a8691,info,loaded from checkpoint (not recomputed)
2026-10-03T21:44:41,20261003T192805830508Z,Carlisle_2015,acquire,ok,analysis inputs saved (0.9 MB) in 20.7 min -> Carlisle_2015/_analysis_inputs.pkl.gz
2026-10-03T21:44:42,20261003T192805830508Z,PortoAlegre_2024,resume:grid_c36a05bc17,info,loaded from checkpoint (not recomputed)
2026-10-03T21:44:42,20261003T192805830508Z,PortoAlegre_2024,grid,ok,"541x264 raster at 100 m, 141,828 cells in study area, EPSG:32722"
2026-10-03T21:44:43,20261003T192805830508Z,PortoAlegre_2024,resume:physical_c8b2db03fd,info,loaded from checkpoint (not recomputed)
2026-10-03T21:44:43,20261003T192805830508Z,PortoAlegre_2024,resume:labels_11ae2d392e,info,loaded from checkpoint (not recomputed)
2026-10-03T21:44:43,20261003T192805830508Z,PortoAlegre_2024,labels,ok,"source=canonical_gpkg, positives=32153, prevalence=35.1161% of 91,562 observable cells"
2026-10-03T21:44:43,20261003T192805830508Z,PortoAlegre_2024,labels,warn,"prevalence 35.1% is high: Recall@K and AP are near their random baselines by construction, so read info_nats and AUC for this city"
2026-10-03T21:44:44,20261003T192805830508Z,PortoAlegre_2024,social:gdelt_parse,ok,6672 raw rows -> 6672 flood-themed -> 1460 mention the city; 1460 have a page title (0 use URL words + GDELT location names; titles exist only from 2019-09-22)
2026-10-03T21:44:44,20261003T192805830508Z,PortoAlegre_2024,social:gdelt_bigquery,ok,1460 documents in window
2026-10-03T21:45:02,20261003T192805830508Z,PortoAlegre_2024,social:google_news_rss,info,"818 fetched -> 377 kept (441 outside the window, empty or duplicate)"
2026-10-03T21:45:02,20261003T192805830508Z,PortoAlegre_2024,social:google_news_rss,ok,377 documents in window
2026-10-03T21:45:18,20261003T192805830508Z,PortoAlegre_2024,social:reddit_arcticshift,ok,487 documents in window
2026-10-03T21:45:18,20261003T192805830508Z,PortoAlegre_2024,social:petabencana,skip,not an Indonesian city
2026-10-03T21:48:46,20261003T192805830508Z,PortoAlegre_2024,social:wikimedia_commons,info,"4439 geotagged files in the box (44 tile requests, 4 dense tiles subdivided); 0 flood photos taken in the window"
2026-10-03T21:48:46,20261003T192805830508Z,PortoAlegre_2024,social:wikimedia_commons,warn,0 documents in window
2026-10-03T21:48:46,20261003T192805830508Z,PortoAlegre_2024,social:dedupe,info,"2324 documents -> 2121 after de-duplication (33 syndicated wire copies, 170 repeated texts or photos)"
2026-10-03T21:48:47,20261003T192805830508Z,PortoAlegre_2024,resume:gazetteer_e722c0447a,info,loaded from checkpoint (not recomputed)
2026-10-03T21:48:47,20261003T192805830508Z,PortoAlegre_2024,social:places,ok,"103 text mentions reused from the complete v6.1 acquisition (same text documents, gazetteer, study box and lookup rules); rule t5 dropped 9 of them [('Vargas', 9)]"
2026-10-03T21:48:47,20261003T192805830508Z,PortoAlegre_2024,social:mentions,ok,"103 mentions: 0 from geotagged documents, 103 from place names in text (name lookups reused from the v6.1 acquisition)"
2026-10-03T21:48:47,20261003T192805830508Z,PortoAlegre_2024,social:concentration,info,"25 distinct locations, effective 5.37; top place 'Belem Novo' = 38% of mentions; top 5: [('Belem Novo', 0.379), ('Nossa Senhora das Gracas', 0.175), ('Tres Figueiras', 0.049), ('Menino Deus', 0.049), ('Ilha do Pavao', 0.039)]"
2026-10-03T21:48:47,20261003T192805830508Z,PortoAlegre_2024,acquire:complete,ok,every source answered and every place name was looked up
2026-10-03T21:48:48,20261003T192805830508Z,PortoAlegre_2024,social:localisation,warn,"NOT eligible for the pooled gradient analysis: 72 mentions in the primary window, 4.96 effective locations, top place Belem Novo = 0.375 (rule: >= 100, >= 10, <= 0.4)"
2026-10-03T21:48:48,20261003T192805830508Z,PortoAlegre_2024,social:signal,info,"primary-window layer is a news-media signal {'news': 0.903, 'social_media': 0.097}; report it under that name"
2026-10-03T21:48:49,20261003T192805830508Z,PortoAlegre_2024,resume:population_fc0ddbd7f7,info,loaded from checkpoint (not recomputed)
2026-10-03T21:48:51,20261003T192805830508Z,PortoAlegre_2024,acquire,ok,analysis inputs saved (9.0 MB) in 4.2 min -> PortoAlegre_2024/_analysis_inputs.pkl.gz
2026-10-03T21:48:51,20261003T192805830508Z,TaquariValley_2024,resume:grid_b1147904ff,info,loaded from checkpoint (not recomputed)
2026-10-03T21:48:51,20261003T192805830508Z,TaquariValley_2024,grid,ok,"150x95 raster at 100 m, 13,823 cells in study area, EPSG:32722"
2026-10-03T21:48:52,20261003T192805830508Z,TaquariValley_2024,resume:physical_4270429ec5,info,loaded from checkpoint (not recomputed)
2026-10-03T21:48:52,20261003T192805830508Z,TaquariValley_2024,resume:labels_c9df784651,info,loaded from checkpoint (not recomputed)
2026-10-03T21:48:52,20261003T192805830508Z,TaquariValley_2024,labels,ok,"source=canonical_gpkg, positives=463, prevalence=9.2011% of 5,032 observable cells"
2026-10-03T21:48:53,20261003T192805830508Z,TaquariValley_2024,social:gdelt_parse,ok,356 raw rows -> 356 flood-themed -> 350 mention the city; 350 have a page title (0 use URL words + GDELT location names; titles exist only from 2019-09-22)
2026-10-03T21:48:53,20261003T192805830508Z,TaquariValley_2024,social:gdelt_bigquery,ok,350 documents in window
2026-10-03T21:49:11,20261003T192805830508Z,TaquariValley_2024,social:google_news_rss,info,"203 fetched -> 85 kept (118 outside the window, empty or duplicate)"
2026-10-03T21:49:11,20261003T192805830508Z,TaquariValley_2024,social:google_news_rss,ok,85 documents in window
2026-10-03T21:49:26,20261003T192805830508Z,TaquariValley_2024,social:reddit_arcticshift,ok,289 documents in window
2026-10-03T21:49:26,20261003T192805830508Z,TaquariValley_2024,social:petabencana,skip,not an Indonesian city
2026-10-03T21:49:27,20261003T192805830508Z,TaquariValley_2024,social:wikimedia_commons,info,"9 geotagged files in the box (4 tile requests, 0 dense tiles subdivided); 0 flood photos taken in the window"
2026-10-03T21:49:27,20261003T192805830508Z,TaquariValley_2024,social:wikimedia_commons,warn,0 documents in window
2026-10-03T21:49:27,20261003T192805830508Z,TaquariValley_2024,social:dedupe,info,"724 documents -> 569 after de-duplication (28 syndicated wire copies, 127 repeated texts or photos)"
2026-10-03T21:49:28,20261003T192805830508Z,TaquariValley_2024,resume:gazetteer_3b04cc1643,info,loaded from checkpoint (not recomputed)
2026-10-03T21:49:28,20261003T192805830508Z,TaquariValley_2024,social:places,ok,"50 text mentions reused from the complete v6.1 acquisition (same text documents, gazetteer, study box and lookup rules); rule t5 dropped 0 of them []"
2026-10-03T21:49:28,20261003T192805830508Z,TaquariValley_2024,social:mentions,ok,"50 mentions: 0 from geotagged documents, 50 from place names in text (name lookups reused from the v6.1 acquisition)"
2026-10-03T21:49:28,20261003T192805830508Z,TaquariValley_2024,social:concentration,warn,"2 distinct locations, effective 1.42; top place 'Encantado' = 82% of mentions; top 5: [('Encantado', 0.82), ('Roca Sales', 0.18)]  <- the layer is carried by very few points; it cannot localise flooding. Check the top places are real places inside the study area"
2026-10-03T21:49:28,20261003T192805830508Z,TaquariValley_2024,acquire:complete,ok,every source answered and every place name was looked up
2026-10-03T21:49:29,20261003T192805830508Z,TaquariValley_2024,social:localisation,warn,"NOT eligible for the pooled gradient analysis: 48 mentions in the primary window, 1.38 effective locations, top place Encantado = 0.833 (rule: >= 100, >= 10, <= 0.4)"
2026-10-03T21:49:29,20261003T192805830508Z,TaquariValley_2024,social:signal,info,"primary-window layer is a news-media signal {'news': 0.938, 'social_media': 0.062}; report it under that name"
2026-10-03T21:49:29,20261003T192805830508Z,TaquariValley_2024,resume:population_56291df856,info,loaded from checkpoint (not recomputed)
2026-10-03T21:49:30,20261003T192805830508Z,TaquariValley_2024,acquire,ok,analysis inputs saved (1.0 MB) in 0.7 min -> TaquariValley_2024/_analysis_inputs.pkl.gz
2026-10-03T21:49:31,20261003T192805830508Z,Houston_SanJacinto_2017,resume:grid_05112b5552,info,loaded from checkpoint (not recomputed)
2026-10-03T21:49:31,20261003T192805830508Z,Houston_SanJacinto_2017,grid,ok,"442x436 raster at 150 m, 184,495 cells in study area, EPSG:32615"
2026-10-03T21:49:31,20261003T192805830508Z,Houston_SanJacinto_2017,grid,warn,cell size 150 m differs from the study default 100 m (large study area); report this per-city resolution in the paper
2026-10-03T21:49:32,20261003T192805830508Z,Houston_SanJacinto_2017,resume:physical_91f8e4a939,info,loaded from checkpoint (not recomputed)
2026-10-03T21:49:32,20261003T192805830508Z,Houston_SanJacinto_2017,resume:labels_276e2926a7,info,loaded from checkpoint (not recomputed)
2026-10-03T21:49:32,20261003T192805830508Z,Houston_SanJacinto_2017,labels,ok,"source=canonical_gpkg, positives=27565, prevalence=30.8375% of 89,388 observable cells"
2026-10-03T21:49:47,20261003T192805830508Z,Houston_SanJacinto_2017,social:gdelt_parse,ok,81621 raw rows -> 81621 flood-themed -> 78179 mention the city; 0 have a page title (78179 use URL words + GDELT location names; titles exist only from 2019-09-22)
2026-10-03T21:49:51,20261003T192805830508Z,Houston_SanJacinto_2017,social:gdelt_bigquery,info,"78179 fetched -> 78156 kept (23 outside the window, empty or duplicate)"
2026-10-03T21:49:51,20261003T192805830508Z,Houston_SanJacinto_2017,social:gdelt_bigquery,ok,78156 documents in window
2026-10-03T21:50:04,20261003T192805830508Z,Houston_SanJacinto_2017,social:google_news_rss,info,"68 fetched -> 35 kept (33 outside the window, empty or duplicate)"
2026-10-03T21:50:04,20261003T192805830508Z,Houston_SanJacinto_2017,social:google_news_rss,ok,35 documents in window
2026-10-03T21:50:50,20261003T192805830508Z,Houston_SanJacinto_2017,social:reddit_arcticshift,ok,2995 documents in window
2026-10-03T21:50:50,20261003T192805830508Z,Houston_SanJacinto_2017,social:petabencana,skip,not an Indonesian city
2026-10-03T21:54:02,20261003T192805830508Z,Houston_SanJacinto_2017,social:wikimedia_commons,info,"3531 geotagged files in the box (88 tile requests, 4 dense tiles subdivided); 1 flood photos taken in the window"
2026-10-03T21:54:02,20261003T192805830508Z,Houston_SanJacinto_2017,social:wikimedia_commons,ok,1 documents in window
2026-10-03T21:54:03,20261003T192805830508Z,Houston_SanJacinto_2017,social:dedupe,info,"81187 documents -> 42563 after de-duplication (30262 syndicated wire copies, 8362 repeated texts or photos)"
2026-10-03T21:54:04,20261003T192805830508Z,Houston_SanJacinto_2017,resume:gazetteer_ee39dac93a,info,loaded from checkpoint (not recomputed)
2026-10-03T21:54:06,20261003T192805830508Z,Houston_SanJacinto_2017,social:places,ok,"1061 text mentions reused from the complete v6.1 acquisition (same text documents, gazetteer, study box and lookup rules); rule t5 dropped 6 of them [('Spring', 6)]"
2026-10-03T21:54:07,20261003T192805830508Z,Houston_SanJacinto_2017,social:mentions,ok,"1062 mentions: 1 from geotagged documents, 1061 from place names in text (name lookups reused from the v6.1 acquisition)"
2026-10-03T21:54:07,20261003T192805830508Z,Houston_SanJacinto_2017,social:concentration,info,"74 distinct locations, effective 7.17; top place 'Kingwood' = 25% of mentions; top 5: [('Kingwood', 0.25), ('Jersey Village', 0.248), ('Tomball', 0.091), ('Conroe', 0.032), ('North Houston', 0.031)]"
2026-10-03T21:54:07,20261003T192805830508Z,Houston_SanJacinto_2017,acquire:complete,ok,every source answered and every place name was looked up
2026-10-03T21:54:11,20261003T192805830508Z,Houston_SanJacinto_2017,social:localisation,warn,"NOT eligible for the pooled gradient analysis: 477 mentions in the primary window, 5.71 effective locations, top place Kingwood = 0.377 (rule: >= 100, >= 10, <= 0.4)"
2026-10-03T21:54:11,20261003T192805830508Z,Houston_SanJacinto_2017,social:signal,info,"primary-window layer is a news-media signal {'news': 0.945, 'social_media': 0.052, 'geotagged_photo': 0.002}; report it under that name"
2026-10-03T21:54:11,20261003T192805830508Z,Houston_SanJacinto_2017,resume:population_930d8c92fe,info,loaded from checkpoint (not recomputed)
2026-10-03T21:54:14,20261003T192805830508Z,Houston_SanJacinto_2017,acquire,ok,analysis inputs saved (13.4 MB) in 4.7 min -> Houston_SanJacinto_2017/_analysis_inputs.pkl.gz
2026-10-03T21:54:14,20261003T192805830508Z,Jakarta_2020,resume:grid_b7e5eaea45,info,loaded from checkpoint (not recomputed)
2026-10-03T21:54:14,20261003T192805830508Z,Jakarta_2020,grid,ok,"323x356 raster at 100 m, 71,661 cells in study area, EPSG:32748"
2026-10-03T21:54:15,20261003T192805830508Z,Jakarta_2020,resume:physical_2f6db2ccbf,info,loaded from checkpoint (not recomputed)
2026-10-03T21:54:15,20261003T192805830508Z,Jakarta_2020,resume:labels_65db969f14,info,loaded from checkpoint (not recomputed)
2026-10-03T21:54:15,20261003T192805830508Z,Jakarta_2020,labels,ok,"source=canonical_gpkg, positives=1054, prevalence=1.4708% of 71,661 observable cells"
2026-10-03T21:54:15,20261003T192805830508Z,Jakarta_2020,social,info,"PetaBencana is the label source here, so it is excluded from the social layer (and this city is a crowdsourced-label case, not confirmatory evidence)"
2026-10-03T21:54:17,20261003T192805830508Z,Jakarta_2020,social:gdelt_parse,ok,12435 raw rows -> 12435 flood-themed -> 12341 mention the city; 12148 have a page title (193 use URL words + GDELT location names; titles exist only from 2019-09-22)
2026-10-03T21:54:17,20261003T192805830508Z,Jakarta_2020,social:gdelt_bigquery,ok,12341 documents in window
2026-10-03T21:54:33,20261003T192805830508Z,Jakarta_2020,social:google_news_rss,info,"521 fetched -> 306 kept (215 outside the window, empty or duplicate)"
2026-10-03T21:54:34,20261003T192805830508Z,Jakarta_2020,social:google_news_rss,ok,306 documents in window
2026-10-03T21:54:47,20261003T192805830508Z,Jakarta_2020,social:reddit_arcticshift,ok,828 documents in window
2026-10-03T21:58:03,20261003T192805830508Z,Jakarta_2020,social:wikimedia_commons,info,5000 of 13051 files examined ...
2026-10-03T22:00:31,20261003T192805830508Z,Jakarta_2020,social:wikimedia_commons,info,10000 of 13051 files examined ...
2026-10-03T22:01:40,20261003T192805830508Z,Jakarta_2020,social:wikimedia_commons,info,"13051 geotagged files in the box (100 tile requests, 21 dense tiles subdivided); 0 flood photos taken in the window"
2026-10-03T22:01:40,20261003T192805830508Z,Jakarta_2020,social:wikimedia_commons,warn,0 documents in window
2026-10-03T22:01:40,20261003T192805830508Z,Jakarta_2020,social:dedupe,info,"13475 documents -> 12197 after de-duplication (912 syndicated wire copies, 366 repeated texts or photos)"
2026-10-03T22:01:41,20261003T192805830508Z,Jakarta_2020,resume:gazetteer_55bd60b3c0,info,loaded from checkpoint (not recomputed)
2026-10-03T22:01:43,20261003T192805830508Z,Jakarta_2020,social:places,ok,"4186 text mentions reused from the complete v6.1 acquisition (same text documents, gazetteer, study box and lookup rules); rule t5 dropped 15 of them [('Duren', 6), ('Kaliangke', 6), ('Pasar Baru', 2), ('Makasar', 1)]"
2026-10-03T22:01:43,20261003T192805830508Z,Jakarta_2020,social:mentions,ok,"4186 mentions: 0 from geotagged documents, 4186 from place names in text (name lookups reused from the v6.1 acquisition)"
2026-10-03T22:01:43,20261003T192805830508Z,Jakarta_2020,social:concentration,info,"190 distinct locations, effective 28.28; top place 'Manggarai' = 10% of mentions; top 5: [('Manggarai', 0.102), ('Kemang', 0.096), ('Kalideres', 0.052), ('Jatiasih', 0.046), ('Cipinang', 0.043)]"
2026-10-03T22:01:43,20261003T192805830508Z,Jakarta_2020,acquire:complete,ok,every source answered and every place name was looked up
2026-10-03T22:01:45,20261003T192805830508Z,Jakarta_2020,social:localisation,ok,"eligible for the pooled gradient analysis: 3732 mentions in the primary window, 27.16 effective locations, top place Manggarai = 0.103 (rule: >= 100, >= 10, <= 0.4)"
2026-10-03T22:01:45,20261003T192805830508Z,Jakarta_2020,social:signal,info,"primary-window layer is a news-media signal {'news': 0.993, 'social_media': 0.007}; report it under that name"
2026-10-03T22:01:46,20261003T192805830508Z,Jakarta_2020,resume:population_962ac1f667,info,loaded from checkpoint (not recomputed)
2026-10-03T22:01:47,20261003T192805830508Z,Jakarta_2020,acquire,ok,analysis inputs saved (7.1 MB) in 7.6 min -> Jakarta_2020/_analysis_inputs.pkl.gz
2026-10-03T22:01:47,20261003T192805830508Z,(all),acquire,ok,"10 of 10 cities acquired, 10 complete; run the analysis with RUN_MODE='analyse' (any machine) on /content/drive/MyDrive/saturation_v6/outputs"
2026-10-04T06:57:39,20261004T065648876200Z,Chennai_2015,exclude,info,779 permanent-water cells (JRC occurrence >= 50%) excluded
2026-10-04T06:57:39,20261004T065648876200Z,Chennai_2015,exclude,ok,"779 of 41,919 cells excluded (1.9%); 9360 flooded among 41,140 analysed"
2026-10-04T06:57:41,20261004T065648876200Z,Chennai_2015,cv:blocks,ok,label autocorrelation < 0.1 by 3000 m -> CV tile 2500 m + buffer 500 m (correlogram range 3000 m)
2026-10-04T06:57:42,20261004T065648876200Z,Chennai_2015,rung:A_terrain_first,info,"positives per fold: {0: 1871, 1: 1872, 2: 1875, 3: 1871, 4: 1871}"
2026-10-04T07:02:23,20261004T065648876200Z,Chennai_2015,rung:A_terrain_first,info,[R0_none] AP_phys=0.2128 AP_stacked=0.2994 AP_gated=0.2842
2026-10-04T07:08:19,20261004T065648876200Z,Chennai_2015,rung:A_terrain_first,info,[R1_+terrain] AP_phys=0.2845 AP_stacked=0.3132 AP_gated=0.3164
2026-10-04T07:14:46,20261004T065648876200Z,Chennai_2015,rung:A_terrain_first,info,[R2_+surface] AP_phys=0.3113 AP_stacked=0.3320 AP_gated=0.3382
2026-10-04T07:22:27,20261004T065648876200Z,Chennai_2015,rung:A_terrain_first,info,[R3_+hydrography] AP_phys=0.3156 AP_stacked=0.3332 AP_gated=0.3419
2026-10-04T07:30:38,20261004T065648876200Z,Chennai_2015,rung:A_terrain_first,info,[R4_+forcing] AP_phys=0.3627 AP_stacked=0.3519 AP_gated=0.3591
2026-10-04T07:39:00,20261004T065648876200Z,Chennai_2015,rung:A_terrain_first,info,[R5_+sar_event] AP_phys=0.3665 AP_stacked=0.3524 AP_gated=0.3603
2026-10-04T07:45:33,20261004T065648876200Z,Chennai_2015,gradient:A_terrain_first,info,"without R0: 2 of 4 primary slopes have a 95% CI entirely below 0 ['dAP_stacked_fm_adj', 'dAP_gated_fm_adj']"
2026-10-04T07:45:34,20261004T065648876200Z,Chennai_2015,gated:A_terrain_first,warn,77% of fold fits chose the edge of the gate grid (alpha=2.0 or tau=0.3); see the gated_wide_grid sensitivity variant
2026-10-04T07:45:38,20261004T065648876200Z,Chennai_2015,effects:A_terrain_first,ok,"top rung: info_nats_fm -0.0009 [-0.0120, +0.0066] inconclusive; info_frac_fm -0.0018 [-0.0226, +0.0131] saturated; dAP_stacked_fm -0.0048 [-0.0274, +0.0166] inconclusive; dAP_gated_fm -0.0026 [-0.0249, +0.0156] inconclusive; dAP_early_fm +0.0133 [-0.0048, +0.0348] inconclusive; dAP_adr_legacy_fm -0.0098 [-0.0194, +0.0036] inconclusive | social gain saturated from: R3_+hydrography"
2026-10-04T07:45:38,20261004T065648876200Z,Chennai_2015,ladder:A_terrain_first,ok,6 rungs in 48.0 min
2026-10-04T07:45:39,20261004T065648876200Z,Chennai_2015,rung:B_surface_first,info,"positives per fold: {0: 1871, 1: 1872, 2: 1875, 3: 1871, 4: 1871}"
2026-10-04T07:45:39,20261004T065648876200Z,Chennai_2015,rung:B_surface_first,info,reused from checkpoint 1b6c871af4c5 (identical feature set; not recomputed)
2026-10-04T07:51:09,20261004T065648876200Z,Chennai_2015,rung:B_surface_first,info,[R1_+surface] AP_phys=0.2626 AP_stacked=0.3162 AP_gated=0.3196
2026-10-04T07:57:00,20261004T065648876200Z,Chennai_2015,rung:B_surface_first,info,[R2_+forcing] AP_phys=0.3468 AP_stacked=0.3389 AP_gated=0.3436
2026-10-04T08:03:42,20261004T065648876200Z,Chennai_2015,rung:B_surface_first,info,[R3_+terrain] AP_phys=0.3660 AP_stacked=0.3460 AP_gated=0.3583
2026-10-04T08:03:42,20261004T065648876200Z,Chennai_2015,rung:B_surface_first,info,reused from checkpoint 2ef8558faa87 (identical feature set; not recomputed)
2026-10-04T08:03:42,20261004T065648876200Z,Chennai_2015,rung:B_surface_first,info,reused from checkpoint f9fd79a20286 (identical feature set; not recomputed)
2026-10-04T08:10:11,20261004T065648876200Z,Chennai_2015,gradient:B_surface_first,info,"without R0: 2 of 4 primary slopes have a 95% CI entirely below 0 ['dAP_stacked_fm_adj', 'dAP_gated_fm_adj']"
2026-10-04T08:10:11,20261004T065648876200Z,Chennai_2015,gated:B_surface_first,warn,73% of fold fits chose the edge of the gate grid (alpha=2.0 or tau=0.3); see the gated_wide_grid sensitivity variant
2026-10-04T08:10:16,20261004T065648876200Z,Chennai_2015,effects:B_surface_first,ok,"top rung: info_nats_fm -0.0009 [-0.0120, +0.0066] inconclusive; info_frac_fm -0.0018 [-0.0226, +0.0131] saturated; dAP_stacked_fm -0.0048 [-0.0274, +0.0166] inconclusive; dAP_gated_fm -0.0026 [-0.0249, +0.0156] inconclusive; dAP_early_fm +0.0133 [-0.0048, +0.0348] inconclusive; dAP_adr_legacy_fm -0.0098 [-0.0194, +0.0036] inconclusive | social gain saturated from: R4_+hydrography"
2026-10-04T08:10:16,20261004T065648876200Z,Chennai_2015,ladder:B_surface_first,ok,6 rungs in 24.6 min
2026-10-04T08:10:16,20261004T065648876200Z,Chennai_2015,rung:lens,info,reused from checkpoint f9fd79a20286 (identical feature set; not recomputed)
2026-10-04T08:39:39,20261004T065648876200Z,Chennai_2015,rung:lens,info,reused from checkpoint 98b18bf26b2d (identical feature set; not recomputed)
2026-10-04T08:51:45,20261004T065648876200Z,Chennai_2015,emotion_lens,ok,6 channel sets at rung R5_+sar_event
2026-10-04T09:19:59,20261004T065648876200Z,Chennai_2015,sensitivity,ok,4 variants
2026-10-04T09:19:59,20261004T065648876200Z,Chennai_2015,placebo,info,social layer vs population-density layer: Spearman 0.80
2026-10-04T09:20:00,20261004T065648876200Z,Chennai_2015,resume:placebo_pop_full_59c3eae36682f007_5_d2e2f7342e,info,loaded from checkpoint (not recomputed)
2026-10-04T09:23:54,20261004T065648876200Z,Chennai_2015,placebo,ok,population-density placebo ladder and population control done
2026-10-04T09:23:57,20261004T065648876200Z,Chennai_2015,city,ok,finished in 146.3 min
2026-10-04T09:24:11,20261004T065648876200Z,(all),synthesis,ok,"10 cities (1 under the current pre-registration); confirmatory k=1, evaluable k=1, localisable k=1 -> paper_synthesis/"
2026-10-04T09:24:13,20261004T065648876200Z,Valencia_2024,exclude,info,"5,684 permanent-water cells (JRC occurrence >= 50%) excluded"
2026-10-04T09:24:13,20261004T065648876200Z,Valencia_2024,exclude,ok,"5,684 of 38,269 cells excluded (14.9%); 10460 flooded among 32,585 analysed"
2026-10-04T09:24:14,20261004T065648876200Z,Valencia_2024,cv:blocks,ok,label autocorrelation < 0.1 by 8000 m -> CV tile 4000 m + buffer 500 m (correlogram range 8000 m)
2026-10-04T09:24:14,20261004T065648876200Z,Valencia_2024,rung:A_terrain_first,info,"positives per fold: {0: 2087, 1: 2090, 2: 2107, 3: 2087, 4: 2089}"
2026-10-04T09:28:12,20261004T065648876200Z,Valencia_2024,rung:A_terrain_first,info,[R0_none] AP_phys=0.2902 AP_stacked=0.5159 AP_gated=0.4972
2026-10-04T09:33:20,20261004T065648876200Z,Valencia_2024,rung:A_terrain_first,info,[R1_+terrain] AP_phys=0.7488 AP_stacked=0.7777 AP_gated=0.7978
2026-10-04T09:39:06,20261004T065648876200Z,Valencia_2024,rung:A_terrain_first,info,[R2_+surface] AP_phys=0.7615 AP_stacked=0.7827 AP_gated=0.8138
2026-10-04T09:45:46,20261004T065648876200Z,Valencia_2024,rung:A_terrain_first,info,[R3_+hydrography] AP_phys=0.8204 AP_stacked=0.8529 AP_gated=0.8464
2026-10-04T09:52:48,20261004T065648876200Z,Valencia_2024,rung:A_terrain_first,info,[R4_+forcing] AP_phys=0.8373 AP_stacked=0.8356 AP_gated=0.8045
2026-10-04T10:00:01,20261004T065648876200Z,Valencia_2024,rung:A_terrain_first,info,[R5_+sar_event] AP_phys=0.8453 AP_stacked=0.8507 AP_gated=0.8323
2026-10-04T10:05:17,20261004T065648876200Z,Valencia_2024,gradient:A_terrain_first,info,without R0: 0 of 4 primary slopes have a 95% CI entirely below 0 []
2026-10-04T10:05:17,20261004T065648876200Z,Valencia_2024,gated:A_terrain_first,warn,100% of fold fits chose the edge of the gate grid (alpha=2.0 or tau=0.3); see the gated_wide_grid sensitivity variant
2026-10-04T10:05:22,20261004T065648876200Z,Valencia_2024,effects:A_terrain_first,ok,"top rung: info_nats_fm +0.0768 [-0.0230, +0.1729] inconclusive; info_frac_fm +0.1794 [-0.0727, +0.3337] inconclusive; dAP_stacked_fm +0.0382 [-0.0032, +0.1030] inconclusive; dAP_gated_fm -0.0124 [-0.0325, +0.0276] inconclusive; dAP_early_fm -0.0049 [-0.0260, +0.0745] inconclusive; dAP_adr_legacy_fm -0.1235 [-0.1482, -0.0517] harmful | social gain saturated from: None"
2026-10-04T10:05:22,20261004T065648876200Z,Valencia_2024,ladder:A_terrain_first,ok,6 rungs in 41.1 min
2026-10-04T10:05:22,20261004T065648876200Z,Valencia_2024,rung:B_surface_first,info,"positives per fold: {0: 2087, 1: 2090, 2: 2107, 3: 2087, 4: 2089}"
2026-10-04T10:05:22,20261004T065648876200Z,Valencia_2024,rung:B_surface_first,info,reused from checkpoint b626d1ebf891 (identical feature set; not recomputed)
2026-10-04T10:10:13,20261004T065648876200Z,Valencia_2024,rung:B_surface_first,info,[R1_+surface] AP_phys=0.7006 AP_stacked=0.7620 AP_gated=0.7000
2026-10-04T10:15:30,20261004T065648876200Z,Valencia_2024,rung:B_surface_first,info,[R2_+forcing] AP_phys=0.7666 AP_stacked=0.7158 AP_gated=0.6566
2026-10-04T10:21:33,20261004T065648876200Z,Valencia_2024,rung:B_surface_first,info,[R3_+terrain] AP_phys=0.7921 AP_stacked=0.7918 AP_gated=0.7269
2026-10-04T10:21:33,20261004T065648876200Z,Valencia_2024,rung:B_surface_first,info,reused from checkpoint ae0be42b33af (identical feature set; not recomputed)
2026-10-04T10:21:33,20261004T065648876200Z,Valencia_2024,rung:B_surface_first,info,reused from checkpoint 4cb1b3a3abab (identical feature set; not recomputed)
2026-10-04T10:26:50,20261004T065648876200Z,Valencia_2024,gradient:B_surface_first,info,without R0: 0 of 4 primary slopes have a 95% CI entirely below 0 []
2026-10-04T10:26:50,20261004T065648876200Z,Valencia_2024,gated:B_surface_first,warn,87% of fold fits chose the edge of the gate grid (alpha=2.0 or tau=0.3); see the gated_wide_grid sensitivity variant
2026-10-04T10:26:54,20261004T065648876200Z,Valencia_2024,effects:B_surface_first,ok,"top rung: info_nats_fm +0.0768 [-0.0230, +0.1729] inconclusive; info_frac_fm +0.1794 [-0.0727, +0.3337] inconclusive; dAP_stacked_fm +0.0382 [-0.0032, +0.1030] inconclusive; dAP_gated_fm -0.0124 [-0.0325, +0.0276] inconclusive; dAP_early_fm -0.0049 [-0.0260, +0.0745] inconclusive; dAP_adr_legacy_fm -0.1235 [-0.1482, -0.0517] harmful | social gain saturated from: None"
2026-10-04T10:26:54,20261004T065648876200Z,Valencia_2024,ladder:B_surface_first,ok,6 rungs in 21.5 min
2026-10-04T10:26:55,20261004T065648876200Z,Valencia_2024,rung:lens,info,reused from checkpoint 4cb1b3a3abab (identical feature set; not recomputed)
2026-10-04T11:18:18,20261004T065648876200Z,Valencia_2024,emotion_lens,ok,7 channel sets at rung R5_+sar_event
2026-10-04T11:42:49,20261004T065648876200Z,Valencia_2024,sensitivity,ok,4 variants
2026-10-04T11:42:49,20261004T065648876200Z,Valencia_2024,placebo,info,social layer vs population-density layer: Spearman 0.70
2026-10-04T11:42:50,20261004T065648876200Z,Valencia_2024,resume:placebo_pop_full_fb7e9451b1712344_5_fe639a2c0a,info,loaded from checkpoint (not recomputed)
2026-10-04T11:46:16,20261004T065648876200Z,Valencia_2024,placebo,ok,population-density placebo ladder and population control done
2026-10-04T11:46:18,20261004T065648876200Z,Valencia_2024,city,ok,finished in 142.1 min
2026-10-04T11:46:19,20261004T065648876200Z,(all),synthesis,ok,"10 cities (2 under the current pre-registration); confirmatory k=2, evaluable k=2, localisable k=1 -> paper_synthesis/"
2026-10-04T11:46:21,20261004T065648876200Z,EmiliaRomagna_2023a,exclude,info,238 permanent-water cells (JRC occurrence >= 50%) excluded
2026-10-04T11:46:21,20261004T065648876200Z,EmiliaRomagna_2023a,exclude,warn,"123,756 of 143,322 cells excluded (86.3%); 2576 flooded among 19,566 analysed"
2026-10-04T11:46:22,20261004T065648876200Z,EmiliaRomagna_2023a,cv:blocks,ok,label autocorrelation < 0.1 by 3000 m -> CV tile 2500 m + buffer 500 m (correlogram range 3000 m)
2026-10-04T11:46:22,20261004T065648876200Z,EmiliaRomagna_2023a,rung:A_terrain_first,info,"positives per fold: {0: 516, 1: 516, 2: 514, 3: 515, 4: 515}"
2026-10-04T11:48:48,20261004T065648876200Z,EmiliaRomagna_2023a,rung:A_terrain_first,info,[R0_none] AP_phys=0.1013 AP_stacked=0.1271 AP_gated=0.1200
2026-10-04T11:52:35,20261004T065648876200Z,EmiliaRomagna_2023a,rung:A_terrain_first,info,[R1_+terrain] AP_phys=0.1960 AP_stacked=0.1142 AP_gated=0.1614
2026-10-04T11:56:43,20261004T065648876200Z,EmiliaRomagna_2023a,rung:A_terrain_first,info,[R2_+surface] AP_phys=0.1949 AP_stacked=0.1131 AP_gated=0.1594
2026-10-04T12:01:31,20261004T065648876200Z,EmiliaRomagna_2023a,rung:A_terrain_first,info,[R3_+hydrography] AP_phys=0.2829 AP_stacked=0.1414 AP_gated=0.2506
2026-10-04T12:06:42,20261004T065648876200Z,EmiliaRomagna_2023a,rung:A_terrain_first,info,[R4_+forcing] AP_phys=0.2786 AP_stacked=0.1506 AP_gated=0.2560
2026-10-04T12:11:59,20261004T065648876200Z,EmiliaRomagna_2023a,rung:A_terrain_first,info,[R5_+sar_event] AP_phys=0.3575 AP_stacked=0.2005 AP_gated=0.3539
2026-10-04T12:15:49,20261004T065648876200Z,EmiliaRomagna_2023a,gradient:A_terrain_first,info,without R0: 0 of 4 primary slopes have a 95% CI entirely below 0 []
2026-10-04T12:15:49,20261004T065648876200Z,EmiliaRomagna_2023a,gated:A_terrain_first,warn,50% of fold fits chose the edge of the gate grid (alpha=2.0 or tau=0.3); see the gated_wide_grid sensitivity variant
2026-10-04T12:15:54,20261004T065648876200Z,EmiliaRomagna_2023a,effects:A_terrain_first,ok,"top rung: info_nats_fm -0.0067 [-0.0466, +0.0221] inconclusive; info_frac_fm -0.0150 [-0.0951, +0.0604] inconclusive; dAP_stacked_fm -0.1356 [-0.1563, +0.0192] inconclusive; dAP_gated_fm -0.0132 [-0.0184, +0.0093] inconclusive; dAP_early_fm +0.0002 [-0.0251, +0.0247] inconclusive; dAP_adr_legacy_fm -0.0550 [-0.0776, +0.0039] inconclusive | social gain saturated from: None"
2026-10-04T12:15:54,20261004T065648876200Z,EmiliaRomagna_2023a,ladder:A_terrain_first,ok,6 rungs in 29.5 min
2026-10-04T12:15:54,20261004T065648876200Z,EmiliaRomagna_2023a,rung:B_surface_first,info,"positives per fold: {0: 516, 1: 516, 2: 514, 3: 515, 4: 515}"
2026-10-04T12:15:54,20261004T065648876200Z,EmiliaRomagna_2023a,rung:B_surface_first,info,reused from checkpoint 9a05879ddd82 (identical feature set; not recomputed)
2026-10-04T12:19:18,20261004T065648876200Z,EmiliaRomagna_2023a,rung:B_surface_first,info,[R1_+surface] AP_phys=0.1242 AP_stacked=0.0958 AP_gated=0.1191
2026-10-04T12:22:56,20261004T065648876200Z,EmiliaRomagna_2023a,rung:B_surface_first,info,[R2_+forcing] AP_phys=0.1627 AP_stacked=0.1112 AP_gated=0.1576
2026-10-04T12:27:16,20261004T065648876200Z,EmiliaRomagna_2023a,rung:B_surface_first,info,[R3_+terrain] AP_phys=0.2242 AP_stacked=0.1490 AP_gated=0.2191
2026-10-04T12:27:17,20261004T065648876200Z,EmiliaRomagna_2023a,rung:B_surface_first,info,reused from checkpoint 284f018d19b1 (identical feature set; not recomputed)
2026-10-04T12:27:17,20261004T065648876200Z,EmiliaRomagna_2023a,rung:B_surface_first,info,reused from checkpoint 24557f29aa84 (identical feature set; not recomputed)
2026-10-04T12:31:06,20261004T065648876200Z,EmiliaRomagna_2023a,gradient:B_surface_first,info,without R0: 0 of 4 primary slopes have a 95% CI entirely below 0 []
2026-10-04T12:31:06,20261004T065648876200Z,EmiliaRomagna_2023a,gated:B_surface_first,warn,50% of fold fits chose the edge of the gate grid (alpha=2.0 or tau=0.3); see the gated_wide_grid sensitivity variant
2026-10-04T12:31:11,20261004T065648876200Z,EmiliaRomagna_2023a,effects:B_surface_first,ok,"top rung: info_nats_fm -0.0067 [-0.0466, +0.0221] inconclusive; info_frac_fm -0.0150 [-0.0951, +0.0604] inconclusive; dAP_stacked_fm -0.1356 [-0.1563, +0.0192] inconclusive; dAP_gated_fm -0.0132 [-0.0184, +0.0093] inconclusive; dAP_early_fm +0.0002 [-0.0251, +0.0247] inconclusive; dAP_adr_legacy_fm -0.0550 [-0.0776, +0.0039] inconclusive | social gain saturated from: None"
2026-10-04T12:31:11,20261004T065648876200Z,EmiliaRomagna_2023a,ladder:B_surface_first,ok,6 rungs in 15.3 min
2026-10-04T12:31:11,20261004T065648876200Z,EmiliaRomagna_2023a,rung:lens,info,reused from checkpoint 24557f29aa84 (identical feature set; not recomputed)
2026-10-04T13:02:00,20261004T065648876200Z,EmiliaRomagna_2023a,emotion_lens,ok,6 channel sets at rung R5_+sar_event
2026-10-04T13:19:58,20261004T065648876200Z,EmiliaRomagna_2023a,sensitivity,ok,4 variants
2026-10-04T13:19:58,20261004T065648876200Z,EmiliaRomagna_2023a,placebo,info,social layer vs population-density layer: Spearman 0.80
2026-10-04T13:19:59,20261004T065648876200Z,EmiliaRomagna_2023a,resume:placebo_pop_full_befdd2e01741a217_5_d2e2f7342e,info,loaded from checkpoint (not recomputed)
2026-10-04T13:22:44,20261004T065648876200Z,EmiliaRomagna_2023a,placebo,ok,population-density placebo ladder and population control done
2026-10-04T13:22:45,20261004T065648876200Z,EmiliaRomagna_2023a,city,ok,finished in 96.4 min
2026-10-04T13:22:47,20261004T065648876200Z,(all),synthesis,ok,"10 cities (3 under the current pre-registration); confirmatory k=3, evaluable k=3, localisable k=1 -> paper_synthesis/"
2026-10-04T13:22:49,20261004T065648876200Z,Forli_2023b,exclude,info,22 permanent-water cells (JRC occurrence >= 50%) excluded
2026-10-04T13:22:49,20261004T065648876200Z,Forli_2023b,exclude,ok,"8,684 of 93,651 cells excluded (9.3%); 3856 flooded among 84,967 analysed"
2026-10-04T13:22:50,20261004T065648876200Z,Forli_2023b,cv:blocks,ok,label autocorrelation < 0.1 by 2000 m -> CV tile 2000 m + buffer 500 m (correlogram range 2000 m)
2026-10-04T13:22:50,20261004T065648876200Z,Forli_2023b,rung:A_terrain_first,info,"positives per fold: {0: 771, 1: 771, 2: 771, 3: 771, 4: 772}"
2026-10-04T13:30:13,20261004T065648876200Z,Forli_2023b,rung:A_terrain_first,info,[R0_none] AP_phys=0.0414 AP_stacked=0.0532 AP_gated=0.0414
2026-10-04T13:39:37,20261004T065648876200Z,Forli_2023b,rung:A_terrain_first,info,[R1_+terrain] AP_phys=0.1517 AP_stacked=0.1589 AP_gated=0.1536
2026-10-04T13:49:42,20261004T065648876200Z,Forli_2023b,rung:A_terrain_first,info,[R2_+surface] AP_phys=0.1881 AP_stacked=0.1962 AP_gated=0.2001
2026-10-04T14:01:24,20261004T065648876200Z,Forli_2023b,rung:A_terrain_first,info,[R3_+hydrography] AP_phys=0.2201 AP_stacked=0.2183 AP_gated=0.2285
2026-10-04T14:13:55,20261004T065648876200Z,Forli_2023b,rung:A_terrain_first,info,[R4_+forcing] AP_phys=0.2774 AP_stacked=0.2539 AP_gated=0.2709
2026-10-04T14:26:44,20261004T065648876200Z,Forli_2023b,rung:A_terrain_first,info,[R5_+sar_event] AP_phys=0.3788 AP_stacked=0.3671 AP_gated=0.3758
2026-10-04T14:38:57,20261004T065648876200Z,Forli_2023b,gradient:A_terrain_first,info,without R0: 0 of 4 primary slopes have a 95% CI entirely below 0 []
2026-10-04T14:38:57,20261004T065648876200Z,Forli_2023b,gated:A_terrain_first,warn,73% of fold fits chose the edge of the gate grid (alpha=2.0 or tau=0.3); see the gated_wide_grid sensitivity variant
2026-10-04T14:39:02,20261004T065648876200Z,Forli_2023b,effects:A_terrain_first,ok,"top rung: info_nats_fm +0.0016 [-0.0003, +0.0041] inconclusive; info_frac_fm +0.0118 [-0.0024, +0.0272] inconclusive; dAP_stacked_fm +0.0053 [-0.0046, +0.0162] inconclusive; dAP_gated_fm +0.0022 [-0.0087, +0.0135] inconclusive; dAP_early_fm +0.0068 [-0.0090, +0.0261] inconclusive; dAP_adr_legacy_fm -0.0281 [-0.0416, -0.0137] harmful | social gain saturated from: None"
2026-10-04T14:39:02,20261004T065648876200Z,Forli_2023b,ladder:A_terrain_first,ok,6 rungs in 76.2 min
2026-10-04T14:39:02,20261004T065648876200Z,Forli_2023b,rung:B_surface_first,info,"positives per fold: {0: 771, 1: 771, 2: 771, 3: 771, 4: 772}"
2026-10-04T14:39:02,20261004T065648876200Z,Forli_2023b,rung:B_surface_first,info,reused from checkpoint 921af47e0032 (identical feature set; not recomputed)
2026-10-04T14:48:34,20261004T065648876200Z,Forli_2023b,rung:B_surface_first,info,[R1_+surface] AP_phys=0.0994 AP_stacked=0.1029 AP_gated=0.1180
2026-10-04T14:58:30,20261004T065648876200Z,Forli_2023b,rung:B_surface_first,info,[R2_+forcing] AP_phys=0.2032 AP_stacked=0.1997 AP_gated=0.1913
2026-10-04T15:09:34,20261004T065648876200Z,Forli_2023b,rung:B_surface_first,info,[R3_+terrain] AP_phys=0.2658 AP_stacked=0.2598 AP_gated=0.2620
2026-10-04T15:09:34,20261004T065648876200Z,Forli_2023b,rung:B_surface_first,info,reused from checkpoint ac8a6b35e436 (identical feature set; not recomputed)
2026-10-04T15:09:34,20261004T065648876200Z,Forli_2023b,rung:B_surface_first,info,reused from checkpoint 93c0dfdb8c6c (identical feature set; not recomputed)
2026-10-04T15:21:46,20261004T065648876200Z,Forli_2023b,gradient:B_surface_first,info,without R0: 0 of 4 primary slopes have a 95% CI entirely below 0 []
2026-10-04T15:21:46,20261004T065648876200Z,Forli_2023b,gated:B_surface_first,warn,50% of fold fits chose the edge of the gate grid (alpha=2.0 or tau=0.3); see the gated_wide_grid sensitivity variant
2026-10-04T15:21:51,20261004T065648876200Z,Forli_2023b,effects:B_surface_first,ok,"top rung: info_nats_fm +0.0016 [-0.0003, +0.0041] inconclusive; info_frac_fm +0.0118 [-0.0024, +0.0272] inconclusive; dAP_stacked_fm +0.0053 [-0.0046, +0.0162] inconclusive; dAP_gated_fm +0.0022 [-0.0087, +0.0135] inconclusive; dAP_early_fm +0.0068 [-0.0090, +0.0261] inconclusive; dAP_adr_legacy_fm -0.0281 [-0.0416, -0.0137] harmful | social gain saturated from: None"
2026-10-04T15:21:51,20261004T065648876200Z,Forli_2023b,ladder:B_surface_first,ok,6 rungs in 42.8 min
2026-10-04T15:21:51,20261004T065648876200Z,Forli_2023b,rung:lens,info,reused from checkpoint 93c0dfdb8c6c (identical feature set; not recomputed)
2026-10-04T16:26:24,20261004T065648876200Z,Forli_2023b,emotion_lens,ok,5 channel sets at rung R5_+sar_event
2026-10-04T17:13:58,20261004T065648876200Z,Forli_2023b,sensitivity,ok,4 variants
2026-10-04T17:13:58,20261004T065648876200Z,Forli_2023b,placebo,info,social layer vs population-density layer: Spearman 0.11
2026-10-04T17:13:58,20261004T065648876200Z,Forli_2023b,resume:placebo_pop_full_107c77c8982b20de_5_5e3b8a0247,info,loaded from checkpoint (not recomputed)
2026-10-04T17:20:28,20261004T065648876200Z,Forli_2023b,placebo,ok,population-density placebo ladder and population control done
2026-10-04T17:20:30,20261004T065648876200Z,Forli_2023b,city,ok,finished in 237.7 min
2026-10-04T17:20:33,20261004T065648876200Z,(all),synthesis,ok,"10 cities (4 under the current pre-registration); confirmatory k=4, evaluable k=4, localisable k=1 -> paper_synthesis/"
2026-10-04T17:20:34,20261004T065648876200Z,York_2015,social,warn,NO EVALUABLE SOCIAL LAYER: 6 located mentions in the primary window (< 10). Every social effect of this city is noise around zero; it is excluded from the 'evaluable' sensitivity set and flagged in T1/T4
2026-10-04T17:20:34,20261004T065648876200Z,York_2015,exclude,info,1 permanent-water cells (JRC occurrence >= 50%) excluded
2026-10-04T17:20:35,20261004T065648876200Z,York_2015,exclude,ok,"1 of 10,821 cells excluded (0.0%); 514 flooded among 10,820 analysed"
2026-10-04T17:20:36,20261004T065648876200Z,York_2015,cv:blocks,ok,label autocorrelation < 0.1 by 1500 m -> CV tile 2000 m + buffer 500 m (correlogram range 1500 m)
2026-10-04T17:20:36,20261004T065648876200Z,York_2015,rung:A_terrain_first,info,"positives per fold: {0: 109, 1: 100, 2: 106, 3: 99, 4: 100}"
2026-10-04T17:22:13,20261004T065648876200Z,York_2015,rung:A_terrain_first,info,[R0_none] AP_phys=0.0323 AP_stacked=0.0327 AP_gated=0.0323
2026-10-04T17:24:12,20261004T065648876200Z,York_2015,rung:A_terrain_first,info,[R1_+terrain] AP_phys=0.5446 AP_stacked=0.4993 AP_gated=0.5066
2026-10-04T17:26:25,20261004T065648876200Z,York_2015,rung:A_terrain_first,info,[R2_+surface] AP_phys=0.5933 AP_stacked=0.5496 AP_gated=0.6188
2026-10-04T17:28:53,20261004T065648876200Z,York_2015,rung:A_terrain_first,info,[R3_+hydrography] AP_phys=0.5850 AP_stacked=0.5254 AP_gated=0.6012
2026-10-04T17:31:26,20261004T065648876200Z,York_2015,rung:A_terrain_first,info,[R4_+forcing] AP_phys=0.5233 AP_stacked=0.4692 AP_gated=0.5725
2026-10-04T17:34:07,20261004T065648876200Z,York_2015,rung:A_terrain_first,info,[R5_+sar_event] AP_phys=0.4994 AP_stacked=0.4406 AP_gated=0.5152
2026-10-04T17:36:47,20261004T065648876200Z,York_2015,gradient:A_terrain_first,info,without R0: 0 of 4 primary slopes have a 95% CI entirely below 0 []
2026-10-04T17:36:47,20261004T065648876200Z,York_2015,gated:A_terrain_first,warn,90% of fold fits chose the edge of the gate grid (alpha=2.0 or tau=0.3); see the gated_wide_grid sensitivity variant
2026-10-04T17:36:52,20261004T065648876200Z,York_2015,effects:A_terrain_first,ok,"top rung: info_nats_fm +0.0468 [+0.0041, +0.0666] inconclusive; info_frac_fm +0.1830 [+0.0199, +0.2908] inconclusive; dAP_stacked_fm +0.0693 [+0.0431, +0.1019] inconclusive; dAP_gated_fm +0.0180 [+0.0052, +0.0274] inconclusive; dAP_early_fm -0.0087 [-0.0371, +0.0288] inconclusive; dAP_adr_legacy_fm -0.1344 [-0.1969, -0.0110] harmful | social gain saturated from: None"
2026-10-04T17:36:52,20261004T065648876200Z,York_2015,ladder:A_terrain_first,ok,6 rungs in 16.3 min
2026-10-04T17:36:52,20261004T065648876200Z,York_2015,rung:B_surface_first,info,"positives per fold: {0: 109, 1: 100, 2: 106, 3: 99, 4: 100}"
2026-10-04T17:36:52,20261004T065648876200Z,York_2015,rung:B_surface_first,info,reused from checkpoint f29dd168bb29 (identical feature set; not recomputed)
2026-10-04T17:38:58,20261004T065648876200Z,York_2015,rung:B_surface_first,info,[R1_+surface] AP_phys=0.0633 AP_stacked=0.0317 AP_gated=0.0663
2026-10-04T17:41:08,20261004T065648876200Z,York_2015,rung:B_surface_first,info,[R2_+forcing] AP_phys=0.0841 AP_stacked=0.0318 AP_gated=0.0813
2026-10-04T17:43:25,20261004T065648876200Z,York_2015,rung:B_surface_first,info,[R3_+terrain] AP_phys=0.6307 AP_stacked=0.5616 AP_gated=0.6375
2026-10-04T17:43:25,20261004T065648876200Z,York_2015,rung:B_surface_first,info,reused from checkpoint f12b3c5521a9 (identical feature set; not recomputed)
2026-10-04T17:43:25,20261004T065648876200Z,York_2015,rung:B_surface_first,info,reused from checkpoint 5e6a9f17f52d (identical feature set; not recomputed)
2026-10-04T17:46:06,20261004T065648876200Z,York_2015,gradient:B_surface_first,info,without R0: 0 of 4 primary slopes have a 95% CI entirely below 0 []
2026-10-04T17:46:06,20261004T065648876200Z,York_2015,gated:B_surface_first,warn,77% of fold fits chose the edge of the gate grid (alpha=2.0 or tau=0.3); see the gated_wide_grid sensitivity variant
2026-10-04T17:46:10,20261004T065648876200Z,York_2015,effects:B_surface_first,ok,"top rung: info_nats_fm +0.0468 [+0.0041, +0.0666] inconclusive; info_frac_fm +0.1830 [+0.0199, +0.2908] inconclusive; dAP_stacked_fm +0.0693 [+0.0431, +0.1019] inconclusive; dAP_gated_fm +0.0180 [+0.0052, +0.0274] inconclusive; dAP_early_fm -0.0087 [-0.0371, +0.0288] inconclusive; dAP_adr_legacy_fm -0.1344 [-0.1969, -0.0110] harmful | social gain saturated from: None"
2026-10-04T17:46:10,20261004T065648876200Z,York_2015,ladder:B_surface_first,ok,6 rungs in 9.3 min
2026-10-04T17:46:11,20261004T065648876200Z,York_2015,folds,warn,fold prevalence ranges 1.5%-27.3%: per-fold AP partly reflects fold base rates; report fold_diagnostics.csv
2026-10-04T17:46:11,20261004T065648876200Z,York_2015,rung:lens,info,reused from checkpoint 5e6a9f17f52d (identical feature set; not recomputed)
2026-10-04T17:53:08,20261004T065648876200Z,York_2015,emotion_lens,ok,3 channel sets at rung R5_+sar_event
2026-10-04T17:56:18,20261004T065648876200Z,York_2015,rung:sensitivity,info,reused from checkpoint 5e6a9f17f52d (identical feature set; not recomputed)
2026-10-04T17:56:46,20261004T065648876200Z,York_2015,rung:sensitivity,info,reused from checkpoint f0e2a36fb245 (identical feature set; not recomputed)
2026-10-04T18:00:43,20261004T065648876200Z,York_2015,sensitivity,ok,5 variants
2026-10-04T18:00:43,20261004T065648876200Z,York_2015,placebo,info,social layer vs population-density layer: Spearman 0.28
2026-10-04T18:00:44,20261004T065648876200Z,York_2015,resume:placebo_pop_full_da6d0d6d9ca766d4_5_5e3b8a0247,info,loaded from checkpoint (not recomputed)
2026-10-04T18:02:07,20261004T065648876200Z,York_2015,placebo,ok,population-density placebo ladder and population control done
2026-10-04T18:02:08,20261004T065648876200Z,York_2015,city,ok,finished in 41.6 min
2026-10-04T18:02:11,20261004T065648876200Z,(all),synthesis,ok,"10 cities (5 under the current pre-registration); confirmatory k=5, evaluable k=4, localisable k=1 -> paper_synthesis/"
2026-10-04T18:02:12,20261004T065648876200Z,Carlisle_2015,social,warn,NO EVALUABLE SOCIAL LAYER: 6 located mentions in the primary window (< 10). Every social effect of this city is noise around zero; it is excluded from the 'evaluable' sensitivity set and flagged in T1/T4
2026-10-04T18:02:12,20261004T065648876200Z,Carlisle_2015,exclude,info,8 permanent-water cells (JRC occurrence >= 50%) excluded
2026-10-04T18:02:12,20261004T065648876200Z,Carlisle_2015,exclude,ok,"8 of 14,037 cells excluded (0.1%); 1234 flooded among 14,029 analysed"
2026-10-04T18:02:13,20261004T065648876200Z,Carlisle_2015,cv:blocks,ok,label autocorrelation < 0.1 by 4000 m -> CV tile 2000 m + buffer 500 m (correlogram range 4000 m; fewer than 15 flooded tiles even at larger sizes: default tile)
2026-10-04T18:02:13,20261004T065648876200Z,Carlisle_2015,rung:A_terrain_first,info,"positives per fold: {0: 276, 1: 229, 2: 223, 3: 264, 4: 242}"
2026-10-04T18:04:37,20261004T065648876200Z,Carlisle_2015,rung:A_terrain_first,info,[R0_none] AP_phys=0.0557 AP_stacked=0.0490 AP_gated=0.1317
2026-10-04T18:07:42,20261004T065648876200Z,Carlisle_2015,rung:A_terrain_first,info,[R1_+terrain] AP_phys=0.1830 AP_stacked=0.1056 AP_gated=0.3083
2026-10-04T18:11:03,20261004T065648876200Z,Carlisle_2015,rung:A_terrain_first,info,[R2_+surface] AP_phys=0.1735 AP_stacked=0.0997 AP_gated=0.2696
2026-10-04T18:14:28,20261004T065648876200Z,Carlisle_2015,rung:A_terrain_first,info,[R3_+hydrography] AP_phys=0.7412 AP_stacked=0.6352 AP_gated=0.7191
2026-10-04T18:18:03,20261004T065648876200Z,Carlisle_2015,rung:A_terrain_first,info,[R4_+forcing] AP_phys=0.7388 AP_stacked=0.6326 AP_gated=0.7398
2026-10-04T18:21:45,20261004T065648876200Z,Carlisle_2015,rung:A_terrain_first,info,[R5_+sar_event] AP_phys=0.7362 AP_stacked=0.6110 AP_gated=0.7436
2026-10-04T18:24:43,20261004T065648876200Z,Carlisle_2015,gradient:A_terrain_first,info,without R0: 0 of 4 primary slopes have a 95% CI entirely below 0 []
2026-10-04T18:24:43,20261004T065648876200Z,Carlisle_2015,gated:A_terrain_first,warn,83% of fold fits chose the edge of the gate grid (alpha=2.0 or tau=0.3); see the gated_wide_grid sensitivity variant
2026-10-04T18:24:47,20261004T065648876200Z,Carlisle_2015,effects:A_terrain_first,ok,"top rung: info_nats_fm +0.0079 [-0.3901, +0.2591] inconclusive; info_frac_fm +0.0146 [-0.5370, +0.5873] inconclusive; dAP_stacked_fm +0.0109 [-0.0268, +0.0533] inconclusive; dAP_gated_fm +0.0034 [-0.0213, +0.0585] inconclusive; dAP_early_fm +0.0255 [+0.0072, +0.0733] informative; dAP_adr_legacy_fm -0.1582 [-0.2625, -0.0163] harmful | social gain saturated from: None"
2026-10-04T18:24:47,20261004T065648876200Z,Carlisle_2015,ladder:A_terrain_first,ok,6 rungs in 22.6 min
2026-10-04T18:24:47,20261004T065648876200Z,Carlisle_2015,rung:B_surface_first,info,"positives per fold: {0: 276, 1: 229, 2: 223, 3: 264, 4: 242}"
2026-10-04T18:24:47,20261004T065648876200Z,Carlisle_2015,rung:B_surface_first,info,reused from checkpoint 6729bc067721 (identical feature set; not recomputed)
2026-10-04T18:27:35,20261004T065648876200Z,Carlisle_2015,rung:B_surface_first,info,[R1_+surface] AP_phys=0.0554 AP_stacked=0.0503 AP_gated=0.2131
2026-10-04T18:30:33,20261004T065648876200Z,Carlisle_2015,rung:B_surface_first,info,[R2_+forcing] AP_phys=0.0610 AP_stacked=0.0479 AP_gated=0.0802
2026-10-04T18:33:52,20261004T065648876200Z,Carlisle_2015,rung:B_surface_first,info,[R3_+terrain] AP_phys=0.5820 AP_stacked=0.4703 AP_gated=0.5886
2026-10-04T18:33:52,20261004T065648876200Z,Carlisle_2015,rung:B_surface_first,info,reused from checkpoint 1ab8496b2dce (identical feature set; not recomputed)
2026-10-04T18:33:52,20261004T065648876200Z,Carlisle_2015,rung:B_surface_first,info,reused from checkpoint cd13a797ae54 (identical feature set; not recomputed)
2026-10-04T18:36:46,20261004T065648876200Z,Carlisle_2015,gradient:B_surface_first,info,without R0: 0 of 4 primary slopes have a 95% CI entirely below 0 []
2026-10-04T18:36:46,20261004T065648876200Z,Carlisle_2015,gated:B_surface_first,warn,87% of fold fits chose the edge of the gate grid (alpha=2.0 or tau=0.3); see the gated_wide_grid sensitivity variant
2026-10-04T18:36:50,20261004T065648876200Z,Carlisle_2015,effects:B_surface_first,ok,"top rung: info_nats_fm +0.0079 [-0.3901, +0.2591] inconclusive; info_frac_fm +0.0146 [-0.5370, +0.5873] inconclusive; dAP_stacked_fm +0.0109 [-0.0268, +0.0533] inconclusive; dAP_gated_fm +0.0034 [-0.0213, +0.0585] inconclusive; dAP_early_fm +0.0255 [+0.0072, +0.0733] informative; dAP_adr_legacy_fm -0.1582 [-0.2625, -0.0163] harmful | social gain saturated from: None"
2026-10-04T18:36:50,20261004T065648876200Z,Carlisle_2015,ladder:B_surface_first,ok,6 rungs in 12.1 min
2026-10-04T18:36:50,20261004T065648876200Z,Carlisle_2015,folds,warn,fold prevalence ranges 2.0%-69.0%: per-fold AP partly reflects fold base rates; report fold_diagnostics.csv
2026-10-04T18:36:50,20261004T065648876200Z,Carlisle_2015,rung:lens,info,reused from checkpoint cd13a797ae54 (identical feature set; not recomputed)
2026-10-04T18:46:06,20261004T065648876200Z,Carlisle_2015,emotion_lens,ok,3 channel sets at rung R5_+sar_event
2026-10-04T18:54:32,20261004T065648876200Z,Carlisle_2015,rung:sensitivity,info,reused from checkpoint 419020144dd0 (identical feature set; not recomputed)
2026-10-04T19:32:19,20261004T193153517838Z,Chennai_2015,exclude,info,779 permanent-water cells (JRC occurrence >= 50%) excluded
2026-10-04T19:32:19,20261004T193153517838Z,Chennai_2015,exclude,ok,"779 of 41,919 cells excluded (1.9%); 9360 flooded among 41,140 analysed"
2026-10-04T19:32:20,20261004T193153517838Z,Chennai_2015,cv:blocks,ok,label autocorrelation < 0.1 by 3000 m -> CV tile 2500 m + buffer 500 m (correlogram range 3000 m)
2026-10-04T19:32:22,20261004T193153517838Z,Chennai_2015,resume:ladder_A_terrain_first_full_188100fabd0a1412_5_d2e2f7342e,info,loaded from checkpoint (not recomputed)
2026-10-04T19:32:24,20261004T193153517838Z,Chennai_2015,gradient:A_terrain_first,info,"without R0: 2 of 4 primary slopes have a 95% CI entirely below 0 ['dAP_stacked_fm_adj', 'dAP_gated_fm_adj']"
2026-10-04T19:32:24,20261004T193153517838Z,Chennai_2015,gated:A_terrain_first,warn,77% of fold fits chose the edge of the gate grid (alpha=2.0 or tau=0.3); see the gated_wide_grid sensitivity variant
2026-10-04T19:32:28,20261004T193153517838Z,Chennai_2015,effects:A_terrain_first,ok,"top rung: info_nats_fm -0.0009 [-0.0120, +0.0066] inconclusive; info_frac_fm -0.0018 [-0.0226, +0.0131] saturated; dAP_stacked_fm -0.0048 [-0.0274, +0.0166] inconclusive; dAP_gated_fm -0.0026 [-0.0249, +0.0156] inconclusive; dAP_early_fm +0.0133 [-0.0048, +0.0348] inconclusive; dAP_adr_legacy_fm -0.0098 [-0.0194, +0.0036] inconclusive | social gain saturated from: R3_+hydrography"
2026-10-04T19:32:28,20261004T193153517838Z,Chennai_2015,ladder:A_terrain_first,ok,6 rungs in 0.1 min
2026-10-04T19:32:28,20261004T193153517838Z,Chennai_2015,resume:ladder_B_surface_first_full_188100fabd0a1412_5_d2e2f7342e,info,loaded from checkpoint (not recomputed)
2026-10-04T19:32:29,20261004T193153517838Z,Chennai_2015,gradient:B_surface_first,info,"without R0: 2 of 4 primary slopes have a 95% CI entirely below 0 ['dAP_stacked_fm_adj', 'dAP_gated_fm_adj']"
2026-10-04T19:32:29,20261004T193153517838Z,Chennai_2015,gated:B_surface_first,warn,73% of fold fits chose the edge of the gate grid (alpha=2.0 or tau=0.3); see the gated_wide_grid sensitivity variant
2026-10-04T19:32:33,20261004T193153517838Z,Chennai_2015,effects:B_surface_first,ok,"top rung: info_nats_fm -0.0009 [-0.0120, +0.0066] inconclusive; info_frac_fm -0.0018 [-0.0226, +0.0131] saturated; dAP_stacked_fm -0.0048 [-0.0274, +0.0166] inconclusive; dAP_gated_fm -0.0026 [-0.0249, +0.0156] inconclusive; dAP_early_fm +0.0133 [-0.0048, +0.0348] inconclusive; dAP_adr_legacy_fm -0.0098 [-0.0194, +0.0036] inconclusive | social gain saturated from: R4_+hydrography"
2026-10-04T19:32:33,20261004T193153517838Z,Chennai_2015,ladder:B_surface_first,ok,6 rungs in 0.1 min
2026-10-04T19:32:34,20261004T193153517838Z,Chennai_2015,resume:lens_S_mentions_full_188100fabd0a1412_5_d2e2f7342e,info,loaded from checkpoint (not recomputed)
2026-10-04T19:32:35,20261004T193153517838Z,Chennai_2015,resume:lens_S_negative_full_188100fabd0a1412_5_d2e2f7342e,info,loaded from checkpoint (not recomputed)
2026-10-04T19:32:36,20261004T193153517838Z,Chennai_2015,resume:lens_S_distress_full_188100fabd0a1412_5_d2e2f7342e,info,loaded from checkpoint (not recomputed)
2026-10-04T19:32:36,20261004T193153517838Z,Chennai_2015,resume:lens_S_src_gdelt_bigquery_full_188100fabd0a1412_5_d2e2f7342e,info,loaded from checkpoint (not recomputed)
2026-10-04T19:32:37,20261004T193153517838Z,Chennai_2015,resume:lens_S_src_reddit_arcticshift_full_188100fabd0a1412_5_d2e2f7342e,info,loaded from checkpoint (not recomputed)
2026-10-04T19:32:37,20261004T193153517838Z,Chennai_2015,resume:lens_S_mentions+S_negative+S_distress_full_188100fabd0a1412_5_d2e2f7342e,info,loaded from checkpoint (not recomputed)
2026-10-04T19:32:37,20261004T193153517838Z,Chennai_2015,emotion_lens,ok,6 channel sets at rung R5_+sar_event
2026-10-04T19:32:38,20261004T193153517838Z,Chennai_2015,resume:sens_bandwidth_1000m_full_d1f4383efff6fed5_5_d2e2f7342e_xgb,info,loaded from checkpoint (not recomputed)
2026-10-04T19:32:39,20261004T193153517838Z,Chennai_2015,resume:sens_window_minus3_plus3_full_d0cb31c577e9d14d_5_d2e2f7342e_xgb,info,loaded from checkpoint (not recomputed)
2026-10-04T19:32:39,20261004T193153517838Z,Chennai_2015,resume:sens_gated_wide_grid_full_39fd998c06ab84fe_5_d2e2f7342e_xgb,info,loaded from checkpoint (not recomputed)
2026-10-04T19:32:40,20261004T193153517838Z,Chennai_2015,resume:sens_learner_logistic_full_39fd998c06ab84fe_5_d2e2f7342e_logistic,info,loaded from checkpoint (not recomputed)
2026-10-04T19:32:40,20261004T193153517838Z,Chennai_2015,sensitivity,ok,4 variants
2026-10-04T19:32:40,20261004T193153517838Z,Chennai_2015,placebo,info,social layer vs population-density layer: Spearman 0.80
2026-10-04T19:32:41,20261004T193153517838Z,Chennai_2015,resume:placebo_pop_full_59c3eae36682f007_5_d2e2f7342e,info,loaded from checkpoint (not recomputed)
2026-10-04T19:32:46,20261004T193153517838Z,Chennai_2015,resume:control_pop_full_d0b4f954527c0158_5_d2e2f7342e,info,loaded from checkpoint (not recomputed)
2026-10-04T19:32:46,20261004T193153517838Z,Chennai_2015,placebo,ok,population-density placebo ladder and population control done
2026-10-04T19:32:49,20261004T193153517838Z,Chennai_2015,city,ok,finished in 0.5 min
2026-10-04T19:33:02,20261004T193153517838Z,(all),synthesis,ok,"10 cities (5 under the current pre-registration); confirmatory k=5, evaluable k=4, localisable k=1 -> paper_synthesis/"
2026-10-04T19:33:04,20261004T193153517838Z,Valencia_2024,exclude,info,"5,684 permanent-water cells (JRC occurrence >= 50%) excluded"
2026-10-04T19:33:04,20261004T193153517838Z,Valencia_2024,exclude,ok,"5,684 of 38,269 cells excluded (14.9%); 10460 flooded among 32,585 analysed"
2026-10-04T19:33:05,20261004T193153517838Z,Valencia_2024,cv:blocks,ok,label autocorrelation < 0.1 by 8000 m -> CV tile 4000 m + buffer 500 m (correlogram range 8000 m)
2026-10-04T19:33:06,20261004T193153517838Z,Valencia_2024,resume:ladder_A_terrain_first_full_0f9a87ef5a7ececc_5_fe639a2c0a,info,loaded from checkpoint (not recomputed)
2026-10-04T19:33:07,20261004T193153517838Z,Valencia_2024,gradient:A_terrain_first,info,without R0: 0 of 4 primary slopes have a 95% CI entirely below 0 []
2026-10-04T19:33:07,20261004T193153517838Z,Valencia_2024,gated:A_terrain_first,warn,100% of fold fits chose the edge of the gate grid (alpha=2.0 or tau=0.3); see the gated_wide_grid sensitivity variant
2026-10-04T19:33:11,20261004T193153517838Z,Valencia_2024,effects:A_terrain_first,ok,"top rung: info_nats_fm +0.0768 [-0.0230, +0.1729] inconclusive; info_frac_fm +0.1794 [-0.0727, +0.3337] inconclusive; dAP_stacked_fm +0.0382 [-0.0032, +0.1030] inconclusive; dAP_gated_fm -0.0124 [-0.0325, +0.0276] inconclusive; dAP_early_fm -0.0049 [-0.0260, +0.0745] inconclusive; dAP_adr_legacy_fm -0.1235 [-0.1482, -0.0517] harmful | social gain saturated from: None"
2026-10-04T19:33:11,20261004T193153517838Z,Valencia_2024,ladder:A_terrain_first,ok,6 rungs in 0.1 min
2026-10-04T19:33:12,20261004T193153517838Z,Valencia_2024,resume:ladder_B_surface_first_full_0f9a87ef5a7ececc_5_fe639a2c0a,info,loaded from checkpoint (not recomputed)
2026-10-04T19:33:15,20261004T193153517838Z,Valencia_2024,gradient:B_surface_first,info,without R0: 0 of 4 primary slopes have a 95% CI entirely below 0 []
2026-10-04T19:33:15,20261004T193153517838Z,Valencia_2024,gated:B_surface_first,warn,87% of fold fits chose the edge of the gate grid (alpha=2.0 or tau=0.3); see the gated_wide_grid sensitivity variant
2026-10-04T19:33:19,20261004T193153517838Z,Valencia_2024,effects:B_surface_first,ok,"top rung: info_nats_fm +0.0768 [-0.0230, +0.1729] inconclusive; info_frac_fm +0.1794 [-0.0727, +0.3337] inconclusive; dAP_stacked_fm +0.0382 [-0.0032, +0.1030] inconclusive; dAP_gated_fm -0.0124 [-0.0325, +0.0276] inconclusive; dAP_early_fm -0.0049 [-0.0260, +0.0745] inconclusive; dAP_adr_legacy_fm -0.1235 [-0.1482, -0.0517] harmful | social gain saturated from: None"
2026-10-04T19:33:19,20261004T193153517838Z,Valencia_2024,ladder:B_surface_first,ok,6 rungs in 0.1 min
2026-10-04T19:33:19,20261004T193153517838Z,Valencia_2024,resume:lens_S_mentions_full_0f9a87ef5a7ececc_5_fe639a2c0a,info,loaded from checkpoint (not recomputed)
2026-10-04T19:33:20,20261004T193153517838Z,Valencia_2024,resume:lens_S_negative_full_0f9a87ef5a7ececc_5_fe639a2c0a,info,loaded from checkpoint (not recomputed)
2026-10-04T19:33:20,20261004T193153517838Z,Valencia_2024,resume:lens_S_distress_full_0f9a87ef5a7ececc_5_fe639a2c0a,info,loaded from checkpoint (not recomputed)
2026-10-04T19:33:21,20261004T193153517838Z,Valencia_2024,resume:lens_S_src_gdelt_bigquery_full_0f9a87ef5a7ececc_5_fe639a2c0a,info,loaded from checkpoint (not recomputed)
2026-10-04T19:33:21,20261004T193153517838Z,Valencia_2024,resume:lens_S_src_reddit_arcticshift_full_0f9a87ef5a7ececc_5_fe639a2c0a,info,loaded from checkpoint (not recomputed)
2026-10-04T19:33:22,20261004T193153517838Z,Valencia_2024,resume:lens_S_src_google_news_rss_full_0f9a87ef5a7ececc_5_fe639a2c0a,info,loaded from checkpoint (not recomputed)
2026-10-04T19:33:22,20261004T193153517838Z,Valencia_2024,resume:lens_S_mentions+S_negative+S_distress_full_0f9a87ef5a7ececc_5_fe639a2c0a,info,loaded from checkpoint (not recomputed)
2026-10-04T19:33:22,20261004T193153517838Z,Valencia_2024,emotion_lens,ok,7 channel sets at rung R5_+sar_event
2026-10-04T19:33:23,20261004T193153517838Z,Valencia_2024,resume:sens_bandwidth_1000m_full_b3ba49fe07eedc9a_5_fe639a2c0a_xgb,info,loaded from checkpoint (not recomputed)
2026-10-04T19:33:23,20261004T193153517838Z,Valencia_2024,resume:sens_window_minus3_plus3_full_c7567e70ba7252d6_5_fe639a2c0a_xgb,info,loaded from checkpoint (not recomputed)
2026-10-04T19:33:24,20261004T193153517838Z,Valencia_2024,resume:sens_gated_wide_grid_full_60de71e64a880167_5_fe639a2c0a_xgb,info,loaded from checkpoint (not recomputed)
2026-10-04T19:33:24,20261004T193153517838Z,Valencia_2024,resume:sens_learner_logistic_full_60de71e64a880167_5_fe639a2c0a_logistic,info,loaded from checkpoint (not recomputed)
2026-10-04T19:33:24,20261004T193153517838Z,Valencia_2024,sensitivity,ok,4 variants
2026-10-04T19:33:24,20261004T193153517838Z,Valencia_2024,placebo,info,social layer vs population-density layer: Spearman 0.70
2026-10-04T19:33:25,20261004T193153517838Z,Valencia_2024,resume:placebo_pop_full_fb7e9451b1712344_5_fe639a2c0a,info,loaded from checkpoint (not recomputed)
2026-10-04T19:33:31,20261004T193153517838Z,Valencia_2024,resume:control_pop_full_bbffb7b6cbf7ba7d_5_fe639a2c0a,info,loaded from checkpoint (not recomputed)
2026-10-04T19:33:31,20261004T193153517838Z,Valencia_2024,placebo,ok,population-density placebo ladder and population control done
2026-10-04T19:33:33,20261004T193153517838Z,Valencia_2024,city,ok,finished in 0.5 min
2026-10-04T19:33:36,20261004T193153517838Z,(all),synthesis,ok,"10 cities (5 under the current pre-registration); confirmatory k=5, evaluable k=4, localisable k=1 -> paper_synthesis/"
2026-10-04T19:33:38,20261004T193153517838Z,EmiliaRomagna_2023a,exclude,info,238 permanent-water cells (JRC occurrence >= 50%) excluded
2026-10-04T19:33:38,20261004T193153517838Z,EmiliaRomagna_2023a,exclude,warn,"123,756 of 143,322 cells excluded (86.3%); 2576 flooded among 19,566 analysed"
2026-10-04T19:33:39,20261004T193153517838Z,EmiliaRomagna_2023a,cv:blocks,ok,label autocorrelation < 0.1 by 3000 m -> CV tile 2500 m + buffer 500 m (correlogram range 3000 m)
2026-10-04T19:33:39,20261004T193153517838Z,EmiliaRomagna_2023a,resume:ladder_A_terrain_first_full_1e8f3a119cfae60e_5_d2e2f7342e,info,loaded from checkpoint (not recomputed)
2026-10-04T19:33:41,20261004T193153517838Z,EmiliaRomagna_2023a,gradient:A_terrain_first,info,without R0: 0 of 4 primary slopes have a 95% CI entirely below 0 []
2026-10-04T19:33:41,20261004T193153517838Z,EmiliaRomagna_2023a,gated:A_terrain_first,warn,50% of fold fits chose the edge of the gate grid (alpha=2.0 or tau=0.3); see the gated_wide_grid sensitivity variant
2026-10-04T19:33:44,20261004T193153517838Z,EmiliaRomagna_2023a,effects:A_terrain_first,ok,"top rung: info_nats_fm -0.0067 [-0.0466, +0.0221] inconclusive; info_frac_fm -0.0150 [-0.0951, +0.0604] inconclusive; dAP_stacked_fm -0.1356 [-0.1563, +0.0192] inconclusive; dAP_gated_fm -0.0132 [-0.0184, +0.0093] inconclusive; dAP_early_fm +0.0002 [-0.0251, +0.0247] inconclusive; dAP_adr_legacy_fm -0.0550 [-0.0776, +0.0039] inconclusive | social gain saturated from: None"
2026-10-04T19:33:44,20261004T193153517838Z,EmiliaRomagna_2023a,ladder:A_terrain_first,ok,6 rungs in 0.1 min
2026-10-04T19:33:45,20261004T193153517838Z,EmiliaRomagna_2023a,resume:ladder_B_surface_first_full_1e8f3a119cfae60e_5_d2e2f7342e,info,loaded from checkpoint (not recomputed)
2026-10-04T19:33:46,20261004T193153517838Z,EmiliaRomagna_2023a,gradient:B_surface_first,info,without R0: 0 of 4 primary slopes have a 95% CI entirely below 0 []
2026-10-04T19:33:46,20261004T193153517838Z,EmiliaRomagna_2023a,gated:B_surface_first,warn,50% of fold fits chose the edge of the gate grid (alpha=2.0 or tau=0.3); see the gated_wide_grid sensitivity variant
2026-10-04T19:33:50,20261004T193153517838Z,EmiliaRomagna_2023a,effects:B_surface_first,ok,"top rung: info_nats_fm -0.0067 [-0.0466, +0.0221] inconclusive; info_frac_fm -0.0150 [-0.0951, +0.0604] inconclusive; dAP_stacked_fm -0.1356 [-0.1563, +0.0192] inconclusive; dAP_gated_fm -0.0132 [-0.0184, +0.0093] inconclusive; dAP_early_fm +0.0002 [-0.0251, +0.0247] inconclusive; dAP_adr_legacy_fm -0.0550 [-0.0776, +0.0039] inconclusive | social gain saturated from: None"
2026-10-04T19:33:50,20261004T193153517838Z,EmiliaRomagna_2023a,ladder:B_surface_first,ok,6 rungs in 0.1 min
2026-10-04T19:33:50,20261004T193153517838Z,EmiliaRomagna_2023a,resume:lens_S_mentions_full_1e8f3a119cfae60e_5_d2e2f7342e,info,loaded from checkpoint (not recomputed)
2026-10-04T19:33:51,20261004T193153517838Z,EmiliaRomagna_2023a,resume:lens_S_negative_full_1e8f3a119cfae60e_5_d2e2f7342e,info,loaded from checkpoint (not recomputed)
2026-10-04T19:33:51,20261004T193153517838Z,EmiliaRomagna_2023a,resume:lens_S_distress_full_1e8f3a119cfae60e_5_d2e2f7342e,info,loaded from checkpoint (not recomputed)
2026-10-04T19:33:52,20261004T193153517838Z,EmiliaRomagna_2023a,resume:lens_S_src_gdelt_bigquery_full_1e8f3a119cfae60e_5_d2e2f7342e,info,loaded from checkpoint (not recomputed)
2026-10-04T19:33:52,20261004T193153517838Z,EmiliaRomagna_2023a,resume:lens_S_src_google_news_rss_full_1e8f3a119cfae60e_5_d2e2f7342e,info,loaded from checkpoint (not recomputed)
2026-10-04T19:33:52,20261004T193153517838Z,EmiliaRomagna_2023a,resume:lens_S_mentions+S_negative+S_distress_full_1e8f3a119cfae60e_5_d2e2f7342e,info,loaded from checkpoint (not recomputed)
2026-10-04T19:33:52,20261004T193153517838Z,EmiliaRomagna_2023a,emotion_lens,ok,6 channel sets at rung R5_+sar_event
2026-10-04T19:33:53,20261004T193153517838Z,EmiliaRomagna_2023a,resume:sens_bandwidth_1000m_full_b2f83b93118b0d9e_5_d2e2f7342e_xgb,info,loaded from checkpoint (not recomputed)
2026-10-04T19:33:54,20261004T193153517838Z,EmiliaRomagna_2023a,resume:sens_window_minus3_plus3_full_4272c8a056d653e6_5_d2e2f7342e_xgb,info,loaded from checkpoint (not recomputed)
2026-10-04T19:33:54,20261004T193153517838Z,EmiliaRomagna_2023a,resume:sens_gated_wide_grid_full_1d5ba424ff139286_5_d2e2f7342e_xgb,info,loaded from checkpoint (not recomputed)
2026-10-04T19:33:54,20261004T193153517838Z,EmiliaRomagna_2023a,resume:sens_learner_logistic_full_1d5ba424ff139286_5_d2e2f7342e_logistic,info,loaded from checkpoint (not recomputed)
2026-10-04T19:33:54,20261004T193153517838Z,EmiliaRomagna_2023a,sensitivity,ok,4 variants
2026-10-04T19:33:54,20261004T193153517838Z,EmiliaRomagna_2023a,placebo,info,social layer vs population-density layer: Spearman 0.80
2026-10-04T19:33:55,20261004T193153517838Z,EmiliaRomagna_2023a,resume:placebo_pop_full_befdd2e01741a217_5_d2e2f7342e,info,loaded from checkpoint (not recomputed)
2026-10-04T19:34:09,20261004T193153517838Z,EmiliaRomagna_2023a,resume:control_pop_full_532cbe4328699eca_5_d2e2f7342e,info,loaded from checkpoint (not recomputed)
2026-10-04T19:34:09,20261004T193153517838Z,EmiliaRomagna_2023a,placebo,ok,population-density placebo ladder and population control done
2026-10-04T19:34:11,20261004T193153517838Z,EmiliaRomagna_2023a,city,ok,finished in 0.6 min
2026-10-04T19:34:14,20261004T193153517838Z,(all),synthesis,ok,"10 cities (5 under the current pre-registration); confirmatory k=5, evaluable k=4, localisable k=1 -> paper_synthesis/"
2026-10-04T19:34:16,20261004T193153517838Z,Forli_2023b,exclude,info,22 permanent-water cells (JRC occurrence >= 50%) excluded
2026-10-04T19:34:16,20261004T193153517838Z,Forli_2023b,exclude,ok,"8,684 of 93,651 cells excluded (9.3%); 3856 flooded among 84,967 analysed"
2026-10-04T19:34:17,20261004T193153517838Z,Forli_2023b,cv:blocks,ok,label autocorrelation < 0.1 by 2000 m -> CV tile 2000 m + buffer 500 m (correlogram range 2000 m)
2026-10-04T19:34:18,20261004T193153517838Z,Forli_2023b,resume:ladder_A_terrain_first_full_11ccdbd4f29bd04a_5_5e3b8a0247,info,loaded from checkpoint (not recomputed)
2026-10-04T19:34:19,20261004T193153517838Z,Forli_2023b,gradient:A_terrain_first,info,without R0: 0 of 4 primary slopes have a 95% CI entirely below 0 []
2026-10-04T19:34:19,20261004T193153517838Z,Forli_2023b,gated:A_terrain_first,warn,73% of fold fits chose the edge of the gate grid (alpha=2.0 or tau=0.3); see the gated_wide_grid sensitivity variant
2026-10-04T19:34:22,20261004T193153517838Z,Forli_2023b,effects:A_terrain_first,ok,"top rung: info_nats_fm +0.0016 [-0.0003, +0.0041] inconclusive; info_frac_fm +0.0118 [-0.0024, +0.0272] inconclusive; dAP_stacked_fm +0.0053 [-0.0046, +0.0162] inconclusive; dAP_gated_fm +0.0022 [-0.0087, +0.0135] inconclusive; dAP_early_fm +0.0068 [-0.0090, +0.0261] inconclusive; dAP_adr_legacy_fm -0.0281 [-0.0416, -0.0137] harmful | social gain saturated from: None"
2026-10-04T19:34:22,20261004T193153517838Z,Forli_2023b,ladder:A_terrain_first,ok,6 rungs in 0.1 min
2026-10-04T19:34:23,20261004T193153517838Z,Forli_2023b,resume:ladder_B_surface_first_full_11ccdbd4f29bd04a_5_5e3b8a0247,info,loaded from checkpoint (not recomputed)
2026-10-04T19:34:25,20261004T193153517838Z,Forli_2023b,gradient:B_surface_first,info,without R0: 0 of 4 primary slopes have a 95% CI entirely below 0 []
2026-10-04T19:34:25,20261004T193153517838Z,Forli_2023b,gated:B_surface_first,warn,50% of fold fits chose the edge of the gate grid (alpha=2.0 or tau=0.3); see the gated_wide_grid sensitivity variant
2026-10-04T19:34:28,20261004T193153517838Z,Forli_2023b,effects:B_surface_first,ok,"top rung: info_nats_fm +0.0016 [-0.0003, +0.0041] inconclusive; info_frac_fm +0.0118 [-0.0024, +0.0272] inconclusive; dAP_stacked_fm +0.0053 [-0.0046, +0.0162] inconclusive; dAP_gated_fm +0.0022 [-0.0087, +0.0135] inconclusive; dAP_early_fm +0.0068 [-0.0090, +0.0261] inconclusive; dAP_adr_legacy_fm -0.0281 [-0.0416, -0.0137] harmful | social gain saturated from: None"
2026-10-04T19:34:28,20261004T193153517838Z,Forli_2023b,ladder:B_surface_first,ok,6 rungs in 0.1 min
2026-10-04T19:34:29,20261004T193153517838Z,Forli_2023b,resume:lens_S_mentions_full_11ccdbd4f29bd04a_5_5e3b8a0247,info,loaded from checkpoint (not recomputed)
2026-10-04T19:34:30,20261004T193153517838Z,Forli_2023b,resume:lens_S_negative_full_11ccdbd4f29bd04a_5_5e3b8a0247,info,loaded from checkpoint (not recomputed)
2026-10-04T19:34:30,20261004T193153517838Z,Forli_2023b,resume:lens_S_distress_full_11ccdbd4f29bd04a_5_5e3b8a0247,info,loaded from checkpoint (not recomputed)
2026-10-04T19:34:31,20261004T193153517838Z,Forli_2023b,resume:lens_S_src_gdelt_bigquery_full_11ccdbd4f29bd04a_5_5e3b8a0247,info,loaded from checkpoint (not recomputed)
2026-10-04T19:34:31,20261004T193153517838Z,Forli_2023b,resume:lens_S_mentions+S_negative+S_distress_full_11ccdbd4f29bd04a_5_5e3b8a0247,info,loaded from checkpoint (not recomputed)
2026-10-04T19:34:31,20261004T193153517838Z,Forli_2023b,emotion_lens,ok,5 channel sets at rung R5_+sar_event
2026-10-04T19:34:32,20261004T193153517838Z,Forli_2023b,resume:sens_bandwidth_1000m_full_8d8d08d1b33725cf_5_5e3b8a0247_xgb,info,loaded from checkpoint (not recomputed)
2026-10-04T19:34:33,20261004T193153517838Z,Forli_2023b,resume:sens_window_minus3_plus3_full_fad8f5a58be57829_5_5e3b8a0247_xgb,info,loaded from checkpoint (not recomputed)
2026-10-04T19:34:33,20261004T193153517838Z,Forli_2023b,resume:sens_gated_wide_grid_full_408641c3615421fa_5_5e3b8a0247_xgb,info,loaded from checkpoint (not recomputed)
2026-10-04T19:34:34,20261004T193153517838Z,Forli_2023b,resume:sens_learner_logistic_full_408641c3615421fa_5_5e3b8a0247_logistic,info,loaded from checkpoint (not recomputed)
2026-10-04T19:34:34,20261004T193153517838Z,Forli_2023b,sensitivity,ok,4 variants
2026-10-04T19:34:34,20261004T193153517838Z,Forli_2023b,placebo,info,social layer vs population-density layer: Spearman 0.11
2026-10-04T19:34:35,20261004T193153517838Z,Forli_2023b,resume:placebo_pop_full_107c77c8982b20de_5_5e3b8a0247,info,loaded from checkpoint (not recomputed)
2026-10-04T19:34:39,20261004T193153517838Z,Forli_2023b,resume:control_pop_full_efdd74326fda6808_5_5e3b8a0247,info,loaded from checkpoint (not recomputed)
2026-10-04T19:34:40,20261004T193153517838Z,Forli_2023b,placebo,ok,population-density placebo ladder and population control done
2026-10-04T19:34:42,20261004T193153517838Z,Forli_2023b,city,ok,finished in 0.5 min
2026-10-04T19:34:46,20261004T193153517838Z,(all),synthesis,ok,"10 cities (5 under the current pre-registration); confirmatory k=5, evaluable k=4, localisable k=1 -> paper_synthesis/"
2026-10-04T19:34:46,20261004T193153517838Z,York_2015,social,warn,NO EVALUABLE SOCIAL LAYER: 6 located mentions in the primary window (< 10). Every social effect of this city is noise around zero; it is excluded from the 'evaluable' sensitivity set and flagged in T1/T4
2026-10-04T19:34:46,20261004T193153517838Z,York_2015,exclude,info,1 permanent-water cells (JRC occurrence >= 50%) excluded
2026-10-04T19:34:46,20261004T193153517838Z,York_2015,exclude,ok,"1 of 10,821 cells excluded (0.0%); 514 flooded among 10,820 analysed"
2026-10-04T19:34:47,20261004T193153517838Z,York_2015,cv:blocks,ok,label autocorrelation < 0.1 by 1500 m -> CV tile 2000 m + buffer 500 m (correlogram range 1500 m)
2026-10-04T19:34:47,20261004T193153517838Z,York_2015,resume:ladder_A_terrain_first_full_1833b38985ba5a92_5_5e3b8a0247,info,loaded from checkpoint (not recomputed)
2026-10-04T19:34:48,20261004T193153517838Z,York_2015,gradient:A_terrain_first,info,without R0: 0 of 4 primary slopes have a 95% CI entirely below 0 []
2026-10-04T19:34:48,20261004T193153517838Z,York_2015,gated:A_terrain_first,warn,90% of fold fits chose the edge of the gate grid (alpha=2.0 or tau=0.3); see the gated_wide_grid sensitivity variant
2026-10-04T19:34:51,20261004T193153517838Z,York_2015,effects:A_terrain_first,ok,"top rung: info_nats_fm +0.0468 [+0.0041, +0.0666] inconclusive; info_frac_fm +0.1830 [+0.0199, +0.2908] inconclusive; dAP_stacked_fm +0.0693 [+0.0431, +0.1019] inconclusive; dAP_gated_fm +0.0180 [+0.0052, +0.0274] inconclusive; dAP_early_fm -0.0087 [-0.0371, +0.0288] inconclusive; dAP_adr_legacy_fm -0.1344 [-0.1969, -0.0110] harmful | social gain saturated from: None"
2026-10-04T19:34:51,20261004T193153517838Z,York_2015,ladder:A_terrain_first,ok,6 rungs in 0.1 min
2026-10-04T19:34:52,20261004T193153517838Z,York_2015,resume:ladder_B_surface_first_full_1833b38985ba5a92_5_5e3b8a0247,info,loaded from checkpoint (not recomputed)
2026-10-04T19:34:53,20261004T193153517838Z,York_2015,gradient:B_surface_first,info,without R0: 0 of 4 primary slopes have a 95% CI entirely below 0 []
2026-10-04T19:34:53,20261004T193153517838Z,York_2015,gated:B_surface_first,warn,77% of fold fits chose the edge of the gate grid (alpha=2.0 or tau=0.3); see the gated_wide_grid sensitivity variant
2026-10-04T19:34:56,20261004T193153517838Z,York_2015,effects:B_surface_first,ok,"top rung: info_nats_fm +0.0468 [+0.0041, +0.0666] inconclusive; info_frac_fm +0.1830 [+0.0199, +0.2908] inconclusive; dAP_stacked_fm +0.0693 [+0.0431, +0.1019] inconclusive; dAP_gated_fm +0.0180 [+0.0052, +0.0274] inconclusive; dAP_early_fm -0.0087 [-0.0371, +0.0288] inconclusive; dAP_adr_legacy_fm -0.1344 [-0.1969, -0.0110] harmful | social gain saturated from: None"
2026-10-04T19:34:56,20261004T193153517838Z,York_2015,ladder:B_surface_first,ok,6 rungs in 0.1 min
2026-10-04T19:34:56,20261004T193153517838Z,York_2015,folds,warn,fold prevalence ranges 1.5%-27.3%: per-fold AP partly reflects fold base rates; report fold_diagnostics.csv
2026-10-04T19:34:56,20261004T193153517838Z,York_2015,resume:lens_S_mentions_full_1833b38985ba5a92_5_5e3b8a0247,info,loaded from checkpoint (not recomputed)
2026-10-04T19:34:57,20261004T193153517838Z,York_2015,resume:lens_S_negative_full_1833b38985ba5a92_5_5e3b8a0247,info,loaded from checkpoint (not recomputed)
2026-10-04T19:34:57,20261004T193153517838Z,York_2015,resume:lens_S_mentions+S_negative_full_1833b38985ba5a92_5_5e3b8a0247,info,loaded from checkpoint (not recomputed)
2026-10-04T19:34:57,20261004T193153517838Z,York_2015,emotion_lens,ok,3 channel sets at rung R5_+sar_event
2026-10-04T19:34:58,20261004T193153517838Z,York_2015,resume:sens_bandwidth_1000m_full_3b3b46bcef0254ae_5_5e3b8a0247_xgb,info,loaded from checkpoint (not recomputed)
2026-10-04T19:34:58,20261004T193153517838Z,York_2015,resume:sens_window_minus3_plus3_full_7abdb56570a1d11b_5_5e3b8a0247_xgb,info,loaded from checkpoint (not recomputed)
2026-10-04T19:34:59,20261004T193153517838Z,York_2015,resume:sens_without_photos_full_33afbb64ad7710a2_5_5e3b8a0247_xgb,info,loaded from checkpoint (not recomputed)
2026-10-04T19:34:59,20261004T193153517838Z,York_2015,resume:sens_gated_wide_grid_full_7abdb56570a1d11b_5_5e3b8a0247_xgb,info,loaded from checkpoint (not recomputed)
2026-10-04T19:35:00,20261004T193153517838Z,York_2015,resume:sens_learner_logistic_full_7abdb56570a1d11b_5_5e3b8a0247_logistic,info,loaded from checkpoint (not recomputed)
2026-10-04T19:35:00,20261004T193153517838Z,York_2015,sensitivity,ok,5 variants
2026-10-04T19:35:00,20261004T193153517838Z,York_2015,placebo,info,social layer vs population-density layer: Spearman 0.28
2026-10-04T19:35:00,20261004T193153517838Z,York_2015,resume:placebo_pop_full_da6d0d6d9ca766d4_5_5e3b8a0247,info,loaded from checkpoint (not recomputed)
2026-10-04T19:35:05,20261004T193153517838Z,York_2015,resume:control_pop_full_4858b732462cd62d_5_5e3b8a0247,info,loaded from checkpoint (not recomputed)
2026-10-04T19:35:05,20261004T193153517838Z,York_2015,placebo,ok,population-density placebo ladder and population control done
2026-10-04T19:35:06,20261004T193153517838Z,York_2015,city,ok,finished in 0.3 min
2026-10-04T19:35:11,20261004T193153517838Z,(all),synthesis,ok,"10 cities (5 under the current pre-registration); confirmatory k=5, evaluable k=4, localisable k=1 -> paper_synthesis/"
2026-10-04T19:35:12,20261004T193153517838Z,Carlisle_2015,social,warn,NO EVALUABLE SOCIAL LAYER: 6 located mentions in the primary window (< 10). Every social effect of this city is noise around zero; it is excluded from the 'evaluable' sensitivity set and flagged in T1/T4
2026-10-04T19:35:12,20261004T193153517838Z,Carlisle_2015,exclude,info,8 permanent-water cells (JRC occurrence >= 50%) excluded
2026-10-04T19:35:12,20261004T193153517838Z,Carlisle_2015,exclude,ok,"8 of 14,037 cells excluded (0.1%); 1234 flooded among 14,029 analysed"
2026-10-04T19:35:13,20261004T193153517838Z,Carlisle_2015,cv:blocks,ok,label autocorrelation < 0.1 by 4000 m -> CV tile 2000 m + buffer 500 m (correlogram range 4000 m; fewer than 15 flooded tiles even at larger sizes: default tile)
2026-10-04T19:35:14,20261004T193153517838Z,Carlisle_2015,resume:ladder_A_terrain_first_full_c93bf7468204efdd_5_5e3b8a0247,info,loaded from checkpoint (not recomputed)
2026-10-04T19:35:15,20261004T193153517838Z,Carlisle_2015,gradient:A_terrain_first,info,without R0: 0 of 4 primary slopes have a 95% CI entirely below 0 []
2026-10-04T19:35:15,20261004T193153517838Z,Carlisle_2015,gated:A_terrain_first,warn,83% of fold fits chose the edge of the gate grid (alpha=2.0 or tau=0.3); see the gated_wide_grid sensitivity variant
2026-10-04T19:35:18,20261004T193153517838Z,Carlisle_2015,effects:A_terrain_first,ok,"top rung: info_nats_fm +0.0079 [-0.3901, +0.2591] inconclusive; info_frac_fm +0.0146 [-0.5370, +0.5873] inconclusive; dAP_stacked_fm +0.0109 [-0.0268, +0.0533] inconclusive; dAP_gated_fm +0.0034 [-0.0213, +0.0585] inconclusive; dAP_early_fm +0.0255 [+0.0072, +0.0733] informative; dAP_adr_legacy_fm -0.1582 [-0.2625, -0.0163] harmful | social gain saturated from: None"
2026-10-04T19:35:18,20261004T193153517838Z,Carlisle_2015,ladder:A_terrain_first,ok,6 rungs in 0.1 min
2026-10-04T19:35:19,20261004T193153517838Z,Carlisle_2015,resume:ladder_B_surface_first_full_c93bf7468204efdd_5_5e3b8a0247,info,loaded from checkpoint (not recomputed)
2026-10-04T19:35:20,20261004T193153517838Z,Carlisle_2015,gradient:B_surface_first,info,without R0: 0 of 4 primary slopes have a 95% CI entirely below 0 []
2026-10-04T19:35:20,20261004T193153517838Z,Carlisle_2015,gated:B_surface_first,warn,87% of fold fits chose the edge of the gate grid (alpha=2.0 or tau=0.3); see the gated_wide_grid sensitivity variant
2026-10-04T19:35:23,20261004T193153517838Z,Carlisle_2015,effects:B_surface_first,ok,"top rung: info_nats_fm +0.0079 [-0.3901, +0.2591] inconclusive; info_frac_fm +0.0146 [-0.5370, +0.5873] inconclusive; dAP_stacked_fm +0.0109 [-0.0268, +0.0533] inconclusive; dAP_gated_fm +0.0034 [-0.0213, +0.0585] inconclusive; dAP_early_fm +0.0255 [+0.0072, +0.0733] informative; dAP_adr_legacy_fm -0.1582 [-0.2625, -0.0163] harmful | social gain saturated from: None"
2026-10-04T19:35:23,20261004T193153517838Z,Carlisle_2015,ladder:B_surface_first,ok,6 rungs in 0.1 min
2026-10-04T19:35:23,20261004T193153517838Z,Carlisle_2015,folds,warn,fold prevalence ranges 2.0%-69.0%: per-fold AP partly reflects fold base rates; report fold_diagnostics.csv
2026-10-04T19:35:23,20261004T193153517838Z,Carlisle_2015,resume:lens_S_mentions_full_c93bf7468204efdd_5_5e3b8a0247,info,loaded from checkpoint (not recomputed)
2026-10-04T19:35:24,20261004T193153517838Z,Carlisle_2015,resume:lens_S_negative_full_c93bf7468204efdd_5_5e3b8a0247,info,loaded from checkpoint (not recomputed)
2026-10-04T19:35:24,20261004T193153517838Z,Carlisle_2015,resume:lens_S_mentions+S_negative_full_c93bf7468204efdd_5_5e3b8a0247,info,loaded from checkpoint (not recomputed)
2026-10-04T19:35:24,20261004T193153517838Z,Carlisle_2015,emotion_lens,ok,3 channel sets at rung R5_+sar_event
2026-10-04T19:35:25,20261004T193153517838Z,Carlisle_2015,resume:sens_bandwidth_1000m_full_22cf6accc6408d8e_5_5e3b8a0247_xgb,info,loaded from checkpoint (not recomputed)
2026-10-04T19:35:25,20261004T193153517838Z,Carlisle_2015,resume:sens_window_minus3_plus3_full_be54e139890d5400_5_5e3b8a0247_xgb,info,loaded from checkpoint (not recomputed)
2026-10-04T19:35:26,20261004T193153517838Z,Carlisle_2015,resume:sens_without_photos_full_4b72b668a506cc18_5_5e3b8a0247_xgb,info,loaded from checkpoint (not recomputed)
2026-10-04T19:40:26,20261004T193153517838Z,Carlisle_2015,sensitivity,ok,5 variants
2026-10-04T19:40:26,20261004T193153517838Z,Carlisle_2015,placebo,info,social layer vs population-density layer: Spearman 0.99
2026-10-04T19:40:26,20261004T193153517838Z,Carlisle_2015,resume:placebo_pop_full_b8d12c14780c70e7_5_5e3b8a0247,info,loaded from checkpoint (not recomputed)
2026-10-04T19:42:44,20261004T193153517838Z,Carlisle_2015,placebo,ok,population-density placebo ladder and population control done
2026-10-04T19:42:45,20261004T193153517838Z,Carlisle_2015,city,ok,finished in 7.6 min
2026-10-04T19:42:55,20261004T193153517838Z,(all),synthesis,ok,"10 cities (6 under the current pre-registration); confirmatory k=6, evaluable k=4, localisable k=1 -> paper_synthesis/"
2026-10-04T19:42:56,20261004T193153517838Z,PortoAlegre_2024,exclude,info,"30,015 permanent-water cells (JRC occurrence >= 50%) excluded"
2026-10-04T19:42:56,20261004T193153517838Z,PortoAlegre_2024,exclude,ok,"61,867 of 141,828 cells excluded (43.6%); 32045 flooded among 79,961 analysed"
2026-10-04T19:42:57,20261004T193153517838Z,PortoAlegre_2024,cv:blocks,ok,label autocorrelation < 0.1 by nan m -> CV tile 4000 m + buffer 500 m (autocorrelation never fell below 0.1 within the correlogram's range: maximum tile)
2026-10-04T19:42:57,20261004T193153517838Z,PortoAlegre_2024,ladder,info,group 'sar_event' unavailable -> rung skipped (pre-registered rule)
2026-10-04T19:42:57,20261004T193153517838Z,PortoAlegre_2024,rung:A_terrain_first,info,"positives per fold: {0: 6409, 1: 6409, 2: 6408, 3: 6409, 4: 6410}"
2026-10-04T19:50:26,20261004T193153517838Z,PortoAlegre_2024,rung:A_terrain_first,info,[R0_none] AP_phys=0.3811 AP_stacked=0.4032 AP_gated=0.3811
2026-10-04T19:59:46,20261004T193153517838Z,PortoAlegre_2024,rung:A_terrain_first,info,[R1_+terrain] AP_phys=0.9280 AP_stacked=0.9287 AP_gated=0.9280
2026-10-04T20:10:07,20261004T193153517838Z,PortoAlegre_2024,rung:A_terrain_first,info,[R2_+surface] AP_phys=0.9351 AP_stacked=0.9355 AP_gated=0.9351
2026-10-04T20:22:09,20261004T193153517838Z,PortoAlegre_2024,rung:A_terrain_first,info,[R3_+hydrography] AP_phys=0.9427 AP_stacked=0.9429 AP_gated=0.9427
2026-10-04T20:34:54,20261004T193153517838Z,PortoAlegre_2024,rung:A_terrain_first,info,[R4_+forcing] AP_phys=0.9463 AP_stacked=0.9460 AP_gated=0.9463
2026-10-04T20:43:44,20261004T193153517838Z,PortoAlegre_2024,gradient:A_terrain_first,info,without R0: 1 of 4 primary slopes have a 95% CI entirely below 0 ['dAP_gated_fm_adj']
2026-10-04T20:43:47,20261004T193153517838Z,PortoAlegre_2024,effects:A_terrain_first,ok,"top rung: info_nats_fm -0.0000 [-0.0006, +0.0005] inconclusive; info_frac_fm -0.0000 [-0.0024, +0.0019] saturated; dAP_stacked_fm +0.0000 [-0.0006, +0.0003] saturated; dAP_gated_fm +0.0000 [+0.0000, +0.0000] saturated; dAP_early_fm -0.0002 [-0.0019, +0.0013] saturated; dAP_adr_legacy_fm -0.0977 [-0.1137, -0.0784] harmful | social gain saturated from: R1_+terrain"
2026-10-04T20:43:47,20261004T193153517838Z,PortoAlegre_2024,ladder:A_terrain_first,ok,5 rungs in 60.8 min
2026-10-04T20:43:47,20261004T193153517838Z,PortoAlegre_2024,ladder,info,group 'sar_event' unavailable -> rung skipped (pre-registered rule)
2026-10-04T20:43:47,20261004T193153517838Z,PortoAlegre_2024,rung:B_surface_first,info,"positives per fold: {0: 6409, 1: 6409, 2: 6408, 3: 6409, 4: 6410}"
2026-10-04T20:43:47,20261004T193153517838Z,PortoAlegre_2024,rung:B_surface_first,info,reused from checkpoint a211a26b6c53 (identical feature set; not recomputed)
2026-10-04T20:52:51,20261004T193153517838Z,PortoAlegre_2024,rung:B_surface_first,info,[R1_+surface] AP_phys=0.6651 AP_stacked=0.6641 AP_gated=0.6651
2026-10-04T21:02:35,20261004T193153517838Z,PortoAlegre_2024,rung:B_surface_first,info,[R2_+forcing] AP_phys=0.7934 AP_stacked=0.7974 AP_gated=0.7934
2026-10-04T21:13:43,20261004T193153517838Z,PortoAlegre_2024,rung:B_surface_first,info,[R3_+terrain] AP_phys=0.9405 AP_stacked=0.9402 AP_gated=0.9405
2026-10-04T21:13:43,20261004T193153517838Z,PortoAlegre_2024,rung:B_surface_first,info,reused from checkpoint f9d3ea84e0c2 (identical feature set; not recomputed)
2026-10-04T21:22:26,20261004T193153517838Z,PortoAlegre_2024,gradient:B_surface_first,info,without R0: 0 of 4 primary slopes have a 95% CI entirely below 0 []
2026-10-04T21:22:29,20261004T193153517838Z,PortoAlegre_2024,effects:B_surface_first,ok,"top rung: info_nats_fm -0.0000 [-0.0006, +0.0005] inconclusive; info_frac_fm -0.0000 [-0.0024, +0.0019] saturated; dAP_stacked_fm +0.0000 [-0.0006, +0.0003] saturated; dAP_gated_fm +0.0000 [+0.0000, +0.0000] saturated; dAP_early_fm -0.0002 [-0.0019, +0.0013] saturated; dAP_adr_legacy_fm -0.0977 [-0.1137, -0.0784] harmful | social gain saturated from: R3_+terrain"
2026-10-04T21:22:29,20261004T193153517838Z,PortoAlegre_2024,ladder:B_surface_first,ok,5 rungs in 38.7 min
2026-10-04T21:22:29,20261004T193153517838Z,PortoAlegre_2024,ladder,info,group 'sar_event' unavailable -> rung skipped (pre-registered rule)
2026-10-04T21:22:30,20261004T193153517838Z,PortoAlegre_2024,rung:lens,info,reused from checkpoint f9d3ea84e0c2 (identical feature set; not recomputed)
2026-10-04T22:23:46,20261004T193153517838Z,PortoAlegre_2024,emotion_lens,ok,5 channel sets at rung R4_+forcing
2026-10-04T23:09:08,20261004T193153517838Z,PortoAlegre_2024,sensitivity,ok,4 variants
2026-10-04T23:09:08,20261004T193153517838Z,PortoAlegre_2024,placebo,info,social layer vs population-density layer: Spearman 0.45
2026-10-04T23:09:08,20261004T193153517838Z,PortoAlegre_2024,ladder,info,group 'sar_event' unavailable -> rung skipped (pre-registered rule)
2026-10-04T23:09:09,20261004T193153517838Z,PortoAlegre_2024,resume:placebo_pop_full_f96e46208e062bbe_5_fe639a2c0a,info,loaded from checkpoint (not recomputed)
2026-10-04T23:15:04,20261004T193153517838Z,PortoAlegre_2024,placebo,ok,population-density placebo ladder and population control done
2026-10-04T23:15:06,20261004T193153517838Z,PortoAlegre_2024,city,ok,finished in 212.2 min
2026-10-04T23:15:58,20261004T193153517838Z,(all),synthesis,ok,"10 cities (7 under the current pre-registration); confirmatory k=7, evaluable k=5, localisable k=1 -> paper_synthesis/"
2026-10-04T23:15:59,20261004T193153517838Z,TaquariValley_2024,exclude,info,294 permanent-water cells (JRC occurrence >= 50%) excluded
2026-10-04T23:15:59,20261004T193153517838Z,TaquariValley_2024,exclude,warn,"8,991 of 13,823 cells excluded (65.0%); 448 flooded among 4,832 analysed"
2026-10-04T23:16:00,20261004T193153517838Z,TaquariValley_2024,cv:blocks,ok,label autocorrelation < 0.1 by 1000 m -> CV tile 2000 m + buffer 500 m (correlogram range 1000 m)
2026-10-04T23:16:00,20261004T193153517838Z,TaquariValley_2024,ladder,info,group 'sar_event' unavailable -> rung skipped (pre-registered rule)
2026-10-04T23:16:00,20261004T193153517838Z,TaquariValley_2024,rung:A_terrain_first,info,"positives per fold: {0: 91, 1: 88, 2: 87, 3: 96, 4: 86}"
2026-10-04T23:17:01,20261004T193153517838Z,TaquariValley_2024,rung:A_terrain_first,info,[R0_none] AP_phys=0.0810 AP_stacked=0.0758 AP_gated=0.0686
2026-10-04T23:18:20,20261004T193153517838Z,TaquariValley_2024,rung:A_terrain_first,info,[R1_+terrain] AP_phys=0.3861 AP_stacked=0.3395 AP_gated=0.3576
2026-10-04T23:19:49,20261004T193153517838Z,TaquariValley_2024,rung:A_terrain_first,info,[R2_+surface] AP_phys=0.4071 AP_stacked=0.3563 AP_gated=0.3921
2026-10-04T23:21:35,20261004T193153517838Z,TaquariValley_2024,rung:A_terrain_first,info,[R3_+hydrography] AP_phys=0.3944 AP_stacked=0.3385 AP_gated=0.3476
2026-10-04T23:23:27,20261004T193153517838Z,TaquariValley_2024,rung:A_terrain_first,info,[R4_+forcing] AP_phys=0.4265 AP_stacked=0.3688 AP_gated=0.3741
2026-10-04T23:25:07,20261004T193153517838Z,TaquariValley_2024,gradient:A_terrain_first,info,without R0: 0 of 4 primary slopes have a 95% CI entirely below 0 []
2026-10-04T23:25:07,20261004T193153517838Z,TaquariValley_2024,gated:A_terrain_first,warn,72% of fold fits chose the edge of the gate grid (alpha=2.0 or tau=0.3); see the gated_wide_grid sensitivity variant
2026-10-04T23:25:11,20261004T193153517838Z,TaquariValley_2024,effects:A_terrain_first,ok,"top rung: info_nats_fm -0.0097 [-0.0279, +0.0044] inconclusive; info_frac_fm -0.0429 [-0.1105, +0.0269] inconclusive; dAP_stacked_fm -0.0278 [-0.0458, +0.0260] inconclusive; dAP_gated_fm -0.0382 [-0.0405, +0.0199] inconclusive; dAP_early_fm +0.0095 [-0.0207, +0.0388] inconclusive; dAP_adr_legacy_fm -0.0207 [-0.0396, -0.0050] harmful | social gain saturated from: None"
2026-10-04T23:25:11,20261004T193153517838Z,TaquariValley_2024,ladder:A_terrain_first,ok,5 rungs in 9.2 min
2026-10-04T23:25:11,20261004T193153517838Z,TaquariValley_2024,ladder,info,group 'sar_event' unavailable -> rung skipped (pre-registered rule)
2026-10-04T23:25:11,20261004T193153517838Z,TaquariValley_2024,rung:B_surface_first,info,"positives per fold: {0: 91, 1: 88, 2: 87, 3: 96, 4: 86}"
2026-10-04T23:25:11,20261004T193153517838Z,TaquariValley_2024,rung:B_surface_first,info,reused from checkpoint 65a5f0f0f8e3 (identical feature set; not recomputed)
2026-10-04T23:26:32,20261004T193153517838Z,TaquariValley_2024,rung:B_surface_first,info,[R1_+surface] AP_phys=0.2035 AP_stacked=0.1838 AP_gated=0.2121
2026-10-04T23:27:53,20261004T193153517838Z,TaquariValley_2024,rung:B_surface_first,info,[R2_+forcing] AP_phys=0.1942 AP_stacked=0.1784 AP_gated=0.2011
2026-10-04T23:29:28,20261004T193153517838Z,TaquariValley_2024,rung:B_surface_first,info,[R3_+terrain] AP_phys=0.4498 AP_stacked=0.3844 AP_gated=0.4304
2026-10-04T23:29:28,20261004T193153517838Z,TaquariValley_2024,rung:B_surface_first,info,reused from checkpoint 3dbd0c51e44b (identical feature set; not recomputed)
2026-10-04T23:31:10,20261004T193153517838Z,TaquariValley_2024,gradient:B_surface_first,info,"without R0: 2 of 4 primary slopes have a 95% CI entirely below 0 ['info_nats_fm_adj', 'dAP_gated_fm_adj']"
2026-10-04T23:31:10,20261004T193153517838Z,TaquariValley_2024,gated:B_surface_first,warn,52% of fold fits chose the edge of the gate grid (alpha=2.0 or tau=0.3); see the gated_wide_grid sensitivity variant
2026-10-04T23:31:14,20261004T193153517838Z,TaquariValley_2024,effects:B_surface_first,ok,"top rung: info_nats_fm -0.0097 [-0.0279, +0.0044] inconclusive; info_frac_fm -0.0429 [-0.1105, +0.0269] inconclusive; dAP_stacked_fm -0.0278 [-0.0458, +0.0260] inconclusive; dAP_gated_fm -0.0382 [-0.0405, +0.0199] inconclusive; dAP_early_fm +0.0095 [-0.0207, +0.0388] inconclusive; dAP_adr_legacy_fm -0.0207 [-0.0396, -0.0050] harmful | social gain saturated from: None"
2026-10-04T23:31:14,20261004T193153517838Z,TaquariValley_2024,ladder:B_surface_first,ok,5 rungs in 6.0 min
2026-10-04T23:31:14,20261004T193153517838Z,TaquariValley_2024,ladder,info,group 'sar_event' unavailable -> rung skipped (pre-registered rule)
2026-10-04T23:31:14,20261004T193153517838Z,TaquariValley_2024,rung:lens,info,reused from checkpoint 3dbd0c51e44b (identical feature set; not recomputed)
2026-10-04T23:40:37,20261004T193153517838Z,TaquariValley_2024,emotion_lens,ok,5 channel sets at rung R4_+forcing
2026-10-04T23:47:25,20261004T193153517838Z,TaquariValley_2024,sensitivity,ok,4 variants
2026-10-04T23:47:25,20261004T193153517838Z,TaquariValley_2024,placebo,info,social layer vs population-density layer: Spearman 0.91
2026-10-04T23:47:25,20261004T193153517838Z,TaquariValley_2024,ladder,info,group 'sar_event' unavailable -> rung skipped (pre-registered rule)
2026-10-04T23:47:26,20261004T193153517838Z,TaquariValley_2024,resume:placebo_pop_full_dce1b5a4972d20a0_5_5e3b8a0247,info,loaded from checkpoint (not recomputed)
2026-10-04T23:48:24,20261004T193153517838Z,TaquariValley_2024,placebo,ok,population-density placebo ladder and population control done
2026-10-04T23:48:25,20261004T193153517838Z,TaquariValley_2024,city,ok,finished in 32.4 min
2026-10-04T23:52:24,20261004T193153517838Z,(all),synthesis,ok,"10 cities (8 under the current pre-registration); confirmatory k=8, evaluable k=6, localisable k=1 -> paper_synthesis/"
2026-10-04T23:52:25,20261004T193153517838Z,Houston_SanJacinto_2017,exclude,info,"4,607 permanent-water cells (JRC occurrence >= 50%) excluded"
2026-10-04T23:52:25,20261004T193153517838Z,Houston_SanJacinto_2017,exclude,warn,"97,100 of 184,495 cells excluded (52.6%); 25594 flooded among 87,395 analysed"
2026-10-04T23:52:26,20261004T193153517838Z,Houston_SanJacinto_2017,cv:blocks,ok,label autocorrelation < 0.1 by 4000 m -> CV tile 3500 m + buffer 500 m (correlogram range 4000 m)
2026-10-04T23:52:26,20261004T193153517838Z,Houston_SanJacinto_2017,rung:A_terrain_first,info,"positives per fold: {0: 5119, 1: 5119, 2: 5119, 3: 5118, 4: 5119}"
2026-10-04T23:59:44,20261004T193153517838Z,Houston_SanJacinto_2017,rung:A_terrain_first,info,[R0_none] AP_phys=0.2494 AP_stacked=0.2384 AP_gated=0.2679
2026-10-05T00:09:35,20261004T193153517838Z,Houston_SanJacinto_2017,rung:A_terrain_first,info,[R1_+terrain] AP_phys=0.5090 AP_stacked=0.4752 AP_gated=0.5090
2026-10-05T00:21:06,20261004T193153517838Z,Houston_SanJacinto_2017,rung:A_terrain_first,info,[R2_+surface] AP_phys=0.6553 AP_stacked=0.6385 AP_gated=0.6534
2026-10-05T00:34:07,20261004T193153517838Z,Houston_SanJacinto_2017,rung:A_terrain_first,info,[R3_+hydrography] AP_phys=0.7124 AP_stacked=0.6987 AP_gated=0.7108
2026-10-05T00:48:50,20261004T193153517838Z,Houston_SanJacinto_2017,rung:A_terrain_first,info,[R4_+forcing] AP_phys=0.8398 AP_stacked=0.8357 AP_gated=0.8403
2026-10-05T01:03:30,20261004T193153517838Z,Houston_SanJacinto_2017,rung:A_terrain_first,info,[R5_+sar_event] AP_phys=0.8467 AP_stacked=0.8421 AP_gated=0.8457
2026-10-05T01:15:47,20261004T193153517838Z,Houston_SanJacinto_2017,gradient:A_terrain_first,info,without R0: 0 of 4 primary slopes have a 95% CI entirely below 0 []
2026-10-05T01:15:47,20261004T193153517838Z,Houston_SanJacinto_2017,gated:A_terrain_first,warn,33% of fold fits chose the edge of the gate grid (alpha=2.0 or tau=0.3); see the gated_wide_grid sensitivity variant
2026-10-05T01:15:51,20261004T193153517838Z,Houston_SanJacinto_2017,effects:A_terrain_first,ok,"top rung: info_nats_fm +0.0014 [-0.0003, +0.0029] inconclusive; info_frac_fm +0.0042 [-0.0009, +0.0086] saturated; dAP_stacked_fm +0.0029 [+0.0005, +0.0064] saturated; dAP_gated_fm +0.0002 [-0.0028, +0.0037] saturated; dAP_early_fm +0.0003 [-0.0065, +0.0075] saturated; dAP_adr_legacy_fm -0.1085 [-0.1292, -0.0867] harmful | social gain saturated from: R0_none"
2026-10-05T01:15:51,20261004T193153517838Z,Houston_SanJacinto_2017,ladder:A_terrain_first,ok,6 rungs in 83.4 min
2026-10-05T01:15:51,20261004T193153517838Z,Houston_SanJacinto_2017,rung:B_surface_first,info,"positives per fold: {0: 5119, 1: 5119, 2: 5119, 3: 5118, 4: 5119}"
2026-10-05T01:15:51,20261004T193153517838Z,Houston_SanJacinto_2017,rung:B_surface_first,info,reused from checkpoint 9e8b7bd4f8f3 (identical feature set; not recomputed)
2026-10-05T01:25:44,20261004T193153517838Z,Houston_SanJacinto_2017,rung:B_surface_first,info,[R1_+surface] AP_phys=0.4290 AP_stacked=0.4001 AP_gated=0.4361
2026-10-05T01:36:29,20261004T193153517838Z,Houston_SanJacinto_2017,rung:B_surface_first,info,[R2_+forcing] AP_phys=0.5933 AP_stacked=0.5698 AP_gated=0.5834
2026-10-05T01:49:35,20261004T193153517838Z,Houston_SanJacinto_2017,rung:B_surface_first,info,[R3_+terrain] AP_phys=0.8368 AP_stacked=0.8286 AP_gated=0.8372
2026-10-05T01:49:36,20261004T193153517838Z,Houston_SanJacinto_2017,rung:B_surface_first,info,reused from checkpoint 84e2c20d9ae5 (identical feature set; not recomputed)
2026-10-05T01:49:36,20261004T193153517838Z,Houston_SanJacinto_2017,rung:B_surface_first,info,reused from checkpoint b4332b93807d (identical feature set; not recomputed)
2026-10-05T02:01:50,20261004T193153517838Z,Houston_SanJacinto_2017,gradient:B_surface_first,info,without R0: 0 of 4 primary slopes have a 95% CI entirely below 0 []
2026-10-05T02:01:53,20261004T193153517838Z,Houston_SanJacinto_2017,effects:B_surface_first,ok,"top rung: info_nats_fm +0.0014 [-0.0003, +0.0029] inconclusive; info_frac_fm +0.0042 [-0.0009, +0.0086] saturated; dAP_stacked_fm +0.0029 [+0.0005, +0.0064] saturated; dAP_gated_fm +0.0002 [-0.0028, +0.0037] saturated; dAP_early_fm +0.0003 [-0.0065, +0.0075] saturated; dAP_adr_legacy_fm -0.1085 [-0.1292, -0.0867] harmful | social gain saturated from: R0_none"
2026-10-05T02:01:53,20261004T193153517838Z,Houston_SanJacinto_2017,ladder:B_surface_first,ok,6 rungs in 46.0 min
2026-10-05T02:01:54,20261004T193153517838Z,Houston_SanJacinto_2017,rung:lens,info,reused from checkpoint b4332b93807d (identical feature set; not recomputed)
2026-10-05T03:34:05,20261004T193153517838Z,Houston_SanJacinto_2017,emotion_lens,ok,6 channel sets at rung R5_+sar_event
2026-10-05T10:05:03,20261005T100419069821Z,Chennai_2015,exclude,info,779 permanent-water cells (JRC occurrence >= 50%) excluded
2026-10-05T10:05:03,20261005T100419069821Z,Chennai_2015,exclude,ok,"779 of 41,919 cells excluded (1.9%); 9360 flooded among 41,140 analysed"
2026-10-05T10:05:04,20261005T100419069821Z,Chennai_2015,cv:blocks,ok,label autocorrelation < 0.1 by 3000 m -> CV tile 2500 m + buffer 500 m (correlogram range 3000 m)
2026-10-05T10:05:05,20261005T100419069821Z,Chennai_2015,resume:ladder_A_terrain_first_full_188100fabd0a1412_5_d2e2f7342e,info,loaded from checkpoint (not recomputed)
2026-10-05T10:05:06,20261005T100419069821Z,Chennai_2015,gradient:A_terrain_first,info,"without R0: 2 of 4 primary slopes have a 95% CI entirely below 0 ['dAP_stacked_fm_adj', 'dAP_gated_fm_adj']"
2026-10-05T10:05:06,20261005T100419069821Z,Chennai_2015,gated:A_terrain_first,warn,77% of fold fits chose the edge of the gate grid (alpha=2.0 or tau=0.3); see the gated_wide_grid sensitivity variant
2026-10-05T10:05:09,20261005T100419069821Z,Chennai_2015,effects:A_terrain_first,ok,"top rung: info_nats_fm -0.0009 [-0.0120, +0.0066] inconclusive; info_frac_fm -0.0018 [-0.0226, +0.0131] saturated; dAP_stacked_fm -0.0048 [-0.0274, +0.0166] inconclusive; dAP_gated_fm -0.0026 [-0.0249, +0.0156] inconclusive; dAP_early_fm +0.0133 [-0.0048, +0.0348] inconclusive; dAP_adr_legacy_fm -0.0098 [-0.0194, +0.0036] inconclusive | social gain saturated from: R3_+hydrography"
2026-10-05T10:05:09,20261005T100419069821Z,Chennai_2015,ladder:A_terrain_first,ok,6 rungs in 0.1 min
2026-10-05T10:05:10,20261005T100419069821Z,Chennai_2015,resume:ladder_B_surface_first_full_188100fabd0a1412_5_d2e2f7342e,info,loaded from checkpoint (not recomputed)
2026-10-05T10:05:12,20261005T100419069821Z,Chennai_2015,gradient:B_surface_first,info,"without R0: 2 of 4 primary slopes have a 95% CI entirely below 0 ['dAP_stacked_fm_adj', 'dAP_gated_fm_adj']"
2026-10-05T10:05:12,20261005T100419069821Z,Chennai_2015,gated:B_surface_first,warn,73% of fold fits chose the edge of the gate grid (alpha=2.0 or tau=0.3); see the gated_wide_grid sensitivity variant
2026-10-05T10:05:15,20261005T100419069821Z,Chennai_2015,effects:B_surface_first,ok,"top rung: info_nats_fm -0.0009 [-0.0120, +0.0066] inconclusive; info_frac_fm -0.0018 [-0.0226, +0.0131] saturated; dAP_stacked_fm -0.0048 [-0.0274, +0.0166] inconclusive; dAP_gated_fm -0.0026 [-0.0249, +0.0156] inconclusive; dAP_early_fm +0.0133 [-0.0048, +0.0348] inconclusive; dAP_adr_legacy_fm -0.0098 [-0.0194, +0.0036] inconclusive | social gain saturated from: R4_+hydrography"
2026-10-05T10:05:15,20261005T100419069821Z,Chennai_2015,ladder:B_surface_first,ok,6 rungs in 0.1 min
2026-10-05T10:05:15,20261005T100419069821Z,Chennai_2015,resume:lens_S_mentions_full_188100fabd0a1412_5_d2e2f7342e,info,loaded from checkpoint (not recomputed)
2026-10-05T10:05:16,20261005T100419069821Z,Chennai_2015,resume:lens_S_negative_full_188100fabd0a1412_5_d2e2f7342e,info,loaded from checkpoint (not recomputed)
2026-10-05T10:05:16,20261005T100419069821Z,Chennai_2015,resume:lens_S_distress_full_188100fabd0a1412_5_d2e2f7342e,info,loaded from checkpoint (not recomputed)
2026-10-05T10:05:16,20261005T100419069821Z,Chennai_2015,resume:lens_S_src_gdelt_bigquery_full_188100fabd0a1412_5_d2e2f7342e,info,loaded from checkpoint (not recomputed)
2026-10-05T10:05:17,20261005T100419069821Z,Chennai_2015,resume:lens_S_src_reddit_arcticshift_full_188100fabd0a1412_5_d2e2f7342e,info,loaded from checkpoint (not recomputed)
2026-10-05T10:05:17,20261005T100419069821Z,Chennai_2015,resume:lens_S_mentions+S_negative+S_distress_full_188100fabd0a1412_5_d2e2f7342e,info,loaded from checkpoint (not recomputed)
2026-10-05T10:05:17,20261005T100419069821Z,Chennai_2015,emotion_lens,ok,6 channel sets at rung R5_+sar_event
2026-10-05T10:05:17,20261005T100419069821Z,Chennai_2015,resume:sens_bandwidth_1000m_full_d1f4383efff6fed5_5_d2e2f7342e_xgb,info,loaded from checkpoint (not recomputed)
2026-10-05T10:05:18,20261005T100419069821Z,Chennai_2015,resume:sens_window_minus3_plus3_full_d0cb31c577e9d14d_5_d2e2f7342e_xgb,info,loaded from checkpoint (not recomputed)
2026-10-05T10:05:18,20261005T100419069821Z,Chennai_2015,resume:sens_gated_wide_grid_full_39fd998c06ab84fe_5_d2e2f7342e_xgb,info,loaded from checkpoint (not recomputed)
2026-10-05T10:05:19,20261005T100419069821Z,Chennai_2015,resume:sens_learner_logistic_full_39fd998c06ab84fe_5_d2e2f7342e_logistic,info,loaded from checkpoint (not recomputed)
2026-10-05T10:05:19,20261005T100419069821Z,Chennai_2015,sensitivity,ok,4 variants
2026-10-05T10:05:19,20261005T100419069821Z,Chennai_2015,placebo,info,social layer vs population-density layer: Spearman 0.80
2026-10-05T10:05:20,20261005T100419069821Z,Chennai_2015,resume:placebo_pop_full_59c3eae36682f007_5_d2e2f7342e,info,loaded from checkpoint (not recomputed)
2026-10-05T10:05:25,20261005T100419069821Z,Chennai_2015,resume:control_pop_full_d0b4f954527c0158_5_d2e2f7342e,info,loaded from checkpoint (not recomputed)
2026-10-05T10:05:25,20261005T100419069821Z,Chennai_2015,placebo,ok,population-density placebo ladder and population control done
2026-10-05T10:05:28,20261005T100419069821Z,Chennai_2015,city,ok,finished in 0.4 min
2026-10-05T10:09:57,20261005T100419069821Z,(all),synthesis,ok,"10 cities (8 under the current pre-registration); confirmatory k=8, evaluable k=6, localisable k=1 -> paper_synthesis/"
2026-10-05T10:09:58,20261005T100419069821Z,Valencia_2024,exclude,info,"5,684 permanent-water cells (JRC occurrence >= 50%) excluded"
2026-10-05T10:09:58,20261005T100419069821Z,Valencia_2024,exclude,ok,"5,684 of 38,269 cells excluded (14.9%); 10460 flooded among 32,585 analysed"
2026-10-05T10:09:59,20261005T100419069821Z,Valencia_2024,cv:blocks,ok,label autocorrelation < 0.1 by 8000 m -> CV tile 4000 m + buffer 500 m (correlogram range 8000 m)
2026-10-05T10:10:00,20261005T100419069821Z,Valencia_2024,resume:ladder_A_terrain_first_full_0f9a87ef5a7ececc_5_fe639a2c0a,info,loaded from checkpoint (not recomputed)
2026-10-05T10:10:01,20261005T100419069821Z,Valencia_2024,gradient:A_terrain_first,info,without R0: 0 of 4 primary slopes have a 95% CI entirely below 0 []
2026-10-05T10:10:01,20261005T100419069821Z,Valencia_2024,gated:A_terrain_first,warn,100% of fold fits chose the edge of the gate grid (alpha=2.0 or tau=0.3); see the gated_wide_grid sensitivity variant
2026-10-05T10:10:04,20261005T100419069821Z,Valencia_2024,effects:A_terrain_first,ok,"top rung: info_nats_fm +0.0768 [-0.0230, +0.1729] inconclusive; info_frac_fm +0.1794 [-0.0727, +0.3337] inconclusive; dAP_stacked_fm +0.0382 [-0.0032, +0.1030] inconclusive; dAP_gated_fm -0.0124 [-0.0325, +0.0276] inconclusive; dAP_early_fm -0.0049 [-0.0260, +0.0745] inconclusive; dAP_adr_legacy_fm -0.1235 [-0.1482, -0.0517] harmful | social gain saturated from: None"
2026-10-05T10:10:04,20261005T100419069821Z,Valencia_2024,ladder:A_terrain_first,ok,6 rungs in 0.1 min
2026-10-05T10:10:04,20261005T100419069821Z,Valencia_2024,resume:ladder_B_surface_first_full_0f9a87ef5a7ececc_5_fe639a2c0a,info,loaded from checkpoint (not recomputed)
2026-10-05T10:10:05,20261005T100419069821Z,Valencia_2024,gradient:B_surface_first,info,without R0: 0 of 4 primary slopes have a 95% CI entirely below 0 []
2026-10-05T10:10:05,20261005T100419069821Z,Valencia_2024,gated:B_surface_first,warn,87% of fold fits chose the edge of the gate grid (alpha=2.0 or tau=0.3); see the gated_wide_grid sensitivity variant
2026-10-05T10:10:08,20261005T100419069821Z,Valencia_2024,effects:B_surface_first,ok,"top rung: info_nats_fm +0.0768 [-0.0230, +0.1729] inconclusive; info_frac_fm +0.1794 [-0.0727, +0.3337] inconclusive; dAP_stacked_fm +0.0382 [-0.0032, +0.1030] inconclusive; dAP_gated_fm -0.0124 [-0.0325, +0.0276] inconclusive; dAP_early_fm -0.0049 [-0.0260, +0.0745] inconclusive; dAP_adr_legacy_fm -0.1235 [-0.1482, -0.0517] harmful | social gain saturated from: None"
2026-10-05T10:10:08,20261005T100419069821Z,Valencia_2024,ladder:B_surface_first,ok,6 rungs in 0.1 min
2026-10-05T10:10:08,20261005T100419069821Z,Valencia_2024,resume:lens_S_mentions_full_0f9a87ef5a7ececc_5_fe639a2c0a,info,loaded from checkpoint (not recomputed)
2026-10-05T10:10:09,20261005T100419069821Z,Valencia_2024,resume:lens_S_negative_full_0f9a87ef5a7ececc_5_fe639a2c0a,info,loaded from checkpoint (not recomputed)
2026-10-05T10:10:09,20261005T100419069821Z,Valencia_2024,resume:lens_S_distress_full_0f9a87ef5a7ececc_5_fe639a2c0a,info,loaded from checkpoint (not recomputed)
2026-10-05T10:10:09,20261005T100419069821Z,Valencia_2024,resume:lens_S_src_gdelt_bigquery_full_0f9a87ef5a7ececc_5_fe639a2c0a,info,loaded from checkpoint (not recomputed)
2026-10-05T10:10:10,20261005T100419069821Z,Valencia_2024,resume:lens_S_src_reddit_arcticshift_full_0f9a87ef5a7ececc_5_fe639a2c0a,info,loaded from checkpoint (not recomputed)
2026-10-05T10:10:10,20261005T100419069821Z,Valencia_2024,resume:lens_S_src_google_news_rss_full_0f9a87ef5a7ececc_5_fe639a2c0a,info,loaded from checkpoint (not recomputed)
2026-10-05T10:10:11,20261005T100419069821Z,Valencia_2024,resume:lens_S_mentions+S_negative+S_distress_full_0f9a87ef5a7ececc_5_fe639a2c0a,info,loaded from checkpoint (not recomputed)
2026-10-05T10:10:11,20261005T100419069821Z,Valencia_2024,emotion_lens,ok,7 channel sets at rung R5_+sar_event
2026-10-05T10:10:11,20261005T100419069821Z,Valencia_2024,resume:sens_bandwidth_1000m_full_b3ba49fe07eedc9a_5_fe639a2c0a_xgb,info,loaded from checkpoint (not recomputed)
2026-10-05T10:10:12,20261005T100419069821Z,Valencia_2024,resume:sens_window_minus3_plus3_full_c7567e70ba7252d6_5_fe639a2c0a_xgb,info,loaded from checkpoint (not recomputed)
2026-10-05T10:10:12,20261005T100419069821Z,Valencia_2024,resume:sens_gated_wide_grid_full_60de71e64a880167_5_fe639a2c0a_xgb,info,loaded from checkpoint (not recomputed)
2026-10-05T10:10:12,20261005T100419069821Z,Valencia_2024,resume:sens_learner_logistic_full_60de71e64a880167_5_fe639a2c0a_logistic,info,loaded from checkpoint (not recomputed)
2026-10-05T10:10:12,20261005T100419069821Z,Valencia_2024,sensitivity,ok,4 variants
2026-10-05T10:10:13,20261005T100419069821Z,Valencia_2024,placebo,info,social layer vs population-density layer: Spearman 0.70
2026-10-05T10:10:13,20261005T100419069821Z,Valencia_2024,resume:placebo_pop_full_fb7e9451b1712344_5_fe639a2c0a,info,loaded from checkpoint (not recomputed)
2026-10-05T10:10:17,20261005T100419069821Z,Valencia_2024,resume:control_pop_full_bbffb7b6cbf7ba7d_5_fe639a2c0a,info,loaded from checkpoint (not recomputed)
2026-10-05T10:10:18,20261005T100419069821Z,Valencia_2024,placebo,ok,population-density placebo ladder and population control done
2026-10-05T10:10:19,20261005T100419069821Z,Valencia_2024,city,ok,finished in 0.4 min
2026-10-05T10:14:31,20261005T100419069821Z,(all),synthesis,ok,"10 cities (8 under the current pre-registration); confirmatory k=8, evaluable k=6, localisable k=1 -> paper_synthesis/"
2026-10-05T10:14:32,20261005T100419069821Z,EmiliaRomagna_2023a,exclude,info,238 permanent-water cells (JRC occurrence >= 50%) excluded
2026-10-05T10:14:32,20261005T100419069821Z,EmiliaRomagna_2023a,exclude,warn,"123,756 of 143,322 cells excluded (86.3%); 2576 flooded among 19,566 analysed"
2026-10-05T10:14:32,20261005T100419069821Z,EmiliaRomagna_2023a,cv:blocks,ok,label autocorrelation < 0.1 by 3000 m -> CV tile 2500 m + buffer 500 m (correlogram range 3000 m)
2026-10-05T10:14:33,20261005T100419069821Z,EmiliaRomagna_2023a,resume:ladder_A_terrain_first_full_1e8f3a119cfae60e_5_d2e2f7342e,info,loaded from checkpoint (not recomputed)
2026-10-05T10:14:34,20261005T100419069821Z,EmiliaRomagna_2023a,gradient:A_terrain_first,info,without R0: 0 of 4 primary slopes have a 95% CI entirely below 0 []
2026-10-05T10:14:34,20261005T100419069821Z,EmiliaRomagna_2023a,gated:A_terrain_first,warn,50% of fold fits chose the edge of the gate grid (alpha=2.0 or tau=0.3); see the gated_wide_grid sensitivity variant
2026-10-05T10:14:37,20261005T100419069821Z,EmiliaRomagna_2023a,effects:A_terrain_first,ok,"top rung: info_nats_fm -0.0067 [-0.0466, +0.0221] inconclusive; info_frac_fm -0.0150 [-0.0951, +0.0604] inconclusive; dAP_stacked_fm -0.1356 [-0.1563, +0.0192] inconclusive; dAP_gated_fm -0.0132 [-0.0184, +0.0093] inconclusive; dAP_early_fm +0.0002 [-0.0251, +0.0247] inconclusive; dAP_adr_legacy_fm -0.0550 [-0.0776, +0.0039] inconclusive | social gain saturated from: None"
2026-10-05T10:14:37,20261005T100419069821Z,EmiliaRomagna_2023a,ladder:A_terrain_first,ok,6 rungs in 0.1 min
2026-10-05T10:14:37,20261005T100419069821Z,EmiliaRomagna_2023a,resume:ladder_B_surface_first_full_1e8f3a119cfae60e_5_d2e2f7342e,info,loaded from checkpoint (not recomputed)
2026-10-05T10:14:38,20261005T100419069821Z,EmiliaRomagna_2023a,gradient:B_surface_first,info,without R0: 0 of 4 primary slopes have a 95% CI entirely below 0 []
2026-10-05T10:14:38,20261005T100419069821Z,EmiliaRomagna_2023a,gated:B_surface_first,warn,50% of fold fits chose the edge of the gate grid (alpha=2.0 or tau=0.3); see the gated_wide_grid sensitivity variant
2026-10-05T10:14:40,20261005T100419069821Z,EmiliaRomagna_2023a,effects:B_surface_first,ok,"top rung: info_nats_fm -0.0067 [-0.0466, +0.0221] inconclusive; info_frac_fm -0.0150 [-0.0951, +0.0604] inconclusive; dAP_stacked_fm -0.1356 [-0.1563, +0.0192] inconclusive; dAP_gated_fm -0.0132 [-0.0184, +0.0093] inconclusive; dAP_early_fm +0.0002 [-0.0251, +0.0247] inconclusive; dAP_adr_legacy_fm -0.0550 [-0.0776, +0.0039] inconclusive | social gain saturated from: None"
2026-10-05T10:14:40,20261005T100419069821Z,EmiliaRomagna_2023a,ladder:B_surface_first,ok,6 rungs in 0.1 min
2026-10-05T10:14:41,20261005T100419069821Z,EmiliaRomagna_2023a,resume:lens_S_mentions_full_1e8f3a119cfae60e_5_d2e2f7342e,info,loaded from checkpoint (not recomputed)
2026-10-05T10:14:41,20261005T100419069821Z,EmiliaRomagna_2023a,resume:lens_S_negative_full_1e8f3a119cfae60e_5_d2e2f7342e,info,loaded from checkpoint (not recomputed)
2026-10-05T10:14:42,20261005T100419069821Z,EmiliaRomagna_2023a,resume:lens_S_distress_full_1e8f3a119cfae60e_5_d2e2f7342e,info,loaded from checkpoint (not recomputed)
2026-10-05T10:14:42,20261005T100419069821Z,EmiliaRomagna_2023a,resume:lens_S_src_gdelt_bigquery_full_1e8f3a119cfae60e_5_d2e2f7342e,info,loaded from checkpoint (not recomputed)
2026-10-05T10:14:42,20261005T100419069821Z,EmiliaRomagna_2023a,resume:lens_S_src_google_news_rss_full_1e8f3a119cfae60e_5_d2e2f7342e,info,loaded from checkpoint (not recomputed)
2026-10-05T10:14:43,20261005T100419069821Z,EmiliaRomagna_2023a,resume:lens_S_mentions+S_negative+S_distress_full_1e8f3a119cfae60e_5_d2e2f7342e,info,loaded from checkpoint (not recomputed)
2026-10-05T10:14:43,20261005T100419069821Z,EmiliaRomagna_2023a,emotion_lens,ok,6 channel sets at rung R5_+sar_event
2026-10-05T10:14:43,20261005T100419069821Z,EmiliaRomagna_2023a,resume:sens_bandwidth_1000m_full_b2f83b93118b0d9e_5_d2e2f7342e_xgb,info,loaded from checkpoint (not recomputed)
2026-10-05T10:14:44,20261005T100419069821Z,EmiliaRomagna_2023a,resume:sens_window_minus3_plus3_full_4272c8a056d653e6_5_d2e2f7342e_xgb,info,loaded from checkpoint (not recomputed)
2026-10-05T10:14:44,20261005T100419069821Z,EmiliaRomagna_2023a,resume:sens_gated_wide_grid_full_1d5ba424ff139286_5_d2e2f7342e_xgb,info,loaded from checkpoint (not recomputed)
2026-10-05T10:14:44,20261005T100419069821Z,EmiliaRomagna_2023a,resume:sens_learner_logistic_full_1d5ba424ff139286_5_d2e2f7342e_logistic,info,loaded from checkpoint (not recomputed)
2026-10-05T10:14:44,20261005T100419069821Z,EmiliaRomagna_2023a,sensitivity,ok,4 variants
2026-10-05T10:14:44,20261005T100419069821Z,EmiliaRomagna_2023a,placebo,info,social layer vs population-density layer: Spearman 0.80
2026-10-05T10:14:45,20261005T100419069821Z,EmiliaRomagna_2023a,resume:placebo_pop_full_befdd2e01741a217_5_d2e2f7342e,info,loaded from checkpoint (not recomputed)
2026-10-05T10:14:49,20261005T100419069821Z,EmiliaRomagna_2023a,resume:control_pop_full_532cbe4328699eca_5_d2e2f7342e,info,loaded from checkpoint (not recomputed)
2026-10-05T10:14:50,20261005T100419069821Z,EmiliaRomagna_2023a,placebo,ok,population-density placebo ladder and population control done
2026-10-05T10:14:51,20261005T100419069821Z,EmiliaRomagna_2023a,city,ok,finished in 0.3 min
2026-10-05T10:19:04,20261005T100419069821Z,(all),synthesis,ok,"10 cities (8 under the current pre-registration); confirmatory k=8, evaluable k=6, localisable k=1 -> paper_synthesis/"
2026-10-05T10:19:04,20261005T100419069821Z,Forli_2023b,exclude,info,22 permanent-water cells (JRC occurrence >= 50%) excluded
2026-10-05T10:19:05,20261005T100419069821Z,Forli_2023b,exclude,ok,"8,684 of 93,651 cells excluded (9.3%); 3856 flooded among 84,967 analysed"
2026-10-05T10:19:05,20261005T100419069821Z,Forli_2023b,cv:blocks,ok,label autocorrelation < 0.1 by 2000 m -> CV tile 2000 m + buffer 500 m (correlogram range 2000 m)
2026-10-05T10:19:06,20261005T100419069821Z,Forli_2023b,resume:ladder_A_terrain_first_full_11ccdbd4f29bd04a_5_5e3b8a0247,info,loaded from checkpoint (not recomputed)
2026-10-05T10:19:07,20261005T100419069821Z,Forli_2023b,gradient:A_terrain_first,info,without R0: 0 of 4 primary slopes have a 95% CI entirely below 0 []
2026-10-05T10:19:07,20261005T100419069821Z,Forli_2023b,gated:A_terrain_first,warn,73% of fold fits chose the edge of the gate grid (alpha=2.0 or tau=0.3); see the gated_wide_grid sensitivity variant
2026-10-05T10:19:10,20261005T100419069821Z,Forli_2023b,effects:A_terrain_first,ok,"top rung: info_nats_fm +0.0016 [-0.0003, +0.0041] inconclusive; info_frac_fm +0.0118 [-0.0024, +0.0272] inconclusive; dAP_stacked_fm +0.0053 [-0.0046, +0.0162] inconclusive; dAP_gated_fm +0.0022 [-0.0087, +0.0135] inconclusive; dAP_early_fm +0.0068 [-0.0090, +0.0261] inconclusive; dAP_adr_legacy_fm -0.0281 [-0.0416, -0.0137] harmful | social gain saturated from: None"
2026-10-05T10:19:11,20261005T100419069821Z,Forli_2023b,ladder:A_terrain_first,ok,6 rungs in 0.1 min
2026-10-05T10:19:11,20261005T100419069821Z,Forli_2023b,resume:ladder_B_surface_first_full_11ccdbd4f29bd04a_5_5e3b8a0247,info,loaded from checkpoint (not recomputed)
2026-10-05T10:19:12,20261005T100419069821Z,Forli_2023b,gradient:B_surface_first,info,without R0: 0 of 4 primary slopes have a 95% CI entirely below 0 []
2026-10-05T10:19:13,20261005T100419069821Z,Forli_2023b,gated:B_surface_first,warn,50% of fold fits chose the edge of the gate grid (alpha=2.0 or tau=0.3); see the gated_wide_grid sensitivity variant
2026-10-05T10:19:15,20261005T100419069821Z,Forli_2023b,effects:B_surface_first,ok,"top rung: info_nats_fm +0.0016 [-0.0003, +0.0041] inconclusive; info_frac_fm +0.0118 [-0.0024, +0.0272] inconclusive; dAP_stacked_fm +0.0053 [-0.0046, +0.0162] inconclusive; dAP_gated_fm +0.0022 [-0.0087, +0.0135] inconclusive; dAP_early_fm +0.0068 [-0.0090, +0.0261] inconclusive; dAP_adr_legacy_fm -0.0281 [-0.0416, -0.0137] harmful | social gain saturated from: None"
2026-10-05T10:19:15,20261005T100419069821Z,Forli_2023b,ladder:B_surface_first,ok,6 rungs in 0.1 min
2026-10-05T10:19:16,20261005T100419069821Z,Forli_2023b,resume:lens_S_mentions_full_11ccdbd4f29bd04a_5_5e3b8a0247,info,loaded from checkpoint (not recomputed)
2026-10-05T10:19:17,20261005T100419069821Z,Forli_2023b,resume:lens_S_negative_full_11ccdbd4f29bd04a_5_5e3b8a0247,info,loaded from checkpoint (not recomputed)
2026-10-05T10:19:17,20261005T100419069821Z,Forli_2023b,resume:lens_S_distress_full_11ccdbd4f29bd04a_5_5e3b8a0247,info,loaded from checkpoint (not recomputed)
2026-10-05T10:19:17,20261005T100419069821Z,Forli_2023b,resume:lens_S_src_gdelt_bigquery_full_11ccdbd4f29bd04a_5_5e3b8a0247,info,loaded from checkpoint (not recomputed)
2026-10-05T10:19:18,20261005T100419069821Z,Forli_2023b,resume:lens_S_mentions+S_negative+S_distress_full_11ccdbd4f29bd04a_5_5e3b8a0247,info,loaded from checkpoint (not recomputed)
2026-10-05T10:19:18,20261005T100419069821Z,Forli_2023b,emotion_lens,ok,5 channel sets at rung R5_+sar_event
2026-10-05T10:19:18,20261005T100419069821Z,Forli_2023b,resume:sens_bandwidth_1000m_full_8d8d08d1b33725cf_5_5e3b8a0247_xgb,info,loaded from checkpoint (not recomputed)
2026-10-05T10:19:19,20261005T100419069821Z,Forli_2023b,resume:sens_window_minus3_plus3_full_fad8f5a58be57829_5_5e3b8a0247_xgb,info,loaded from checkpoint (not recomputed)
2026-10-05T10:19:19,20261005T100419069821Z,Forli_2023b,resume:sens_gated_wide_grid_full_408641c3615421fa_5_5e3b8a0247_xgb,info,loaded from checkpoint (not recomputed)
2026-10-05T10:19:20,20261005T100419069821Z,Forli_2023b,resume:sens_learner_logistic_full_408641c3615421fa_5_5e3b8a0247_logistic,info,loaded from checkpoint (not recomputed)
2026-10-05T10:19:20,20261005T100419069821Z,Forli_2023b,sensitivity,ok,4 variants
2026-10-05T10:19:20,20261005T100419069821Z,Forli_2023b,placebo,info,social layer vs population-density layer: Spearman 0.11
2026-10-05T10:19:21,20261005T100419069821Z,Forli_2023b,resume:placebo_pop_full_107c77c8982b20de_5_5e3b8a0247,info,loaded from checkpoint (not recomputed)
2026-10-05T10:19:25,20261005T100419069821Z,Forli_2023b,resume:control_pop_full_efdd74326fda6808_5_5e3b8a0247,info,loaded from checkpoint (not recomputed)
2026-10-05T10:19:25,20261005T100419069821Z,Forli_2023b,placebo,ok,population-density placebo ladder and population control done
2026-10-05T10:19:27,20261005T100419069821Z,Forli_2023b,city,ok,finished in 0.4 min
2026-10-05T10:23:41,20261005T100419069821Z,(all),synthesis,ok,"10 cities (8 under the current pre-registration); confirmatory k=8, evaluable k=6, localisable k=1 -> paper_synthesis/"
2026-10-05T10:23:41,20261005T100419069821Z,York_2015,social,warn,NO EVALUABLE SOCIAL LAYER: 6 located mentions in the primary window (< 10). Every social effect of this city is noise around zero; it is excluded from the 'evaluable' sensitivity set and flagged in T1/T4
2026-10-05T10:23:41,20261005T100419069821Z,York_2015,exclude,info,1 permanent-water cells (JRC occurrence >= 50%) excluded
2026-10-05T10:23:41,20261005T100419069821Z,York_2015,exclude,ok,"1 of 10,821 cells excluded (0.0%); 514 flooded among 10,820 analysed"
2026-10-05T10:23:41,20261005T100419069821Z,York_2015,cv:blocks,ok,label autocorrelation < 0.1 by 1500 m -> CV tile 2000 m + buffer 500 m (correlogram range 1500 m)
2026-10-05T10:23:42,20261005T100419069821Z,York_2015,resume:ladder_A_terrain_first_full_1833b38985ba5a92_5_5e3b8a0247,info,loaded from checkpoint (not recomputed)
2026-10-05T10:23:43,20261005T100419069821Z,York_2015,gradient:A_terrain_first,info,without R0: 0 of 4 primary slopes have a 95% CI entirely below 0 []
2026-10-05T10:23:43,20261005T100419069821Z,York_2015,gated:A_terrain_first,warn,90% of fold fits chose the edge of the gate grid (alpha=2.0 or tau=0.3); see the gated_wide_grid sensitivity variant
2026-10-05T10:23:45,20261005T100419069821Z,York_2015,effects:A_terrain_first,ok,"top rung: info_nats_fm +0.0468 [+0.0041, +0.0666] inconclusive; info_frac_fm +0.1830 [+0.0199, +0.2908] inconclusive; dAP_stacked_fm +0.0693 [+0.0431, +0.1019] inconclusive; dAP_gated_fm +0.0180 [+0.0052, +0.0274] inconclusive; dAP_early_fm -0.0087 [-0.0371, +0.0288] inconclusive; dAP_adr_legacy_fm -0.1344 [-0.1969, -0.0110] harmful | social gain saturated from: None"
2026-10-05T10:23:46,20261005T100419069821Z,York_2015,ladder:A_terrain_first,ok,6 rungs in 0.1 min
2026-10-05T10:23:46,20261005T100419069821Z,York_2015,resume:ladder_B_surface_first_full_1833b38985ba5a92_5_5e3b8a0247,info,loaded from checkpoint (not recomputed)
2026-10-05T10:23:47,20261005T100419069821Z,York_2015,gradient:B_surface_first,info,without R0: 0 of 4 primary slopes have a 95% CI entirely below 0 []
2026-10-05T10:23:47,20261005T100419069821Z,York_2015,gated:B_surface_first,warn,77% of fold fits chose the edge of the gate grid (alpha=2.0 or tau=0.3); see the gated_wide_grid sensitivity variant
2026-10-05T10:23:50,20261005T100419069821Z,York_2015,effects:B_surface_first,ok,"top rung: info_nats_fm +0.0468 [+0.0041, +0.0666] inconclusive; info_frac_fm +0.1830 [+0.0199, +0.2908] inconclusive; dAP_stacked_fm +0.0693 [+0.0431, +0.1019] inconclusive; dAP_gated_fm +0.0180 [+0.0052, +0.0274] inconclusive; dAP_early_fm -0.0087 [-0.0371, +0.0288] inconclusive; dAP_adr_legacy_fm -0.1344 [-0.1969, -0.0110] harmful | social gain saturated from: None"
2026-10-05T10:23:50,20261005T100419069821Z,York_2015,ladder:B_surface_first,ok,6 rungs in 0.1 min
2026-10-05T10:23:50,20261005T100419069821Z,York_2015,folds,warn,fold prevalence ranges 1.5%-27.3%: per-fold AP partly reflects fold base rates; report fold_diagnostics.csv
2026-10-05T10:23:50,20261005T100419069821Z,York_2015,resume:lens_S_mentions_full_1833b38985ba5a92_5_5e3b8a0247,info,loaded from checkpoint (not recomputed)
2026-10-05T10:23:51,20261005T100419069821Z,York_2015,resume:lens_S_negative_full_1833b38985ba5a92_5_5e3b8a0247,info,loaded from checkpoint (not recomputed)
2026-10-05T10:23:51,20261005T100419069821Z,York_2015,resume:lens_S_mentions+S_negative_full_1833b38985ba5a92_5_5e3b8a0247,info,loaded from checkpoint (not recomputed)
2026-10-05T10:23:51,20261005T100419069821Z,York_2015,emotion_lens,ok,3 channel sets at rung R5_+sar_event
2026-10-05T10:23:51,20261005T100419069821Z,York_2015,resume:sens_bandwidth_1000m_full_3b3b46bcef0254ae_5_5e3b8a0247_xgb,info,loaded from checkpoint (not recomputed)
2026-10-05T10:23:52,20261005T100419069821Z,York_2015,resume:sens_window_minus3_plus3_full_7abdb56570a1d11b_5_5e3b8a0247_xgb,info,loaded from checkpoint (not recomputed)
2026-10-05T10:23:52,20261005T100419069821Z,York_2015,resume:sens_without_photos_full_33afbb64ad7710a2_5_5e3b8a0247_xgb,info,loaded from checkpoint (not recomputed)
2026-10-05T10:23:52,20261005T100419069821Z,York_2015,resume:sens_gated_wide_grid_full_7abdb56570a1d11b_5_5e3b8a0247_xgb,info,loaded from checkpoint (not recomputed)
2026-10-05T10:23:52,20261005T100419069821Z,York_2015,resume:sens_learner_logistic_full_7abdb56570a1d11b_5_5e3b8a0247_logistic,info,loaded from checkpoint (not recomputed)
2026-10-05T10:23:52,20261005T100419069821Z,York_2015,sensitivity,ok,5 variants
2026-10-05T10:23:53,20261005T100419069821Z,York_2015,placebo,info,social layer vs population-density layer: Spearman 0.28
2026-10-05T10:23:53,20261005T100419069821Z,York_2015,resume:placebo_pop_full_da6d0d6d9ca766d4_5_5e3b8a0247,info,loaded from checkpoint (not recomputed)
2026-10-05T10:23:57,20261005T100419069821Z,York_2015,resume:control_pop_full_4858b732462cd62d_5_5e3b8a0247,info,loaded from checkpoint (not recomputed)
2026-10-05T10:23:57,20261005T100419069821Z,York_2015,placebo,ok,population-density placebo ladder and population control done
2026-10-05T10:23:59,20261005T100419069821Z,York_2015,city,ok,finished in 0.3 min
2026-10-05T10:28:14,20261005T100419069821Z,(all),synthesis,ok,"10 cities (8 under the current pre-registration); confirmatory k=8, evaluable k=6, localisable k=1 -> paper_synthesis/"
2026-10-05T10:28:15,20261005T100419069821Z,Carlisle_2015,social,warn,NO EVALUABLE SOCIAL LAYER: 6 located mentions in the primary window (< 10). Every social effect of this city is noise around zero; it is excluded from the 'evaluable' sensitivity set and flagged in T1/T4
2026-10-05T10:28:15,20261005T100419069821Z,Carlisle_2015,exclude,info,8 permanent-water cells (JRC occurrence >= 50%) excluded
2026-10-05T10:28:15,20261005T100419069821Z,Carlisle_2015,exclude,ok,"8 of 14,037 cells excluded (0.1%); 1234 flooded among 14,029 analysed"
2026-10-05T10:28:15,20261005T100419069821Z,Carlisle_2015,cv:blocks,ok,label autocorrelation < 0.1 by 4000 m -> CV tile 2000 m + buffer 500 m (correlogram range 4000 m; fewer than 15 flooded tiles even at larger sizes: default tile)
2026-10-05T10:28:16,20261005T100419069821Z,Carlisle_2015,resume:ladder_A_terrain_first_full_c93bf7468204efdd_5_5e3b8a0247,info,loaded from checkpoint (not recomputed)
2026-10-05T10:28:17,20261005T100419069821Z,Carlisle_2015,gradient:A_terrain_first,info,without R0: 0 of 4 primary slopes have a 95% CI entirely below 0 []
2026-10-05T10:28:17,20261005T100419069821Z,Carlisle_2015,gated:A_terrain_first,warn,83% of fold fits chose the edge of the gate grid (alpha=2.0 or tau=0.3); see the gated_wide_grid sensitivity variant
2026-10-05T10:28:19,20261005T100419069821Z,Carlisle_2015,effects:A_terrain_first,ok,"top rung: info_nats_fm +0.0079 [-0.3901, +0.2591] inconclusive; info_frac_fm +0.0146 [-0.5370, +0.5873] inconclusive; dAP_stacked_fm +0.0109 [-0.0268, +0.0533] inconclusive; dAP_gated_fm +0.0034 [-0.0213, +0.0585] inconclusive; dAP_early_fm +0.0255 [+0.0072, +0.0733] informative; dAP_adr_legacy_fm -0.1582 [-0.2625, -0.0163] harmful | social gain saturated from: None"
2026-10-05T10:28:20,20261005T100419069821Z,Carlisle_2015,ladder:A_terrain_first,ok,6 rungs in 0.1 min
2026-10-05T10:28:20,20261005T100419069821Z,Carlisle_2015,resume:ladder_B_surface_first_full_c93bf7468204efdd_5_5e3b8a0247,info,loaded from checkpoint (not recomputed)
2026-10-05T10:28:21,20261005T100419069821Z,Carlisle_2015,gradient:B_surface_first,info,without R0: 0 of 4 primary slopes have a 95% CI entirely below 0 []
2026-10-05T10:28:21,20261005T100419069821Z,Carlisle_2015,gated:B_surface_first,warn,87% of fold fits chose the edge of the gate grid (alpha=2.0 or tau=0.3); see the gated_wide_grid sensitivity variant
2026-10-05T10:28:24,20261005T100419069821Z,Carlisle_2015,effects:B_surface_first,ok,"top rung: info_nats_fm +0.0079 [-0.3901, +0.2591] inconclusive; info_frac_fm +0.0146 [-0.5370, +0.5873] inconclusive; dAP_stacked_fm +0.0109 [-0.0268, +0.0533] inconclusive; dAP_gated_fm +0.0034 [-0.0213, +0.0585] inconclusive; dAP_early_fm +0.0255 [+0.0072, +0.0733] informative; dAP_adr_legacy_fm -0.1582 [-0.2625, -0.0163] harmful | social gain saturated from: None"
2026-10-05T10:28:24,20261005T100419069821Z,Carlisle_2015,ladder:B_surface_first,ok,6 rungs in 0.1 min
2026-10-05T10:28:24,20261005T100419069821Z,Carlisle_2015,folds,warn,fold prevalence ranges 2.0%-69.0%: per-fold AP partly reflects fold base rates; report fold_diagnostics.csv
2026-10-05T10:28:25,20261005T100419069821Z,Carlisle_2015,resume:lens_S_mentions_full_c93bf7468204efdd_5_5e3b8a0247,info,loaded from checkpoint (not recomputed)
2026-10-05T10:28:25,20261005T100419069821Z,Carlisle_2015,resume:lens_S_negative_full_c93bf7468204efdd_5_5e3b8a0247,info,loaded from checkpoint (not recomputed)
2026-10-05T10:28:25,20261005T100419069821Z,Carlisle_2015,resume:lens_S_mentions+S_negative_full_c93bf7468204efdd_5_5e3b8a0247,info,loaded from checkpoint (not recomputed)
2026-10-05T10:28:25,20261005T100419069821Z,Carlisle_2015,emotion_lens,ok,3 channel sets at rung R5_+sar_event
2026-10-05T10:28:26,20261005T100419069821Z,Carlisle_2015,resume:sens_bandwidth_1000m_full_22cf6accc6408d8e_5_5e3b8a0247_xgb,info,loaded from checkpoint (not recomputed)
2026-10-05T10:28:26,20261005T100419069821Z,Carlisle_2015,resume:sens_window_minus3_plus3_full_be54e139890d5400_5_5e3b8a0247_xgb,info,loaded from checkpoint (not recomputed)
2026-10-05T10:28:26,20261005T100419069821Z,Carlisle_2015,resume:sens_without_photos_full_4b72b668a506cc18_5_5e3b8a0247_xgb,info,loaded from checkpoint (not recomputed)
2026-10-05T10:28:27,20261005T100419069821Z,Carlisle_2015,resume:sens_gated_wide_grid_full_4a5406a19398b766_5_5e3b8a0247_xgb,info,loaded from checkpoint (not recomputed)
2026-10-05T10:28:27,20261005T100419069821Z,Carlisle_2015,resume:sens_learner_logistic_full_4a5406a19398b766_5_5e3b8a0247_logistic,info,loaded from checkpoint (not recomputed)
2026-10-05T10:28:27,20261005T100419069821Z,Carlisle_2015,sensitivity,ok,5 variants
2026-10-05T10:28:27,20261005T100419069821Z,Carlisle_2015,placebo,info,social layer vs population-density layer: Spearman 0.99
2026-10-05T10:28:27,20261005T100419069821Z,Carlisle_2015,resume:placebo_pop_full_b8d12c14780c70e7_5_5e3b8a0247,info,loaded from checkpoint (not recomputed)
2026-10-05T10:28:31,20261005T100419069821Z,Carlisle_2015,resume:control_pop_full_ed4786aaacbdc90a_5_5e3b8a0247,info,loaded from checkpoint (not recomputed)
2026-10-05T10:28:31,20261005T100419069821Z,Carlisle_2015,placebo,ok,population-density placebo ladder and population control done
2026-10-05T10:28:32,20261005T100419069821Z,Carlisle_2015,city,ok,finished in 0.3 min
2026-10-05T10:32:44,20261005T100419069821Z,(all),synthesis,ok,"10 cities (8 under the current pre-registration); confirmatory k=8, evaluable k=6, localisable k=1 -> paper_synthesis/"
2026-10-05T10:32:45,20261005T100419069821Z,PortoAlegre_2024,exclude,info,"30,015 permanent-water cells (JRC occurrence >= 50%) excluded"
2026-10-05T10:32:45,20261005T100419069821Z,PortoAlegre_2024,exclude,ok,"61,867 of 141,828 cells excluded (43.6%); 32045 flooded among 79,961 analysed"
2026-10-05T10:32:46,20261005T100419069821Z,PortoAlegre_2024,cv:blocks,ok,label autocorrelation < 0.1 by nan m -> CV tile 4000 m + buffer 500 m (autocorrelation never fell below 0.1 within the correlogram's range: maximum tile)
2026-10-05T10:32:46,20261005T100419069821Z,PortoAlegre_2024,ladder,info,group 'sar_event' unavailable -> rung skipped (pre-registered rule)
2026-10-05T10:32:47,20261005T100419069821Z,PortoAlegre_2024,resume:ladder_A_terrain_first_full_cb929a3ae673a41c_5_fe639a2c0a,info,loaded from checkpoint (not recomputed)
2026-10-05T10:32:48,20261005T100419069821Z,PortoAlegre_2024,gradient:A_terrain_first,info,without R0: 1 of 4 primary slopes have a 95% CI entirely below 0 ['dAP_gated_fm_adj']
2026-10-05T10:32:50,20261005T100419069821Z,PortoAlegre_2024,effects:A_terrain_first,ok,"top rung: info_nats_fm -0.0000 [-0.0006, +0.0005] inconclusive; info_frac_fm -0.0000 [-0.0024, +0.0019] saturated; dAP_stacked_fm +0.0000 [-0.0006, +0.0003] saturated; dAP_gated_fm +0.0000 [+0.0000, +0.0000] saturated; dAP_early_fm -0.0002 [-0.0019, +0.0013] saturated; dAP_adr_legacy_fm -0.0977 [-0.1137, -0.0784] harmful | social gain saturated from: R1_+terrain"
2026-10-05T10:32:50,20261005T100419069821Z,PortoAlegre_2024,ladder:A_terrain_first,ok,5 rungs in 0.1 min
2026-10-05T10:32:50,20261005T100419069821Z,PortoAlegre_2024,ladder,info,group 'sar_event' unavailable -> rung skipped (pre-registered rule)
2026-10-05T10:32:51,20261005T100419069821Z,PortoAlegre_2024,resume:ladder_B_surface_first_full_cb929a3ae673a41c_5_fe639a2c0a,info,loaded from checkpoint (not recomputed)
2026-10-05T10:32:52,20261005T100419069821Z,PortoAlegre_2024,gradient:B_surface_first,info,without R0: 0 of 4 primary slopes have a 95% CI entirely below 0 []
2026-10-05T10:32:54,20261005T100419069821Z,PortoAlegre_2024,effects:B_surface_first,ok,"top rung: info_nats_fm -0.0000 [-0.0006, +0.0005] inconclusive; info_frac_fm -0.0000 [-0.0024, +0.0019] saturated; dAP_stacked_fm +0.0000 [-0.0006, +0.0003] saturated; dAP_gated_fm +0.0000 [+0.0000, +0.0000] saturated; dAP_early_fm -0.0002 [-0.0019, +0.0013] saturated; dAP_adr_legacy_fm -0.0977 [-0.1137, -0.0784] harmful | social gain saturated from: R3_+terrain"
2026-10-05T10:32:54,20261005T100419069821Z,PortoAlegre_2024,ladder:B_surface_first,ok,5 rungs in 0.1 min
2026-10-05T10:32:54,20261005T100419069821Z,PortoAlegre_2024,ladder,info,group 'sar_event' unavailable -> rung skipped (pre-registered rule)
2026-10-05T10:32:55,20261005T100419069821Z,PortoAlegre_2024,resume:lens_S_mentions_full_cb929a3ae673a41c_5_fe639a2c0a,info,loaded from checkpoint (not recomputed)
2026-10-05T10:32:56,20261005T100419069821Z,PortoAlegre_2024,resume:lens_S_negative_full_cb929a3ae673a41c_5_fe639a2c0a,info,loaded from checkpoint (not recomputed)
2026-10-05T10:32:56,20261005T100419069821Z,PortoAlegre_2024,resume:lens_S_distress_full_cb929a3ae673a41c_5_fe639a2c0a,info,loaded from checkpoint (not recomputed)
2026-10-05T10:32:56,20261005T100419069821Z,PortoAlegre_2024,resume:lens_S_src_gdelt_bigquery_full_cb929a3ae673a41c_5_fe639a2c0a,info,loaded from checkpoint (not recomputed)
2026-10-05T10:32:57,20261005T100419069821Z,PortoAlegre_2024,resume:lens_S_mentions+S_negative+S_distress_full_cb929a3ae673a41c_5_fe639a2c0a,info,loaded from checkpoint (not recomputed)
2026-10-05T10:32:57,20261005T100419069821Z,PortoAlegre_2024,emotion_lens,ok,5 channel sets at rung R4_+forcing
2026-10-05T10:32:57,20261005T100419069821Z,PortoAlegre_2024,resume:sens_bandwidth_1000m_full_f7eff7972dcd01ea_5_fe639a2c0a_xgb,info,loaded from checkpoint (not recomputed)
2026-10-05T10:32:58,20261005T100419069821Z,PortoAlegre_2024,resume:sens_window_minus3_plus3_full_22990f3fcb1f1bc3_5_fe639a2c0a_xgb,info,loaded from checkpoint (not recomputed)
2026-10-05T10:32:58,20261005T100419069821Z,PortoAlegre_2024,resume:sens_gated_wide_grid_full_ad21e1d4e5d28427_5_fe639a2c0a_xgb,info,loaded from checkpoint (not recomputed)
2026-10-05T10:32:59,20261005T100419069821Z,PortoAlegre_2024,resume:sens_learner_logistic_full_ad21e1d4e5d28427_5_fe639a2c0a_logistic,info,loaded from checkpoint (not recomputed)
2026-10-05T10:32:59,20261005T100419069821Z,PortoAlegre_2024,sensitivity,ok,4 variants
2026-10-05T10:32:59,20261005T100419069821Z,PortoAlegre_2024,placebo,info,social layer vs population-density layer: Spearman 0.45
2026-10-05T10:32:59,20261005T100419069821Z,PortoAlegre_2024,ladder,info,group 'sar_event' unavailable -> rung skipped (pre-registered rule)
2026-10-05T10:33:00,20261005T100419069821Z,PortoAlegre_2024,resume:placebo_pop_full_f96e46208e062bbe_5_fe639a2c0a,info,loaded from checkpoint (not recomputed)
2026-10-05T10:33:03,20261005T100419069821Z,PortoAlegre_2024,resume:control_pop_full_103a5d2e5ad65fd1_5_fe639a2c0a,info,loaded from checkpoint (not recomputed)
2026-10-05T10:33:03,20261005T100419069821Z,PortoAlegre_2024,placebo,ok,population-density placebo ladder and population control done
2026-10-05T10:33:05,20261005T100419069821Z,PortoAlegre_2024,city,ok,finished in 0.3 min
2026-10-05T10:37:17,20261005T100419069821Z,(all),synthesis,ok,"10 cities (8 under the current pre-registration); confirmatory k=8, evaluable k=6, localisable k=1 -> paper_synthesis/"
2026-10-05T10:37:17,20261005T100419069821Z,TaquariValley_2024,exclude,info,294 permanent-water cells (JRC occurrence >= 50%) excluded
2026-10-05T10:37:17,20261005T100419069821Z,TaquariValley_2024,exclude,warn,"8,991 of 13,823 cells excluded (65.0%); 448 flooded among 4,832 analysed"
2026-10-05T10:37:18,20261005T100419069821Z,TaquariValley_2024,cv:blocks,ok,label autocorrelation < 0.1 by 1000 m -> CV tile 2000 m + buffer 500 m (correlogram range 1000 m)
2026-10-05T10:37:18,20261005T100419069821Z,TaquariValley_2024,ladder,info,group 'sar_event' unavailable -> rung skipped (pre-registered rule)
2026-10-05T10:37:18,20261005T100419069821Z,TaquariValley_2024,resume:ladder_A_terrain_first_full_ae1619f9c4d8d7ed_5_5e3b8a0247,info,loaded from checkpoint (not recomputed)
2026-10-05T10:37:19,20261005T100419069821Z,TaquariValley_2024,gradient:A_terrain_first,info,without R0: 0 of 4 primary slopes have a 95% CI entirely below 0 []
2026-10-05T10:37:19,20261005T100419069821Z,TaquariValley_2024,gated:A_terrain_first,warn,72% of fold fits chose the edge of the gate grid (alpha=2.0 or tau=0.3); see the gated_wide_grid sensitivity variant
2026-10-05T10:37:22,20261005T100419069821Z,TaquariValley_2024,effects:A_terrain_first,ok,"top rung: info_nats_fm -0.0097 [-0.0279, +0.0044] inconclusive; info_frac_fm -0.0429 [-0.1105, +0.0269] inconclusive; dAP_stacked_fm -0.0278 [-0.0458, +0.0260] inconclusive; dAP_gated_fm -0.0382 [-0.0405, +0.0199] inconclusive; dAP_early_fm +0.0095 [-0.0207, +0.0388] inconclusive; dAP_adr_legacy_fm -0.0207 [-0.0396, -0.0050] harmful | social gain saturated from: None"
2026-10-05T10:37:22,20261005T100419069821Z,TaquariValley_2024,ladder:A_terrain_first,ok,5 rungs in 0.1 min
2026-10-05T10:37:22,20261005T100419069821Z,TaquariValley_2024,ladder,info,group 'sar_event' unavailable -> rung skipped (pre-registered rule)
2026-10-05T10:37:22,20261005T100419069821Z,TaquariValley_2024,resume:ladder_B_surface_first_full_ae1619f9c4d8d7ed_5_5e3b8a0247,info,loaded from checkpoint (not recomputed)
2026-10-05T10:37:24,20261005T100419069821Z,TaquariValley_2024,gradient:B_surface_first,info,"without R0: 2 of 4 primary slopes have a 95% CI entirely below 0 ['info_nats_fm_adj', 'dAP_gated_fm_adj']"
2026-10-05T10:37:24,20261005T100419069821Z,TaquariValley_2024,gated:B_surface_first,warn,52% of fold fits chose the edge of the gate grid (alpha=2.0 or tau=0.3); see the gated_wide_grid sensitivity variant
2026-10-05T10:37:26,20261005T100419069821Z,TaquariValley_2024,effects:B_surface_first,ok,"top rung: info_nats_fm -0.0097 [-0.0279, +0.0044] inconclusive; info_frac_fm -0.0429 [-0.1105, +0.0269] inconclusive; dAP_stacked_fm -0.0278 [-0.0458, +0.0260] inconclusive; dAP_gated_fm -0.0382 [-0.0405, +0.0199] inconclusive; dAP_early_fm +0.0095 [-0.0207, +0.0388] inconclusive; dAP_adr_legacy_fm -0.0207 [-0.0396, -0.0050] harmful | social gain saturated from: None"
2026-10-05T10:37:26,20261005T100419069821Z,TaquariValley_2024,ladder:B_surface_first,ok,5 rungs in 0.1 min
2026-10-05T10:37:26,20261005T100419069821Z,TaquariValley_2024,ladder,info,group 'sar_event' unavailable -> rung skipped (pre-registered rule)
2026-10-05T10:37:26,20261005T100419069821Z,TaquariValley_2024,resume:lens_S_mentions_full_ae1619f9c4d8d7ed_5_5e3b8a0247,info,loaded from checkpoint (not recomputed)
2026-10-05T10:37:27,20261005T100419069821Z,TaquariValley_2024,resume:lens_S_negative_full_ae1619f9c4d8d7ed_5_5e3b8a0247,info,loaded from checkpoint (not recomputed)
2026-10-05T10:37:27,20261005T100419069821Z,TaquariValley_2024,resume:lens_S_distress_full_ae1619f9c4d8d7ed_5_5e3b8a0247,info,loaded from checkpoint (not recomputed)
2026-10-05T10:37:27,20261005T100419069821Z,TaquariValley_2024,resume:lens_S_src_gdelt_bigquery_full_ae1619f9c4d8d7ed_5_5e3b8a0247,info,loaded from checkpoint (not recomputed)
2026-10-05T10:37:29,20261005T100419069821Z,TaquariValley_2024,resume:lens_S_mentions+S_negative+S_distress_full_ae1619f9c4d8d7ed_5_5e3b8a0247,info,loaded from checkpoint (not recomputed)
2026-10-05T10:37:29,20261005T100419069821Z,TaquariValley_2024,emotion_lens,ok,5 channel sets at rung R4_+forcing
2026-10-05T10:37:29,20261005T100419069821Z,TaquariValley_2024,resume:sens_bandwidth_1000m_full_3492ef9b6e1f1c2e_5_5e3b8a0247_xgb,info,loaded from checkpoint (not recomputed)
2026-10-05T10:37:30,20261005T100419069821Z,TaquariValley_2024,resume:sens_window_minus3_plus3_full_3cae9f5e40ba1af1_5_5e3b8a0247_xgb,info,loaded from checkpoint (not recomputed)
2026-10-05T10:37:30,20261005T100419069821Z,TaquariValley_2024,resume:sens_gated_wide_grid_full_b4d07f0732a40d3b_5_5e3b8a0247_xgb,info,loaded from checkpoint (not recomputed)
2026-10-05T10:37:30,20261005T100419069821Z,TaquariValley_2024,resume:sens_learner_logistic_full_b4d07f0732a40d3b_5_5e3b8a0247_logistic,info,loaded from checkpoint (not recomputed)
2026-10-05T10:37:30,20261005T100419069821Z,TaquariValley_2024,sensitivity,ok,4 variants
2026-10-05T10:37:30,20261005T100419069821Z,TaquariValley_2024,placebo,info,social layer vs population-density layer: Spearman 0.91
2026-10-05T10:37:30,20261005T100419069821Z,TaquariValley_2024,ladder,info,group 'sar_event' unavailable -> rung skipped (pre-registered rule)
2026-10-05T10:37:30,20261005T100419069821Z,TaquariValley_2024,resume:placebo_pop_full_dce1b5a4972d20a0_5_5e3b8a0247,info,loaded from checkpoint (not recomputed)
2026-10-05T10:37:34,20261005T100419069821Z,TaquariValley_2024,resume:control_pop_full_ea50c928191a271c_5_5e3b8a0247,info,loaded from checkpoint (not recomputed)
2026-10-05T10:37:34,20261005T100419069821Z,TaquariValley_2024,placebo,ok,population-density placebo ladder and population control done
2026-10-05T10:37:35,20261005T100419069821Z,TaquariValley_2024,city,ok,finished in 0.3 min
2026-10-05T10:41:46,20261005T100419069821Z,(all),synthesis,ok,"10 cities (8 under the current pre-registration); confirmatory k=8, evaluable k=6, localisable k=1 -> paper_synthesis/"
2026-10-05T10:41:47,20261005T100419069821Z,Houston_SanJacinto_2017,exclude,info,"4,607 permanent-water cells (JRC occurrence >= 50%) excluded"
2026-10-05T10:41:47,20261005T100419069821Z,Houston_SanJacinto_2017,exclude,warn,"97,100 of 184,495 cells excluded (52.6%); 25594 flooded among 87,395 analysed"
2026-10-05T10:41:48,20261005T100419069821Z,Houston_SanJacinto_2017,cv:blocks,ok,label autocorrelation < 0.1 by 4000 m -> CV tile 3500 m + buffer 500 m (correlogram range 4000 m)
2026-10-05T10:41:49,20261005T100419069821Z,Houston_SanJacinto_2017,resume:ladder_A_terrain_first_full_e2499ae73434ecb1_5_f15641ede8,info,loaded from checkpoint (not recomputed)
2026-10-05T10:41:50,20261005T100419069821Z,Houston_SanJacinto_2017,gradient:A_terrain_first,info,without R0: 0 of 4 primary slopes have a 95% CI entirely below 0 []
2026-10-05T10:41:50,20261005T100419069821Z,Houston_SanJacinto_2017,gated:A_terrain_first,warn,33% of fold fits chose the edge of the gate grid (alpha=2.0 or tau=0.3); see the gated_wide_grid sensitivity variant
2026-10-05T10:41:53,20261005T100419069821Z,Houston_SanJacinto_2017,effects:A_terrain_first,ok,"top rung: info_nats_fm +0.0014 [-0.0003, +0.0029] inconclusive; info_frac_fm +0.0042 [-0.0009, +0.0086] saturated; dAP_stacked_fm +0.0029 [+0.0005, +0.0064] saturated; dAP_gated_fm +0.0002 [-0.0028, +0.0037] saturated; dAP_early_fm +0.0003 [-0.0065, +0.0075] saturated; dAP_adr_legacy_fm -0.1085 [-0.1292, -0.0867] harmful | social gain saturated from: R0_none"
2026-10-05T10:41:53,20261005T100419069821Z,Houston_SanJacinto_2017,ladder:A_terrain_first,ok,6 rungs in 0.1 min
2026-10-05T10:41:54,20261005T100419069821Z,Houston_SanJacinto_2017,resume:ladder_B_surface_first_full_e2499ae73434ecb1_5_f15641ede8,info,loaded from checkpoint (not recomputed)
2026-10-05T10:41:55,20261005T100419069821Z,Houston_SanJacinto_2017,gradient:B_surface_first,info,without R0: 0 of 4 primary slopes have a 95% CI entirely below 0 []
2026-10-05T10:41:59,20261005T100419069821Z,Houston_SanJacinto_2017,effects:B_surface_first,ok,"top rung: info_nats_fm +0.0014 [-0.0003, +0.0029] inconclusive; info_frac_fm +0.0042 [-0.0009, +0.0086] saturated; dAP_stacked_fm +0.0029 [+0.0005, +0.0064] saturated; dAP_gated_fm +0.0002 [-0.0028, +0.0037] saturated; dAP_early_fm +0.0003 [-0.0065, +0.0075] saturated; dAP_adr_legacy_fm -0.1085 [-0.1292, -0.0867] harmful | social gain saturated from: R0_none"
2026-10-05T10:41:59,20261005T100419069821Z,Houston_SanJacinto_2017,ladder:B_surface_first,ok,6 rungs in 0.1 min
2026-10-05T10:42:00,20261005T100419069821Z,Houston_SanJacinto_2017,resume:lens_S_mentions_full_e2499ae73434ecb1_5_f15641ede8,info,loaded from checkpoint (not recomputed)
2026-10-05T10:42:00,20261005T100419069821Z,Houston_SanJacinto_2017,resume:lens_S_negative_full_e2499ae73434ecb1_5_f15641ede8,info,loaded from checkpoint (not recomputed)
2026-10-05T10:42:01,20261005T100419069821Z,Houston_SanJacinto_2017,resume:lens_S_distress_full_e2499ae73434ecb1_5_f15641ede8,info,loaded from checkpoint (not recomputed)
2026-10-05T10:42:01,20261005T100419069821Z,Houston_SanJacinto_2017,resume:lens_S_src_gdelt_bigquery_full_e2499ae73434ecb1_5_f15641ede8,info,loaded from checkpoint (not recomputed)
2026-10-05T10:42:01,20261005T100419069821Z,Houston_SanJacinto_2017,resume:lens_S_src_reddit_arcticshift_full_e2499ae73434ecb1_5_f15641ede8,info,loaded from checkpoint (not recomputed)
2026-10-05T10:42:02,20261005T100419069821Z,Houston_SanJacinto_2017,resume:lens_S_mentions+S_negative+S_distress_full_e2499ae73434ecb1_5_f15641ede8,info,loaded from checkpoint (not recomputed)
2026-10-05T10:42:02,20261005T100419069821Z,Houston_SanJacinto_2017,emotion_lens,ok,6 channel sets at rung R5_+sar_event
2026-10-05T10:42:03,20261005T100419069821Z,Houston_SanJacinto_2017,resume:sens_bandwidth_1000m_full_b40e19f660445232_5_f15641ede8_xgb,info,loaded from checkpoint (not recomputed)
2026-10-05T10:42:03,20261005T100419069821Z,Houston_SanJacinto_2017,resume:sens_window_minus3_plus3_full_7549c3c3197926ff_5_f15641ede8_xgb,info,loaded from checkpoint (not recomputed)
2026-10-05T10:42:04,20261005T100419069821Z,Houston_SanJacinto_2017,resume:sens_without_photos_full_fbc1e126517733fe_5_f15641ede8_xgb,info,loaded from checkpoint (not recomputed)
2026-10-05T10:42:04,20261005T100419069821Z,Houston_SanJacinto_2017,rung:sensitivity,info,reused from checkpoint 6ac7c269cf31 (identical feature set; not recomputed)
2026-10-05T10:51:06,20261005T100419069821Z,Houston_SanJacinto_2017,sensitivity,ok,5 variants
2026-10-05T10:51:06,20261005T100419069821Z,Houston_SanJacinto_2017,placebo,info,social layer vs population-density layer: Spearman 0.39
2026-10-05T10:51:07,20261005T100419069821Z,Houston_SanJacinto_2017,resume:placebo_pop_full_6769a1b1a1c5ae2e_5_f15641ede8,info,loaded from checkpoint (not recomputed)
2026-10-05T10:58:33,20261005T100419069821Z,Houston_SanJacinto_2017,placebo,ok,population-density placebo ladder and population control done
2026-10-05T10:58:35,20261005T100419069821Z,Houston_SanJacinto_2017,city,ok,finished in 16.8 min
2026-10-05T11:02:43,20261005T100419069821Z,(all),synthesis,ok,"10 cities (9 under the current pre-registration); confirmatory k=9, evaluable k=7, localisable k=1 -> paper_synthesis/"
2026-10-05T11:02:44,20261005T100419069821Z,Jakarta_2020,exclude,info,"7,720 permanent-water cells (JRC occurrence >= 50%) excluded"
2026-10-05T11:02:44,20261005T100419069821Z,Jakarta_2020,exclude,ok,"7,720 of 71,661 cells excluded (10.8%); 1054 flooded among 63,941 analysed"
2026-10-05T11:02:44,20261005T100419069821Z,Jakarta_2020,cv:blocks,ok,label autocorrelation < 0.1 by 1000 m -> CV tile 2000 m + buffer 500 m (correlogram range 1000 m)
2026-10-05T11:02:44,20261005T100419069821Z,Jakarta_2020,rung:A_terrain_first,info,"positives per fold: {0: 212, 1: 210, 2: 211, 3: 210, 4: 211}"
2026-10-05T11:08:39,20261005T100419069821Z,Jakarta_2020,rung:A_terrain_first,info,[R0_none] AP_phys=0.0120 AP_stacked=0.0146 AP_gated=0.0120
2026-10-05T11:16:49,20261005T100419069821Z,Jakarta_2020,rung:A_terrain_first,info,[R1_+terrain] AP_phys=0.0256 AP_stacked=0.0223 AP_gated=0.0289
2026-10-05T11:25:47,20261005T100419069821Z,Jakarta_2020,rung:A_terrain_first,info,[R2_+surface] AP_phys=0.0286 AP_stacked=0.0227 AP_gated=0.0311
2026-10-05T11:35:38,20261005T100419069821Z,Jakarta_2020,rung:A_terrain_first,info,[R3_+hydrography] AP_phys=0.0315 AP_stacked=0.0236 AP_gated=0.0321
2026-10-05T11:46:13,20261005T100419069821Z,Jakarta_2020,rung:A_terrain_first,info,[R4_+forcing] AP_phys=0.0581 AP_stacked=0.0316 AP_gated=0.0521
2026-10-05T11:57:06,20261005T100419069821Z,Jakarta_2020,rung:A_terrain_first,info,[R5_+sar_event] AP_phys=0.0798 AP_stacked=0.0456 AP_gated=0.0728
2026-10-05T12:07:04,20261005T100419069821Z,Jakarta_2020,gradient:A_terrain_first,info,without R0: 0 of 4 primary slopes have a 95% CI entirely below 0 []
2026-10-05T12:07:04,20261005T100419069821Z,Jakarta_2020,gated:A_terrain_first,warn,67% of fold fits chose the edge of the gate grid (alpha=2.0 or tau=0.3); see the gated_wide_grid sensitivity variant
2026-10-05T12:07:07,20261005T100419069821Z,Jakarta_2020,effects:A_terrain_first,ok,"top rung: info_nats_fm -0.0015 [-0.0032, +0.0001] inconclusive; info_frac_fm -0.0113 [-0.0263, +0.0007] inconclusive; dAP_stacked_fm -0.0215 [-0.0273, -0.0094] harmful; dAP_gated_fm -0.0050 [-0.0156, +0.0041] inconclusive; dAP_early_fm -0.0114 [-0.0283, +0.0058] inconclusive; dAP_adr_legacy_fm -0.0014 [-0.0034, +0.0010] saturated | social gain saturated from: None"
2026-10-05T12:07:07,20261005T100419069821Z,Jakarta_2020,ladder:A_terrain_first,ok,6 rungs in 64.4 min
2026-10-05T12:07:07,20261005T100419069821Z,Jakarta_2020,rung:B_surface_first,info,"positives per fold: {0: 212, 1: 210, 2: 211, 3: 210, 4: 211}"
2026-10-05T12:07:08,20261005T100419069821Z,Jakarta_2020,rung:B_surface_first,info,reused from checkpoint 01237bc1218f (identical feature set; not recomputed)
2026-10-05T12:15:18,20261005T100419069821Z,Jakarta_2020,rung:B_surface_first,info,[R1_+surface] AP_phys=0.0144 AP_stacked=0.0154 AP_gated=0.0148
2026-10-05T12:24:00,20261005T100419069821Z,Jakarta_2020,rung:B_surface_first,info,[R2_+forcing] AP_phys=0.0414 AP_stacked=0.0274 AP_gated=0.0403
2026-10-05T12:33:26,20261005T100419069821Z,Jakarta_2020,rung:B_surface_first,info,[R3_+terrain] AP_phys=0.0563 AP_stacked=0.0334 AP_gated=0.0513
2026-10-05T12:33:26,20261005T100419069821Z,Jakarta_2020,rung:B_surface_first,info,reused from checkpoint 4509fc9af3e8 (identical feature set; not recomputed)
2026-10-05T12:33:26,20261005T100419069821Z,Jakarta_2020,rung:B_surface_first,info,reused from checkpoint ce992e7ae1e8 (identical feature set; not recomputed)
2026-10-05T12:43:21,20261005T100419069821Z,Jakarta_2020,gradient:B_surface_first,info,without R0: 1 of 4 primary slopes have a 95% CI entirely below 0 ['dAP_stacked_fm_adj']
2026-10-05T12:43:21,20261005T100419069821Z,Jakarta_2020,gated:B_surface_first,warn,60% of fold fits chose the edge of the gate grid (alpha=2.0 or tau=0.3); see the gated_wide_grid sensitivity variant
2026-10-05T12:43:25,20261005T100419069821Z,Jakarta_2020,effects:B_surface_first,ok,"top rung: info_nats_fm -0.0015 [-0.0032, +0.0001] inconclusive; info_frac_fm -0.0113 [-0.0263, +0.0007] inconclusive; dAP_stacked_fm -0.0215 [-0.0273, -0.0094] harmful; dAP_gated_fm -0.0050 [-0.0156, +0.0041] inconclusive; dAP_early_fm -0.0114 [-0.0283, +0.0058] inconclusive; dAP_adr_legacy_fm -0.0014 [-0.0034, +0.0010] saturated | social gain saturated from: None"
2026-10-05T12:43:25,20261005T100419069821Z,Jakarta_2020,ladder:B_surface_first,ok,6 rungs in 36.3 min
2026-10-05T12:43:25,20261005T100419069821Z,Jakarta_2020,rung:lens,info,reused from checkpoint ce992e7ae1e8 (identical feature set; not recomputed)
2026-10-05T14:02:47,20261005T100419069821Z,Jakarta_2020,emotion_lens,ok,7 channel sets at rung R5_+sar_event
2026-10-05T14:42:48,20261005T100419069821Z,Jakarta_2020,sensitivity,ok,4 variants
2026-10-05T14:42:48,20261005T100419069821Z,Jakarta_2020,placebo,info,social layer vs population-density layer: Spearman 0.75
2026-10-05T14:42:49,20261005T100419069821Z,Jakarta_2020,resume:placebo_pop_full_1881ffd411baa1fa_5_5e3b8a0247,info,loaded from checkpoint (not recomputed)
2026-10-05T14:48:35,20261005T100419069821Z,Jakarta_2020,placebo,ok,population-density placebo ladder and population control done
2026-10-05T14:48:36,20261005T100419069821Z,Jakarta_2020,city,ok,finished in 225.9 min
2026-10-05T14:52:43,20261005T100419069821Z,(all),synthesis,ok,"10 cities (10 under the current pre-registration); confirmatory k=9, evaluable k=7, localisable k=1 -> paper_synthesis/"
2026-10-05T14:57:12,20261005T100419069821Z,(all),synthesis,ok,"10 cities (10 under the current pre-registration); confirmatory k=9, evaluable k=7, localisable k=1 -> paper_synthesis/"
2026-10-06T04:05:29,20261006T040456520786Z,Chennai_2015,exclude,info,779 permanent-water cells (JRC occurrence >= 50%) excluded
2026-10-06T04:05:29,20261006T040456520786Z,Chennai_2015,exclude,ok,"779 of 41,919 cells excluded (1.9%); 9360 flooded among 41,140 analysed"
2026-10-06T04:05:30,20261006T040456520786Z,Chennai_2015,cv:blocks,ok,label autocorrelation < 0.1 by 3000 m -> CV tile 2500 m + buffer 500 m (correlogram range 3000 m)
2026-10-06T04:05:31,20261006T040456520786Z,Chennai_2015,resume:ladder_A_terrain_first_full_188100fabd0a1412_5_d2e2f7342e,info,loaded from checkpoint (not recomputed)
2026-10-06T04:05:32,20261006T040456520786Z,Chennai_2015,gradient:A_terrain_first,info,"without R0: 2 of 4 primary slopes have a 95% CI entirely below 0 ['dAP_stacked_fm_adj', 'dAP_gated_fm_adj']"
2026-10-06T04:05:32,20261006T040456520786Z,Chennai_2015,gated:A_terrain_first,warn,77% of fold fits chose the edge of the gate grid (alpha=2.0 or tau=0.3); see the gated_wide_grid sensitivity variant
2026-10-06T04:05:35,20261006T040456520786Z,Chennai_2015,effects:A_terrain_first,ok,"top rung: info_nats_fm -0.0009 [-0.0120, +0.0066] inconclusive; info_frac_fm -0.0018 [-0.0226, +0.0131] saturated; dAP_stacked_fm -0.0048 [-0.0274, +0.0166] inconclusive; dAP_gated_fm -0.0026 [-0.0249, +0.0156] inconclusive; dAP_early_fm +0.0133 [-0.0048, +0.0348] inconclusive; dAP_adr_legacy_fm -0.0098 [-0.0194, +0.0036] inconclusive | social gain saturated from: R3_+hydrography"
2026-10-06T04:05:35,20261006T040456520786Z,Chennai_2015,ladder:A_terrain_first,ok,6 rungs in 0.1 min
2026-10-06T04:05:36,20261006T040456520786Z,Chennai_2015,resume:ladder_B_surface_first_full_188100fabd0a1412_5_d2e2f7342e,info,loaded from checkpoint (not recomputed)
2026-10-06T04:05:37,20261006T040456520786Z,Chennai_2015,gradient:B_surface_first,info,"without R0: 2 of 4 primary slopes have a 95% CI entirely below 0 ['dAP_stacked_fm_adj', 'dAP_gated_fm_adj']"
2026-10-06T04:05:37,20261006T040456520786Z,Chennai_2015,gated:B_surface_first,warn,73% of fold fits chose the edge of the gate grid (alpha=2.0 or tau=0.3); see the gated_wide_grid sensitivity variant
2026-10-06T04:05:41,20261006T040456520786Z,Chennai_2015,effects:B_surface_first,ok,"top rung: info_nats_fm -0.0009 [-0.0120, +0.0066] inconclusive; info_frac_fm -0.0018 [-0.0226, +0.0131] saturated; dAP_stacked_fm -0.0048 [-0.0274, +0.0166] inconclusive; dAP_gated_fm -0.0026 [-0.0249, +0.0156] inconclusive; dAP_early_fm +0.0133 [-0.0048, +0.0348] inconclusive; dAP_adr_legacy_fm -0.0098 [-0.0194, +0.0036] inconclusive | social gain saturated from: R4_+hydrography"
2026-10-06T04:05:41,20261006T040456520786Z,Chennai_2015,ladder:B_surface_first,ok,6 rungs in 0.1 min
2026-10-06T04:05:42,20261006T040456520786Z,Chennai_2015,resume:lens_S_mentions_full_188100fabd0a1412_5_d2e2f7342e,info,loaded from checkpoint (not recomputed)
2026-10-06T04:05:42,20261006T040456520786Z,Chennai_2015,resume:lens_S_negative_full_188100fabd0a1412_5_d2e2f7342e,info,loaded from checkpoint (not recomputed)
2026-10-06T04:05:43,20261006T040456520786Z,Chennai_2015,resume:lens_S_distress_full_188100fabd0a1412_5_d2e2f7342e,info,loaded from checkpoint (not recomputed)
2026-10-06T04:05:43,20261006T040456520786Z,Chennai_2015,resume:lens_S_src_gdelt_bigquery_full_188100fabd0a1412_5_d2e2f7342e,info,loaded from checkpoint (not recomputed)
2026-10-06T04:05:44,20261006T040456520786Z,Chennai_2015,resume:lens_S_src_reddit_arcticshift_full_188100fabd0a1412_5_d2e2f7342e,info,loaded from checkpoint (not recomputed)
2026-10-06T04:05:45,20261006T040456520786Z,Chennai_2015,resume:lens_S_mentions+S_negative+S_distress_full_188100fabd0a1412_5_d2e2f7342e,info,loaded from checkpoint (not recomputed)
2026-10-06T04:05:45,20261006T040456520786Z,Chennai_2015,emotion_lens,ok,6 channel sets at rung R5_+sar_event
2026-10-06T04:05:45,20261006T040456520786Z,Chennai_2015,resume:sens_bandwidth_1000m_full_d1f4383efff6fed5_5_d2e2f7342e_xgb,info,loaded from checkpoint (not recomputed)
2026-10-06T04:05:46,20261006T040456520786Z,Chennai_2015,resume:sens_window_minus3_plus3_full_d0cb31c577e9d14d_5_d2e2f7342e_xgb,info,loaded from checkpoint (not recomputed)
2026-10-06T04:05:46,20261006T040456520786Z,Chennai_2015,resume:sens_gated_wide_grid_full_39fd998c06ab84fe_5_d2e2f7342e_xgb,info,loaded from checkpoint (not recomputed)
2026-10-06T04:05:47,20261006T040456520786Z,Chennai_2015,resume:sens_learner_logistic_full_39fd998c06ab84fe_5_d2e2f7342e_logistic,info,loaded from checkpoint (not recomputed)
2026-10-06T04:05:47,20261006T040456520786Z,Chennai_2015,sensitivity,ok,4 variants
2026-10-06T04:05:47,20261006T040456520786Z,Chennai_2015,placebo,info,social layer vs population-density layer: Spearman 0.80
2026-10-06T04:05:47,20261006T040456520786Z,Chennai_2015,resume:placebo_pop_full_59c3eae36682f007_5_d2e2f7342e,info,loaded from checkpoint (not recomputed)
2026-10-06T04:05:55,20261006T040456520786Z,Chennai_2015,resume:control_pop_full_d0b4f954527c0158_5_d2e2f7342e,info,loaded from checkpoint (not recomputed)
2026-10-06T04:05:55,20261006T040456520786Z,Chennai_2015,placebo,ok,population-density placebo ladder and population control done
2026-10-06T04:05:57,20261006T040456520786Z,Chennai_2015,city,ok,finished in 0.5 min
2026-10-06T04:18:10,20261006T041804350347Z,Chennai_2015,exclude,info,779 permanent-water cells (JRC occurrence >= 50%) excluded
2026-10-06T04:18:11,20261006T041804350347Z,Chennai_2015,exclude,ok,"779 of 41,919 cells excluded (1.9%); 9360 flooded among 41,140 analysed"
2026-10-06T04:18:11,20261006T041804350347Z,Chennai_2015,cv:blocks,ok,label autocorrelation < 0.1 by 3000 m -> CV tile 2500 m + buffer 500 m (correlogram range 3000 m)
2026-10-06T04:18:11,20261006T041804350347Z,Chennai_2015,resume:ladder_A_terrain_first_full_188100fabd0a1412_5_d2e2f7342e,info,loaded from checkpoint (not recomputed)
2026-10-06T04:18:12,20261006T041804350347Z,Chennai_2015,gradient:A_terrain_first,info,"without R0: 2 of 4 primary slopes have a 95% CI entirely below 0 ['dAP_stacked_fm_adj', 'dAP_gated_fm_adj']"
2026-10-06T04:18:12,20261006T041804350347Z,Chennai_2015,gated:A_terrain_first,warn,77% of fold fits chose the edge of the gate grid (alpha=2.0 or tau=0.3); see the gated_wide_grid sensitivity variant
2026-10-06T04:18:12,20261006T041804350347Z,Chennai_2015,effects:A_terrain_first,ok,"top rung: info_nats_fm -0.0009 [-0.0120, +0.0066] inconclusive; info_frac_fm -0.0018 [-0.0226, +0.0131] saturated; dAP_stacked_fm -0.0048 [-0.0274, +0.0166] inconclusive; dAP_gated_fm -0.0026 [-0.0249, +0.0156] inconclusive; dAP_early_fm +0.0133 [-0.0048, +0.0348] inconclusive; dAP_adr_legacy_fm -0.0098 [-0.0194, +0.0036] inconclusive | social gain saturated from: R3_+hydrography"
2026-10-06T04:18:12,20261006T041804350347Z,Chennai_2015,ladder:A_terrain_first,ok,6 rungs in 0.0 min
2026-10-06T04:18:12,20261006T041804350347Z,Chennai_2015,resume:ladder_B_surface_first_full_188100fabd0a1412_5_d2e2f7342e,info,loaded from checkpoint (not recomputed)
2026-10-06T04:18:13,20261006T041804350347Z,Chennai_2015,gradient:B_surface_first,info,"without R0: 2 of 4 primary slopes have a 95% CI entirely below 0 ['dAP_stacked_fm_adj', 'dAP_gated_fm_adj']"
2026-10-06T04:18:13,20261006T041804350347Z,Chennai_2015,gated:B_surface_first,warn,73% of fold fits chose the edge of the gate grid (alpha=2.0 or tau=0.3); see the gated_wide_grid sensitivity variant
2026-10-06T04:18:13,20261006T041804350347Z,Chennai_2015,effects:B_surface_first,ok,"top rung: info_nats_fm -0.0009 [-0.0120, +0.0066] inconclusive; info_frac_fm -0.0018 [-0.0226, +0.0131] saturated; dAP_stacked_fm -0.0048 [-0.0274, +0.0166] inconclusive; dAP_gated_fm -0.0026 [-0.0249, +0.0156] inconclusive; dAP_early_fm +0.0133 [-0.0048, +0.0348] inconclusive; dAP_adr_legacy_fm -0.0098 [-0.0194, +0.0036] inconclusive | social gain saturated from: R4_+hydrography"
2026-10-06T04:18:13,20261006T041804350347Z,Chennai_2015,ladder:B_surface_first,ok,6 rungs in 0.0 min
2026-10-06T04:18:13,20261006T041804350347Z,Chennai_2015,resume:lens_S_mentions_full_188100fabd0a1412_5_d2e2f7342e,info,loaded from checkpoint (not recomputed)
2026-10-06T04:18:13,20261006T041804350347Z,Chennai_2015,resume:lens_S_negative_full_188100fabd0a1412_5_d2e2f7342e,info,loaded from checkpoint (not recomputed)
2026-10-06T04:18:13,20261006T041804350347Z,Chennai_2015,resume:lens_S_distress_full_188100fabd0a1412_5_d2e2f7342e,info,loaded from checkpoint (not recomputed)
2026-10-06T04:18:13,20261006T041804350347Z,Chennai_2015,resume:lens_S_src_gdelt_bigquery_full_188100fabd0a1412_5_d2e2f7342e,info,loaded from checkpoint (not recomputed)
2026-10-06T04:18:13,20261006T041804350347Z,Chennai_2015,resume:lens_S_src_reddit_arcticshift_full_188100fabd0a1412_5_d2e2f7342e,info,loaded from checkpoint (not recomputed)
2026-10-06T04:18:14,20261006T041804350347Z,Chennai_2015,resume:lens_S_mentions+S_negative+S_distress_full_188100fabd0a1412_5_d2e2f7342e,info,loaded from checkpoint (not recomputed)
2026-10-06T04:18:14,20261006T041804350347Z,Chennai_2015,emotion_lens,ok,6 channel sets at rung R5_+sar_event
2026-10-06T04:18:14,20261006T041804350347Z,Chennai_2015,resume:sens_bandwidth_1000m_full_d1f4383efff6fed5_5_d2e2f7342e_xgb,info,loaded from checkpoint (not recomputed)
2026-10-06T04:18:14,20261006T041804350347Z,Chennai_2015,resume:sens_window_minus3_plus3_full_d0cb31c577e9d14d_5_d2e2f7342e_xgb,info,loaded from checkpoint (not recomputed)
2026-10-06T04:18:14,20261006T041804350347Z,Chennai_2015,resume:sens_gated_wide_grid_full_39fd998c06ab84fe_5_d2e2f7342e_xgb,info,loaded from checkpoint (not recomputed)
2026-10-06T04:18:14,20261006T041804350347Z,Chennai_2015,resume:sens_learner_logistic_full_39fd998c06ab84fe_5_d2e2f7342e_logistic,info,loaded from checkpoint (not recomputed)
2026-10-06T04:18:14,20261006T041804350347Z,Chennai_2015,sensitivity,ok,4 variants
2026-10-06T04:18:14,20261006T041804350347Z,Chennai_2015,placebo,info,social layer vs population-density layer: Spearman 0.80
2026-10-06T04:18:14,20261006T041804350347Z,Chennai_2015,resume:placebo_pop_full_59c3eae36682f007_5_d2e2f7342e,info,loaded from checkpoint (not recomputed)
2026-10-06T04:18:15,20261006T041804350347Z,Chennai_2015,resume:control_pop_full_d0b4f954527c0158_5_d2e2f7342e,info,loaded from checkpoint (not recomputed)
2026-10-06T04:18:15,20261006T041804350347Z,Chennai_2015,placebo,ok,population-density placebo ladder and population control done
2026-10-06T04:18:16,20261006T041804350347Z,Chennai_2015,city,ok,finished in 0.1 min
2026-10-06T04:20:52,20261006T042023573592Z,Chennai_2015,exclude,info,779 permanent-water cells (JRC occurrence >= 50%) excluded
2026-10-06T04:20:52,20261006T042023573592Z,Chennai_2015,exclude,ok,"779 of 41,919 cells excluded (1.9%); 9360 flooded among 41,140 analysed"
2026-10-06T04:20:54,20261006T042023573592Z,Chennai_2015,cv:blocks,ok,label autocorrelation < 0.1 by 3000 m -> CV tile 2500 m + buffer 500 m (correlogram range 3000 m)
2026-10-06T04:20:56,20261006T042023573592Z,Chennai_2015,resume:ladder_A_terrain_first_full_188100fabd0a1412_5_d2e2f7342e,info,loaded from checkpoint (not recomputed)
2026-10-06T04:20:57,20261006T042023573592Z,Chennai_2015,gradient:A_terrain_first,info,"without R0: 2 of 4 primary slopes have a 95% CI entirely below 0 ['dAP_stacked_fm_adj', 'dAP_gated_fm_adj']"
2026-10-06T04:20:57,20261006T042023573592Z,Chennai_2015,gated:A_terrain_first,warn,77% of fold fits chose the edge of the gate grid (alpha=2.0 or tau=0.3); see the gated_wide_grid sensitivity variant
2026-10-06T04:21:07,20261006T042023573592Z,Chennai_2015,effects:A_terrain_first,ok,"top rung: info_nats_fm -0.0009 [-0.0120, +0.0066] inconclusive; info_frac_fm -0.0018 [-0.0226, +0.0131] saturated; dAP_stacked_fm -0.0048 [-0.0274, +0.0166] inconclusive; dAP_gated_fm -0.0026 [-0.0249, +0.0156] inconclusive; dAP_early_fm +0.0133 [-0.0048, +0.0348] inconclusive; dAP_adr_legacy_fm -0.0098 [-0.0194, +0.0036] inconclusive | social gain saturated from: R3_+hydrography"
2026-10-06T04:21:07,20261006T042023573592Z,Chennai_2015,ladder:A_terrain_first,ok,6 rungs in 0.2 min
2026-10-06T04:21:09,20261006T042023573592Z,Chennai_2015,resume:ladder_B_surface_first_full_188100fabd0a1412_5_d2e2f7342e,info,loaded from checkpoint (not recomputed)
2026-10-06T04:21:10,20261006T042023573592Z,Chennai_2015,gradient:B_surface_first,info,"without R0: 2 of 4 primary slopes have a 95% CI entirely below 0 ['dAP_stacked_fm_adj', 'dAP_gated_fm_adj']"
2026-10-06T04:21:10,20261006T042023573592Z,Chennai_2015,gated:B_surface_first,warn,73% of fold fits chose the edge of the gate grid (alpha=2.0 or tau=0.3); see the gated_wide_grid sensitivity variant
2026-10-06T04:21:19,20261006T042023573592Z,Chennai_2015,effects:B_surface_first,ok,"top rung: info_nats_fm -0.0009 [-0.0120, +0.0066] inconclusive; info_frac_fm -0.0018 [-0.0226, +0.0131] saturated; dAP_stacked_fm -0.0048 [-0.0274, +0.0166] inconclusive; dAP_gated_fm -0.0026 [-0.0249, +0.0156] inconclusive; dAP_early_fm +0.0133 [-0.0048, +0.0348] inconclusive; dAP_adr_legacy_fm -0.0098 [-0.0194, +0.0036] inconclusive | social gain saturated from: R4_+hydrography"
2026-10-06T04:21:19,20261006T042023573592Z,Chennai_2015,ladder:B_surface_first,ok,6 rungs in 0.2 min
2026-10-06T04:21:22,20261006T042023573592Z,Chennai_2015,resume:lens_S_mentions_full_188100fabd0a1412_5_d2e2f7342e,info,loaded from checkpoint (not recomputed)
2026-10-06T04:21:24,20261006T042023573592Z,Chennai_2015,resume:lens_S_negative_full_188100fabd0a1412_5_d2e2f7342e,info,loaded from checkpoint (not recomputed)
2026-10-06T04:21:25,20261006T042023573592Z,Chennai_2015,resume:lens_S_distress_full_188100fabd0a1412_5_d2e2f7342e,info,loaded from checkpoint (not recomputed)
2026-10-06T04:21:26,20261006T042023573592Z,Chennai_2015,resume:lens_S_src_gdelt_bigquery_full_188100fabd0a1412_5_d2e2f7342e,info,loaded from checkpoint (not recomputed)
2026-10-06T04:21:27,20261006T042023573592Z,Chennai_2015,resume:lens_S_src_reddit_arcticshift_full_188100fabd0a1412_5_d2e2f7342e,info,loaded from checkpoint (not recomputed)
2026-10-06T04:21:28,20261006T042023573592Z,Chennai_2015,resume:lens_S_mentions+S_negative+S_distress_full_188100fabd0a1412_5_d2e2f7342e,info,loaded from checkpoint (not recomputed)
2026-10-06T04:21:28,20261006T042023573592Z,Chennai_2015,emotion_lens,ok,6 channel sets at rung R5_+sar_event
2026-10-06T04:21:29,20261006T042023573592Z,Chennai_2015,resume:sens_bandwidth_1000m_full_d1f4383efff6fed5_5_d2e2f7342e_xgb,info,loaded from checkpoint (not recomputed)
2026-10-06T04:21:31,20261006T042023573592Z,Chennai_2015,resume:sens_window_minus3_plus3_full_d0cb31c577e9d14d_5_d2e2f7342e_xgb,info,loaded from checkpoint (not recomputed)
2026-10-06T04:21:32,20261006T042023573592Z,Chennai_2015,resume:sens_gated_wide_grid_full_39fd998c06ab84fe_5_d2e2f7342e_xgb,info,loaded from checkpoint (not recomputed)
2026-10-06T04:21:33,20261006T042023573592Z,Chennai_2015,resume:sens_learner_logistic_full_39fd998c06ab84fe_5_d2e2f7342e_logistic,info,loaded from checkpoint (not recomputed)
2026-10-06T04:21:33,20261006T042023573592Z,Chennai_2015,sensitivity,ok,4 variants
2026-10-06T04:21:33,20261006T042023573592Z,Chennai_2015,placebo,info,social layer vs population-density layer: Spearman 0.80
2026-10-06T04:21:34,20261006T042023573592Z,Chennai_2015,resume:placebo_pop_full_59c3eae36682f007_5_d2e2f7342e,info,loaded from checkpoint (not recomputed)
2026-10-06T04:21:47,20261006T042023573592Z,Chennai_2015,resume:control_pop_full_d0b4f954527c0158_5_d2e2f7342e,info,loaded from checkpoint (not recomputed)
2026-10-06T04:21:48,20261006T042023573592Z,Chennai_2015,placebo,ok,population-density placebo ladder and population control done
2026-10-06T04:21:51,20261006T042023573592Z,Chennai_2015,city,fail,KeyboardInterrupt: KeyboardInterrupt (traceback in Chennai_2015_ERROR.txt)
2026-10-06T04:21:53,20261006T042023573592Z,Valencia_2024,exclude,info,"5,684 permanent-water cells (JRC occurrence >= 50%) excluded"
2026-10-06T04:21:53,20261006T042023573592Z,Valencia_2024,exclude,ok,"5,684 of 38,269 cells excluded (14.9%); 10460 flooded among 32,585 analysed"
2026-10-06T04:22:30,20261006T042229102930Z,Chennai_2015,exclude,info,779 permanent-water cells (JRC occurrence >= 50%) excluded
2026-10-06T04:22:30,20261006T042229102930Z,Chennai_2015,exclude,ok,"779 of 41,919 cells excluded (1.9%); 9360 flooded among 41,140 analysed"
2026-10-06T04:22:31,20261006T042229102930Z,Chennai_2015,cv:blocks,ok,label autocorrelation < 0.1 by 3000 m -> CV tile 2500 m + buffer 500 m (correlogram range 3000 m)
2026-10-06T04:22:31,20261006T042229102930Z,Chennai_2015,resume:ladder_A_terrain_first_full_188100fabd0a1412_5_d2e2f7342e,info,loaded from checkpoint (not recomputed)
2026-10-06T04:22:33,20261006T042229102930Z,Chennai_2015,gradient:A_terrain_first,info,"without R0: 2 of 4 primary slopes have a 95% CI entirely below 0 ['dAP_stacked_fm_adj', 'dAP_gated_fm_adj']"
2026-10-06T04:22:33,20261006T042229102930Z,Chennai_2015,gated:A_terrain_first,warn,77% of fold fits chose the edge of the gate grid (alpha=2.0 or tau=0.3); see the gated_wide_grid sensitivity variant
2026-10-06T04:22:34,20261006T042229102930Z,Chennai_2015,effects:A_terrain_first,ok,"top rung: info_nats_fm -0.0009 [-0.0120, +0.0066] inconclusive; info_frac_fm -0.0018 [-0.0226, +0.0131] saturated; dAP_stacked_fm -0.0048 [-0.0274, +0.0166] inconclusive; dAP_gated_fm -0.0026 [-0.0249, +0.0156] inconclusive; dAP_early_fm +0.0133 [-0.0048, +0.0348] inconclusive; dAP_adr_legacy_fm -0.0098 [-0.0194, +0.0036] inconclusive | social gain saturated from: R3_+hydrography"
2026-10-06T04:22:34,20261006T042229102930Z,Chennai_2015,ladder:A_terrain_first,ok,6 rungs in 0.0 min
2026-10-06T04:22:34,20261006T042229102930Z,Chennai_2015,resume:ladder_B_surface_first_full_188100fabd0a1412_5_d2e2f7342e,info,loaded from checkpoint (not recomputed)
2026-10-06T04:22:35,20261006T042229102930Z,Chennai_2015,gradient:B_surface_first,info,"without R0: 2 of 4 primary slopes have a 95% CI entirely below 0 ['dAP_stacked_fm_adj', 'dAP_gated_fm_adj']"
2026-10-06T04:22:35,20261006T042229102930Z,Chennai_2015,gated:B_surface_first,warn,73% of fold fits chose the edge of the gate grid (alpha=2.0 or tau=0.3); see the gated_wide_grid sensitivity variant
2026-10-06T04:22:36,20261006T042229102930Z,Chennai_2015,effects:B_surface_first,ok,"top rung: info_nats_fm -0.0009 [-0.0120, +0.0066] inconclusive; info_frac_fm -0.0018 [-0.0226, +0.0131] saturated; dAP_stacked_fm -0.0048 [-0.0274, +0.0166] inconclusive; dAP_gated_fm -0.0026 [-0.0249, +0.0156] inconclusive; dAP_early_fm +0.0133 [-0.0048, +0.0348] inconclusive; dAP_adr_legacy_fm -0.0098 [-0.0194, +0.0036] inconclusive | social gain saturated from: R4_+hydrography"
2026-10-06T04:22:36,20261006T042229102930Z,Chennai_2015,ladder:B_surface_first,ok,6 rungs in 0.0 min
2026-10-06T04:22:36,20261006T042229102930Z,Chennai_2015,resume:lens_S_mentions_full_188100fabd0a1412_5_d2e2f7342e,info,loaded from checkpoint (not recomputed)
2026-10-06T04:22:36,20261006T042229102930Z,Chennai_2015,resume:lens_S_negative_full_188100fabd0a1412_5_d2e2f7342e,info,loaded from checkpoint (not recomputed)
2026-10-06T04:22:36,20261006T042229102930Z,Chennai_2015,resume:lens_S_distress_full_188100fabd0a1412_5_d2e2f7342e,info,loaded from checkpoint (not recomputed)
2026-10-06T04:22:36,20261006T042229102930Z,Chennai_2015,resume:lens_S_src_gdelt_bigquery_full_188100fabd0a1412_5_d2e2f7342e,info,loaded from checkpoint (not recomputed)
2026-10-06T04:22:36,20261006T042229102930Z,Chennai_2015,resume:lens_S_src_reddit_arcticshift_full_188100fabd0a1412_5_d2e2f7342e,info,loaded from checkpoint (not recomputed)
2026-10-06T04:22:37,20261006T042229102930Z,Chennai_2015,resume:lens_S_mentions+S_negative+S_distress_full_188100fabd0a1412_5_d2e2f7342e,info,loaded from checkpoint (not recomputed)
2026-10-06T04:22:37,20261006T042229102930Z,Chennai_2015,emotion_lens,ok,6 channel sets at rung R5_+sar_event
2026-10-06T04:22:37,20261006T042229102930Z,Chennai_2015,resume:sens_bandwidth_1000m_full_d1f4383efff6fed5_5_d2e2f7342e_xgb,info,loaded from checkpoint (not recomputed)
2026-10-06T04:22:37,20261006T042229102930Z,Chennai_2015,resume:sens_window_minus3_plus3_full_d0cb31c577e9d14d_5_d2e2f7342e_xgb,info,loaded from checkpoint (not recomputed)
2026-10-06T04:22:37,20261006T042229102930Z,Chennai_2015,resume:sens_gated_wide_grid_full_39fd998c06ab84fe_5_d2e2f7342e_xgb,info,loaded from checkpoint (not recomputed)
2026-10-06T04:22:37,20261006T042229102930Z,Chennai_2015,resume:sens_learner_logistic_full_39fd998c06ab84fe_5_d2e2f7342e_logistic,info,loaded from checkpoint (not recomputed)
2026-10-06T04:22:37,20261006T042229102930Z,Chennai_2015,sensitivity,ok,4 variants
2026-10-06T04:22:38,20261006T042229102930Z,Chennai_2015,placebo,info,social layer vs population-density layer: Spearman 0.80
2026-10-06T04:22:38,20261006T042229102930Z,Chennai_2015,resume:placebo_pop_full_59c3eae36682f007_5_d2e2f7342e,info,loaded from checkpoint (not recomputed)
2026-10-06T04:22:40,20261006T042229102930Z,Chennai_2015,resume:control_pop_full_d0b4f954527c0158_5_d2e2f7342e,info,loaded from checkpoint (not recomputed)
2026-10-06T04:22:40,20261006T042229102930Z,Chennai_2015,placebo,ok,population-density placebo ladder and population control done
2026-10-06T04:22:41,20261006T042229102930Z,Chennai_2015,city,ok,finished in 0.2 min
2026-10-06T04:25:59,20261006T042229102930Z,(all),synthesis,ok,"10 cities (10 under the current pre-registration); confirmatory k=9, evaluable k=7, localisable k=1 -> paper_synthesis/"
2026-10-06T04:25:59,20261006T042229102930Z,Valencia_2024,exclude,info,"5,684 permanent-water cells (JRC occurrence >= 50%) excluded"
2026-10-06T04:25:59,20261006T042229102930Z,Valencia_2024,exclude,ok,"5,684 of 38,269 cells excluded (14.9%); 10460 flooded among 32,585 analysed"
2026-10-06T04:26:00,20261006T042229102930Z,Valencia_2024,cv:blocks,ok,label autocorrelation < 0.1 by 8000 m -> CV tile 4000 m + buffer 500 m (correlogram range 8000 m)
2026-10-06T04:26:02,20261006T042229102930Z,Valencia_2024,resume:ladder_A_terrain_first_full_0f9a87ef5a7ececc_5_fe639a2c0a,info,loaded from checkpoint (not recomputed)
2026-10-06T04:26:03,20261006T042229102930Z,Valencia_2024,gradient:A_terrain_first,info,without R0: 0 of 4 primary slopes have a 95% CI entirely below 0 []
2026-10-06T04:26:03,20261006T042229102930Z,Valencia_2024,gated:A_terrain_first,warn,100% of fold fits chose the edge of the gate grid (alpha=2.0 or tau=0.3); see the gated_wide_grid sensitivity variant
2026-10-06T04:26:13,20261006T042229102930Z,Valencia_2024,effects:A_terrain_first,ok,"top rung: info_nats_fm +0.0768 [-0.0230, +0.1729] inconclusive; info_frac_fm +0.1794 [-0.0727, +0.3337] inconclusive; dAP_stacked_fm +0.0382 [-0.0032, +0.1030] inconclusive; dAP_gated_fm -0.0124 [-0.0325, +0.0276] inconclusive; dAP_early_fm -0.0049 [-0.0260, +0.0745] inconclusive; dAP_adr_legacy_fm -0.1235 [-0.1482, -0.0517] harmful | social gain saturated from: None"
2026-10-06T04:26:13,20261006T042229102930Z,Valencia_2024,ladder:A_terrain_first,ok,6 rungs in 0.2 min
2026-10-06T04:26:16,20261006T042229102930Z,Valencia_2024,resume:ladder_B_surface_first_full_0f9a87ef5a7ececc_5_fe639a2c0a,info,loaded from checkpoint (not recomputed)
2026-10-06T04:26:16,20261006T042229102930Z,Valencia_2024,gradient:B_surface_first,info,without R0: 0 of 4 primary slopes have a 95% CI entirely below 0 []
2026-10-06T04:26:16,20261006T042229102930Z,Valencia_2024,gated:B_surface_first,warn,87% of fold fits chose the edge of the gate grid (alpha=2.0 or tau=0.3); see the gated_wide_grid sensitivity variant
2026-10-06T04:26:27,20261006T042229102930Z,Valencia_2024,effects:B_surface_first,ok,"top rung: info_nats_fm +0.0768 [-0.0230, +0.1729] inconclusive; info_frac_fm +0.1794 [-0.0727, +0.3337] inconclusive; dAP_stacked_fm +0.0382 [-0.0032, +0.1030] inconclusive; dAP_gated_fm -0.0124 [-0.0325, +0.0276] inconclusive; dAP_early_fm -0.0049 [-0.0260, +0.0745] inconclusive; dAP_adr_legacy_fm -0.1235 [-0.1482, -0.0517] harmful | social gain saturated from: None"
2026-10-06T04:26:27,20261006T042229102930Z,Valencia_2024,ladder:B_surface_first,ok,6 rungs in 0.2 min
2026-10-06T04:26:29,20261006T042229102930Z,Valencia_2024,resume:lens_S_mentions_full_0f9a87ef5a7ececc_5_fe639a2c0a,info,loaded from checkpoint (not recomputed)
2026-10-06T04:26:30,20261006T042229102930Z,Valencia_2024,resume:lens_S_negative_full_0f9a87ef5a7ececc_5_fe639a2c0a,info,loaded from checkpoint (not recomputed)
2026-10-06T04:26:31,20261006T042229102930Z,Valencia_2024,resume:lens_S_distress_full_0f9a87ef5a7ececc_5_fe639a2c0a,info,loaded from checkpoint (not recomputed)
2026-10-06T04:26:32,20261006T042229102930Z,Valencia_2024,resume:lens_S_src_gdelt_bigquery_full_0f9a87ef5a7ececc_5_fe639a2c0a,info,loaded from checkpoint (not recomputed)
2026-10-06T04:26:33,20261006T042229102930Z,Valencia_2024,resume:lens_S_src_reddit_arcticshift_full_0f9a87ef5a7ececc_5_fe639a2c0a,info,loaded from checkpoint (not recomputed)
2026-10-06T04:26:34,20261006T042229102930Z,Valencia_2024,resume:lens_S_src_google_news_rss_full_0f9a87ef5a7ececc_5_fe639a2c0a,info,loaded from checkpoint (not recomputed)
2026-10-06T04:26:35,20261006T042229102930Z,Valencia_2024,resume:lens_S_mentions+S_negative+S_distress_full_0f9a87ef5a7ececc_5_fe639a2c0a,info,loaded from checkpoint (not recomputed)
2026-10-06T04:26:35,20261006T042229102930Z,Valencia_2024,emotion_lens,ok,7 channel sets at rung R5_+sar_event
2026-10-06T04:26:36,20261006T042229102930Z,Valencia_2024,resume:sens_bandwidth_1000m_full_b3ba49fe07eedc9a_5_fe639a2c0a_xgb,info,loaded from checkpoint (not recomputed)
2026-10-06T04:26:38,20261006T042229102930Z,Valencia_2024,resume:sens_window_minus3_plus3_full_c7567e70ba7252d6_5_fe639a2c0a_xgb,info,loaded from checkpoint (not recomputed)
2026-10-06T04:26:38,20261006T042229102930Z,Valencia_2024,resume:sens_gated_wide_grid_full_60de71e64a880167_5_fe639a2c0a_xgb,info,loaded from checkpoint (not recomputed)
2026-10-06T04:26:39,20261006T042229102930Z,Valencia_2024,resume:sens_learner_logistic_full_60de71e64a880167_5_fe639a2c0a_logistic,info,loaded from checkpoint (not recomputed)
2026-10-06T04:26:39,20261006T042229102930Z,Valencia_2024,sensitivity,ok,4 variants
2026-10-06T04:26:39,20261006T042229102930Z,Valencia_2024,placebo,info,social layer vs population-density layer: Spearman 0.70
2026-10-06T04:26:41,20261006T042229102930Z,Valencia_2024,resume:placebo_pop_full_fb7e9451b1712344_5_fe639a2c0a,info,loaded from checkpoint (not recomputed)
2026-10-06T04:26:53,20261006T042229102930Z,Valencia_2024,resume:control_pop_full_bbffb7b6cbf7ba7d_5_fe639a2c0a,info,loaded from checkpoint (not recomputed)
2026-10-06T04:26:55,20261006T042229102930Z,Valencia_2024,placebo,ok,population-density placebo ladder and population control done
2026-10-06T04:26:57,20261006T042229102930Z,Valencia_2024,city,ok,finished in 1.0 min
2026-10-06T04:29:43,20261006T042229102930Z,(all),synthesis,ok,"10 cities (10 under the current pre-registration); confirmatory k=9, evaluable k=7, localisable k=1 -> paper_synthesis/"
2026-10-06T04:29:44,20261006T042229102930Z,EmiliaRomagna_2023a,exclude,info,238 permanent-water cells (JRC occurrence >= 50%) excluded
2026-10-06T04:29:44,20261006T042229102930Z,EmiliaRomagna_2023a,exclude,warn,"123,756 of 143,322 cells excluded (86.3%); 2576 flooded among 19,566 analysed"
2026-10-06T04:29:46,20261006T042229102930Z,EmiliaRomagna_2023a,cv:blocks,ok,label autocorrelation < 0.1 by 3000 m -> CV tile 2500 m + buffer 500 m (correlogram range 3000 m)
2026-10-06T04:29:47,20261006T042229102930Z,EmiliaRomagna_2023a,resume:ladder_A_terrain_first_full_1e8f3a119cfae60e_5_d2e2f7342e,info,loaded from checkpoint (not recomputed)
2026-10-06T04:29:48,20261006T042229102930Z,EmiliaRomagna_2023a,gradient:A_terrain_first,info,without R0: 0 of 4 primary slopes have a 95% CI entirely below 0 []
2026-10-06T04:29:48,20261006T042229102930Z,EmiliaRomagna_2023a,gated:A_terrain_first,warn,50% of fold fits chose the edge of the gate grid (alpha=2.0 or tau=0.3); see the gated_wide_grid sensitivity variant
2026-10-06T04:29:59,20261006T042229102930Z,EmiliaRomagna_2023a,effects:A_terrain_first,ok,"top rung: info_nats_fm -0.0067 [-0.0466, +0.0221] inconclusive; info_frac_fm -0.0150 [-0.0951, +0.0604] inconclusive; dAP_stacked_fm -0.1356 [-0.1563, +0.0192] inconclusive; dAP_gated_fm -0.0132 [-0.0184, +0.0093] inconclusive; dAP_early_fm +0.0002 [-0.0251, +0.0247] inconclusive; dAP_adr_legacy_fm -0.0550 [-0.0776, +0.0039] inconclusive | social gain saturated from: None"
2026-10-06T04:29:59,20261006T042229102930Z,EmiliaRomagna_2023a,ladder:A_terrain_first,ok,6 rungs in 0.2 min
2026-10-06T04:30:00,20261006T042229102930Z,EmiliaRomagna_2023a,resume:ladder_B_surface_first_full_1e8f3a119cfae60e_5_d2e2f7342e,info,loaded from checkpoint (not recomputed)
2026-10-06T04:30:01,20261006T042229102930Z,EmiliaRomagna_2023a,gradient:B_surface_first,info,without R0: 0 of 4 primary slopes have a 95% CI entirely below 0 []
2026-10-06T04:30:01,20261006T042229102930Z,EmiliaRomagna_2023a,gated:B_surface_first,warn,50% of fold fits chose the edge of the gate grid (alpha=2.0 or tau=0.3); see the gated_wide_grid sensitivity variant
2026-10-06T04:30:10,20261006T042229102930Z,EmiliaRomagna_2023a,effects:B_surface_first,ok,"top rung: info_nats_fm -0.0067 [-0.0466, +0.0221] inconclusive; info_frac_fm -0.0150 [-0.0951, +0.0604] inconclusive; dAP_stacked_fm -0.1356 [-0.1563, +0.0192] inconclusive; dAP_gated_fm -0.0132 [-0.0184, +0.0093] inconclusive; dAP_early_fm +0.0002 [-0.0251, +0.0247] inconclusive; dAP_adr_legacy_fm -0.0550 [-0.0776, +0.0039] inconclusive | social gain saturated from: None"
2026-10-06T04:30:10,20261006T042229102930Z,EmiliaRomagna_2023a,ladder:B_surface_first,ok,6 rungs in 0.2 min
2026-10-06T04:30:12,20261006T042229102930Z,EmiliaRomagna_2023a,resume:lens_S_mentions_full_1e8f3a119cfae60e_5_d2e2f7342e,info,loaded from checkpoint (not recomputed)
2026-10-06T04:30:13,20261006T042229102930Z,EmiliaRomagna_2023a,resume:lens_S_negative_full_1e8f3a119cfae60e_5_d2e2f7342e,info,loaded from checkpoint (not recomputed)
2026-10-06T04:30:14,20261006T042229102930Z,EmiliaRomagna_2023a,resume:lens_S_distress_full_1e8f3a119cfae60e_5_d2e2f7342e,info,loaded from checkpoint (not recomputed)
2026-10-06T04:30:15,20261006T042229102930Z,EmiliaRomagna_2023a,resume:lens_S_src_gdelt_bigquery_full_1e8f3a119cfae60e_5_d2e2f7342e,info,loaded from checkpoint (not recomputed)
2026-10-06T04:30:16,20261006T042229102930Z,EmiliaRomagna_2023a,resume:lens_S_src_google_news_rss_full_1e8f3a119cfae60e_5_d2e2f7342e,info,loaded from checkpoint (not recomputed)
2026-10-06T04:30:17,20261006T042229102930Z,EmiliaRomagna_2023a,resume:lens_S_mentions+S_negative+S_distress_full_1e8f3a119cfae60e_5_d2e2f7342e,info,loaded from checkpoint (not recomputed)
2026-10-06T04:30:17,20261006T042229102930Z,EmiliaRomagna_2023a,emotion_lens,ok,6 channel sets at rung R5_+sar_event
2026-10-06T04:30:17,20261006T042229102930Z,EmiliaRomagna_2023a,resume:sens_bandwidth_1000m_full_b2f83b93118b0d9e_5_d2e2f7342e_xgb,info,loaded from checkpoint (not recomputed)
2026-10-06T04:30:19,20261006T042229102930Z,EmiliaRomagna_2023a,resume:sens_window_minus3_plus3_full_4272c8a056d653e6_5_d2e2f7342e_xgb,info,loaded from checkpoint (not recomputed)
2026-10-06T04:30:20,20261006T042229102930Z,EmiliaRomagna_2023a,resume:sens_gated_wide_grid_full_1d5ba424ff139286_5_d2e2f7342e_xgb,info,loaded from checkpoint (not recomputed)
2026-10-06T04:30:21,20261006T042229102930Z,EmiliaRomagna_2023a,resume:sens_learner_logistic_full_1d5ba424ff139286_5_d2e2f7342e_logistic,info,loaded from checkpoint (not recomputed)
2026-10-06T04:30:21,20261006T042229102930Z,EmiliaRomagna_2023a,sensitivity,ok,4 variants
2026-10-06T04:30:21,20261006T042229102930Z,EmiliaRomagna_2023a,placebo,info,social layer vs population-density layer: Spearman 0.80
2026-10-06T04:30:22,20261006T042229102930Z,EmiliaRomagna_2023a,resume:placebo_pop_full_befdd2e01741a217_5_d2e2f7342e,info,loaded from checkpoint (not recomputed)
2026-10-06T04:30:36,20261006T042229102930Z,EmiliaRomagna_2023a,resume:control_pop_full_532cbe4328699eca_5_d2e2f7342e,info,loaded from checkpoint (not recomputed)
2026-10-06T04:30:37,20261006T042229102930Z,EmiliaRomagna_2023a,placebo,ok,population-density placebo ladder and population control done
2026-10-06T04:30:39,20261006T042229102930Z,EmiliaRomagna_2023a,city,ok,finished in 0.9 min
2026-10-06T04:33:22,20261006T042229102930Z,(all),synthesis,ok,"10 cities (10 under the current pre-registration); confirmatory k=9, evaluable k=7, localisable k=1 -> paper_synthesis/"
2026-10-06T04:33:23,20261006T042229102930Z,Forli_2023b,exclude,info,22 permanent-water cells (JRC occurrence >= 50%) excluded
2026-10-06T04:33:23,20261006T042229102930Z,Forli_2023b,exclude,ok,"8,684 of 93,651 cells excluded (9.3%); 3856 flooded among 84,967 analysed"
2026-10-06T04:33:24,20261006T042229102930Z,Forli_2023b,cv:blocks,ok,label autocorrelation < 0.1 by 2000 m -> CV tile 2000 m + buffer 500 m (correlogram range 2000 m)
2026-10-06T04:33:26,20261006T042229102930Z,Forli_2023b,resume:ladder_A_terrain_first_full_11ccdbd4f29bd04a_5_5e3b8a0247,info,loaded from checkpoint (not recomputed)
2026-10-06T04:33:26,20261006T042229102930Z,Forli_2023b,gradient:A_terrain_first,info,without R0: 0 of 4 primary slopes have a 95% CI entirely below 0 []
2026-10-06T04:33:27,20261006T042229102930Z,Forli_2023b,gated:A_terrain_first,warn,73% of fold fits chose the edge of the gate grid (alpha=2.0 or tau=0.3); see the gated_wide_grid sensitivity variant
2026-10-06T04:33:36,20261006T042229102930Z,Forli_2023b,effects:A_terrain_first,ok,"top rung: info_nats_fm +0.0016 [-0.0003, +0.0041] inconclusive; info_frac_fm +0.0118 [-0.0024, +0.0272] inconclusive; dAP_stacked_fm +0.0053 [-0.0046, +0.0162] inconclusive; dAP_gated_fm +0.0022 [-0.0087, +0.0135] inconclusive; dAP_early_fm +0.0068 [-0.0090, +0.0261] inconclusive; dAP_adr_legacy_fm -0.0281 [-0.0416, -0.0137] harmful | social gain saturated from: None"
2026-10-06T04:33:36,20261006T042229102930Z,Forli_2023b,ladder:A_terrain_first,ok,6 rungs in 0.2 min
2026-10-06T04:33:38,20261006T042229102930Z,Forli_2023b,resume:ladder_B_surface_first_full_11ccdbd4f29bd04a_5_5e3b8a0247,info,loaded from checkpoint (not recomputed)
2026-10-06T04:33:39,20261006T042229102930Z,Forli_2023b,gradient:B_surface_first,info,without R0: 0 of 4 primary slopes have a 95% CI entirely below 0 []
2026-10-06T04:33:39,20261006T042229102930Z,Forli_2023b,gated:B_surface_first,warn,50% of fold fits chose the edge of the gate grid (alpha=2.0 or tau=0.3); see the gated_wide_grid sensitivity variant
2026-10-06T04:33:48,20261006T042229102930Z,Forli_2023b,effects:B_surface_first,ok,"top rung: info_nats_fm +0.0016 [-0.0003, +0.0041] inconclusive; info_frac_fm +0.0118 [-0.0024, +0.0272] inconclusive; dAP_stacked_fm +0.0053 [-0.0046, +0.0162] inconclusive; dAP_gated_fm +0.0022 [-0.0087, +0.0135] inconclusive; dAP_early_fm +0.0068 [-0.0090, +0.0261] inconclusive; dAP_adr_legacy_fm -0.0281 [-0.0416, -0.0137] harmful | social gain saturated from: None"
2026-10-06T04:33:48,20261006T042229102930Z,Forli_2023b,ladder:B_surface_first,ok,6 rungs in 0.2 min
2026-10-06T04:33:52,20261006T042229102930Z,Forli_2023b,resume:lens_S_mentions_full_11ccdbd4f29bd04a_5_5e3b8a0247,info,loaded from checkpoint (not recomputed)
2026-10-06T04:33:54,20261006T042229102930Z,Forli_2023b,resume:lens_S_negative_full_11ccdbd4f29bd04a_5_5e3b8a0247,info,loaded from checkpoint (not recomputed)
2026-10-06T04:33:55,20261006T042229102930Z,Forli_2023b,resume:lens_S_distress_full_11ccdbd4f29bd04a_5_5e3b8a0247,info,loaded from checkpoint (not recomputed)
2026-10-06T04:33:56,20261006T042229102930Z,Forli_2023b,resume:lens_S_src_gdelt_bigquery_full_11ccdbd4f29bd04a_5_5e3b8a0247,info,loaded from checkpoint (not recomputed)
2026-10-06T04:33:57,20261006T042229102930Z,Forli_2023b,resume:lens_S_mentions+S_negative+S_distress_full_11ccdbd4f29bd04a_5_5e3b8a0247,info,loaded from checkpoint (not recomputed)
2026-10-06T04:33:57,20261006T042229102930Z,Forli_2023b,emotion_lens,ok,5 channel sets at rung R5_+sar_event
2026-10-06T04:33:58,20261006T042229102930Z,Forli_2023b,resume:sens_bandwidth_1000m_full_8d8d08d1b33725cf_5_5e3b8a0247_xgb,info,loaded from checkpoint (not recomputed)
2026-10-06T04:34:00,20261006T042229102930Z,Forli_2023b,resume:sens_window_minus3_plus3_full_fad8f5a58be57829_5_5e3b8a0247_xgb,info,loaded from checkpoint (not recomputed)
2026-10-06T04:34:01,20261006T042229102930Z,Forli_2023b,resume:sens_gated_wide_grid_full_408641c3615421fa_5_5e3b8a0247_xgb,info,loaded from checkpoint (not recomputed)
2026-10-06T04:34:02,20261006T042229102930Z,Forli_2023b,resume:sens_learner_logistic_full_408641c3615421fa_5_5e3b8a0247_logistic,info,loaded from checkpoint (not recomputed)
2026-10-06T04:34:02,20261006T042229102930Z,Forli_2023b,sensitivity,ok,4 variants
2026-10-06T04:34:02,20261006T042229102930Z,Forli_2023b,placebo,info,social layer vs population-density layer: Spearman 0.11
2026-10-06T04:34:04,20261006T042229102930Z,Forli_2023b,resume:placebo_pop_full_107c77c8982b20de_5_5e3b8a0247,info,loaded from checkpoint (not recomputed)
2026-10-06T04:34:15,20261006T042229102930Z,Forli_2023b,resume:control_pop_full_efdd74326fda6808_5_5e3b8a0247,info,loaded from checkpoint (not recomputed)
2026-10-06T04:34:16,20261006T042229102930Z,Forli_2023b,placebo,ok,population-density placebo ladder and population control done
2026-10-06T04:34:18,20261006T042229102930Z,Forli_2023b,city,ok,finished in 0.9 min
2026-10-06T04:37:04,20261006T042229102930Z,(all),synthesis,ok,"10 cities (10 under the current pre-registration); confirmatory k=9, evaluable k=7, localisable k=1 -> paper_synthesis/"
2026-10-06T04:37:05,20261006T042229102930Z,York_2015,social,warn,NO EVALUABLE SOCIAL LAYER: 6 located mentions in the primary window (< 10). Every social effect of this city is noise around zero; it is excluded from the 'evaluable' sensitivity set and flagged in T1/T4
2026-10-06T04:37:05,20261006T042229102930Z,York_2015,exclude,info,1 permanent-water cells (JRC occurrence >= 50%) excluded
2026-10-06T04:37:05,20261006T042229102930Z,York_2015,exclude,ok,"1 of 10,821 cells excluded (0.0%); 514 flooded among 10,820 analysed"
2026-10-06T04:37:06,20261006T042229102930Z,York_2015,cv:blocks,ok,label autocorrelation < 0.1 by 1500 m -> CV tile 2000 m + buffer 500 m (correlogram range 1500 m)
2026-10-06T04:37:07,20261006T042229102930Z,York_2015,resume:ladder_A_terrain_first_full_1833b38985ba5a92_5_5e3b8a0247,info,loaded from checkpoint (not recomputed)
2026-10-06T04:37:08,20261006T042229102930Z,York_2015,gradient:A_terrain_first,info,without R0: 0 of 4 primary slopes have a 95% CI entirely below 0 []
2026-10-06T04:37:08,20261006T042229102930Z,York_2015,gated:A_terrain_first,warn,90% of fold fits chose the edge of the gate grid (alpha=2.0 or tau=0.3); see the gated_wide_grid sensitivity variant
2026-10-06T04:37:18,20261006T042229102930Z,York_2015,effects:A_terrain_first,ok,"top rung: info_nats_fm +0.0468 [+0.0041, +0.0666] inconclusive; info_frac_fm +0.1830 [+0.0199, +0.2908] inconclusive; dAP_stacked_fm +0.0693 [+0.0431, +0.1019] inconclusive; dAP_gated_fm +0.0180 [+0.0052, +0.0274] inconclusive; dAP_early_fm -0.0087 [-0.0371, +0.0288] inconclusive; dAP_adr_legacy_fm -0.1344 [-0.1969, -0.0110] harmful | social gain saturated from: None"
2026-10-06T04:37:18,20261006T042229102930Z,York_2015,ladder:A_terrain_first,ok,6 rungs in 0.2 min
2026-10-06T04:37:19,20261006T042229102930Z,York_2015,resume:ladder_B_surface_first_full_1833b38985ba5a92_5_5e3b8a0247,info,loaded from checkpoint (not recomputed)
2026-10-06T04:37:20,20261006T042229102930Z,York_2015,gradient:B_surface_first,info,without R0: 0 of 4 primary slopes have a 95% CI entirely below 0 []
2026-10-06T04:37:20,20261006T042229102930Z,York_2015,gated:B_surface_first,warn,77% of fold fits chose the edge of the gate grid (alpha=2.0 or tau=0.3); see the gated_wide_grid sensitivity variant
2026-10-06T04:37:29,20261006T042229102930Z,York_2015,effects:B_surface_first,ok,"top rung: info_nats_fm +0.0468 [+0.0041, +0.0666] inconclusive; info_frac_fm +0.1830 [+0.0199, +0.2908] inconclusive; dAP_stacked_fm +0.0693 [+0.0431, +0.1019] inconclusive; dAP_gated_fm +0.0180 [+0.0052, +0.0274] inconclusive; dAP_early_fm -0.0087 [-0.0371, +0.0288] inconclusive; dAP_adr_legacy_fm -0.1344 [-0.1969, -0.0110] harmful | social gain saturated from: None"
2026-10-06T04:37:29,20261006T042229102930Z,York_2015,ladder:B_surface_first,ok,6 rungs in 0.2 min
2026-10-06T04:37:30,20261006T042229102930Z,York_2015,folds,warn,fold prevalence ranges 1.5%-27.3%: per-fold AP partly reflects fold base rates; report fold_diagnostics.csv
2026-10-06T04:37:30,20261006T042229102930Z,York_2015,resume:lens_S_mentions_full_1833b38985ba5a92_5_5e3b8a0247,info,loaded from checkpoint (not recomputed)
2026-10-06T04:37:33,20261006T042229102930Z,York_2015,resume:lens_S_negative_full_1833b38985ba5a92_5_5e3b8a0247,info,loaded from checkpoint (not recomputed)
2026-10-06T04:37:34,20261006T042229102930Z,York_2015,resume:lens_S_mentions+S_negative_full_1833b38985ba5a92_5_5e3b8a0247,info,loaded from checkpoint (not recomputed)
2026-10-06T04:37:34,20261006T042229102930Z,York_2015,emotion_lens,ok,3 channel sets at rung R5_+sar_event
2026-10-06T04:37:35,20261006T042229102930Z,York_2015,resume:sens_bandwidth_1000m_full_3b3b46bcef0254ae_5_5e3b8a0247_xgb,info,loaded from checkpoint (not recomputed)
2026-10-06T04:37:37,20261006T042229102930Z,York_2015,resume:sens_window_minus3_plus3_full_7abdb56570a1d11b_5_5e3b8a0247_xgb,info,loaded from checkpoint (not recomputed)
2026-10-06T04:37:37,20261006T042229102930Z,York_2015,resume:sens_without_photos_full_33afbb64ad7710a2_5_5e3b8a0247_xgb,info,loaded from checkpoint (not recomputed)
2026-10-06T04:37:38,20261006T042229102930Z,York_2015,resume:sens_gated_wide_grid_full_7abdb56570a1d11b_5_5e3b8a0247_xgb,info,loaded from checkpoint (not recomputed)
2026-10-06T04:37:39,20261006T042229102930Z,York_2015,resume:sens_learner_logistic_full_7abdb56570a1d11b_5_5e3b8a0247_logistic,info,loaded from checkpoint (not recomputed)
2026-10-06T04:37:39,20261006T042229102930Z,York_2015,sensitivity,ok,5 variants
2026-10-06T04:37:39,20261006T042229102930Z,York_2015,placebo,info,social layer vs population-density layer: Spearman 0.28
2026-10-06T04:37:40,20261006T042229102930Z,York_2015,resume:placebo_pop_full_da6d0d6d9ca766d4_5_5e3b8a0247,info,loaded from checkpoint (not recomputed)
2026-10-06T04:37:52,20261006T042229102930Z,York_2015,resume:control_pop_full_4858b732462cd62d_5_5e3b8a0247,info,loaded from checkpoint (not recomputed)
2026-10-06T04:37:53,20261006T042229102930Z,York_2015,placebo,ok,population-density placebo ladder and population control done
2026-10-06T04:37:55,20261006T042229102930Z,York_2015,city,ok,finished in 0.8 min
2026-10-06T04:40:46,20261006T042229102930Z,(all),synthesis,ok,"10 cities (10 under the current pre-registration); confirmatory k=9, evaluable k=7, localisable k=1 -> paper_synthesis/"
2026-10-06T04:40:47,20261006T042229102930Z,Carlisle_2015,social,warn,NO EVALUABLE SOCIAL LAYER: 6 located mentions in the primary window (< 10). Every social effect of this city is noise around zero; it is excluded from the 'evaluable' sensitivity set and flagged in T1/T4
2026-10-06T04:40:47,20261006T042229102930Z,Carlisle_2015,exclude,info,8 permanent-water cells (JRC occurrence >= 50%) excluded
2026-10-06T04:40:47,20261006T042229102930Z,Carlisle_2015,exclude,ok,"8 of 14,037 cells excluded (0.1%); 1234 flooded among 14,029 analysed"
2026-10-06T04:40:48,20261006T042229102930Z,Carlisle_2015,cv:blocks,ok,label autocorrelation < 0.1 by 4000 m -> CV tile 2000 m + buffer 500 m (correlogram range 4000 m; fewer than 15 flooded tiles even at larger sizes: default tile)
2026-10-06T04:40:49,20261006T042229102930Z,Carlisle_2015,resume:ladder_A_terrain_first_full_c93bf7468204efdd_5_5e3b8a0247,info,loaded from checkpoint (not recomputed)
2026-10-06T04:40:50,20261006T042229102930Z,Carlisle_2015,gradient:A_terrain_first,info,without R0: 0 of 4 primary slopes have a 95% CI entirely below 0 []
2026-10-06T04:40:50,20261006T042229102930Z,Carlisle_2015,gated:A_terrain_first,warn,83% of fold fits chose the edge of the gate grid (alpha=2.0 or tau=0.3); see the gated_wide_grid sensitivity variant
2026-10-06T04:40:59,20261006T042229102930Z,Carlisle_2015,effects:A_terrain_first,ok,"top rung: info_nats_fm +0.0079 [-0.3901, +0.2591] inconclusive; info_frac_fm +0.0146 [-0.5370, +0.5873] inconclusive; dAP_stacked_fm +0.0109 [-0.0268, +0.0533] inconclusive; dAP_gated_fm +0.0034 [-0.0213, +0.0585] inconclusive; dAP_early_fm +0.0255 [+0.0072, +0.0733] informative; dAP_adr_legacy_fm -0.1582 [-0.2625, -0.0163] harmful | social gain saturated from: None"
2026-10-06T04:40:59,20261006T042229102930Z,Carlisle_2015,ladder:A_terrain_first,ok,6 rungs in 0.2 min
2026-10-06T04:41:00,20261006T042229102930Z,Carlisle_2015,resume:ladder_B_surface_first_full_c93bf7468204efdd_5_5e3b8a0247,info,loaded from checkpoint (not recomputed)
2026-10-06T04:41:01,20261006T042229102930Z,Carlisle_2015,gradient:B_surface_first,info,without R0: 0 of 4 primary slopes have a 95% CI entirely below 0 []
2026-10-06T04:41:01,20261006T042229102930Z,Carlisle_2015,gated:B_surface_first,warn,87% of fold fits chose the edge of the gate grid (alpha=2.0 or tau=0.3); see the gated_wide_grid sensitivity variant
2026-10-06T04:41:11,20261006T042229102930Z,Carlisle_2015,effects:B_surface_first,ok,"top rung: info_nats_fm +0.0079 [-0.3901, +0.2591] inconclusive; info_frac_fm +0.0146 [-0.5370, +0.5873] inconclusive; dAP_stacked_fm +0.0109 [-0.0268, +0.0533] inconclusive; dAP_gated_fm +0.0034 [-0.0213, +0.0585] inconclusive; dAP_early_fm +0.0255 [+0.0072, +0.0733] informative; dAP_adr_legacy_fm -0.1582 [-0.2625, -0.0163] harmful | social gain saturated from: None"
2026-10-06T04:41:11,20261006T042229102930Z,Carlisle_2015,ladder:B_surface_first,ok,6 rungs in 0.2 min
2026-10-06T04:41:12,20261006T042229102930Z,Carlisle_2015,folds,warn,fold prevalence ranges 2.0%-69.0%: per-fold AP partly reflects fold base rates; report fold_diagnostics.csv
2026-10-06T04:41:13,20261006T042229102930Z,Carlisle_2015,resume:lens_S_mentions_full_c93bf7468204efdd_5_5e3b8a0247,info,loaded from checkpoint (not recomputed)
2026-10-06T04:41:14,20261006T042229102930Z,Carlisle_2015,resume:lens_S_negative_full_c93bf7468204efdd_5_5e3b8a0247,info,loaded from checkpoint (not recomputed)
2026-10-06T04:41:15,20261006T042229102930Z,Carlisle_2015,resume:lens_S_mentions+S_negative_full_c93bf7468204efdd_5_5e3b8a0247,info,loaded from checkpoint (not recomputed)
2026-10-06T04:41:15,20261006T042229102930Z,Carlisle_2015,emotion_lens,ok,3 channel sets at rung R5_+sar_event
2026-10-06T04:41:16,20261006T042229102930Z,Carlisle_2015,resume:sens_bandwidth_1000m_full_22cf6accc6408d8e_5_5e3b8a0247_xgb,info,loaded from checkpoint (not recomputed)
2026-10-06T04:41:17,20261006T042229102930Z,Carlisle_2015,resume:sens_window_minus3_plus3_full_be54e139890d5400_5_5e3b8a0247_xgb,info,loaded from checkpoint (not recomputed)
2026-10-06T04:41:18,20261006T042229102930Z,Carlisle_2015,resume:sens_without_photos_full_4b72b668a506cc18_5_5e3b8a0247_xgb,info,loaded from checkpoint (not recomputed)
2026-10-06T04:41:19,20261006T042229102930Z,Carlisle_2015,resume:sens_gated_wide_grid_full_4a5406a19398b766_5_5e3b8a0247_xgb,info,loaded from checkpoint (not recomputed)
2026-10-06T04:41:20,20261006T042229102930Z,Carlisle_2015,resume:sens_learner_logistic_full_4a5406a19398b766_5_5e3b8a0247_logistic,info,loaded from checkpoint (not recomputed)
2026-10-06T04:41:20,20261006T042229102930Z,Carlisle_2015,sensitivity,ok,5 variants
2026-10-06T04:41:20,20261006T042229102930Z,Carlisle_2015,placebo,info,social layer vs population-density layer: Spearman 0.99
2026-10-06T04:41:21,20261006T042229102930Z,Carlisle_2015,resume:placebo_pop_full_b8d12c14780c70e7_5_5e3b8a0247,info,loaded from checkpoint (not recomputed)
2026-10-06T04:41:32,20261006T042229102930Z,Carlisle_2015,resume:control_pop_full_ed4786aaacbdc90a_5_5e3b8a0247,info,loaded from checkpoint (not recomputed)
2026-10-06T04:41:32,20261006T042229102930Z,Carlisle_2015,placebo,ok,population-density placebo ladder and population control done
2026-10-06T04:41:34,20261006T042229102930Z,Carlisle_2015,city,ok,finished in 0.8 min
2026-10-06T04:44:18,20261006T042229102930Z,(all),synthesis,ok,"10 cities (10 under the current pre-registration); confirmatory k=9, evaluable k=7, localisable k=1 -> paper_synthesis/"
2026-10-06T04:44:19,20261006T042229102930Z,PortoAlegre_2024,exclude,info,"30,015 permanent-water cells (JRC occurrence >= 50%) excluded"
2026-10-06T04:44:19,20261006T042229102930Z,PortoAlegre_2024,exclude,ok,"61,867 of 141,828 cells excluded (43.6%); 32045 flooded among 79,961 analysed"
2026-10-06T04:44:21,20261006T042229102930Z,PortoAlegre_2024,cv:blocks,ok,label autocorrelation < 0.1 by nan m -> CV tile 4000 m + buffer 500 m (autocorrelation never fell below 0.1 within the correlogram's range: maximum tile)
2026-10-06T04:44:21,20261006T042229102930Z,PortoAlegre_2024,ladder,info,group 'sar_event' unavailable -> rung skipped (pre-registered rule)
2026-10-06T04:44:22,20261006T042229102930Z,PortoAlegre_2024,resume:ladder_A_terrain_first_full_cb929a3ae673a41c_5_fe639a2c0a,info,loaded from checkpoint (not recomputed)
2026-10-06T04:44:23,20261006T042229102930Z,PortoAlegre_2024,gradient:A_terrain_first,info,without R0: 1 of 4 primary slopes have a 95% CI entirely below 0 ['dAP_gated_fm_adj']
2026-10-06T04:44:31,20261006T042229102930Z,PortoAlegre_2024,effects:A_terrain_first,ok,"top rung: info_nats_fm -0.0000 [-0.0006, +0.0005] inconclusive; info_frac_fm -0.0000 [-0.0024, +0.0019] saturated; dAP_stacked_fm +0.0000 [-0.0006, +0.0003] saturated; dAP_gated_fm +0.0000 [+0.0000, +0.0000] saturated; dAP_early_fm -0.0002 [-0.0019, +0.0013] saturated; dAP_adr_legacy_fm -0.0977 [-0.1137, -0.0784] harmful | social gain saturated from: R1_+terrain"
2026-10-06T04:44:31,20261006T042229102930Z,PortoAlegre_2024,ladder:A_terrain_first,ok,5 rungs in 0.2 min
2026-10-06T04:44:31,20261006T042229102930Z,PortoAlegre_2024,ladder,info,group 'sar_event' unavailable -> rung skipped (pre-registered rule)
2026-10-06T04:44:33,20261006T042229102930Z,PortoAlegre_2024,resume:ladder_B_surface_first_full_cb929a3ae673a41c_5_fe639a2c0a,info,loaded from checkpoint (not recomputed)
2026-10-06T04:44:34,20261006T042229102930Z,PortoAlegre_2024,gradient:B_surface_first,info,without R0: 0 of 4 primary slopes have a 95% CI entirely below 0 []
2026-10-06T04:44:42,20261006T042229102930Z,PortoAlegre_2024,effects:B_surface_first,ok,"top rung: info_nats_fm -0.0000 [-0.0006, +0.0005] inconclusive; info_frac_fm -0.0000 [-0.0024, +0.0019] saturated; dAP_stacked_fm +0.0000 [-0.0006, +0.0003] saturated; dAP_gated_fm +0.0000 [+0.0000, +0.0000] saturated; dAP_early_fm -0.0002 [-0.0019, +0.0013] saturated; dAP_adr_legacy_fm -0.0977 [-0.1137, -0.0784] harmful | social gain saturated from: R3_+terrain"
2026-10-06T04:44:42,20261006T042229102930Z,PortoAlegre_2024,ladder:B_surface_first,ok,5 rungs in 0.2 min
2026-10-06T04:44:42,20261006T042229102930Z,PortoAlegre_2024,ladder,info,group 'sar_event' unavailable -> rung skipped (pre-registered rule)
2026-10-06T04:44:45,20261006T042229102930Z,PortoAlegre_2024,resume:lens_S_mentions_full_cb929a3ae673a41c_5_fe639a2c0a,info,loaded from checkpoint (not recomputed)
2026-10-06T04:44:47,20261006T042229102930Z,PortoAlegre_2024,resume:lens_S_negative_full_cb929a3ae673a41c_5_fe639a2c0a,info,loaded from checkpoint (not recomputed)
2026-10-06T04:44:48,20261006T042229102930Z,PortoAlegre_2024,resume:lens_S_distress_full_cb929a3ae673a41c_5_fe639a2c0a,info,loaded from checkpoint (not recomputed)
2026-10-06T04:44:49,20261006T042229102930Z,PortoAlegre_2024,resume:lens_S_src_gdelt_bigquery_full_cb929a3ae673a41c_5_fe639a2c0a,info,loaded from checkpoint (not recomputed)
2026-10-06T04:44:50,20261006T042229102930Z,PortoAlegre_2024,resume:lens_S_mentions+S_negative+S_distress_full_cb929a3ae673a41c_5_fe639a2c0a,info,loaded from checkpoint (not recomputed)
2026-10-06T04:44:50,20261006T042229102930Z,PortoAlegre_2024,emotion_lens,ok,5 channel sets at rung R4_+forcing
2026-10-06T04:44:51,20261006T042229102930Z,PortoAlegre_2024,resume:sens_bandwidth_1000m_full_f7eff7972dcd01ea_5_fe639a2c0a_xgb,info,loaded from checkpoint (not recomputed)
2026-10-06T04:44:53,20261006T042229102930Z,PortoAlegre_2024,resume:sens_window_minus3_plus3_full_22990f3fcb1f1bc3_5_fe639a2c0a_xgb,info,loaded from checkpoint (not recomputed)
2026-10-06T04:44:54,20261006T042229102930Z,PortoAlegre_2024,resume:sens_gated_wide_grid_full_ad21e1d4e5d28427_5_fe639a2c0a_xgb,info,loaded from checkpoint (not recomputed)
2026-10-06T04:44:55,20261006T042229102930Z,PortoAlegre_2024,resume:sens_learner_logistic_full_ad21e1d4e5d28427_5_fe639a2c0a_logistic,info,loaded from checkpoint (not recomputed)
2026-10-06T04:44:55,20261006T042229102930Z,PortoAlegre_2024,sensitivity,ok,4 variants
2026-10-06T04:44:55,20261006T042229102930Z,PortoAlegre_2024,placebo,info,social layer vs population-density layer: Spearman 0.45
2026-10-06T04:44:55,20261006T042229102930Z,PortoAlegre_2024,ladder,info,group 'sar_event' unavailable -> rung skipped (pre-registered rule)
2026-10-06T04:44:56,20261006T042229102930Z,PortoAlegre_2024,resume:placebo_pop_full_f96e46208e062bbe_5_fe639a2c0a,info,loaded from checkpoint (not recomputed)
2026-10-06T04:45:06,20261006T042229102930Z,PortoAlegre_2024,resume:control_pop_full_103a5d2e5ad65fd1_5_fe639a2c0a,info,loaded from checkpoint (not recomputed)
2026-10-06T04:45:07,20261006T042229102930Z,PortoAlegre_2024,placebo,ok,population-density placebo ladder and population control done
2026-10-06T04:45:09,20261006T042229102930Z,PortoAlegre_2024,city,ok,finished in 0.9 min
2026-10-06T04:47:52,20261006T042229102930Z,(all),synthesis,ok,"10 cities (10 under the current pre-registration); confirmatory k=9, evaluable k=7, localisable k=1 -> paper_synthesis/"
2026-10-06T04:47:54,20261006T042229102930Z,TaquariValley_2024,exclude,info,294 permanent-water cells (JRC occurrence >= 50%) excluded
2026-10-06T04:47:54,20261006T042229102930Z,TaquariValley_2024,exclude,warn,"8,991 of 13,823 cells excluded (65.0%); 448 flooded among 4,832 analysed"
2026-10-06T04:47:55,20261006T042229102930Z,TaquariValley_2024,cv:blocks,ok,label autocorrelation < 0.1 by 1000 m -> CV tile 2000 m + buffer 500 m (correlogram range 1000 m)
2026-10-06T04:47:55,20261006T042229102930Z,TaquariValley_2024,ladder,info,group 'sar_event' unavailable -> rung skipped (pre-registered rule)
2026-10-06T04:47:56,20261006T042229102930Z,TaquariValley_2024,resume:ladder_A_terrain_first_full_ae1619f9c4d8d7ed_5_5e3b8a0247,info,loaded from checkpoint (not recomputed)
2026-10-06T04:47:57,20261006T042229102930Z,TaquariValley_2024,gradient:A_terrain_first,info,without R0: 0 of 4 primary slopes have a 95% CI entirely below 0 []
2026-10-06T04:47:57,20261006T042229102930Z,TaquariValley_2024,gated:A_terrain_first,warn,72% of fold fits chose the edge of the gate grid (alpha=2.0 or tau=0.3); see the gated_wide_grid sensitivity variant
2026-10-06T04:48:06,20261006T042229102930Z,TaquariValley_2024,effects:A_terrain_first,ok,"top rung: info_nats_fm -0.0097 [-0.0279, +0.0044] inconclusive; info_frac_fm -0.0429 [-0.1105, +0.0269] inconclusive; dAP_stacked_fm -0.0278 [-0.0458, +0.0260] inconclusive; dAP_gated_fm -0.0382 [-0.0405, +0.0199] inconclusive; dAP_early_fm +0.0095 [-0.0207, +0.0388] inconclusive; dAP_adr_legacy_fm -0.0207 [-0.0396, -0.0050] harmful | social gain saturated from: None"
2026-10-06T04:48:06,20261006T042229102930Z,TaquariValley_2024,ladder:A_terrain_first,ok,5 rungs in 0.2 min
2026-10-06T04:48:06,20261006T042229102930Z,TaquariValley_2024,ladder,info,group 'sar_event' unavailable -> rung skipped (pre-registered rule)
2026-10-06T04:48:07,20261006T042229102930Z,TaquariValley_2024,resume:ladder_B_surface_first_full_ae1619f9c4d8d7ed_5_5e3b8a0247,info,loaded from checkpoint (not recomputed)
2026-10-06T04:48:08,20261006T042229102930Z,TaquariValley_2024,gradient:B_surface_first,info,"without R0: 2 of 4 primary slopes have a 95% CI entirely below 0 ['info_nats_fm_adj', 'dAP_gated_fm_adj']"
2026-10-06T04:48:08,20261006T042229102930Z,TaquariValley_2024,gated:B_surface_first,warn,52% of fold fits chose the edge of the gate grid (alpha=2.0 or tau=0.3); see the gated_wide_grid sensitivity variant
2026-10-06T04:48:17,20261006T042229102930Z,TaquariValley_2024,effects:B_surface_first,ok,"top rung: info_nats_fm -0.0097 [-0.0279, +0.0044] inconclusive; info_frac_fm -0.0429 [-0.1105, +0.0269] inconclusive; dAP_stacked_fm -0.0278 [-0.0458, +0.0260] inconclusive; dAP_gated_fm -0.0382 [-0.0405, +0.0199] inconclusive; dAP_early_fm +0.0095 [-0.0207, +0.0388] inconclusive; dAP_adr_legacy_fm -0.0207 [-0.0396, -0.0050] harmful | social gain saturated from: None"
2026-10-06T04:48:17,20261006T042229102930Z,TaquariValley_2024,ladder:B_surface_first,ok,5 rungs in 0.2 min
2026-10-06T04:48:17,20261006T042229102930Z,TaquariValley_2024,ladder,info,group 'sar_event' unavailable -> rung skipped (pre-registered rule)
2026-10-06T04:48:18,20261006T042229102930Z,TaquariValley_2024,resume:lens_S_mentions_full_ae1619f9c4d8d7ed_5_5e3b8a0247,info,loaded from checkpoint (not recomputed)
2026-10-06T04:48:20,20261006T042229102930Z,TaquariValley_2024,resume:lens_S_negative_full_ae1619f9c4d8d7ed_5_5e3b8a0247,info,loaded from checkpoint (not recomputed)
2026-10-06T04:48:20,20261006T042229102930Z,TaquariValley_2024,resume:lens_S_distress_full_ae1619f9c4d8d7ed_5_5e3b8a0247,info,loaded from checkpoint (not recomputed)
2026-10-06T04:48:21,20261006T042229102930Z,TaquariValley_2024,resume:lens_S_src_gdelt_bigquery_full_ae1619f9c4d8d7ed_5_5e3b8a0247,info,loaded from checkpoint (not recomputed)
2026-10-06T04:48:22,20261006T042229102930Z,TaquariValley_2024,resume:lens_S_mentions+S_negative+S_distress_full_ae1619f9c4d8d7ed_5_5e3b8a0247,info,loaded from checkpoint (not recomputed)
2026-10-06T04:48:22,20261006T042229102930Z,TaquariValley_2024,emotion_lens,ok,5 channel sets at rung R4_+forcing
2026-10-06T04:48:23,20261006T042229102930Z,TaquariValley_2024,resume:sens_bandwidth_1000m_full_3492ef9b6e1f1c2e_5_5e3b8a0247_xgb,info,loaded from checkpoint (not recomputed)
2026-10-06T04:48:24,20261006T042229102930Z,TaquariValley_2024,resume:sens_window_minus3_plus3_full_3cae9f5e40ba1af1_5_5e3b8a0247_xgb,info,loaded from checkpoint (not recomputed)
2026-10-06T04:48:25,20261006T042229102930Z,TaquariValley_2024,resume:sens_gated_wide_grid_full_b4d07f0732a40d3b_5_5e3b8a0247_xgb,info,loaded from checkpoint (not recomputed)
2026-10-06T04:48:26,20261006T042229102930Z,TaquariValley_2024,resume:sens_learner_logistic_full_b4d07f0732a40d3b_5_5e3b8a0247_logistic,info,loaded from checkpoint (not recomputed)
2026-10-06T04:48:26,20261006T042229102930Z,TaquariValley_2024,sensitivity,ok,4 variants
2026-10-06T04:48:26,20261006T042229102930Z,TaquariValley_2024,placebo,info,social layer vs population-density layer: Spearman 0.91
2026-10-06T04:48:26,20261006T042229102930Z,TaquariValley_2024,ladder,info,group 'sar_event' unavailable -> rung skipped (pre-registered rule)
2026-10-06T04:48:27,20261006T042229102930Z,TaquariValley_2024,resume:placebo_pop_full_dce1b5a4972d20a0_5_5e3b8a0247,info,loaded from checkpoint (not recomputed)
2026-10-06T04:48:37,20261006T042229102930Z,TaquariValley_2024,resume:control_pop_full_ea50c928191a271c_5_5e3b8a0247,info,loaded from checkpoint (not recomputed)
2026-10-06T04:48:37,20261006T042229102930Z,TaquariValley_2024,placebo,ok,population-density placebo ladder and population control done
2026-10-06T04:48:39,20261006T042229102930Z,TaquariValley_2024,city,ok,finished in 0.8 min
2026-10-06T04:51:20,20261006T042229102930Z,(all),synthesis,ok,"10 cities (10 under the current pre-registration); confirmatory k=9, evaluable k=7, localisable k=1 -> paper_synthesis/"
2026-10-06T04:51:22,20261006T042229102930Z,Houston_SanJacinto_2017,exclude,info,"4,607 permanent-water cells (JRC occurrence >= 50%) excluded"
2026-10-06T04:51:22,20261006T042229102930Z,Houston_SanJacinto_2017,exclude,warn,"97,100 of 184,495 cells excluded (52.6%); 25594 flooded among 87,395 analysed"
2026-10-06T04:51:23,20261006T042229102930Z,Houston_SanJacinto_2017,cv:blocks,ok,label autocorrelation < 0.1 by 4000 m -> CV tile 3500 m + buffer 500 m (correlogram range 4000 m)
2026-10-06T04:51:25,20261006T042229102930Z,Houston_SanJacinto_2017,resume:ladder_A_terrain_first_full_e2499ae73434ecb1_5_f15641ede8,info,loaded from checkpoint (not recomputed)
2026-10-06T04:51:26,20261006T042229102930Z,Houston_SanJacinto_2017,gradient:A_terrain_first,info,without R0: 0 of 4 primary slopes have a 95% CI entirely below 0 []
2026-10-06T04:51:26,20261006T042229102930Z,Houston_SanJacinto_2017,gated:A_terrain_first,warn,33% of fold fits chose the edge of the gate grid (alpha=2.0 or tau=0.3); see the gated_wide_grid sensitivity variant
2026-10-06T04:51:36,20261006T042229102930Z,Houston_SanJacinto_2017,effects:A_terrain_first,ok,"top rung: info_nats_fm +0.0014 [-0.0003, +0.0029] inconclusive; info_frac_fm +0.0042 [-0.0009, +0.0086] saturated; dAP_stacked_fm +0.0029 [+0.0005, +0.0064] saturated; dAP_gated_fm +0.0002 [-0.0028, +0.0037] saturated; dAP_early_fm +0.0003 [-0.0065, +0.0075] saturated; dAP_adr_legacy_fm -0.1085 [-0.1292, -0.0867] harmful | social gain saturated from: R0_none"
2026-10-06T04:51:37,20261006T042229102930Z,Houston_SanJacinto_2017,ladder:A_terrain_first,ok,6 rungs in 0.2 min
2026-10-06T04:51:40,20261006T042229102930Z,Houston_SanJacinto_2017,resume:ladder_B_surface_first_full_e2499ae73434ecb1_5_f15641ede8,info,loaded from checkpoint (not recomputed)
2026-10-06T04:51:41,20261006T042229102930Z,Houston_SanJacinto_2017,gradient:B_surface_first,info,without R0: 0 of 4 primary slopes have a 95% CI entirely below 0 []
2026-10-06T04:51:50,20261006T042229102930Z,Houston_SanJacinto_2017,effects:B_surface_first,ok,"top rung: info_nats_fm +0.0014 [-0.0003, +0.0029] inconclusive; info_frac_fm +0.0042 [-0.0009, +0.0086] saturated; dAP_stacked_fm +0.0029 [+0.0005, +0.0064] saturated; dAP_gated_fm +0.0002 [-0.0028, +0.0037] saturated; dAP_early_fm +0.0003 [-0.0065, +0.0075] saturated; dAP_adr_legacy_fm -0.1085 [-0.1292, -0.0867] harmful | social gain saturated from: R0_none"
2026-10-06T04:51:50,20261006T042229102930Z,Houston_SanJacinto_2017,ladder:B_surface_first,ok,6 rungs in 0.2 min
2026-10-06T04:51:52,20261006T042229102930Z,Houston_SanJacinto_2017,resume:lens_S_mentions_full_e2499ae73434ecb1_5_f15641ede8,info,loaded from checkpoint (not recomputed)
2026-10-06T04:51:54,20261006T042229102930Z,Houston_SanJacinto_2017,resume:lens_S_negative_full_e2499ae73434ecb1_5_f15641ede8,info,loaded from checkpoint (not recomputed)
2026-10-06T04:51:56,20261006T042229102930Z,Houston_SanJacinto_2017,resume:lens_S_distress_full_e2499ae73434ecb1_5_f15641ede8,info,loaded from checkpoint (not recomputed)
2026-10-06T04:51:57,20261006T042229102930Z,Houston_SanJacinto_2017,resume:lens_S_src_gdelt_bigquery_full_e2499ae73434ecb1_5_f15641ede8,info,loaded from checkpoint (not recomputed)
2026-10-06T04:51:58,20261006T042229102930Z,Houston_SanJacinto_2017,resume:lens_S_src_reddit_arcticshift_full_e2499ae73434ecb1_5_f15641ede8,info,loaded from checkpoint (not recomputed)
2026-10-06T04:52:00,20261006T042229102930Z,Houston_SanJacinto_2017,resume:lens_S_mentions+S_negative+S_distress_full_e2499ae73434ecb1_5_f15641ede8,info,loaded from checkpoint (not recomputed)
2026-10-06T04:52:00,20261006T042229102930Z,Houston_SanJacinto_2017,emotion_lens,ok,6 channel sets at rung R5_+sar_event
2026-10-06T04:52:01,20261006T042229102930Z,Houston_SanJacinto_2017,resume:sens_bandwidth_1000m_full_b40e19f660445232_5_f15641ede8_xgb,info,loaded from checkpoint (not recomputed)
2026-10-06T04:52:05,20261006T042229102930Z,Houston_SanJacinto_2017,resume:sens_window_minus3_plus3_full_7549c3c3197926ff_5_f15641ede8_xgb,info,loaded from checkpoint (not recomputed)
2026-10-06T04:52:06,20261006T042229102930Z,Houston_SanJacinto_2017,resume:sens_without_photos_full_fbc1e126517733fe_5_f15641ede8_xgb,info,loaded from checkpoint (not recomputed)
2026-10-06T04:52:07,20261006T042229102930Z,Houston_SanJacinto_2017,resume:sens_gated_wide_grid_full_2dbbc38946165f2c_5_f15641ede8_xgb,info,loaded from checkpoint (not recomputed)
2026-10-06T04:52:09,20261006T042229102930Z,Houston_SanJacinto_2017,resume:sens_learner_logistic_full_2dbbc38946165f2c_5_f15641ede8_logistic,info,loaded from checkpoint (not recomputed)
2026-10-06T04:52:09,20261006T042229102930Z,Houston_SanJacinto_2017,sensitivity,ok,5 variants
2026-10-06T04:52:09,20261006T042229102930Z,Houston_SanJacinto_2017,placebo,info,social layer vs population-density layer: Spearman 0.39
2026-10-06T04:52:11,20261006T042229102930Z,Houston_SanJacinto_2017,resume:placebo_pop_full_6769a1b1a1c5ae2e_5_f15641ede8,info,loaded from checkpoint (not recomputed)
2026-10-06T04:52:28,20261006T042229102930Z,Houston_SanJacinto_2017,resume:control_pop_full_10a03e7e85115512_5_f15641ede8,info,loaded from checkpoint (not recomputed)
2026-10-06T04:52:29,20261006T042229102930Z,Houston_SanJacinto_2017,placebo,ok,population-density placebo ladder and population control done
2026-10-06T04:52:31,20261006T042229102930Z,Houston_SanJacinto_2017,city,ok,finished in 1.2 min
2026-10-06T04:55:13,20261006T042229102930Z,(all),synthesis,ok,"10 cities (10 under the current pre-registration); confirmatory k=9, evaluable k=7, localisable k=1 -> paper_synthesis/"
2026-10-06T04:55:14,20261006T042229102930Z,Jakarta_2020,exclude,info,"7,720 permanent-water cells (JRC occurrence >= 50%) excluded"
2026-10-06T04:55:14,20261006T042229102930Z,Jakarta_2020,exclude,ok,"7,720 of 71,661 cells excluded (10.8%); 1054 flooded among 63,941 analysed"
2026-10-06T04:55:16,20261006T042229102930Z,Jakarta_2020,cv:blocks,ok,label autocorrelation < 0.1 by 1000 m -> CV tile 2000 m + buffer 500 m (correlogram range 1000 m)
2026-10-06T04:55:17,20261006T042229102930Z,Jakarta_2020,resume:ladder_A_terrain_first_full_fa0ed1a3d3110df0_5_5e3b8a0247,info,loaded from checkpoint (not recomputed)
2026-10-06T04:55:18,20261006T042229102930Z,Jakarta_2020,gradient:A_terrain_first,info,without R0: 0 of 4 primary slopes have a 95% CI entirely below 0 []
2026-10-06T04:55:18,20261006T042229102930Z,Jakarta_2020,gated:A_terrain_first,warn,67% of fold fits chose the edge of the gate grid (alpha=2.0 or tau=0.3); see the gated_wide_grid sensitivity variant
2026-10-06T04:55:28,20261006T042229102930Z,Jakarta_2020,effects:A_terrain_first,ok,"top rung: info_nats_fm -0.0015 [-0.0032, +0.0001] inconclusive; info_frac_fm -0.0113 [-0.0263, +0.0007] inconclusive; dAP_stacked_fm -0.0215 [-0.0273, -0.0094] harmful; dAP_gated_fm -0.0050 [-0.0156, +0.0041] inconclusive; dAP_early_fm -0.0114 [-0.0283, +0.0058] inconclusive; dAP_adr_legacy_fm -0.0014 [-0.0034, +0.0010] saturated | social gain saturated from: None"
2026-10-06T04:55:28,20261006T042229102930Z,Jakarta_2020,ladder:A_terrain_first,ok,6 rungs in 0.2 min
2026-10-06T04:55:29,20261006T042229102930Z,Jakarta_2020,resume:ladder_B_surface_first_full_fa0ed1a3d3110df0_5_5e3b8a0247,info,loaded from checkpoint (not recomputed)
2026-10-06T04:55:30,20261006T042229102930Z,Jakarta_2020,gradient:B_surface_first,info,without R0: 1 of 4 primary slopes have a 95% CI entirely below 0 ['dAP_stacked_fm_adj']
2026-10-06T04:55:30,20261006T042229102930Z,Jakarta_2020,gated:B_surface_first,warn,60% of fold fits chose the edge of the gate grid (alpha=2.0 or tau=0.3); see the gated_wide_grid sensitivity variant
2026-10-06T04:55:42,20261006T042229102930Z,Jakarta_2020,effects:B_surface_first,ok,"top rung: info_nats_fm -0.0015 [-0.0032, +0.0001] inconclusive; info_frac_fm -0.0113 [-0.0263, +0.0007] inconclusive; dAP_stacked_fm -0.0215 [-0.0273, -0.0094] harmful; dAP_gated_fm -0.0050 [-0.0156, +0.0041] inconclusive; dAP_early_fm -0.0114 [-0.0283, +0.0058] inconclusive; dAP_adr_legacy_fm -0.0014 [-0.0034, +0.0010] saturated | social gain saturated from: None"
2026-10-06T04:55:42,20261006T042229102930Z,Jakarta_2020,ladder:B_surface_first,ok,6 rungs in 0.2 min
2026-10-06T04:55:43,20261006T042229102930Z,Jakarta_2020,resume:lens_S_mentions_full_fa0ed1a3d3110df0_5_5e3b8a0247,info,loaded from checkpoint (not recomputed)
2026-10-06T04:55:45,20261006T042229102930Z,Jakarta_2020,resume:lens_S_negative_full_fa0ed1a3d3110df0_5_5e3b8a0247,info,loaded from checkpoint (not recomputed)
2026-10-06T04:55:46,20261006T042229102930Z,Jakarta_2020,resume:lens_S_distress_full_fa0ed1a3d3110df0_5_5e3b8a0247,info,loaded from checkpoint (not recomputed)
2026-10-06T04:55:47,20261006T042229102930Z,Jakarta_2020,resume:lens_S_src_gdelt_bigquery_full_fa0ed1a3d3110df0_5_5e3b8a0247,info,loaded from checkpoint (not recomputed)
2026-10-06T04:55:48,20261006T042229102930Z,Jakarta_2020,resume:lens_S_src_reddit_arcticshift_full_fa0ed1a3d3110df0_5_5e3b8a0247,info,loaded from checkpoint (not recomputed)
2026-10-06T04:55:49,20261006T042229102930Z,Jakarta_2020,resume:lens_S_src_google_news_rss_full_fa0ed1a3d3110df0_5_5e3b8a0247,info,loaded from checkpoint (not recomputed)
2026-10-06T04:55:49,20261006T042229102930Z,Jakarta_2020,resume:lens_S_mentions+S_negative+S_distress_full_fa0ed1a3d3110df0_5_5e3b8a0247,info,loaded from checkpoint (not recomputed)
2026-10-06T04:55:49,20261006T042229102930Z,Jakarta_2020,emotion_lens,ok,7 channel sets at rung R5_+sar_event
2026-10-06T04:55:51,20261006T042229102930Z,Jakarta_2020,resume:sens_bandwidth_1000m_full_869120faebed480d_5_5e3b8a0247_xgb,info,loaded from checkpoint (not recomputed)
2026-10-06T04:55:54,20261006T042229102930Z,Jakarta_2020,resume:sens_window_minus3_plus3_full_6029743887c5627b_5_5e3b8a0247_xgb,info,loaded from checkpoint (not recomputed)
2026-10-06T04:55:55,20261006T042229102930Z,Jakarta_2020,resume:sens_gated_wide_grid_full_2a9c12f2cfd5e241_5_5e3b8a0247_xgb,info,loaded from checkpoint (not recomputed)
2026-10-06T04:55:56,20261006T042229102930Z,Jakarta_2020,resume:sens_learner_logistic_full_2a9c12f2cfd5e241_5_5e3b8a0247_logistic,info,loaded from checkpoint (not recomputed)
2026-10-06T04:55:56,20261006T042229102930Z,Jakarta_2020,sensitivity,ok,4 variants
2026-10-06T04:55:56,20261006T042229102930Z,Jakarta_2020,placebo,info,social layer vs population-density layer: Spearman 0.75
2026-10-06T04:55:57,20261006T042229102930Z,Jakarta_2020,resume:placebo_pop_full_1881ffd411baa1fa_5_5e3b8a0247,info,loaded from checkpoint (not recomputed)
2026-10-06T04:56:09,20261006T042229102930Z,Jakarta_2020,resume:control_pop_full_dc203b8d7d25caed_5_5e3b8a0247,info,loaded from checkpoint (not recomputed)
2026-10-06T04:56:10,20261006T042229102930Z,Jakarta_2020,placebo,ok,population-density placebo ladder and population control done
2026-10-06T04:56:12,20261006T042229102930Z,Jakarta_2020,city,ok,finished in 1.0 min
2026-10-06T04:58:58,20261006T042229102930Z,(all),synthesis,ok,"10 cities (10 under the current pre-registration); confirmatory k=9, evaluable k=7, localisable k=1 -> paper_synthesis/"
2026-10-06T05:02:25,20261006T042229102930Z,(all),synthesis,ok,"10 cities (10 under the current pre-registration); confirmatory k=9, evaluable k=7, localisable k=1 -> paper_synthesis/"
2026-10-06T12:54:32,20261006T125256654202Z,Chennai_2015,label:verify,ok,file_url NRSC 2015 flood inundation zone (via Chennai SDSS; image date/sensor not stated): ok 5475 kB
2026-10-06T12:54:40,20261006T125256654202Z,Chennai_2015,label:verify,ok,file_url GCC water-stagnation locations 2015 (points): ok 513 kB
2026-10-06T12:54:40,20261006T125256654202Z,Chennai_2015,label:verify,ok,"file_url OSM-India crowdsourced flooded streets, 11:00 2 Dec 2015: ok 949 kB"
2026-10-06T12:54:41,20261006T125256654202Z,Chennai_2015,label:verify,ok,gfd Global Flood Database DFO 4309 (MODIS 250 m): ok 108 kB
2026-10-06T12:54:42,20261006T125256654202Z,Valencia_2024,label:verify,ok,copernicus_ems EMSR773 (DEL images 30 Oct - 8 Nov 2024): ok 233 kB
2026-10-06T12:54:43,20261006T125256654202Z,EmiliaRomagna_2023a,label:verify,ok,copernicus_ems EMSR659 (DEL images 4 May 2023): ok 36 kB
2026-10-06T12:54:44,20261006T125256654202Z,Forli_2023b,label:verify,ok,copernicus_ems EMSR664 AOI01 Forlì (DEL images 17-21 May 2023): ok 42 kB
2026-10-06T12:54:45,20261006T125256654202Z,York_2015,label:verify,ok,file_url EA Recorded Flood Outline rec_out_id 4084890 'December 2015 Flood Event' (Ouse/Derwent; clipped to York): ok 2878 kB
2026-10-06T12:55:14,20261006T125256654202Z,York_2015,label:verify,ok,copernicus_ems EMSR150 AOI01 York delineation: ok 2481 kB
2026-10-06T12:55:15,20261006T125256654202Z,Carlisle_2015,label:verify,ok,file_url EA Recorded Flood Outline rec_out_id 4078182 'Carlisle (including Crosby-on-Eden) 05_12_2015': ok 53 kB
2026-10-06T12:55:30,20261006T125256654202Z,Carlisle_2015,label:verify,ok,copernicus_ems EMSR147 AOI01 Carlisle delineation: ok 1930 kB
2026-10-06T12:55:31,20261006T125256654202Z,PortoAlegre_2024,label:verify,ok,arcgis_featureserver EMSN194 Extent Temporal Evolution layers: ok 3 kB
2026-10-06T12:55:32,20261006T125256654202Z,TaquariValley_2024,label:verify,ok,"copernicus_ems EMSR720 (AOIs Guaporé, Encantado, Roca Sales, Das Antas, Santa Tereza): ok 65 kB"
2026-10-06T12:55:32,20261006T125256654202Z,Houston_SanJacinto_2017,label:verify,ok,"usgs_sciencebase USGS 10.5066/F7VH5N3N, San Jacinto child 5aa023ebe4b0b1c392e6881b: ok 20 kB"
2026-10-06T12:55:33,20261006T125256654202Z,Houston_SanJacinto_2017,label:verify,ok,"usgs_stn STN event 180 (2017 Harvey), Harris + Montgomery counties: ok 792 kB"
2026-10-06T12:55:35,20261006T125256654202Z,Jakarta_2020,label:verify,ok,petabencana reports archive (crowdsourced): ok 180 kB
2026-10-06T12:55:39,20261006T125256654202Z,Chennai_2015,label:file_url,info,label Chennai2015_NRSC_inundation_zone.kml: 2009 feature(s) in the study area (sha256 fa6943b2916d)
2026-10-06T12:55:39,20261006T125256654202Z,Chennai_2015,label:assets,ok,"froze 2009 features -> Chennai_2015_labels.gpkg (1.68 MB, sha256 680964415143)"
2026-10-06T12:55:40,20261006T125256654202Z,Valencia_2024,label:copernicus_ems,info,1 product(s) imaged outside the event window 2024-10-28..2024-11-09 dropped: ['AOI11 DEL (2024-11-11..2024-11-11)']
2026-10-06T12:55:40,20261006T125256654202Z,Valencia_2024,label:copernicus_ems,ok,9 product(s) of type ['DEL'] imaged ['2024-10-30']..['2024-11-08'] listed by https://rapidmapping.emergency.copernicus.eu
2026-10-06T12:55:42,20261006T125256654202Z,Valencia_2024,label:vector,info,EMSR773_AOI01_DEL_PRODUCT_v1.zip: 1 duplicate layer copy(ies) ignored (same layer as .json and .shp)
2026-10-06T12:55:51,20261006T125256654202Z,Valencia_2024,label:vector,info,EMSR773_AOI01_DEL_MONIT01_v1.zip: 2 duplicate layer copy(ies) ignored (same layer as .json and .shp)
2026-10-06T12:56:02,20261006T125256654202Z,Valencia_2024,label:vector,info,EMSR773_AOI01_DEL_MONIT02_v1.zip: 2 duplicate layer copy(ies) ignored (same layer as .json and .shp)
2026-10-06T12:56:12,20261006T125256654202Z,Valencia_2024,label:vector,info,EMSR773_AOI01_DEL_MONIT03_v1.zip: 2 duplicate layer copy(ies) ignored (same layer as .json and .shp)
2026-10-06T12:56:19,20261006T125256654202Z,Valencia_2024,label:vector,info,EMSR773_AOI01_DEL_MONIT04_v1.zip: 2 duplicate layer copy(ies) ignored (same layer as .json and .shp)
2026-10-06T12:56:27,20261006T125256654202Z,Valencia_2024,label:vector,info,EMSR773_AOI02_DEL_PRODUCT_v2.zip: 1 duplicate layer copy(ies) ignored (same layer as .json and .shp)
2026-10-06T12:56:32,20261006T125256654202Z,Valencia_2024,label:vector,info,"EMSR773_AOI02_DEL_PRODUCT_v2.zip: 1 layer(s) read, none intersecting the study area"
2026-10-06T12:56:33,20261006T125256654202Z,Valencia_2024,label:vector,info,EMSR773_AOI03_DEL_PRODUCT_v1.zip: 1 duplicate layer copy(ies) ignored (same layer as .json and .shp)
2026-10-06T12:56:40,20261006T125256654202Z,Valencia_2024,label:vector,info,EMSR773_AOI04_DEL_PRODUCT_v1.zip: 1 duplicate layer copy(ies) ignored (same layer as .json and .shp)
2026-10-06T12:56:46,20261006T125256654202Z,Valencia_2024,label:vector,info,"EMSR773_AOI04_DEL_PRODUCT_v1.zip: 1 layer(s) read, none intersecting the study area"
2026-10-06T12:56:47,20261006T125256654202Z,Valencia_2024,label:vector,info,EMSR773_AOI06_DEL_MONIT01_v1.zip: 2 duplicate layer copy(ies) ignored (same layer as .json and .shp)
2026-10-06T12:56:54,20261006T125256654202Z,Valencia_2024,label:vector,info,"EMSR773_AOI06_DEL_MONIT01_v1.zip: 2 layer(s) read, none intersecting the study area"
2026-10-06T12:56:54,20261006T125256654202Z,Valencia_2024,label:copernicus_ems,info,"areas of interest outside the study area, not downloaded further: AOI02, AOI04, AOI06"
2026-10-06T12:56:55,20261006T125256654202Z,Valencia_2024,label:assets,ok,"froze 2220 features -> Valencia_2024_labels.gpkg (14.88 MB, sha256 cdb1afde6fad)"
2026-10-06T12:56:56,20261006T125256654202Z,EmiliaRomagna_2023a,label:copernicus_ems,ok,4 product(s) of type ['DEL'] imaged ['2023-05-04']..['2023-05-04'] listed by https://rapidmapping.emergency.copernicus.eu
2026-10-06T12:56:57,20261006T125256654202Z,EmiliaRomagna_2023a,label:vector,info,EMSR659_AOI01_DEL_PRODUCT_v2.zip: 2 duplicate layer copy(ies) ignored (same layer as .json and .shp)
2026-10-06T12:57:06,20261006T125256654202Z,EmiliaRomagna_2023a,label:vector,info,EMSR659_AOI02_DEL_PRODUCT_v2.zip: 2 duplicate layer copy(ies) ignored (same layer as .json and .shp)
2026-10-06T12:57:08,20261006T125256654202Z,EmiliaRomagna_2023a,label:vector,info,EMSR659_AOI03_DEL_PRODUCT_v1.zip: 2 duplicate layer copy(ies) ignored (same layer as .json and .shp)
2026-10-06T12:57:11,20261006T125256654202Z,EmiliaRomagna_2023a,label:vector,info,EMSR659_AOI04_DEL_PRODUCT_v1.zip: 4 duplicate layer copy(ies) ignored (same layer as .json and .shp)
2026-10-06T12:57:16,20261006T125256654202Z,EmiliaRomagna_2023a,label:assets,ok,"froze 406 features -> EmiliaRomagna_2023a_labels.gpkg (4.50 MB, sha256 5600c7d1637b)"
2026-10-06T12:57:17,20261006T125256654202Z,Forli_2023b,label:copernicus_ems,ok,4 product(s) of type ['DEL'] imaged ['2023-05-17']..['2023-05-21'] listed by https://rapidmapping.emergency.copernicus.eu
2026-10-06T12:57:19,20261006T125256654202Z,Forli_2023b,label:vector,info,EMSR664_AOI01_DEL_PRODUCT_v1.zip: 2 duplicate layer copy(ies) ignored (same layer as .json and .shp)
2026-10-06T12:57:29,20261006T125256654202Z,Forli_2023b,label:vector,info,EMSR664_AOI01_DEL_MONIT01_v1.zip: 4 duplicate layer copy(ies) ignored (same layer as .json and .shp)
2026-10-06T12:57:41,20261006T125256654202Z,Forli_2023b,label:vector,info,EMSR664_AOI01_DEL_MONIT02_v2.zip: 4 duplicate layer copy(ies) ignored (same layer as .json and .shp)
2026-10-06T12:57:53,20261006T125256654202Z,Forli_2023b,label:vector,info,EMSR664_AOI01_DEL_MONIT03_v1.zip: 4 duplicate layer copy(ies) ignored (same layer as .json and .shp)
2026-10-06T12:58:00,20261006T125256654202Z,Forli_2023b,label:assets,ok,"froze 1991 features -> Forli_2023b_labels.gpkg (9.72 MB, sha256 fb57ade349c6)"
2026-10-06T12:58:01,20261006T125256654202Z,York_2015,label:file_url,info,label EA_RFO_4084890_OuseDerwent_2015-12-25.geojson: 1 feature(s) in the study area (sha256 f947819777ad)
2026-10-06T12:58:01,20261006T125256654202Z,York_2015,label:assets,ok,"froze 1 features -> York_2015_labels.gpkg (2.21 MB, sha256 88712d020518)"
2026-10-06T12:58:02,20261006T125256654202Z,Carlisle_2015,label:file_url,info,label EA_RFO_4078182_Carlisle_2015-12-05.geojson: 1 feature(s) in the study area (sha256 357aab8fbb88)
2026-10-06T12:58:02,20261006T125256654202Z,Carlisle_2015,label:assets,ok,"froze 1 features -> Carlisle_2015_labels.gpkg (0.14 MB, sha256 9f2fbcdeea9c)"
2026-10-06T12:58:02,20261006T125256654202Z,PortoAlegre_2024,label:arcgis,info,"4 extent layer(s) dated inside 2024-05-03..2024-05-15: ['Extent Temporal Evolution 04/05/2024', 'Extent Temporal Evolution 06/05/2024', 'Extent Temporal Evolution 08/05/2024', 'Extent Temporal Evolution 10/05/2024']; outside/undated: ['8:Extent Temporal Evolution 30/04/2024', '9:Extent Temporal Evolution 02/05/2024']"
2026-10-06T12:58:14,20261006T125256654202Z,PortoAlegre_2024,label:arcgis,ok,13011 extent features from 4 dated layer(s)
2026-10-06T12:58:15,20261006T125256654202Z,PortoAlegre_2024,label:assets,ok,"froze 13011 features -> PortoAlegre_2024_labels.gpkg (8.08 MB, sha256 d1201ab37de1)"
2026-10-06T12:58:16,20261006T125256654202Z,TaquariValley_2024,label:copernicus_ems,ok,7 product(s) of type ['DEL'] imaged ['2024-05-04']..['2024-05-05'] listed by https://rapidmapping.emergency.copernicus.eu
2026-10-06T12:58:18,20261006T125256654202Z,TaquariValley_2024,label:vector,info,EMSR720_AOI02_DEL_PRODUCT_v1.zip: 1 duplicate layer copy(ies) ignored (same layer as .json and .shp)
2026-10-06T12:58:24,20261006T125256654202Z,TaquariValley_2024,label:vector,info,EMSR720_AOI02_DEL_MONIT01_v1.zip: 2 duplicate layer copy(ies) ignored (same layer as .json and .shp)
2026-10-06T12:58:30,20261006T125256654202Z,TaquariValley_2024,label:vector,info,EMSR720_AOI03_DEL_PRODUCT_v1.zip: 1 duplicate layer copy(ies) ignored (same layer as .json and .shp)
2026-10-06T12:58:35,20261006T125256654202Z,TaquariValley_2024,label:assets,ok,"froze 641 features -> TaquariValley_2024_labels.gpkg (1.81 MB, sha256 c0eab59a9855)"
2026-10-06T12:58:36,20261006T125256654202Z,Houston_SanJacinto_2017,label:usgs_sciencebase,info,"1 items in the release; 1 carry a bounding box, 1 intersect the study area; 0 without a bounding box are also searched"
2026-10-06T12:58:46,20261006T125256654202Z,Houston_SanJacinto_2017,label:usgs_sciencebase,info,"features by role: coverage=1, flood=1, ignore=85 (coverage = mapped-area boundary, used as the valid mask; ignore = e.g. HWM points)"
2026-10-06T12:58:47,20261006T125256654202Z,Houston_SanJacinto_2017,label:usgs_sciencebase,ok,1 vector features and 0 depth raster(s) inside the study area
2026-10-06T12:58:48,20261006T125256654202Z,Houston_SanJacinto_2017,label:assets,ok,"froze 1 features -> Houston_SanJacinto_2017_labels.gpkg (31.47 MB, sha256 32e6525a3e7b)"
2026-10-06T12:58:48,20261006T125256654202Z,Jakarta_2020,label:petabencana,ok,"289 reports in 2019-12-31..2020-01-04, 255 flood reports inside the study area (buffered 150 m)"
2026-10-06T12:58:49,20261006T125256654202Z,Jakarta_2020,label:assets,ok,"froze 255 features -> Jakarta_2020_labels.gpkg (0.14 MB, sha256 a29a838a6960)"
2026-10-06T12:58:49,20261006T125256654202Z,,label:assets,ok,manifest written: /content/drive/MyDrive/saturation_v4/label_assets/label_assets_manifest.csv
2026-10-06T12:58:52,20261006T125256654202Z,Chennai_2015,grid,ok,"400x251 raster at 100 m, 42,182 cells in study area, EPSG:32644"
2026-10-06T13:00:51,20261006T125256654202Z,Chennai_2015,physical:terrain,ok,"['elev_m', 'slope_deg', 'tpi_1km'] in 118s"
2026-10-06T13:01:09,20261006T125256654202Z,Chennai_2015,physical:surface,ok,"['built_frac', 'tree_frac', 'dw_built'] in 18s"
2026-10-06T13:01:11,20261006T125256654202Z,Chennai_2015,physical:hydrography,ok,"['hand_m', 'log_upa', 'dist_water_m', 'jrc_occ'] in 3s"
2026-10-06T13:01:14,20261006T125256654202Z,Chennai_2015,physical:forcing,ok,"['era5_rain_72h', 'era5_rain_ante7d', 'era5_sm_l1', 'imerg_rain_72h'] in 3s"
2026-10-06T13:01:34,20261006T125256654202Z,Chennai_2015,physical:sar_event,ok,['s1_vv_drop_db'] in 19s
2026-10-06T13:01:34,20261006T125256654202Z,Chennai_2015,physical:fill,info,hand_m: 125 cells (0.3%) filled from the nearest valid cell (max distance 0.4 km)
2026-10-06T13:01:34,20261006T125256654202Z,Chennai_2015,physical:fill,info,log_upa: 125 cells (0.3%) filled from the nearest valid cell (max distance 0.4 km)
2026-10-06T13:01:34,20261006T125256654202Z,Chennai_2015,physical:fill,info,era5_rain_72h: 14447 cells (34.2%) filled from the nearest valid cell (max distance 9.8 km)
2026-10-06T13:01:34,20261006T125256654202Z,Chennai_2015,physical:fill,info,era5_rain_ante7d: 14447 cells (34.2%) filled from the nearest valid cell (max distance 9.8 km)
2026-10-06T13:01:34,20261006T125256654202Z,Chennai_2015,physical:fill,info,era5_sm_l1: 14447 cells (34.2%) filled from the nearest valid cell (max distance 9.8 km)
2026-10-06T13:01:34,20261006T125256654202Z,Chennai_2015,physical:coarse,info,era5_rain_72h: 6 distinct values within the city (native ~9-11 km)
2026-10-06T13:01:34,20261006T125256654202Z,Chennai_2015,physical:coarse,info,era5_rain_ante7d: 6 distinct values within the city (native ~9-11 km)
2026-10-06T13:01:34,20261006T125256654202Z,Chennai_2015,physical:coarse,info,era5_sm_l1: 6 distinct values within the city (native ~9-11 km)
2026-10-06T13:01:34,20261006T125256654202Z,Chennai_2015,physical:coarse,info,imerg_rain_72h: 11 distinct values within the city (native ~9-11 km)
2026-10-06T13:01:34,20261006T125256654202Z,Chennai_2015,physical:missing,warn,dw_built: 80.9% still missing after nearest-cell fill -> city median
2026-10-06T13:01:35,20261006T125256654202Z,Chennai_2015,label:file_url,info,label Chennai2015_NRSC_inundation_zone.kml: 2009 feature(s) in the study area (sha256 fa6943b2916d)
2026-10-06T13:01:35,20261006T125256654202Z,Chennai_2015,label:file_url,info,2009 features -> 9428 cells (22.351% of the study area)
2026-10-06T13:01:36,20261006T125256654202Z,Chennai_2015,label:file_url:nrsc,ok,"accepted: 9428 positive cells, prevalence 22.3508% of 42,182 observable cells [ground truth tier A_authoritative]"
2026-10-06T13:01:36,20261006T125256654202Z,Chennai_2015,labels,ok,"source=file_url:nrsc, positives=9428, prevalence=22.3508% of 42,182 observable cells"
2026-10-06T13:01:37,20261006T125256654202Z,Chennai_2015,social:gdelt_parse,ok,8993 raw rows -> 8993 flood-themed -> 8993 mention the city; 0 have a page title (8993 use URL words + GDELT location names; titles exist only from 2019-09-22)
2026-10-06T13:01:37,20261006T125256654202Z,Chennai_2015,social:gdelt_bigquery,info,"8993 fetched -> 8992 kept (1 outside the window, empty or duplicate)"
2026-10-06T13:01:37,20261006T125256654202Z,Chennai_2015,social:gdelt_bigquery,ok,8992 documents in window
2026-10-06T13:01:49,20261006T125256654202Z,Chennai_2015,social:google_news_rss,info,"234 fetched -> 111 kept (123 outside the window, empty or duplicate)"
2026-10-06T13:01:49,20261006T125256654202Z,Chennai_2015,social:google_news_rss,ok,111 documents in window
2026-10-06T13:02:14,20261006T125256654202Z,Chennai_2015,social:reddit_arcticshift,ok,606 documents in window
2026-10-06T13:02:20,20261006T125256654202Z,Chennai_2015,social:youtube,info,"900 fetched -> 425 kept (475 outside the window, empty or duplicate)"
2026-10-06T13:02:20,20261006T125256654202Z,Chennai_2015,social:youtube,ok,425 documents in window
2026-10-06T13:02:20,20261006T125256654202Z,Chennai_2015,social:petabencana,skip,not an Indonesian city
2026-10-06T13:02:55,20261006T125256654202Z,Chennai_2015,social:wikimedia_commons,info,5000 of 5390 files examined ...
2026-10-06T13:02:57,20261006T125256654202Z,Chennai_2015,social:wikimedia_commons,info,"5390 geotagged files in the box (55 tile requests, 10 dense tiles subdivided); 0 flood photos taken in the window"
2026-10-06T13:02:57,20261006T125256654202Z,Chennai_2015,social:wikimedia_commons,warn,0 documents in window
2026-10-06T13:02:57,20261006T125256654202Z,Chennai_2015,social:dedupe,info,"10134 documents -> 8078 after de-duplication (1370 syndicated wire copies, 686 repeated texts or photos)"
2026-10-06T13:03:03,20261006T125256654202Z,Chennai_2015,social:gazetteer,info,3 ambiguous names (same name >2 km apart) dropped
2026-10-06T13:03:03,20261006T125256654202Z,Chennai_2015,social:gazetteer,ok,GeoNames IN: 206 populated places inside the study area -> 336 gazetteer names; 173 names of 121 towns outside it (within 80 km) will not be placed inside it
2026-10-06T13:03:04,20261006T125256654202Z,Chennai_2015,social:gazetteer,info,2 gazetteer names shared with neighbouring towns outside the study area removed
2026-10-06T13:03:08,20261006T125256654202Z,Chennai_2015,social:toponyms,info,"rule t5: 767 gazetteer candidates rejected at acquisition {'name': 0, 'occurrence': 767}"
2026-10-06T13:30:46,20261006T125256654202Z,Chennai_2015,social:toponyms,info,"rule t5: 4603 NER candidates rejected before geocoding {'name': 1452, 'occurrence': 3151}"
2026-10-06T13:30:46,20261006T125256654202Z,Chennai_2015,social:places,ok,"3642 mentions from 1540 documents (gazetteer names=334, geocoder calls=36, cache hits=1737)"
2026-10-06T13:31:13,20261006T125256654202Z,Chennai_2015,social:mentions,ok,"3642 mentions: 0 from geotagged documents, 3642 from place names in text"
2026-10-06T13:31:14,20261006T125256654202Z,Chennai_2015,social:concentration,info,"87 distinct locations, effective 19.57; top place 'Adyar' = 14% of mentions; top 5: [('Adyar', 0.144), ('Saidapet', 0.074), ('Kotturpuram', 0.068), ('Kodambakkam', 0.053), ('Manali', 0.046)]"
2026-10-06T13:31:14,20261006T125256654202Z,Chennai_2015,acquire:complete,ok,every source answered and every place name was looked up
2026-10-06T13:31:15,20261006T125256654202Z,Chennai_2015,social:localisation,ok,"eligible for the pooled gradient analysis: 3031 mentions in the primary window, 19.0 effective locations, top place Adyar = 0.147 (rule: >= 100, >= 10, <= 0.4)"
2026-10-06T13:31:15,20261006T125256654202Z,Chennai_2015,social:signal,info,"primary-window layer is a news-media signal {'news': 0.967, 'social_media': 0.033}; report it under that name"
2026-10-06T13:31:16,20261006T125256654202Z,Chennai_2015,exposure:population,ok,"JRC/GHSL/P2023A/GHS_POP/2015: median 12415 residents/km², max 196250"
2026-10-06T13:31:17,20261006T125256654202Z,Chennai_2015,acquire,ok,analysis inputs saved (4.1 MB) in 32.4 min -> Chennai_2015/_analysis_inputs.pkl.gz
2026-10-06T13:31:17,20261006T125256654202Z,Valencia_2024,resume:grid_10490e75a5,info,loaded from checkpoint (not recomputed)
2026-10-06T13:31:17,20261006T125256654202Z,Valencia_2024,grid,ok,"228x180 raster at 100 m, 38,269 cells in study area, EPSG:32630"
2026-10-06T13:31:18,20261006T125256654202Z,Valencia_2024,resume:physical_9c421b20df,info,loaded from checkpoint (not recomputed)
2026-10-06T13:31:18,20261006T125256654202Z,Valencia_2024,resume:labels_a6fcbc4bec,info,loaded from checkpoint (not recomputed)
2026-10-06T13:31:18,20261006T125256654202Z,Valencia_2024,labels,ok,"source=copernicus_ems, positives=10477, prevalence=27.3773% of 38,269 observable cells"
2026-10-06T13:31:21,20261006T125256654202Z,Valencia_2024,social:gdelt_parse,ok,20828 raw rows -> 20828 flood-themed -> 19966 mention the city; 19919 have a page title (47 use URL words + GDELT location names; titles exist only from 2019-09-22)
2026-10-06T13:31:22,20261006T125256654202Z,Valencia_2024,social:gdelt_bigquery,ok,19966 documents in window
2026-10-06T13:31:40,20261006T125256654202Z,Valencia_2024,social:google_news_rss,info,"669 fetched -> 404 kept (265 outside the window, empty or duplicate)"
2026-10-06T13:31:40,20261006T125256654202Z,Valencia_2024,social:google_news_rss,ok,404 documents in window
2026-10-06T13:31:48,20261006T125256654202Z,Valencia_2024,social:reddit_arcticshift,ok,408 documents in window
2026-10-06T13:31:53,20261006T125256654202Z,Valencia_2024,social:youtube,info,"600 fetched -> 336 kept (264 outside the window, empty or duplicate)"
2026-10-06T13:31:53,20261006T125256654202Z,Valencia_2024,social:youtube,ok,336 documents in window
2026-10-06T13:31:53,20261006T125256654202Z,Valencia_2024,social:petabencana,skip,not an Indonesian city
2026-10-06T13:33:01,20261006T125256654202Z,Valencia_2024,social:wikimedia_commons,info,5000 of 25230 files examined ...
2026-10-06T13:33:26,20261006T125256654202Z,Valencia_2024,social:wikimedia_commons,info,10000 of 25230 files examined ...
2026-10-06T13:33:52,20261006T125256654202Z,Valencia_2024,social:wikimedia_commons,info,15000 of 25230 files examined ...
2026-10-06T13:34:17,20261006T125256654202Z,Valencia_2024,social:wikimedia_commons,info,20000 of 25230 files examined ...
2026-10-06T13:34:49,20261006T125256654202Z,Valencia_2024,social:wikimedia_commons,info,25000 of 25230 files examined ...
2026-10-06T13:34:50,20261006T125256654202Z,Valencia_2024,social:wikimedia_commons,info,"25230 geotagged files in the box (173 tile requests, 41 dense tiles subdivided); 0 flood photos taken in the window"
2026-10-06T13:34:50,20261006T125256654202Z,Valencia_2024,social:wikimedia_commons,warn,2 spots of about 139 m still hold 500 or more files (a heavily photographed landmark); only 500 of each were read. Report this
2026-10-06T13:34:50,20261006T125256654202Z,Valencia_2024,social:wikimedia_commons,warn,0 documents in window
2026-10-06T13:34:51,20261006T125256654202Z,Valencia_2024,social:dedupe,info,"21114 documents -> 17971 after de-duplication (1362 syndicated wire copies, 1781 repeated texts or photos)"
2026-10-06T13:34:54,20261006T125256654202Z,Valencia_2024,social:gazetteer,ok,GeoNames ES: 103 populated places inside the study area -> 147 gazetteer names; 259 names of 212 towns outside it (within 80 km) will not be placed inside it
2026-10-06T13:34:55,20261006T125256654202Z,Valencia_2024,social:gazetteer,info,2 gazetteer names shared with neighbouring towns outside the study area removed
2026-10-06T13:35:00,20261006T125256654202Z,Valencia_2024,social:toponyms,info,"rule t5: 417 gazetteer candidates rejected at acquisition {'name': 0, 'occurrence': 417}"
2026-10-06T14:56:41,20261006T125256654202Z,Valencia_2024,social:toponyms,info,"rule t5: 47528 NER candidates rejected before geocoding {'name': 21268, 'occurrence': 26260}"
2026-10-06T14:56:42,20261006T125256654202Z,Valencia_2024,social:places,ok,"2201 mentions from 1671 documents (gazetteer names=145, geocoder calls=13, cache hits=12726)"
2026-10-06T14:57:20,20261006T125256654202Z,Valencia_2024,social:mentions,ok,"2201 mentions: 0 from geotagged documents, 2201 from place names in text"
2026-10-06T14:57:20,20261006T125256654202Z,Valencia_2024,social:concentration,warn,"25 distinct locations, effective 3.86; top place 'Paiporta' = 44% of mentions; top 5: [('Paiporta', 0.443), ('Sedavi', 0.161), ('Alfafar', 0.136), ('Catarroja', 0.114), ('Picana', 0.066)]  <- the layer is carried by very few points; it cannot localise flooding. Check the top places are real places inside the study area"
2026-10-06T14:57:21,20261006T125256654202Z,Valencia_2024,acquire:complete,ok,every source answered and every place name was looked up
2026-10-06T14:57:23,20261006T125256654202Z,Valencia_2024,social:localisation,warn,"NOT eligible for the pooled gradient analysis: 1720 mentions in the primary window, 3.99 effective locations, top place Paiporta = 0.43 (rule: >= 100, >= 10, <= 0.4)"
2026-10-06T14:57:23,20261006T125256654202Z,Valencia_2024,social:signal,info,"primary-window layer is a news-media signal {'news': 0.958, 'social_media': 0.042}; report it under that name"
2026-10-06T14:57:24,20261006T125256654202Z,Valencia_2024,exposure:population,ok,"JRC/GHSL/P2023A/GHS_POP/2020: median 8 residents/km², max 94205"
2026-10-06T14:57:25,20261006T125256654202Z,Valencia_2024,acquire,ok,analysis inputs saved (3.9 MB) in 86.1 min -> Valencia_2024/_analysis_inputs.pkl.gz
2026-10-06T14:57:26,20261006T125256654202Z,EmiliaRomagna_2023a,label:copernicus_ems,ok,4 product(s) of type ['DEL'] imaged ['2023-05-04']..['2023-05-04'] listed by https://rapidmapping.emergency.copernicus.eu
2026-10-06T14:57:26,20261006T125256654202Z,EmiliaRomagna_2023a,label:vector,info,EMSR659_AOI01_DEL_PRODUCT_v2.zip: 2 duplicate layer copy(ies) ignored (same layer as .json and .shp)
2026-10-06T14:57:27,20261006T125256654202Z,EmiliaRomagna_2023a,label:vector,info,EMSR659_AOI02_DEL_PRODUCT_v2.zip: 2 duplicate layer copy(ies) ignored (same layer as .json and .shp)
2026-10-06T14:57:27,20261006T125256654202Z,EmiliaRomagna_2023a,label:vector,info,EMSR659_AOI03_DEL_PRODUCT_v1.zip: 2 duplicate layer copy(ies) ignored (same layer as .json and .shp)
2026-10-06T14:57:27,20261006T125256654202Z,EmiliaRomagna_2023a,label:vector,info,EMSR659_AOI04_DEL_PRODUCT_v1.zip: 4 duplicate layer copy(ies) ignored (same layer as .json and .shp)
2026-10-06T14:57:27,20261006T125256654202Z,EmiliaRomagna_2023a,label:probe,ok,"copernicus_ems: 406 features spanning 34 x 33 km -> bounds {""min_lon"": 11.598, ""min_lat"": 44.254, ""max_lon"": 12.08, ""max_lat"": 44.59}"
2026-10-06T14:57:28,20261006T125256654202Z,EmiliaRomagna_2023a,grid:boundary,info,"study area = bounding box by configuration (the flooding crosses administrative boundaries, so no single city polygon fits)"
2026-10-06T14:57:28,20261006T125256654202Z,EmiliaRomagna_2023a,grid,ok,"387x397 raster at 100 m, 143,322 cells in study area, EPSG:32632"
2026-10-06T15:00:53,20261006T125256654202Z,EmiliaRomagna_2023a,physical:terrain,ok,"['elev_m', 'slope_deg', 'tpi_1km'] in 204s"
2026-10-06T15:07:36,20261006T125256654202Z,EmiliaRomagna_2023a,physical:surface,ok,"['built_frac', 'tree_frac', 'dw_built'] in 403s"
2026-10-06T15:07:41,20261006T125256654202Z,EmiliaRomagna_2023a,physical:hydrography,ok,"['hand_m', 'log_upa', 'dist_water_m', 'jrc_occ'] in 5s"
2026-10-06T15:07:48,20261006T125256654202Z,EmiliaRomagna_2023a,physical:forcing,ok,"['era5_rain_72h', 'era5_rain_ante7d', 'era5_sm_l1', 'imerg_rain_72h'] in 6s"
2026-10-06T15:09:03,20261006T125256654202Z,EmiliaRomagna_2023a,physical:sar_event,ok,['s1_vv_drop_db'] in 75s
2026-10-06T15:09:03,20261006T125256654202Z,EmiliaRomagna_2023a,physical:coarse,info,era5_rain_72h: 24 distinct values within the city (native ~9-11 km)
2026-10-06T15:09:03,20261006T125256654202Z,EmiliaRomagna_2023a,physical:coarse,info,era5_rain_ante7d: 24 distinct values within the city (native ~9-11 km)
2026-10-06T15:09:03,20261006T125256654202Z,EmiliaRomagna_2023a,physical:coarse,info,era5_sm_l1: 19 distinct values within the city (native ~9-11 km)
2026-10-06T15:09:03,20261006T125256654202Z,EmiliaRomagna_2023a,physical:coarse,info,imerg_rain_72h: 24 distinct values within the city (native ~9-11 km)
2026-10-06T15:09:04,20261006T125256654202Z,EmiliaRomagna_2023a,label:copernicus_ems,ok,4 product(s) of type ['DEL'] imaged ['2023-05-04']..['2023-05-04'] listed by https://rapidmapping.emergency.copernicus.eu
2026-10-06T15:09:04,20261006T125256654202Z,EmiliaRomagna_2023a,label:vector,info,EMSR659_AOI01_DEL_PRODUCT_v2.zip: 2 duplicate layer copy(ies) ignored (same layer as .json and .shp)
2026-10-06T15:09:05,20261006T125256654202Z,EmiliaRomagna_2023a,label:vector,info,EMSR659_AOI02_DEL_PRODUCT_v2.zip: 2 duplicate layer copy(ies) ignored (same layer as .json and .shp)
2026-10-06T15:09:05,20261006T125256654202Z,EmiliaRomagna_2023a,label:vector,info,EMSR659_AOI03_DEL_PRODUCT_v1.zip: 2 duplicate layer copy(ies) ignored (same layer as .json and .shp)
2026-10-06T15:09:05,20261006T125256654202Z,EmiliaRomagna_2023a,label:vector,info,EMSR659_AOI04_DEL_PRODUCT_v1.zip: 4 duplicate layer copy(ies) ignored (same layer as .json and .shp)
2026-10-06T15:09:06,20261006T125256654202Z,EmiliaRomagna_2023a,label:copernicus_ems,info,406 features -> 2576 cells (1.797% of the study area)
2026-10-06T15:09:06,20261006T125256654202Z,EmiliaRomagna_2023a,label:copernicus_ems,info,"13.7% of cells lie inside a mapped area of interest; 123,736 outside are excluded as unmapped, not dry"
2026-10-06T15:09:07,20261006T125256654202Z,EmiliaRomagna_2023a,label:copernicus_ems,ok,"accepted: 2576 positive cells, prevalence 13.1523% of 19,586 observable cells [ground truth tier A_authoritative]"
2026-10-06T15:09:07,20261006T125256654202Z,EmiliaRomagna_2023a,labels,ok,"source=copernicus_ems, positives=2576, prevalence=13.1523% of 19,586 observable cells"
2026-10-06T15:09:07,20261006T125256654202Z,EmiliaRomagna_2023a,social:gdelt_parse,ok,1075 raw rows -> 1075 flood-themed -> 1043 mention the city; 1043 have a page title (0 use URL words + GDELT location names; titles exist only from 2019-09-22)
2026-10-06T15:09:07,20261006T125256654202Z,EmiliaRomagna_2023a,social:gdelt_bigquery,ok,1043 documents in window
2026-10-06T15:09:26,20261006T125256654202Z,EmiliaRomagna_2023a,social:google_news_rss,info,"106 fetched -> 52 kept (54 outside the window, empty or duplicate)"
2026-10-06T15:09:26,20261006T125256654202Z,EmiliaRomagna_2023a,social:google_news_rss,ok,52 documents in window
2026-10-06T15:09:30,20261006T125256654202Z,EmiliaRomagna_2023a,social:reddit_arcticshift,ok,74 documents in window
2026-10-06T15:09:32,20261006T125256654202Z,EmiliaRomagna_2023a,social:youtube,info,"271 fetched -> 157 kept (114 outside the window, empty or duplicate)"
2026-10-06T15:09:32,20261006T125256654202Z,EmiliaRomagna_2023a,social:youtube,ok,157 documents in window
2026-10-06T15:09:32,20261006T125256654202Z,EmiliaRomagna_2023a,social:petabencana,skip,not an Indonesian city
2026-10-06T15:10:08,20261006T125256654202Z,EmiliaRomagna_2023a,social:wikimedia_commons,info,"3258 geotagged files in the box (63 tile requests, 7 dense tiles subdivided); 0 flood photos taken in the window"
2026-10-06T15:10:08,20261006T125256654202Z,EmiliaRomagna_2023a,social:wikimedia_commons,warn,0 documents in window
2026-10-06T15:10:08,20261006T125256654202Z,EmiliaRomagna_2023a,social:dedupe,info,"1326 documents -> 1251 after de-duplication (26 syndicated wire copies, 49 repeated texts or photos)"
2026-10-06T15:10:11,20261006T125256654202Z,EmiliaRomagna_2023a,social:gazetteer,info,8 ambiguous names (same name >2 km apart) dropped
2026-10-06T15:10:11,20261006T125256654202Z,EmiliaRomagna_2023a,social:gazetteer,ok,GeoNames IT: 359 populated places inside the study area -> 411 gazetteer names; 569 names of 568 towns outside it (within 80 km) will not be placed inside it
2026-10-06T15:10:11,20261006T125256654202Z,EmiliaRomagna_2023a,social:gazetteer,info,5 gazetteer names shared with neighbouring towns outside the study area removed
2026-10-06T15:10:12,20261006T125256654202Z,EmiliaRomagna_2023a,social:toponyms,info,"rule t5: 129 gazetteer candidates rejected at acquisition {'name': 0, 'occurrence': 129}"
2026-10-06T15:15:02,20261006T125256654202Z,EmiliaRomagna_2023a,social:toponyms,info,rule t5: 1 mentions dropped (the name is only the end of a longer place name in a structured location)
2026-10-06T15:15:02,20261006T125256654202Z,EmiliaRomagna_2023a,social:toponyms,info,"rule t5: 1502 NER candidates rejected before geocoding {'name': 879, 'occurrence': 623}"
2026-10-06T15:15:03,20261006T125256654202Z,EmiliaRomagna_2023a,social:places,ok,"345 mentions from 272 documents (gazetteer names=406, geocoder calls=21, cache hits=255)"
2026-10-06T15:15:25,20261006T125256654202Z,EmiliaRomagna_2023a,social:mentions,ok,"345 mentions: 0 from geotagged documents, 345 from place names in text"
2026-10-06T15:15:25,20261006T125256654202Z,EmiliaRomagna_2023a,social:concentration,info,"23 distinct locations, effective 5.21; top place 'Faenza' = 31% of mentions; top 5: [('Faenza', 0.313), ('Lavezzola', 0.261), ('Bagnacavallo', 0.096), ('Castel Bolognese', 0.093), ('Conselice', 0.072)]"
2026-10-06T15:15:25,20261006T125256654202Z,EmiliaRomagna_2023a,acquire:complete,ok,every source answered and every place name was looked up
2026-10-06T15:15:26,20261006T125256654202Z,EmiliaRomagna_2023a,social:localisation,warn,"NOT eligible for the pooled gradient analysis: 308 mentions in the primary window, 4.97 effective locations, top place Faenza = 0.312 (rule: >= 100, >= 10, <= 0.4)"
2026-10-06T15:15:26,20261006T125256654202Z,EmiliaRomagna_2023a,social:signal,info,"primary-window layer is a mixed signal (news 79%, social_media 21%) {'news': 0.792, 'social_media': 0.208}; report it under that name"
2026-10-06T15:15:27,20261006T125256654202Z,EmiliaRomagna_2023a,exposure:population,ok,"JRC/GHSL/P2023A/GHS_POP/2020: median 0 residents/km², max 28628"
2026-10-06T15:15:30,20261006T125256654202Z,EmiliaRomagna_2023a,acquire,ok,analysis inputs saved (11.5 MB) in 18.1 min -> EmiliaRomagna_2023a/_analysis_inputs.pkl.gz
2026-10-06T15:15:30,20261006T125256654202Z,Forli_2023b,label:copernicus_ems,ok,4 product(s) of type ['DEL'] imaged ['2023-05-17']..['2023-05-21'] listed by https://rapidmapping.emergency.copernicus.eu
2026-10-06T15:15:30,20261006T125256654202Z,Forli_2023b,label:vector,info,EMSR664_AOI01_DEL_PRODUCT_v1.zip: 2 duplicate layer copy(ies) ignored (same layer as .json and .shp)
2026-10-06T15:15:31,20261006T125256654202Z,Forli_2023b,label:vector,info,EMSR664_AOI01_DEL_MONIT01_v1.zip: 4 duplicate layer copy(ies) ignored (same layer as .json and .shp)
2026-10-06T15:15:34,20261006T125256654202Z,Forli_2023b,label:vector,info,EMSR664_AOI01_DEL_MONIT02_v2.zip: 4 duplicate layer copy(ies) ignored (same layer as .json and .shp)
2026-10-06T15:15:35,20261006T125256654202Z,Forli_2023b,label:vector,info,EMSR664_AOI01_DEL_MONIT03_v1.zip: 4 duplicate layer copy(ies) ignored (same layer as .json and .shp)
2026-10-06T15:15:36,20261006T125256654202Z,Forli_2023b,label:probe,ok,"copernicus_ems: 1991 features spanning 28 x 27 km -> bounds {""min_lon"": 11.833, ""min_lat"": 44.091, ""max_lon"": 12.219, ""max_lat"": 44.364}"
2026-10-06T15:15:36,20261006T125256654202Z,Forli_2023b,grid:boundary,info,"study area = bounding box by configuration (the flooding crosses administrative boundaries, so no single city polygon fits)"
2026-10-06T15:15:36,20261006T125256654202Z,Forli_2023b,grid,ok,"316x320 raster at 100 m, 93,651 cells in study area, EPSG:32633"
2026-10-06T15:18:54,20261006T125256654202Z,Forli_2023b,physical:terrain,ok,"['elev_m', 'slope_deg', 'tpi_1km'] in 196s"
2026-10-06T15:21:22,20261006T125256654202Z,Forli_2023b,physical:surface,ok,"['built_frac', 'tree_frac', 'dw_built'] in 148s"
2026-10-06T15:21:28,20261006T125256654202Z,Forli_2023b,physical:hydrography,ok,"['hand_m', 'log_upa', 'dist_water_m', 'jrc_occ'] in 6s"
2026-10-06T15:21:30,20261006T125256654202Z,Forli_2023b,physical:forcing,ok,"['era5_rain_72h', 'era5_rain_ante7d', 'era5_sm_l1', 'imerg_rain_72h'] in 2s"
2026-10-06T15:21:38,20261006T125256654202Z,Forli_2023b,physical:sar_event,ok,['s1_vv_drop_db'] in 8s
2026-10-06T15:21:38,20261006T125256654202Z,Forli_2023b,physical:coarse,info,era5_rain_72h: 20 distinct values within the city (native ~9-11 km)
2026-10-06T15:21:38,20261006T125256654202Z,Forli_2023b,physical:coarse,info,era5_rain_ante7d: 20 distinct values within the city (native ~9-11 km)
2026-10-06T15:21:39,20261006T125256654202Z,Forli_2023b,physical:coarse,info,era5_sm_l1: 11 distinct values within the city (native ~9-11 km)
2026-10-06T15:21:39,20261006T125256654202Z,Forli_2023b,physical:coarse,info,imerg_rain_72h: 20 distinct values within the city (native ~9-11 km)
2026-10-06T15:21:39,20261006T125256654202Z,Forli_2023b,label:copernicus_ems,ok,4 product(s) of type ['DEL'] imaged ['2023-05-17']..['2023-05-21'] listed by https://rapidmapping.emergency.copernicus.eu
2026-10-06T15:21:39,20261006T125256654202Z,Forli_2023b,label:vector,info,EMSR664_AOI01_DEL_PRODUCT_v1.zip: 2 duplicate layer copy(ies) ignored (same layer as .json and .shp)
2026-10-06T15:21:41,20261006T125256654202Z,Forli_2023b,label:vector,info,EMSR664_AOI01_DEL_MONIT01_v1.zip: 4 duplicate layer copy(ies) ignored (same layer as .json and .shp)
2026-10-06T15:21:42,20261006T125256654202Z,Forli_2023b,label:vector,info,EMSR664_AOI01_DEL_MONIT02_v2.zip: 4 duplicate layer copy(ies) ignored (same layer as .json and .shp)
2026-10-06T15:21:44,20261006T125256654202Z,Forli_2023b,label:vector,info,EMSR664_AOI01_DEL_MONIT03_v1.zip: 4 duplicate layer copy(ies) ignored (same layer as .json and .shp)
2026-10-06T15:21:45,20261006T125256654202Z,Forli_2023b,label:copernicus_ems,info,2624 features -> 4287 cells (4.578% of the study area)
2026-10-06T15:21:45,20261006T125256654202Z,Forli_2023b,label:copernicus_ems,info,"90.8% of cells lie inside a mapped area of interest; 8,662 outside are excluded as unmapped, not dry"
2026-10-06T15:21:46,20261006T125256654202Z,Forli_2023b,label:copernicus_ems,ok,"accepted: 4287 positive cells, prevalence 5.0442% of 84,989 observable cells [ground truth tier A_authoritative]"
2026-10-06T15:21:46,20261006T125256654202Z,Forli_2023b,labels,ok,"source=copernicus_ems, positives=4287, prevalence=5.0442% of 84,989 observable cells"
2026-10-06T15:21:48,20261006T125256654202Z,Forli_2023b,social:gdelt_parse,ok,8988 raw rows -> 8988 flood-themed -> 8585 mention the city; 8569 have a page title (16 use URL words + GDELT location names; titles exist only from 2019-09-22)
2026-10-06T15:21:48,20261006T125256654202Z,Forli_2023b,social:gdelt_bigquery,ok,8585 documents in window
2026-10-06T15:22:07,20261006T125256654202Z,Forli_2023b,social:google_news_rss,info,"190 fetched -> 70 kept (120 outside the window, empty or duplicate)"
2026-10-06T15:22:07,20261006T125256654202Z,Forli_2023b,social:google_news_rss,ok,70 documents in window
2026-10-06T15:22:11,20261006T125256654202Z,Forli_2023b,social:reddit_arcticshift,ok,78 documents in window
2026-10-06T15:22:15,20261006T125256654202Z,Forli_2023b,social:youtube,info,"487 fetched -> 264 kept (223 outside the window, empty or duplicate)"
2026-10-06T15:22:15,20261006T125256654202Z,Forli_2023b,social:youtube,ok,264 documents in window
2026-10-06T15:22:15,20261006T125256654202Z,Forli_2023b,social:petabencana,skip,not an Indonesian city
2026-10-06T15:22:43,20261006T125256654202Z,Forli_2023b,social:wikimedia_commons,info,"2887 geotagged files in the box (64 tile requests, 10 dense tiles subdivided); 0 flood photos taken in the window"
2026-10-06T15:22:43,20261006T125256654202Z,Forli_2023b,social:wikimedia_commons,warn,0 documents in window
2026-10-06T15:22:43,20261006T125256654202Z,Forli_2023b,social:dedupe,info,"8997 documents -> 7656 after de-duplication (518 syndicated wire copies, 823 repeated texts or photos)"
2026-10-06T15:22:44,20261006T125256654202Z,Forli_2023b,social:gazetteer,info,4 ambiguous names (same name >2 km apart) dropped
2026-10-06T15:22:44,20261006T125256654202Z,Forli_2023b,social:gazetteer,ok,GeoNames IT: 260 populated places inside the study area -> 275 gazetteer names; 429 names of 429 towns outside it (within 80 km) will not be placed inside it
2026-10-06T15:22:46,20261006T125256654202Z,Forli_2023b,social:gazetteer,info,9 gazetteer names shared with neighbouring towns outside the study area removed
2026-10-06T15:22:51,20261006T125256654202Z,Forli_2023b,social:toponyms,info,"rule t5: 193 gazetteer candidates rejected at acquisition {'name': 0, 'occurrence': 193}"
2026-10-06T16:00:18,20261006T125256654202Z,Forli_2023b,social:toponyms,info,"rule t5: 14921 NER candidates rejected before geocoding {'name': 9738, 'occurrence': 5183}"
2026-10-06T16:00:18,20261006T125256654202Z,Forli_2023b,social:places,ok,"348 mentions from 335 documents (gazetteer names=266, geocoder calls=16, cache hits=2589)"
2026-10-06T16:00:31,20261006T125256654202Z,Forli_2023b,social:mentions,ok,"348 mentions: 0 from geotagged documents, 348 from place names in text"
2026-10-06T16:00:31,20261006T125256654202Z,Forli_2023b,social:concentration,info,"30 distinct locations, effective 5.05; top place 'Dovadola' = 34% of mentions; top 5: [('Dovadola', 0.342), ('Faenza', 0.241), ('Roversano', 0.118), ('Roncalceci', 0.072), ('Solarolo', 0.034)]"
2026-10-06T16:00:31,20261006T125256654202Z,Forli_2023b,acquire:complete,ok,every source answered and every place name was looked up
2026-10-06T16:00:32,20261006T125256654202Z,Forli_2023b,social:localisation,warn,"NOT eligible for the pooled gradient analysis: 321 mentions in the primary window, 5.1 effective locations, top place Dovadola = 0.333 (rule: >= 100, >= 10, <= 0.4)"
2026-10-06T16:00:32,20261006T125256654202Z,Forli_2023b,social:signal,info,"primary-window layer is a news-media signal {'news': 0.866, 'social_media': 0.134}; report it under that name"
2026-10-06T16:00:33,20261006T125256654202Z,Forli_2023b,exposure:population,ok,"JRC/GHSL/P2023A/GHS_POP/2020: median 0 residents/km², max 38169"
2026-10-06T16:00:35,20261006T125256654202Z,Forli_2023b,acquire,ok,analysis inputs saved (8.0 MB) in 45.1 min -> Forli_2023b/_analysis_inputs.pkl.gz
2026-10-06T16:00:36,20261006T125256654202Z,York_2015,grid,ok,"114x102 raster at 100 m, 10,821 cells in study area, EPSG:32630"
2026-10-06T16:00:58,20261006T125256654202Z,York_2015,physical:terrain,ok,"['elev_m', 'slope_deg', 'tpi_1km'] in 21s"
2026-10-06T16:01:00,20261006T125256654202Z,York_2015,physical:surface,ok,"['built_frac', 'tree_frac', 'dw_built'] in 2s"
2026-10-06T16:01:02,20261006T125256654202Z,York_2015,physical:hydrography,ok,"['hand_m', 'log_upa', 'dist_water_m', 'jrc_occ'] in 2s"
2026-10-06T16:01:02,20261006T125256654202Z,York_2015,physical:forcing,ok,"['era5_rain_72h', 'era5_rain_ante7d', 'era5_sm_l1', 'imerg_rain_72h'] in 0s"
2026-10-06T16:01:21,20261006T125256654202Z,York_2015,physical:sar_event,ok,['s1_vv_drop_db'] in 18s
2026-10-06T16:01:21,20261006T125256654202Z,York_2015,physical:coarse,info,era5_rain_72h: 4 distinct values within the city (native ~9-11 km)
2026-10-06T16:01:21,20261006T125256654202Z,York_2015,physical:coarse,info,era5_rain_ante7d: 4 distinct values within the city (native ~9-11 km)
2026-10-06T16:01:21,20261006T125256654202Z,York_2015,physical:coarse,info,era5_sm_l1: 2 distinct values within the city (native ~9-11 km)
2026-10-06T16:01:21,20261006T125256654202Z,York_2015,physical:coarse,info,imerg_rain_72h: 4 distinct values within the city (native ~9-11 km)
2026-10-06T16:01:21,20261006T125256654202Z,York_2015,label:file_url,info,label EA_RFO_4084890_OuseDerwent_2015-12-25.geojson: 1 feature(s) in the study area (sha256 f947819777ad)
2026-10-06T16:01:22,20261006T125256654202Z,York_2015,label:file_url,info,1 features -> 514 cells (4.750% of the study area)
2026-10-06T16:01:22,20261006T125256654202Z,York_2015,label:file_url:ea,ok,"accepted: 514 positive cells, prevalence 4.7500% of 10,821 observable cells [ground truth tier A_authoritative]"
2026-10-06T16:01:22,20261006T125256654202Z,York_2015,labels,ok,"source=file_url:ea, positives=514, prevalence=4.7500% of 10,821 observable cells"
2026-10-06T16:01:24,20261006T125256654202Z,York_2015,social:gdelt_parse,ok,8207 raw rows -> 8207 flood-themed -> 8207 mention the city; 0 have a page title (8207 use URL words + GDELT location names; titles exist only from 2019-09-22)
2026-10-06T16:01:24,20261006T125256654202Z,York_2015,social:gdelt_bigquery,ok,8207 documents in window
2026-10-06T16:01:35,20261006T125256654202Z,York_2015,social:google_news_rss,info,"161 fetched -> 69 kept (92 outside the window, empty or duplicate)"
2026-10-06T16:01:35,20261006T125256654202Z,York_2015,social:google_news_rss,ok,69 documents in window
2026-10-06T16:01:44,20261006T125256654202Z,York_2015,social:reddit_arcticshift,ok,558 documents in window
2026-10-06T16:01:49,20261006T125256654202Z,York_2015,social:youtube,info,"649 fetched -> 440 kept (209 outside the window, empty or duplicate)"
2026-10-06T16:01:49,20261006T125256654202Z,York_2015,social:youtube,ok,440 documents in window
2026-10-06T16:01:49,20261006T125256654202Z,York_2015,social:petabencana,skip,not an Indonesian city
2026-10-06T16:03:29,20261006T125256654202Z,York_2015,social:wikimedia_commons,info,5000 of 45474 files examined ...
2026-10-06T16:03:56,20261006T125256654202Z,York_2015,social:wikimedia_commons,info,10000 of 45474 files examined ...
2026-10-06T16:04:31,20261006T125256654202Z,York_2015,social:wikimedia_commons,info,15000 of 45474 files examined ...
2026-10-06T16:05:04,20261006T125256654202Z,York_2015,social:wikimedia_commons,info,20000 of 45474 files examined ...
2026-10-06T16:05:32,20261006T125256654202Z,York_2015,social:wikimedia_commons,info,25000 of 45474 files examined ...
2026-10-06T16:06:04,20261006T125256654202Z,York_2015,social:wikimedia_commons,info,30000 of 45474 files examined ...
2026-10-06T16:06:30,20261006T125256654202Z,York_2015,social:wikimedia_commons,info,35000 of 45474 files examined ...
2026-10-06T16:06:59,20261006T125256654202Z,York_2015,social:wikimedia_commons,info,40000 of 45474 files examined ...
2026-10-06T16:07:25,20261006T125256654202Z,York_2015,social:wikimedia_commons,info,45000 of 45474 files examined ...
2026-10-06T16:07:27,20261006T125256654202Z,York_2015,social:wikimedia_commons,info,"45474 geotagged files in the box (272 tile requests, 67 dense tiles subdivided); 1 flood photos taken in the window"
2026-10-06T16:07:27,20261006T125256654202Z,York_2015,social:wikimedia_commons,warn,2 spots of about 139 m still hold 500 or more files (a heavily photographed landmark); only 500 of each were read. Report this
2026-10-06T16:07:27,20261006T125256654202Z,York_2015,social:wikimedia_commons,ok,1 documents in window
2026-10-06T16:07:27,20261006T125256654202Z,York_2015,social:dedupe,info,"9275 documents -> 5300 after de-duplication (3350 syndicated wire copies, 625 repeated texts or photos)"
2026-10-06T16:07:30,20261006T125256654202Z,York_2015,social:gazetteer,ok,GeoNames GB: 28 populated places inside the study area -> 28 gazetteer names; 358 names of 361 towns outside it (within 80 km) will not be placed inside it
2026-10-06T16:07:30,20261006T125256654202Z,York_2015,social:gazetteer,info,1 gazetteer names shared with neighbouring towns outside the study area removed
2026-10-06T16:07:31,20261006T125256654202Z,York_2015,social:toponyms,info,"rule t5: 96 gazetteer candidates rejected at acquisition {'name': 0, 'occurrence': 96}"
2026-10-06T16:37:17,20261006T125256654202Z,York_2015,social:toponyms,info,"rule t5: 26933 NER candidates rejected before geocoding {'name': 6079, 'occurrence': 20854}"
2026-10-06T16:37:17,20261006T125256654202Z,York_2015,social:places,ok,"8 mentions from 6 documents (gazetteer names=27, geocoder calls=143, cache hits=4099)"
2026-10-06T16:37:20,20261006T125256654202Z,York_2015,social:mentions,ok,"9 mentions: 1 from geotagged documents, 8 from place names in text"
2026-10-06T16:37:20,20261006T125256654202Z,York_2015,social:concentration,warn,"4 distinct locations, effective 3.52; top place 'Tang Hall' = 33% of mentions; top 5: [('Tang Hall', 0.333), ('New Earswick', 0.333), ('Earswick', 0.222), ('geotagged@53.957,-1.084', 0.111)]  <- the layer is carried by very few points; it cannot localise flooding. Check the top places are real places inside the study area"
2026-10-06T16:37:20,20261006T125256654202Z,York_2015,acquire:complete,ok,every source answered and every place name was looked up
2026-10-06T16:37:21,20261006T125256654202Z,York_2015,social,warn,sparse social layer: 9 located mentions in the primary window
2026-10-06T16:37:21,20261006T125256654202Z,York_2015,social:localisation,warn,"NOT eligible for the pooled gradient analysis: 9 mentions in the primary window, 3.52 effective locations, top place Tang Hall = 0.333 (rule: >= 100, >= 10, <= 0.4)"
2026-10-06T16:37:21,20261006T125256654202Z,York_2015,social:signal,info,"primary-window layer is a mixed signal (news 56%, social_media 33%, geotagged_photo 11%) {'news': 0.556, 'social_media': 0.333, 'geotagged_photo': 0.111}; report it under that name"
2026-10-06T16:37:21,20261006T125256654202Z,York_2015,exposure:population,ok,"JRC/GHSL/P2023A/GHS_POP/2015: median 5 residents/km², max 40842"
2026-10-06T16:37:22,20261006T125256654202Z,York_2015,acquire,ok,analysis inputs saved (0.7 MB) in 36.8 min -> York_2015/_analysis_inputs.pkl.gz
2026-10-06T16:37:23,20261006T125256654202Z,Carlisle_2015,grid:boundary,warn,"OSM boundary unavailable (Nominatim geocoder returned 0 results for query 'Carlisle, Cumbria, England'.); using the bounding box"
2026-10-06T16:37:23,20261006T125256654202Z,Carlisle_2015,grid,ok,"123x117 raster at 100 m, 14,037 cells in study area, EPSG:32630"
2026-10-06T16:37:59,20261006T125256654202Z,Carlisle_2015,physical:terrain,ok,"['elev_m', 'slope_deg', 'tpi_1km'] in 34s"
2026-10-06T16:38:02,20261006T125256654202Z,Carlisle_2015,physical:surface,ok,"['built_frac', 'tree_frac', 'dw_built'] in 4s"
2026-10-06T16:38:04,20261006T125256654202Z,Carlisle_2015,physical:hydrography,ok,"['hand_m', 'log_upa', 'dist_water_m', 'jrc_occ'] in 2s"
2026-10-06T16:38:06,20261006T125256654202Z,Carlisle_2015,physical:forcing,ok,"['era5_rain_72h', 'era5_rain_ante7d', 'era5_sm_l1', 'imerg_rain_72h'] in 1s"
2026-10-06T16:38:11,20261006T125256654202Z,Carlisle_2015,physical:sar_event,ok,['s1_vv_drop_db'] in 5s
2026-10-06T16:38:11,20261006T125256654202Z,Carlisle_2015,physical:coarse,info,era5_rain_72h: 4 distinct values within the city (native ~9-11 km)
2026-10-06T16:38:11,20261006T125256654202Z,Carlisle_2015,physical:coarse,info,era5_rain_ante7d: 4 distinct values within the city (native ~9-11 km)
2026-10-06T16:38:11,20261006T125256654202Z,Carlisle_2015,physical:coarse,info,era5_sm_l1: 2 distinct values within the city (native ~9-11 km)
2026-10-06T16:38:11,20261006T125256654202Z,Carlisle_2015,physical:coarse,info,imerg_rain_72h: 6 distinct values within the city (native ~9-11 km)
2026-10-06T16:38:11,20261006T125256654202Z,Carlisle_2015,physical:missing,warn,dw_built: 75.5% still missing after nearest-cell fill -> city median
2026-10-06T16:38:11,20261006T125256654202Z,Carlisle_2015,label:file_url,info,label EA_RFO_4078182_Carlisle_2015-12-05.geojson: 1 feature(s) in the study area (sha256 357aab8fbb88)
2026-10-06T16:38:12,20261006T125256654202Z,Carlisle_2015,label:file_url,info,1 features -> 1234 cells (8.791% of the study area)
2026-10-06T16:38:12,20261006T125256654202Z,Carlisle_2015,label:file_url:ea,ok,"accepted: 1234 positive cells, prevalence 8.7911% of 14,037 observable cells [ground truth tier A_authoritative]"
2026-10-06T16:38:12,20261006T125256654202Z,Carlisle_2015,labels,ok,"source=file_url:ea, positives=1234, prevalence=8.7911% of 14,037 observable cells"
2026-10-06T16:38:13,20261006T125256654202Z,Carlisle_2015,social:gdelt_parse,ok,3325 raw rows -> 3325 flood-themed -> 3325 mention the city; 0 have a page title (3325 use URL words + GDELT location names; titles exist only from 2019-09-22)
2026-10-06T16:38:13,20261006T125256654202Z,Carlisle_2015,social:gdelt_bigquery,ok,3325 documents in window
2026-10-06T16:38:26,20261006T125256654202Z,Carlisle_2015,social:google_news_rss,info,"244 fetched -> 94 kept (150 outside the window, empty or duplicate)"
2026-10-06T16:38:26,20261006T125256654202Z,Carlisle_2015,social:google_news_rss,ok,94 documents in window
2026-10-06T16:38:35,20261006T125256654202Z,Carlisle_2015,social:reddit_arcticshift,ok,174 documents in window
2026-10-06T16:38:40,20261006T125256654202Z,Carlisle_2015,social:youtube,info,"616 fetched -> 242 kept (374 outside the window, empty or duplicate)"
2026-10-06T16:38:40,20261006T125256654202Z,Carlisle_2015,social:youtube,ok,242 documents in window
2026-10-06T16:38:40,20261006T125256654202Z,Carlisle_2015,social:petabencana,skip,not an Indonesian city
2026-10-06T16:39:17,20261006T125256654202Z,Carlisle_2015,social:wikimedia_commons,info,5000 of 7863 files examined ...
2026-10-06T16:39:31,20261006T125256654202Z,Carlisle_2015,social:wikimedia_commons,info,"7863 geotagged files in the box (50 tile requests, 11 dense tiles subdivided); 4 flood photos taken in the window"
2026-10-06T16:39:31,20261006T125256654202Z,Carlisle_2015,social:wikimedia_commons,ok,4 documents in window
2026-10-06T16:39:31,20261006T125256654202Z,Carlisle_2015,social:dedupe,info,"3839 documents -> 2625 after de-duplication (956 syndicated wire copies, 258 repeated texts or photos)"
2026-10-06T16:39:32,20261006T125256654202Z,Carlisle_2015,social:gazetteer,ok,GeoNames GB: 58 populated places inside the study area -> 60 gazetteer names; 74 names of 74 towns outside it (within 80 km) will not be placed inside it
2026-10-06T16:52:39,20261006T125256654202Z,Carlisle_2015,social:toponyms,info,"rule t5: 9367 NER candidates rejected before geocoding {'name': 5148, 'occurrence': 4219}"
2026-10-06T16:52:40,20261006T125256654202Z,Carlisle_2015,social:places,ok,"4 mentions from 4 documents (gazetteer names=60, geocoder calls=83, cache hits=2627)"
2026-10-06T16:52:40,20261006T125256654202Z,Carlisle_2015,social:mentions,ok,"8 mentions: 4 from geotagged documents, 4 from place names in text"
2026-10-06T16:52:40,20261006T125256654202Z,Carlisle_2015,social:concentration,warn,"4 distinct locations, effective 2.91; top place 'Harraby' = 50% of mentions; top 5: [('Harraby', 0.5), ('geotagged@54.896,-2.936', 0.25), ('geotagged@54.905,-2.956', 0.125), ('geotagged@54.896,-2.943', 0.125)]  <- the layer is carried by very few points; it cannot localise flooding. Check the top places are real places inside the study area"
2026-10-06T16:52:40,20261006T125256654202Z,Carlisle_2015,acquire:complete,ok,every source answered and every place name was looked up
2026-10-06T16:52:41,20261006T125256654202Z,Carlisle_2015,social,warn,sparse social layer: 6 located mentions in the primary window
2026-10-06T16:52:41,20261006T125256654202Z,Carlisle_2015,social:localisation,warn,"NOT eligible for the pooled gradient analysis: 6 mentions in the primary window, 3.6 effective locations, top place geotagged@54.896,-2.936 = 0.333 (rule: >= 100, >= 10, <= 0.4)"
2026-10-06T16:52:41,20261006T125256654202Z,Carlisle_2015,social:signal,info,"primary-window layer is a mixed signal (geotagged_photo 67%, news 33%) {'geotagged_photo': 0.667, 'news': 0.333}; report it under that name"
2026-10-06T16:52:41,20261006T125256654202Z,Carlisle_2015,exposure:population,ok,"JRC/GHSL/P2023A/GHS_POP/2015: median 0 residents/km², max 34454"
2026-10-06T16:52:42,20261006T125256654202Z,Carlisle_2015,acquire,ok,analysis inputs saved (0.9 MB) in 15.3 min -> Carlisle_2015/_analysis_inputs.pkl.gz
2026-10-06T16:52:42,20261006T125256654202Z,PortoAlegre_2024,label:arcgis,info,"4 extent layer(s) dated inside 2024-05-03..2024-05-15: ['Extent Temporal Evolution 04/05/2024', 'Extent Temporal Evolution 06/05/2024', 'Extent Temporal Evolution 08/05/2024', 'Extent Temporal Evolution 10/05/2024']; outside/undated: ['8:Extent Temporal Evolution 30/04/2024', '9:Extent Temporal Evolution 02/05/2024']"
2026-10-06T16:52:47,20261006T125256654202Z,PortoAlegre_2024,label:arcgis,ok,13011 extent features from 4 dated layer(s)
2026-10-06T16:52:47,20261006T125256654202Z,PortoAlegre_2024,label:probe,ok,"arcgis_featureserver: 13011 features spanning 24 x 52 km -> bounds {""min_lon"": -51.312, ""min_lat"": -30.278, ""max_lon"": -51.04, ""max_lat"": -29.791}"
2026-10-06T16:52:47,20261006T125256654202Z,PortoAlegre_2024,grid:boundary,info,"study area = bounding box by configuration (the flooding crosses administrative boundaries, so no single city polygon fits)"
2026-10-06T16:52:48,20261006T125256654202Z,PortoAlegre_2024,grid,ok,"541x264 raster at 100 m, 141,828 cells in study area, EPSG:32722"
2026-10-06T16:52:48,20261006T125256654202Z,PortoAlegre_2024,physical:sar_event,warn,no usable Sentinel-1 pair (event scenes=3); rung dropped
2026-10-06T16:56:38,20261006T125256654202Z,PortoAlegre_2024,physical:terrain,ok,"['elev_m', 'slope_deg', 'tpi_1km'] in 230s"
2026-10-06T17:01:57,20261006T125256654202Z,PortoAlegre_2024,physical:surface,ok,"['built_frac', 'tree_frac', 'dw_built'] in 319s"
2026-10-06T17:02:01,20261006T125256654202Z,PortoAlegre_2024,physical:hydrography,ok,"['hand_m', 'log_upa', 'dist_water_m', 'jrc_occ'] in 4s"
2026-10-06T17:02:05,20261006T125256654202Z,PortoAlegre_2024,physical:forcing,ok,"['era5_rain_72h', 'era5_rain_ante7d', 'era5_sm_l1', 'imerg_rain_72h'] in 3s"
2026-10-06T17:02:05,20261006T125256654202Z,PortoAlegre_2024,physical:fill,info,era5_rain_72h: 12658 cells (8.9%) filled from the nearest valid cell (max distance 5.6 km)
2026-10-06T17:02:05,20261006T125256654202Z,PortoAlegre_2024,physical:fill,info,era5_rain_ante7d: 12658 cells (8.9%) filled from the nearest valid cell (max distance 5.6 km)
2026-10-06T17:02:05,20261006T125256654202Z,PortoAlegre_2024,physical:fill,info,era5_sm_l1: 12658 cells (8.9%) filled from the nearest valid cell (max distance 5.6 km)
2026-10-06T17:02:05,20261006T125256654202Z,PortoAlegre_2024,physical:coarse,info,era5_rain_72h: 21 distinct values within the city (native ~9-11 km)
2026-10-06T17:02:05,20261006T125256654202Z,PortoAlegre_2024,physical:coarse,info,era5_rain_ante7d: 21 distinct values within the city (native ~9-11 km)
2026-10-06T17:02:05,20261006T125256654202Z,PortoAlegre_2024,physical:coarse,info,era5_sm_l1: 16 distinct values within the city (native ~9-11 km)
2026-10-06T17:02:05,20261006T125256654202Z,PortoAlegre_2024,physical:coarse,info,imerg_rain_72h: 24 distinct values within the city (native ~9-11 km)
2026-10-06T17:02:06,20261006T125256654202Z,PortoAlegre_2024,label:arcgis,info,"4 extent layer(s) dated inside 2024-05-03..2024-05-15: ['Extent Temporal Evolution 04/05/2024', 'Extent Temporal Evolution 06/05/2024', 'Extent Temporal Evolution 08/05/2024', 'Extent Temporal Evolution 10/05/2024']; outside/undated: ['8:Extent Temporal Evolution 30/04/2024', '9:Extent Temporal Evolution 02/05/2024']"
2026-10-06T17:02:35,20261006T125256654202Z,PortoAlegre_2024,label:arcgis,ok,13466 extent features from 4 dated layer(s)
2026-10-06T17:02:35,20261006T125256654202Z,PortoAlegre_2024,label:arcgis_featureserver,info,13466 features -> 32319 cells (22.787% of the study area)
2026-10-06T17:02:35,20261006T125256654202Z,PortoAlegre_2024,label:arcgis_featureserver,info,"64.6% of cells lie inside the mapped area; 50,266 outside are excluded as unmapped, not dry"
2026-10-06T17:02:36,20261006T125256654202Z,PortoAlegre_2024,label:arcgis_featureserver,ok,"accepted: 32316 positive cells, prevalence 35.2941% of 91,562 observable cells [ground truth tier A_authoritative]"
2026-10-06T17:02:36,20261006T125256654202Z,PortoAlegre_2024,labels,ok,"source=arcgis_featureserver, positives=32316, prevalence=35.2941% of 91,562 observable cells"
2026-10-06T17:02:36,20261006T125256654202Z,PortoAlegre_2024,labels,warn,"prevalence 35.3% is high: Recall@K and AP are near their random baselines by construction, so read info_nats and AUC for this city"
2026-10-06T17:02:37,20261006T125256654202Z,PortoAlegre_2024,social:gdelt_parse,ok,6672 raw rows -> 6672 flood-themed -> 1460 mention the city; 1460 have a page title (0 use URL words + GDELT location names; titles exist only from 2019-09-22)
2026-10-06T17:02:37,20261006T125256654202Z,PortoAlegre_2024,social:gdelt_bigquery,ok,1460 documents in window
2026-10-06T17:02:58,20261006T125256654202Z,PortoAlegre_2024,social:google_news_rss,info,"818 fetched -> 377 kept (441 outside the window, empty or duplicate)"
2026-10-06T17:02:58,20261006T125256654202Z,PortoAlegre_2024,social:google_news_rss,ok,377 documents in window
2026-10-06T17:03:17,20261006T125256654202Z,PortoAlegre_2024,social:reddit_arcticshift,ok,487 documents in window
2026-10-06T17:03:22,20261006T125256654202Z,PortoAlegre_2024,social:youtube,info,"600 fetched -> 432 kept (168 outside the window, empty or duplicate)"
2026-10-06T17:03:22,20261006T125256654202Z,PortoAlegre_2024,social:youtube,ok,432 documents in window
2026-10-06T17:03:22,20261006T125256654202Z,PortoAlegre_2024,social:petabencana,skip,not an Indonesian city
2026-10-06T17:04:07,20261006T125256654202Z,PortoAlegre_2024,social:wikimedia_commons,info,"4439 geotagged files in the box (44 tile requests, 4 dense tiles subdivided); 0 flood photos taken in the window"
2026-10-06T17:04:07,20261006T125256654202Z,PortoAlegre_2024,social:wikimedia_commons,warn,0 documents in window
2026-10-06T17:04:07,20261006T125256654202Z,PortoAlegre_2024,social:dedupe,info,"2756 documents -> 2552 after de-duplication (33 syndicated wire copies, 171 repeated texts or photos)"
2026-10-06T17:04:11,20261006T125256654202Z,PortoAlegre_2024,social:gazetteer,info,6 ambiguous names (same name >2 km apart) dropped
2026-10-06T17:04:11,20261006T125256654202Z,PortoAlegre_2024,social:gazetteer,ok,GeoNames BR: 275 populated places inside the study area -> 383 gazetteer names; 137 names of 99 towns outside it (within 80 km) will not be placed inside it
2026-10-06T17:04:12,20261006T125256654202Z,PortoAlegre_2024,social:gazetteer,info,7 gazetteer names shared with neighbouring towns outside the study area removed
2026-10-06T17:04:13,20261006T125256654202Z,PortoAlegre_2024,social:toponyms,info,"rule t5: 518 gazetteer candidates rejected at acquisition {'name': 52, 'occurrence': 466}"
2026-10-06T17:18:01,20261006T125256654202Z,PortoAlegre_2024,social:toponyms,info,rule t5: 9 mentions dropped (the name is only the end of a longer place name in a structured location)
2026-10-06T17:18:01,20261006T125256654202Z,PortoAlegre_2024,social:toponyms,info,"rule t5: 1879 NER candidates rejected before geocoding {'name': 591, 'occurrence': 1288}"
2026-10-06T17:18:01,20261006T125256654202Z,PortoAlegre_2024,social:places,ok,"125 mentions from 112 documents (gazetteer names=376, geocoder calls=59, cache hits=978)"
2026-10-06T17:18:14,20261006T125256654202Z,PortoAlegre_2024,social:mentions,ok,"125 mentions: 0 from geotagged documents, 125 from place names in text"
2026-10-06T17:18:14,20261006T125256654202Z,PortoAlegre_2024,social:concentration,info,"30 distinct locations, effective 7.29; top place 'Belem Novo' = 31% of mentions; top 5: [('Belem Novo', 0.312), ('Nossa Senhora das Gracas', 0.144), ('Centro Histórico', 0.088), ('Tres Figueiras', 0.04), ('Menino Deus', 0.04)]"
2026-10-06T17:18:14,20261006T125256654202Z,PortoAlegre_2024,acquire:complete,ok,every source answered and every place name was looked up
2026-10-06T17:18:15,20261006T125256654202Z,PortoAlegre_2024,social:localisation,warn,"NOT eligible for the pooled gradient analysis: 88 mentions in the primary window, 6.85 effective locations, top place Belem Novo = 0.307 (rule: >= 100, >= 10, <= 0.4)"
2026-10-06T17:18:15,20261006T125256654202Z,PortoAlegre_2024,social:signal,info,"primary-window layer is a mixed signal (news 74%, social_media 26%) {'news': 0.739, 'social_media': 0.261}; report it under that name"
2026-10-06T17:18:15,20261006T125256654202Z,PortoAlegre_2024,exposure:population,ok,"JRC/GHSL/P2023A/GHS_POP/2020: median 0 residents/km², max 117130"
2026-10-06T17:18:18,20261006T125256654202Z,PortoAlegre_2024,acquire,ok,analysis inputs saved (9.6 MB) in 25.6 min -> PortoAlegre_2024/_analysis_inputs.pkl.gz
2026-10-06T17:18:19,20261006T125256654202Z,TaquariValley_2024,label:copernicus_ems,ok,7 product(s) of type ['DEL'] imaged ['2024-05-04']..['2024-05-05'] listed by https://rapidmapping.emergency.copernicus.eu
2026-10-06T17:18:19,20261006T125256654202Z,TaquariValley_2024,label:vector,info,EMSR720_AOI02_DEL_PRODUCT_v1.zip: 1 duplicate layer copy(ies) ignored (same layer as .json and .shp)
2026-10-06T17:18:20,20261006T125256654202Z,TaquariValley_2024,label:vector,info,EMSR720_AOI02_DEL_MONIT01_v1.zip: 2 duplicate layer copy(ies) ignored (same layer as .json and .shp)
2026-10-06T17:18:21,20261006T125256654202Z,TaquariValley_2024,label:vector,info,EMSR720_AOI03_DEL_PRODUCT_v1.zip: 1 duplicate layer copy(ies) ignored (same layer as .json and .shp)
2026-10-06T17:18:21,20261006T125256654202Z,TaquariValley_2024,label:probe,ok,"copernicus_ems: 641 features spanning 5 x 11 km -> bounds {""min_lon"": -51.922, ""min_lat"": -29.318, ""max_lon"": -51.826, ""max_lat"": -29.185}"
2026-10-06T17:18:21,20261006T125256654202Z,TaquariValley_2024,grid:boundary,info,"study area = bounding box by configuration (the flooding crosses administrative boundaries, so no single city polygon fits)"
2026-10-06T17:18:21,20261006T125256654202Z,TaquariValley_2024,grid,ok,"150x95 raster at 100 m, 13,823 cells in study area, EPSG:32722"
2026-10-06T17:18:22,20261006T125256654202Z,TaquariValley_2024,physical:sar_event,warn,no usable Sentinel-1 pair (event scenes=3); rung dropped
2026-10-06T17:18:57,20261006T125256654202Z,TaquariValley_2024,physical:terrain,ok,"['elev_m', 'slope_deg', 'tpi_1km'] in 35s"
2026-10-06T17:19:23,20261006T125256654202Z,TaquariValley_2024,physical:surface,ok,"['built_frac', 'tree_frac', 'dw_built'] in 26s"
2026-10-06T17:19:25,20261006T125256654202Z,TaquariValley_2024,physical:hydrography,ok,"['hand_m', 'log_upa', 'dist_water_m', 'jrc_occ'] in 2s"
2026-10-06T17:19:26,20261006T125256654202Z,TaquariValley_2024,physical:forcing,ok,"['era5_rain_72h', 'era5_rain_ante7d', 'era5_sm_l1', 'imerg_rain_72h'] in 1s"
2026-10-06T17:19:26,20261006T125256654202Z,TaquariValley_2024,physical:coarse,info,era5_rain_72h: 4 distinct values within the city (native ~9-11 km)
2026-10-06T17:19:26,20261006T125256654202Z,TaquariValley_2024,physical:coarse,info,era5_rain_ante7d: 4 distinct values within the city (native ~9-11 km)
2026-10-06T17:19:26,20261006T125256654202Z,TaquariValley_2024,physical:coarse,info,era5_sm_l1: 4 distinct values within the city (native ~9-11 km)
2026-10-06T17:19:26,20261006T125256654202Z,TaquariValley_2024,physical:coarse,info,imerg_rain_72h: 6 distinct values within the city (native ~9-11 km)
2026-10-06T17:19:27,20261006T125256654202Z,TaquariValley_2024,label:copernicus_ems,ok,7 product(s) of type ['DEL'] imaged ['2024-05-04']..['2024-05-05'] listed by https://rapidmapping.emergency.copernicus.eu
2026-10-06T17:19:27,20261006T125256654202Z,TaquariValley_2024,label:vector,info,EMSR720_AOI02_DEL_PRODUCT_v1.zip: 1 duplicate layer copy(ies) ignored (same layer as .json and .shp)
2026-10-06T17:19:28,20261006T125256654202Z,TaquariValley_2024,label:vector,info,EMSR720_AOI02_DEL_MONIT01_v1.zip: 2 duplicate layer copy(ies) ignored (same layer as .json and .shp)
2026-10-06T17:19:28,20261006T125256654202Z,TaquariValley_2024,label:vector,info,EMSR720_AOI03_DEL_PRODUCT_v1.zip: 1 duplicate layer copy(ies) ignored (same layer as .json and .shp)
2026-10-06T17:19:28,20261006T125256654202Z,TaquariValley_2024,label:copernicus_ems,info,641 features -> 463 cells (3.349% of the study area)
2026-10-06T17:19:29,20261006T125256654202Z,TaquariValley_2024,label:copernicus_ems,info,"36.4% of cells lie inside a mapped area of interest; 8,791 outside are excluded as unmapped, not dry"
2026-10-06T17:19:29,20261006T125256654202Z,TaquariValley_2024,label:copernicus_ems,ok,"accepted: 463 positive cells, prevalence 9.2011% of 5,032 observable cells [ground truth tier A_authoritative]"
2026-10-06T17:19:29,20261006T125256654202Z,TaquariValley_2024,labels,ok,"source=copernicus_ems, positives=463, prevalence=9.2011% of 5,032 observable cells"
2026-10-06T17:19:29,20261006T125256654202Z,TaquariValley_2024,social:gdelt_parse,ok,356 raw rows -> 356 flood-themed -> 350 mention the city; 350 have a page title (0 use URL words + GDELT location names; titles exist only from 2019-09-22)
2026-10-06T17:19:30,20261006T125256654202Z,TaquariValley_2024,social:gdelt_bigquery,ok,350 documents in window
2026-10-06T17:19:51,20261006T125256654202Z,TaquariValley_2024,social:google_news_rss,info,"203 fetched -> 85 kept (118 outside the window, empty or duplicate)"
2026-10-06T17:19:51,20261006T125256654202Z,TaquariValley_2024,social:google_news_rss,ok,85 documents in window
2026-10-06T17:20:06,20261006T125256654202Z,TaquariValley_2024,social:reddit_arcticshift,ok,289 documents in window
2026-10-06T17:20:35,20261006T125256654202Z,TaquariValley_2024,social:youtube,warn,"FAILED, will be retried on the next run: GET failed after 4 tries: https://www.googleapis.com/youtube/v3/search (HTTP 429)"
2026-10-06T17:20:35,20261006T125256654202Z,TaquariValley_2024,social:petabencana,skip,not an Indonesian city
2026-10-06T17:20:36,20261006T125256654202Z,TaquariValley_2024,social:wikimedia_commons,info,"9 geotagged files in the box (4 tile requests, 0 dense tiles subdivided); 0 flood photos taken in the window"
2026-10-06T17:20:36,20261006T125256654202Z,TaquariValley_2024,social:wikimedia_commons,warn,0 documents in window
2026-10-06T17:20:36,20261006T125256654202Z,TaquariValley_2024,social:dedupe,info,"724 documents -> 569 after de-duplication (28 syndicated wire copies, 127 repeated texts or photos)"
2026-10-06T17:20:37,20261006T125256654202Z,TaquariValley_2024,stage:docs_c6f9bf759d,info,"incomplete, so not checkpointed: the next run recomputes it"
2026-10-06T17:20:38,20261006T125256654202Z,TaquariValley_2024,social:gazetteer,ok,GeoNames BR: 6 populated places inside the study area -> 12 gazetteer names; 176 names of 129 towns outside it (within 80 km) will not be placed inside it
2026-10-06T17:20:39,20261006T125256654202Z,TaquariValley_2024,social:gazetteer,info,2 gazetteer names shared with neighbouring towns outside the study area removed
2026-10-06T17:20:39,20261006T125256654202Z,TaquariValley_2024,social:toponyms,info,"rule t5: 7 gazetteer candidates rejected at acquisition {'name': 0, 'occurrence': 7}"
2026-10-06T17:24:01,20261006T125256654202Z,TaquariValley_2024,social:toponyms,info,"rule t5: 261 NER candidates rejected before geocoding {'name': 66, 'occurrence': 195}"
2026-10-06T17:24:01,20261006T125256654202Z,TaquariValley_2024,social:places,ok,"50 mentions from 48 documents (gazetteer names=10, geocoder calls=0, cache hits=360)"
2026-10-06T17:24:05,20261006T125256654202Z,TaquariValley_2024,social:mentions,ok,"50 mentions: 0 from geotagged documents, 50 from place names in text"
2026-10-06T17:24:05,20261006T125256654202Z,TaquariValley_2024,social:concentration,warn,"2 distinct locations, effective 1.42; top place 'Encantado' = 82% of mentions; top 5: [('Encantado', 0.82), ('Roca Sales', 0.18)]  <- the layer is carried by very few points; it cannot localise flooding. Check the top places are real places inside the study area"
2026-10-06T17:24:05,20261006T125256654202Z,TaquariValley_2024,acquire:complete,warn,"INCOMPLETE, re-run the acquisition for this city before analysing it: source youtube: GET failed after 4 tries: https://www.googleapis.com/youtube/v3/search (HTTP 429)"
2026-10-06T17:24:05,20261006T125256654202Z,TaquariValley_2024,social:localisation,warn,"NOT eligible for the pooled gradient analysis: 48 mentions in the primary window, 1.38 effective locations, top place Encantado = 0.833 (rule: >= 100, >= 10, <= 0.4)"
2026-10-06T17:24:05,20261006T125256654202Z,TaquariValley_2024,social:signal,info,"primary-window layer is a news-media signal {'news': 0.938, 'social_media': 0.062}; report it under that name"
2026-10-06T17:24:06,20261006T125256654202Z,TaquariValley_2024,exposure:population,ok,"JRC/GHSL/P2023A/GHS_POP/2020: median 0 residents/km², max 24634"
2026-10-06T17:24:06,20261006T125256654202Z,TaquariValley_2024,acquire,warn,analysis inputs saved (1.0 MB) in 5.8 min -> TaquariValley_2024/_analysis_inputs.pkl.gz  [INCOMPLETE: run the acquisition again]
2026-10-06T17:24:07,20261006T125256654202Z,Houston_SanJacinto_2017,label:usgs_sciencebase,info,"1 items in the release; 1 carry a bounding box, 1 intersect the study area; 0 without a bounding box are also searched"
2026-10-06T17:24:09,20261006T125256654202Z,Houston_SanJacinto_2017,label:usgs_sciencebase,info,"features by role: coverage=1, flood=1, ignore=85 (coverage = mapped-area boundary, used as the valid mask; ignore = e.g. HWM points)"
2026-10-06T17:24:09,20261006T125256654202Z,Houston_SanJacinto_2017,label:usgs_sciencebase,ok,1 vector features and 0 depth raster(s) inside the study area
2026-10-06T17:24:09,20261006T125256654202Z,Houston_SanJacinto_2017,label:probe,ok,"usgs_sciencebase: 1 features spanning 62 x 63 km -> bounds {""min_lon"": -95.71, ""min_lat"": 29.874, ""max_lon"": -95.046, ""max_lat"": 30.459}"
2026-10-06T17:24:09,20261006T125256654202Z,Houston_SanJacinto_2017,grid:boundary,info,"study area = bounding box by configuration (the flooding crosses administrative boundaries, so no single city polygon fits)"
2026-10-06T17:24:10,20261006T125256654202Z,Houston_SanJacinto_2017,grid,ok,"442x436 raster at 150 m, 184,495 cells in study area, EPSG:32615"
2026-10-06T17:24:10,20261006T125256654202Z,Houston_SanJacinto_2017,grid,warn,cell size 150 m differs from the study default 100 m (large study area); report this per-city resolution in the paper
2026-10-06T17:32:51,20261006T125256654202Z,Houston_SanJacinto_2017,physical:terrain,ok,"['elev_m', 'slope_deg', 'tpi_1km'] in 521s"
2026-10-06T17:39:25,20261006T125256654202Z,Houston_SanJacinto_2017,physical:surface,ok,"['built_frac', 'tree_frac', 'dw_built'] in 394s"
2026-10-06T17:39:31,20261006T125256654202Z,Houston_SanJacinto_2017,physical:hydrography,ok,"['hand_m', 'log_upa', 'dist_water_m', 'jrc_occ'] in 6s"
2026-10-06T17:39:34,20261006T125256654202Z,Houston_SanJacinto_2017,physical:forcing,ok,"['era5_rain_72h', 'era5_rain_ante7d', 'era5_sm_l1', 'imerg_rain_72h'] in 4s"
2026-10-06T17:41:27,20261006T125256654202Z,Houston_SanJacinto_2017,physical:sar_event,ok,['s1_vv_drop_db'] in 112s
2026-10-06T17:41:27,20261006T125256654202Z,Houston_SanJacinto_2017,physical:coarse,info,era5_rain_72h: 56 distinct values within the city (native ~9-11 km)
2026-10-06T17:41:27,20261006T125256654202Z,Houston_SanJacinto_2017,physical:coarse,info,era5_rain_ante7d: 56 distinct values within the city (native ~9-11 km)
2026-10-06T17:41:27,20261006T125256654202Z,Houston_SanJacinto_2017,physical:coarse,info,era5_sm_l1: 31 distinct values within the city (native ~9-11 km)
2026-10-06T17:41:27,20261006T125256654202Z,Houston_SanJacinto_2017,physical:coarse,info,imerg_rain_72h: 56 distinct values within the city (native ~9-11 km)
2026-10-06T17:41:28,20261006T125256654202Z,Houston_SanJacinto_2017,label:usgs_sciencebase,info,"1 items in the release; 1 carry a bounding box, 1 intersect the study area; 0 without a bounding box are also searched"
2026-10-06T17:41:30,20261006T125256654202Z,Houston_SanJacinto_2017,label:usgs_sciencebase,info,"features by role: coverage=1, flood=1, ignore=88 (coverage = mapped-area boundary, used as the valid mask; ignore = e.g. HWM points)"
2026-10-06T17:41:30,20261006T125256654202Z,Houston_SanJacinto_2017,label:usgs_sciencebase,ok,1 vector features and 0 depth raster(s) inside the study area
2026-10-06T17:41:32,20261006T125256654202Z,Houston_SanJacinto_2017,label:usgs_sciencebase,info,1 features -> 27568 cells (14.942% of the study area)
2026-10-06T17:41:33,20261006T125256654202Z,Houston_SanJacinto_2017,label:usgs_sciencebase,info,"48.5% of cells lie inside the USGS mapped-area boundary; 95,107 outside are excluded as unmapped, not dry"
2026-10-06T17:41:33,20261006T125256654202Z,Houston_SanJacinto_2017,label:usgs_sciencebase,ok,"accepted: 27565 positive cells, prevalence 30.8375% of 89,388 observable cells [ground truth tier A_authoritative]"
2026-10-06T17:41:33,20261006T125256654202Z,Houston_SanJacinto_2017,labels,ok,"source=usgs_sciencebase, positives=27565, prevalence=30.8375% of 89,388 observable cells"
2026-10-06T17:41:44,20261006T125256654202Z,Houston_SanJacinto_2017,social:gdelt_parse,ok,81621 raw rows -> 81621 flood-themed -> 78179 mention the city; 0 have a page title (78179 use URL words + GDELT location names; titles exist only from 2019-09-22)
2026-10-06T17:41:47,20261006T125256654202Z,Houston_SanJacinto_2017,social:gdelt_bigquery,info,"78179 fetched -> 78156 kept (23 outside the window, empty or duplicate)"
2026-10-06T17:41:47,20261006T125256654202Z,Houston_SanJacinto_2017,social:gdelt_bigquery,ok,78156 documents in window
2026-10-06T17:42:00,20261006T125256654202Z,Houston_SanJacinto_2017,social:google_news_rss,info,"68 fetched -> 35 kept (33 outside the window, empty or duplicate)"
2026-10-06T17:42:00,20261006T125256654202Z,Houston_SanJacinto_2017,social:google_news_rss,ok,35 documents in window
2026-10-06T17:42:48,20261006T125256654202Z,Houston_SanJacinto_2017,social:reddit_arcticshift,ok,2995 documents in window
2026-10-06T17:43:02,20261006T125256654202Z,Houston_SanJacinto_2017,social:youtube,warn,"FAILED, will be retried on the next run: GET failed after 4 tries: https://www.googleapis.com/youtube/v3/search (HTTP 429)"
2026-10-06T17:43:02,20261006T125256654202Z,Houston_SanJacinto_2017,social:petabencana,skip,not an Indonesian city
2026-10-06T17:44:00,20261006T125256654202Z,Houston_SanJacinto_2017,social:wikimedia_commons,info,"3531 geotagged files in the box (88 tile requests, 4 dense tiles subdivided); 1 flood photos taken in the window"
2026-10-06T17:44:01,20261006T125256654202Z,Houston_SanJacinto_2017,social:wikimedia_commons,ok,1 documents in window
2026-10-06T17:44:02,20261006T125256654202Z,Houston_SanJacinto_2017,social:dedupe,info,"81187 documents -> 42563 after de-duplication (30262 syndicated wire copies, 8362 repeated texts or photos)"
2026-10-06T17:44:02,20261006T125256654202Z,Houston_SanJacinto_2017,stage:docs_5d109c1f15,info,"incomplete, so not checkpointed: the next run recomputes it"
2026-10-06T17:44:18,20261006T125256654202Z,Houston_SanJacinto_2017,social:gazetteer,ok,GeoNames US: 339 populated places inside the study area -> 475 gazetteer names; 104 names of 104 towns outside it (within 80 km) will not be placed inside it
2026-10-06T17:44:19,20261006T125256654202Z,Houston_SanJacinto_2017,social:gazetteer,info,1 gazetteer names shared with neighbouring towns outside the study area removed
2026-10-06T17:44:40,20261006T125256654202Z,Houston_SanJacinto_2017,social:toponyms,info,"rule t5: 1711 gazetteer candidates rejected at acquisition {'name': 809, 'occurrence': 902}"
2026-10-06T21:11:16,20261006T125256654202Z,Houston_SanJacinto_2017,social:toponyms,info,rule t5: 6 mentions dropped (the name is only the end of a longer place name in a structured location)
2026-10-06T21:11:16,20261006T125256654202Z,Houston_SanJacinto_2017,social:toponyms,info,"rule t5: 80724 NER candidates rejected before geocoding {'name': 43420, 'occurrence': 37304}"
2026-10-06T21:11:16,20261006T125256654202Z,Houston_SanJacinto_2017,social:places,ok,"1061 mentions from 981 documents (gazetteer names=474, geocoder calls=0, cache hits=43339)"
2026-10-06T21:11:54,20261006T125256654202Z,Houston_SanJacinto_2017,social:mentions,ok,"1062 mentions: 1 from geotagged documents, 1061 from place names in text"
2026-10-06T21:11:54,20261006T125256654202Z,Houston_SanJacinto_2017,social:concentration,info,"74 distinct locations, effective 7.17; top place 'Kingwood' = 25% of mentions; top 5: [('Kingwood', 0.25), ('Jersey Village', 0.248), ('Tomball', 0.091), ('Conroe', 0.032), ('North Houston', 0.031)]"
2026-10-06T21:11:54,20261006T125256654202Z,Houston_SanJacinto_2017,acquire:complete,warn,"INCOMPLETE, re-run the acquisition for this city before analysing it: source youtube: GET failed after 4 tries: https://www.googleapis.com/youtube/v3/search (HTTP 429)"
2026-10-06T21:11:57,20261006T125256654202Z,Houston_SanJacinto_2017,social:localisation,warn,"NOT eligible for the pooled gradient analysis: 477 mentions in the primary window, 5.71 effective locations, top place Kingwood = 0.377 (rule: >= 100, >= 10, <= 0.4)"
2026-10-06T21:11:57,20261006T125256654202Z,Houston_SanJacinto_2017,social:signal,info,"primary-window layer is a news-media signal {'news': 0.945, 'social_media': 0.052, 'geotagged_photo': 0.002}; report it under that name"
2026-10-06T21:11:58,20261006T125256654202Z,Houston_SanJacinto_2017,exposure:population,ok,"JRC/GHSL/P2023A/GHS_POP/2015: median 21 residents/km², max 39253"
2026-10-06T21:12:02,20261006T125256654202Z,Houston_SanJacinto_2017,acquire,warn,analysis inputs saved (13.4 MB) in 227.9 min -> Houston_SanJacinto_2017/_analysis_inputs.pkl.gz  [INCOMPLETE: run the acquisition again]
2026-10-06T21:12:04,20261006T125256654202Z,Jakarta_2020,grid,ok,"323x356 raster at 100 m, 71,661 cells in study area, EPSG:32748"
2026-10-06T21:25:37,20261006T125256654202Z,Jakarta_2020,physical:terrain,ok,"['elev_m', 'slope_deg', 'tpi_1km'] in 812s"
2026-10-06T21:30:39,20261006T125256654202Z,Jakarta_2020,physical:surface,ok,"['built_frac', 'tree_frac', 'dw_built'] in 302s"
2026-10-06T21:30:42,20261006T125256654202Z,Jakarta_2020,physical:hydrography,ok,"['hand_m', 'log_upa', 'dist_water_m', 'jrc_occ'] in 3s"
2026-10-06T21:30:48,20261006T125256654202Z,Jakarta_2020,physical:forcing,ok,"['era5_rain_72h', 'era5_rain_ante7d', 'era5_sm_l1', 'imerg_rain_72h'] in 6s"
2026-10-06T21:30:56,20261006T125256654202Z,Jakarta_2020,physical:sar_event,ok,['s1_vv_drop_db'] in 7s
2026-10-06T21:30:56,20261006T125256654202Z,Jakarta_2020,physical:fill,info,hand_m: 6785 cells (9.5%) filled from the nearest valid cell (max distance 4.0 km)
2026-10-06T21:30:56,20261006T125256654202Z,Jakarta_2020,physical:fill,info,log_upa: 6785 cells (9.5%) filled from the nearest valid cell (max distance 4.0 km)
2026-10-06T21:30:56,20261006T125256654202Z,Jakarta_2020,physical:fill,info,era5_rain_72h: 18812 cells (26.3%) filled from the nearest valid cell (max distance 7.8 km)
2026-10-06T21:30:56,20261006T125256654202Z,Jakarta_2020,physical:fill,info,era5_rain_ante7d: 18812 cells (26.3%) filled from the nearest valid cell (max distance 7.8 km)
2026-10-06T21:30:56,20261006T125256654202Z,Jakarta_2020,physical:fill,info,era5_sm_l1: 18812 cells (26.3%) filled from the nearest valid cell (max distance 7.8 km)
2026-10-06T21:30:56,20261006T125256654202Z,Jakarta_2020,physical:coarse,info,era5_rain_72h: 9 distinct values within the city (native ~9-11 km)
2026-10-06T21:30:56,20261006T125256654202Z,Jakarta_2020,physical:coarse,info,era5_rain_ante7d: 9 distinct values within the city (native ~9-11 km)
2026-10-06T21:30:56,20261006T125256654202Z,Jakarta_2020,physical:coarse,info,era5_sm_l1: 9 distinct values within the city (native ~9-11 km)
2026-10-06T21:30:56,20261006T125256654202Z,Jakarta_2020,physical:coarse,info,imerg_rain_72h: 14 distinct values within the city (native ~9-11 km)
2026-10-06T21:30:57,20261006T125256654202Z,Jakarta_2020,label:petabencana,ok,"289 reports in 2019-12-31..2020-01-04, 255 flood reports inside the study area (buffered 150 m)"
2026-10-06T21:30:57,20261006T125256654202Z,Jakarta_2020,label:petabencana_reports,info,255 features -> 1054 cells (1.471% of the study area)
2026-10-06T21:30:58,20261006T125256654202Z,Jakarta_2020,label:petabencana_area,ok,"accepted: 1054 positive cells, prevalence 1.4708% of 71,661 observable cells [ground truth tier B_crowdsourced]"
2026-10-06T21:30:58,20261006T125256654202Z,Jakarta_2020,labels,ok,"source=petabencana_area, positives=1054, prevalence=1.4708% of 71,661 observable cells"
2026-10-06T21:30:58,20261006T125256654202Z,Jakarta_2020,social,info,"PetaBencana is the label source here, so it is excluded from the social layer (and this city is a crowdsourced-label case, not confirmatory evidence)"
2026-10-06T21:30:59,20261006T125256654202Z,Jakarta_2020,social:gdelt_parse,ok,12435 raw rows -> 12435 flood-themed -> 12341 mention the city; 12148 have a page title (193 use URL words + GDELT location names; titles exist only from 2019-09-22)
2026-10-06T21:31:00,20261006T125256654202Z,Jakarta_2020,social:gdelt_bigquery,ok,12341 documents in window
2026-10-06T21:31:16,20261006T125256654202Z,Jakarta_2020,social:google_news_rss,info,"521 fetched -> 306 kept (215 outside the window, empty or duplicate)"
2026-10-06T21:31:16,20261006T125256654202Z,Jakarta_2020,social:google_news_rss,ok,306 documents in window
2026-10-06T21:31:29,20261006T125256654202Z,Jakarta_2020,social:reddit_arcticshift,ok,828 documents in window
2026-10-06T21:31:48,20261006T125256654202Z,Jakarta_2020,social:youtube,warn,"FAILED, will be retried on the next run: GET failed after 4 tries: https://www.googleapis.com/youtube/v3/search (HTTP 429)"
2026-10-06T21:32:36,20261006T125256654202Z,Jakarta_2020,social:wikimedia_commons,info,5000 of 13051 files examined ...
2026-10-06T21:33:01,20261006T125256654202Z,Jakarta_2020,social:wikimedia_commons,info,10000 of 13051 files examined ...
2026-10-06T21:33:13,20261006T125256654202Z,Jakarta_2020,social:wikimedia_commons,info,"13051 geotagged files in the box (100 tile requests, 21 dense tiles subdivided); 0 flood photos taken in the window"
2026-10-06T21:33:13,20261006T125256654202Z,Jakarta_2020,social:wikimedia_commons,warn,0 documents in window
2026-10-06T21:33:14,20261006T125256654202Z,Jakarta_2020,social:dedupe,info,"13475 documents -> 12197 after de-duplication (912 syndicated wire copies, 366 repeated texts or photos)"
2026-10-06T21:33:14,20261006T125256654202Z,Jakarta_2020,stage:docs_649ff4dbb8,info,"incomplete, so not checkpointed: the next run recomputes it"
2026-10-06T21:33:18,20261006T125256654202Z,Jakarta_2020,social:gazetteer,info,101 ambiguous names (same name >2 km apart) dropped
2026-10-06T21:33:18,20261006T125256654202Z,Jakarta_2020,social:gazetteer,ok,GeoNames ID: 1005 populated places inside the study area -> 1652 gazetteer names; 44 names of 44 towns outside it (within 80 km) will not be placed inside it
2026-10-06T21:33:20,20261006T125256654202Z,Jakarta_2020,social:gazetteer,info,3 gazetteer names shared with neighbouring towns outside the study area removed
2026-10-06T21:33:34,20261006T125256654202Z,Jakarta_2020,social:toponyms,info,"rule t5: 1782 gazetteer candidates rejected at acquisition {'name': 267, 'occurrence': 1515}"
2026-10-06T22:21:53,20261006T125256654202Z,Jakarta_2020,social:toponyms,info,rule t5: 15 mentions dropped (the name is only the end of a longer place name in a structured location)
2026-10-06T22:21:53,20261006T125256654202Z,Jakarta_2020,social:toponyms,info,"rule t5: 6343 NER candidates rejected before geocoding {'name': 814, 'occurrence': 5529}"
2026-10-06T22:21:53,20261006T125256654202Z,Jakarta_2020,social:places,ok,"4186 mentions from 2765 documents (gazetteer names=1649, geocoder calls=0, cache hits=20363)"
2026-10-06T22:22:15,20261006T125256654202Z,Jakarta_2020,social:mentions,ok,"4186 mentions: 0 from geotagged documents, 4186 from place names in text"
2026-10-06T22:22:15,20261006T125256654202Z,Jakarta_2020,social:concentration,info,"190 distinct locations, effective 28.28; top place 'Manggarai' = 10% of mentions; top 5: [('Manggarai', 0.102), ('Kemang', 0.096), ('Kalideres', 0.052), ('Jatiasih', 0.046), ('Cipinang', 0.043)]"
2026-10-06T22:22:15,20261006T125256654202Z,Jakarta_2020,acquire:complete,warn,"INCOMPLETE, re-run the acquisition for this city before analysing it: source youtube: GET failed after 4 tries: https://www.googleapis.com/youtube/v3/search (HTTP 429)"
2026-10-06T22:22:17,20261006T125256654202Z,Jakarta_2020,social:localisation,ok,"eligible for the pooled gradient analysis: 3732 mentions in the primary window, 27.16 effective locations, top place Manggarai = 0.103 (rule: >= 100, >= 10, <= 0.4)"
2026-10-06T22:22:17,20261006T125256654202Z,Jakarta_2020,social:signal,info,"primary-window layer is a news-media signal {'news': 0.993, 'social_media': 0.007}; report it under that name"
2026-10-06T22:22:18,20261006T125256654202Z,Jakarta_2020,exposure:population,ok,"JRC/GHSL/P2023A/GHS_POP/2020: median 14899 residents/km², max 173981"
2026-10-06T22:22:20,20261006T125256654202Z,Jakarta_2020,acquire,warn,analysis inputs saved (7.1 MB) in 70.3 min -> Jakarta_2020/_analysis_inputs.pkl.gz  [INCOMPLETE: run the acquisition again]
2026-10-06T22:22:20,20261006T125256654202Z,(all),acquire,warn,"10 of 10 cities acquired, 7 complete; RUN THE ACQUISITION AGAIN until every city is complete (finished work is reused), then analyse"
2026-10-07T12:38:40,20261007T123821872417Z,TaquariValley_2024,city,fail,"RuntimeError: TaquariValley_2024: the saved inputs are INCOMPLETE (source youtube: GET failed after 4 tries: https://www.googleapis.com/youtube/v3/search (HTTP 429)). Run RUN_MODE='acquire' for this city first (cached downloads make it quick), or set ALLOW_STALE_INPUTS=True to analyse them anyway as provisional (traceback in TaquariValley_2024_ERROR.txt)"
2026-10-07T12:38:45,20261007T123821872417Z,Houston_SanJacinto_2017,city,fail,"RuntimeError: Houston_SanJacinto_2017: the saved inputs are INCOMPLETE (source youtube: GET failed after 4 tries: https://www.googleapis.com/youtube/v3/search (HTTP 429)). Run RUN_MODE='acquire' for this city first (cached downloads make it quick), or set ALLOW_STALE_INPUTS=True to analyse them anyway as provisional (traceback in Houston_SanJacinto_2017_ERROR.txt)"
2026-10-07T12:38:46,20261007T123821872417Z,Jakarta_2020,city,fail,"RuntimeError: Jakarta_2020: the saved inputs are INCOMPLETE (source youtube: GET failed after 4 tries: https://www.googleapis.com/youtube/v3/search (HTTP 429)). Run RUN_MODE='acquire' for this city first (cached downloads make it quick), or set ALLOW_STALE_INPUTS=True to analyse them anyway as provisional (traceback in Jakarta_2020_ERROR.txt)"
2026-10-07T12:40:36,20261007T123905151713Z,TaquariValley_2024,label:verify,ok,"copernicus_ems EMSR720 (AOIs Guaporé, Encantado, Roca Sales, Das Antas, Santa Tereza): ok 65 kB"
2026-10-07T12:40:37,20261007T123905151713Z,Houston_SanJacinto_2017,label:verify,ok,"usgs_sciencebase USGS 10.5066/F7VH5N3N, San Jacinto child 5aa023ebe4b0b1c392e6881b: ok 20 kB"
2026-10-07T12:40:38,20261007T123905151713Z,Houston_SanJacinto_2017,label:verify,ok,"usgs_stn STN event 180 (2017 Harvey), Harris + Montgomery counties: ok 792 kB"
2026-10-07T12:40:40,20261007T123905151713Z,Jakarta_2020,label:verify,ok,petabencana reports archive (crowdsourced): ok 180 kB
2026-10-07T12:40:45,20261007T123905151713Z,TaquariValley_2024,label:copernicus_ems,ok,7 product(s) of type ['DEL'] imaged ['2024-05-04']..['2024-05-05'] listed by https://rapidmapping.emergency.copernicus.eu
2026-10-07T12:40:51,20261007T123905151713Z,TaquariValley_2024,label:vector,info,EMSR720_AOI02_DEL_PRODUCT_v1.zip: 1 duplicate layer copy(ies) ignored (same layer as .json and .shp)
2026-10-07T12:41:02,20261007T123905151713Z,TaquariValley_2024,label:vector,info,EMSR720_AOI02_DEL_MONIT01_v1.zip: 2 duplicate layer copy(ies) ignored (same layer as .json and .shp)
2026-10-07T12:41:09,20261007T123905151713Z,TaquariValley_2024,label:vector,info,EMSR720_AOI03_DEL_PRODUCT_v1.zip: 1 duplicate layer copy(ies) ignored (same layer as .json and .shp)
2026-10-07T12:41:14,20261007T123905151713Z,TaquariValley_2024,label:assets,ok,"froze 641 features -> TaquariValley_2024_labels.gpkg (1.81 MB, sha256 88cf1438782d)"
2026-10-07T12:41:14,20261007T123905151713Z,Houston_SanJacinto_2017,label:usgs_sciencebase,info,"1 items in the release; 1 carry a bounding box, 1 intersect the study area; 0 without a bounding box are also searched"
2026-10-07T12:41:27,20261007T123905151713Z,Houston_SanJacinto_2017,label:usgs_sciencebase,info,"features by role: coverage=1, flood=1, ignore=85 (coverage = mapped-area boundary, used as the valid mask; ignore = e.g. HWM points)"
2026-10-07T12:41:27,20261007T123905151713Z,Houston_SanJacinto_2017,label:usgs_sciencebase,ok,1 vector features and 0 depth raster(s) inside the study area
2026-10-07T12:41:28,20261007T123905151713Z,Houston_SanJacinto_2017,label:assets,ok,"froze 1 features -> Houston_SanJacinto_2017_labels.gpkg (31.47 MB, sha256 a60393841450)"
2026-10-07T12:41:29,20261007T123905151713Z,Jakarta_2020,label:petabencana,ok,"289 reports in 2019-12-31..2020-01-04, 255 flood reports inside the study area (buffered 150 m)"
2026-10-07T12:41:29,20261007T123905151713Z,Jakarta_2020,label:assets,ok,"froze 255 features -> Jakarta_2020_labels.gpkg (0.14 MB, sha256 da23cd430e59)"
2026-10-07T12:41:29,20261007T123905151713Z,,label:assets,ok,manifest written: /content/drive/MyDrive/saturation_v4/label_assets/label_assets_manifest.csv
2026-10-07T12:41:30,20261007T123905151713Z,TaquariValley_2024,resume:grid_fe733ff879,info,loaded from checkpoint (not recomputed)
2026-10-07T12:41:30,20261007T123905151713Z,TaquariValley_2024,grid,ok,"150x95 raster at 100 m, 13,823 cells in study area, EPSG:32722"
2026-10-07T12:41:30,20261007T123905151713Z,TaquariValley_2024,resume:physical_193578d7af,info,loaded from checkpoint (not recomputed)
2026-10-07T12:41:31,20261007T123905151713Z,TaquariValley_2024,resume:labels_11d8d0e3e0,info,loaded from checkpoint (not recomputed)
2026-10-07T12:41:31,20261007T123905151713Z,TaquariValley_2024,labels,ok,"source=copernicus_ems, positives=463, prevalence=9.2011% of 5,032 observable cells"
2026-10-07T12:41:31,20261007T123905151713Z,TaquariValley_2024,social:gdelt_parse,ok,356 raw rows -> 356 flood-themed -> 350 mention the city; 350 have a page title (0 use URL words + GDELT location names; titles exist only from 2019-09-22)
2026-10-07T12:41:31,20261007T123905151713Z,TaquariValley_2024,social:gdelt_bigquery,ok,350 documents in window
2026-10-07T12:41:51,20261007T123905151713Z,TaquariValley_2024,social:google_news_rss,info,"203 fetched -> 85 kept (118 outside the window, empty or duplicate)"
2026-10-07T12:41:52,20261007T123905151713Z,TaquariValley_2024,social:google_news_rss,ok,85 documents in window
2026-10-07T12:42:05,20261007T123905151713Z,TaquariValley_2024,social:reddit_arcticshift,ok,289 documents in window
2026-10-07T12:42:07,20261007T123905151713Z,TaquariValley_2024,social:youtube,info,"332 fetched -> 145 kept (187 outside the window, empty or duplicate)"
2026-10-07T12:42:07,20261007T123905151713Z,TaquariValley_2024,social:youtube,ok,145 documents in window
2026-10-07T12:42:07,20261007T123905151713Z,TaquariValley_2024,social:petabencana,skip,not an Indonesian city
2026-10-07T12:42:09,20261007T123905151713Z,TaquariValley_2024,social:wikimedia_commons,info,"9 geotagged files in the box (4 tile requests, 0 dense tiles subdivided); 0 flood photos taken in the window"
2026-10-07T12:42:09,20261007T123905151713Z,TaquariValley_2024,social:wikimedia_commons,warn,0 documents in window
2026-10-07T12:42:09,20261007T123905151713Z,TaquariValley_2024,social:dedupe,info,"869 documents -> 696 after de-duplication (28 syndicated wire copies, 145 repeated texts or photos)"
2026-10-07T12:42:09,20261007T123905151713Z,TaquariValley_2024,resume:gazetteer_eb43283dd6,info,loaded from checkpoint (not recomputed)
2026-10-07T12:42:12,20261007T123905151713Z,TaquariValley_2024,social:gazetteer,info,2 gazetteer names shared with neighbouring towns outside the study area removed
2026-10-07T12:42:12,20261007T123905151713Z,TaquariValley_2024,social:toponyms,info,"rule t5: 39 gazetteer candidates rejected at acquisition {'name': 0, 'occurrence': 39}"
2026-10-07T12:45:47,20261007T123905151713Z,TaquariValley_2024,social:toponyms,info,"rule t5: 288 NER candidates rejected before geocoding {'name': 66, 'occurrence': 222}"
2026-10-07T12:45:47,20261007T123905151713Z,TaquariValley_2024,social:places,ok,"81 mentions from 76 documents (gazetteer names=10, geocoder calls=20, cache hits=364)"
2026-10-07T12:45:54,20261007T123905151713Z,TaquariValley_2024,social:mentions,ok,"81 mentions: 0 from geotagged documents, 81 from place names in text"
2026-10-07T12:45:54,20261007T123905151713Z,TaquariValley_2024,social:concentration,warn,"2 distinct locations, effective 1.56; top place 'Encantado' = 76% of mentions; top 5: [('Encantado', 0.765), ('Roca Sales', 0.235)]  <- the layer is carried by very few points; it cannot localise flooding. Check the top places are real places inside the study area"
2026-10-07T12:45:54,20261007T123905151713Z,TaquariValley_2024,acquire:complete,ok,every source answered and every place name was looked up
2026-10-07T12:45:55,20261007T123905151713Z,TaquariValley_2024,social:localisation,warn,"NOT eligible for the pooled gradient analysis: 59 mentions in the primary window, 1.44 effective locations, top place Encantado = 0.814 (rule: >= 100, >= 10, <= 0.4)"
2026-10-07T12:45:55,20261007T123905151713Z,TaquariValley_2024,social:signal,info,"primary-window layer is a mixed signal (news 76%, social_media 24%) {'news': 0.763, 'social_media': 0.237}; report it under that name"
2026-10-07T12:45:55,20261007T123905151713Z,TaquariValley_2024,resume:population_fe39000f0f,info,loaded from checkpoint (not recomputed)
2026-10-07T12:45:56,20261007T123905151713Z,TaquariValley_2024,acquire,ok,analysis inputs saved (1.1 MB) in 4.4 min -> TaquariValley_2024/_analysis_inputs.pkl.gz
2026-10-07T12:45:56,20261007T123905151713Z,Houston_SanJacinto_2017,resume:grid_a8acabcecf,info,loaded from checkpoint (not recomputed)
2026-10-07T12:45:57,20261007T123905151713Z,Houston_SanJacinto_2017,grid,ok,"442x436 raster at 150 m, 184,495 cells in study area, EPSG:32615"
2026-10-07T12:45:57,20261007T123905151713Z,Houston_SanJacinto_2017,grid,warn,cell size 150 m differs from the study default 100 m (large study area); report this per-city resolution in the paper
2026-10-07T12:45:57,20261007T123905151713Z,Houston_SanJacinto_2017,resume:physical_c28a3846eb,info,loaded from checkpoint (not recomputed)
2026-10-07T12:45:57,20261007T123905151713Z,Houston_SanJacinto_2017,resume:labels_28237f4e23,info,loaded from checkpoint (not recomputed)
2026-10-07T12:45:58,20261007T123905151713Z,Houston_SanJacinto_2017,labels,ok,"source=usgs_sciencebase, positives=27565, prevalence=30.8375% of 89,388 observable cells"
2026-10-07T12:46:07,20261007T123905151713Z,Houston_SanJacinto_2017,social:gdelt_parse,ok,81621 raw rows -> 81621 flood-themed -> 78179 mention the city; 0 have a page title (78179 use URL words + GDELT location names; titles exist only from 2019-09-22)
2026-10-07T12:46:10,20261007T123905151713Z,Houston_SanJacinto_2017,social:gdelt_bigquery,info,"78179 fetched -> 78156 kept (23 outside the window, empty or duplicate)"
2026-10-07T12:46:10,20261007T123905151713Z,Houston_SanJacinto_2017,social:gdelt_bigquery,ok,78156 documents in window
2026-10-07T12:46:21,20261007T123905151713Z,Houston_SanJacinto_2017,social:google_news_rss,info,"68 fetched -> 35 kept (33 outside the window, empty or duplicate)"
2026-10-07T12:46:21,20261007T123905151713Z,Houston_SanJacinto_2017,social:google_news_rss,ok,35 documents in window
2026-10-07T12:47:10,20261007T123905151713Z,Houston_SanJacinto_2017,social:reddit_arcticshift,ok,2995 documents in window
2026-10-07T12:47:16,20261007T123905151713Z,Houston_SanJacinto_2017,social:youtube,info,"623 fetched -> 337 kept (286 outside the window, empty or duplicate)"
2026-10-07T12:47:16,20261007T123905151713Z,Houston_SanJacinto_2017,social:youtube,ok,337 documents in window
2026-10-07T12:47:16,20261007T123905151713Z,Houston_SanJacinto_2017,social:petabencana,skip,not an Indonesian city
2026-10-07T12:47:53,20261007T123905151713Z,Houston_SanJacinto_2017,social:wikimedia_commons,info,"3531 geotagged files in the box (88 tile requests, 4 dense tiles subdivided); 1 flood photos taken in the window"
2026-10-07T12:47:53,20261007T123905151713Z,Houston_SanJacinto_2017,social:wikimedia_commons,ok,1 documents in window
2026-10-07T12:47:55,20261007T123905151713Z,Houston_SanJacinto_2017,social:dedupe,info,"81524 documents -> 42893 after de-duplication (30262 syndicated wire copies, 8369 repeated texts or photos)"
2026-10-07T12:47:55,20261007T123905151713Z,Houston_SanJacinto_2017,resume:gazetteer_041ccc2968,info,loaded from checkpoint (not recomputed)
2026-10-07T12:47:57,20261007T123905151713Z,Houston_SanJacinto_2017,social:gazetteer,info,1 gazetteer names shared with neighbouring towns outside the study area removed
2026-10-07T12:48:20,20261007T123905151713Z,Houston_SanJacinto_2017,social:toponyms,info,"rule t5: 1777 gazetteer candidates rejected at acquisition {'name': 808, 'occurrence': 969}"
2026-10-07T15:53:07,20261007T123905151713Z,Houston_SanJacinto_2017,social:toponyms,info,rule t5: 8 mentions dropped (the name is only the end of a longer place name in a structured location)
2026-10-07T15:53:07,20261007T123905151713Z,Houston_SanJacinto_2017,social:toponyms,info,"rule t5: 80711 NER candidates rejected before geocoding {'name': 43419, 'occurrence': 37292}"
2026-10-07T15:53:07,20261007T123905151713Z,Houston_SanJacinto_2017,social:places,ok,"1198 mentions from 1107 documents (gazetteer names=474, geocoder calls=41, cache hits=43375)"
2026-10-07T15:54:02,20261007T123905151713Z,Houston_SanJacinto_2017,social:mentions,ok,"1199 mentions: 1 from geotagged documents, 1198 from place names in text"
2026-10-07T15:54:02,20261007T123905151713Z,Houston_SanJacinto_2017,social:concentration,info,"82 distinct locations, effective 7.27; top place 'Kingwood' = 27% of mentions; top 5: [('Kingwood', 0.274), ('Jersey Village', 0.219), ('Tomball', 0.081), ('Humble', 0.04), ('Conroe', 0.03)]"
2026-10-07T15:54:02,20261007T123905151713Z,Houston_SanJacinto_2017,acquire:complete,ok,every source answered and every place name was looked up
2026-10-07T15:54:05,20261007T123905151713Z,Houston_SanJacinto_2017,social:localisation,warn,"NOT eligible for the pooled gradient analysis: 589 mentions in the primary window, 5.64 effective locations, top place Kingwood = 0.389 (rule: >= 100, >= 10, <= 0.4)"
2026-10-07T15:54:05,20261007T123905151713Z,Houston_SanJacinto_2017,social:signal,info,"primary-window layer is a mixed signal (news 77%, social_media 23%, geotagged_photo 0%) {'news': 0.766, 'social_media': 0.233, 'geotagged_photo': 0.002}; report it under that name"
2026-10-07T15:54:06,20261007T123905151713Z,Houston_SanJacinto_2017,resume:population_60571fd491,info,loaded from checkpoint (not recomputed)
2026-10-07T15:54:09,20261007T123905151713Z,Houston_SanJacinto_2017,acquire,ok,analysis inputs saved (14.4 MB) in 188.2 min -> Houston_SanJacinto_2017/_analysis_inputs.pkl.gz
2026-10-07T15:54:09,20261007T123905151713Z,Jakarta_2020,resume:grid_0f9d472438,info,loaded from checkpoint (not recomputed)
2026-10-07T15:54:09,20261007T123905151713Z,Jakarta_2020,grid,ok,"323x356 raster at 100 m, 71,661 cells in study area, EPSG:32748"
2026-10-07T15:54:10,20261007T123905151713Z,Jakarta_2020,resume:physical_fc1e238c99,info,loaded from checkpoint (not recomputed)
2026-10-07T15:54:10,20261007T123905151713Z,Jakarta_2020,resume:labels_d1c45cb5e0,info,loaded from checkpoint (not recomputed)
2026-10-07T15:54:10,20261007T123905151713Z,Jakarta_2020,labels,ok,"source=petabencana_area, positives=1054, prevalence=1.4708% of 71,661 observable cells"
2026-10-07T15:54:10,20261007T123905151713Z,Jakarta_2020,social,info,"PetaBencana is the label source here, so it is excluded from the social layer (and this city is a crowdsourced-label case, not confirmatory evidence)"
2026-10-07T15:54:12,20261007T123905151713Z,Jakarta_2020,social:gdelt_parse,ok,12435 raw rows -> 12435 flood-themed -> 12341 mention the city; 12148 have a page title (193 use URL words + GDELT location names; titles exist only from 2019-09-22)
2026-10-07T15:54:13,20261007T123905151713Z,Jakarta_2020,social:gdelt_bigquery,ok,12341 documents in window
2026-10-07T15:54:30,20261007T123905151713Z,Jakarta_2020,social:google_news_rss,info,"521 fetched -> 306 kept (215 outside the window, empty or duplicate)"
2026-10-07T15:54:30,20261007T123905151713Z,Jakarta_2020,social:google_news_rss,ok,306 documents in window
2026-10-07T15:54:43,20261007T123905151713Z,Jakarta_2020,social:reddit_arcticshift,ok,828 documents in window
2026-10-07T15:54:46,20261007T123905151713Z,Jakarta_2020,social:youtube,info,"600 fetched -> 353 kept (247 outside the window, empty or duplicate)"
2026-10-07T15:54:46,20261007T123905151713Z,Jakarta_2020,social:youtube,ok,353 documents in window
2026-10-07T15:55:45,20261007T123905151713Z,Jakarta_2020,social:wikimedia_commons,info,5000 of 13051 files examined ...
2026-10-07T15:56:10,20261007T123905151713Z,Jakarta_2020,social:wikimedia_commons,info,10000 of 13051 files examined ...
2026-10-07T15:56:28,20261007T123905151713Z,Jakarta_2020,social:wikimedia_commons,info,"13051 geotagged files in the box (100 tile requests, 21 dense tiles subdivided); 0 flood photos taken in the window"
2026-10-07T15:56:28,20261007T123905151713Z,Jakarta_2020,social:wikimedia_commons,warn,0 documents in window
2026-10-07T15:56:28,20261007T123905151713Z,Jakarta_2020,social:dedupe,info,"13828 documents -> 12547 after de-duplication (912 syndicated wire copies, 369 repeated texts or photos)"
2026-10-07T15:56:28,20261007T123905151713Z,Jakarta_2020,resume:gazetteer_e8c24032c2,info,loaded from checkpoint (not recomputed)
2026-10-07T15:56:30,20261007T123905151713Z,Jakarta_2020,social:gazetteer,info,3 gazetteer names shared with neighbouring towns outside the study area removed
2026-10-07T15:56:45,20261007T123905151713Z,Jakarta_2020,social:toponyms,info,"rule t5: 1811 gazetteer candidates rejected at acquisition {'name': 268, 'occurrence': 1543}"
2026-10-07T16:41:10,20261007T123905151713Z,Jakarta_2020,social:toponyms,info,rule t5: 15 mentions dropped (the name is only the end of a longer place name in a structured location)
2026-10-07T16:41:10,20261007T123905151713Z,Jakarta_2020,social:toponyms,info,"rule t5: 6410 NER candidates rejected before geocoding {'name': 814, 'occurrence': 5596}"
2026-10-07T16:41:10,20261007T123905151713Z,Jakarta_2020,social:places,ok,"4240 mentions from 2809 documents (gazetteer names=1649, geocoder calls=25, cache hits=20406)"
2026-10-07T16:41:41,20261007T123905151713Z,Jakarta_2020,social:mentions,ok,"4240 mentions: 0 from geotagged documents, 4240 from place names in text"
2026-10-07T16:41:41,20261007T123905151713Z,Jakarta_2020,social:concentration,info,"191 distinct locations, effective 28.82; top place 'Manggarai' = 10% of mentions; top 5: [('Manggarai', 0.101), ('Kemang', 0.095), ('Kalideres', 0.051), ('Jatiasih', 0.046), ('Cipinang', 0.043)]"
2026-10-07T16:41:41,20261007T123905151713Z,Jakarta_2020,acquire:complete,ok,every source answered and every place name was looked up
2026-10-07T16:41:43,20261007T123905151713Z,Jakarta_2020,social:localisation,ok,"eligible for the pooled gradient analysis: 3778 mentions in the primary window, 27.65 effective locations, top place Kemang = 0.102 (rule: >= 100, >= 10, <= 0.4)"
2026-10-07T16:41:43,20261007T123905151713Z,Jakarta_2020,social:signal,info,"primary-window layer is a news-media signal {'news': 0.981, 'social_media': 0.019}; report it under that name"
2026-10-07T16:41:44,20261007T123905151713Z,Jakarta_2020,resume:population_a827c9ee72,info,loaded from checkpoint (not recomputed)
2026-10-07T16:41:46,20261007T123905151713Z,Jakarta_2020,acquire,ok,analysis inputs saved (7.6 MB) in 47.6 min -> Jakarta_2020/_analysis_inputs.pkl.gz
2026-10-07T16:41:46,20261007T123905151713Z,(all),acquire,ok,"3 of 3 cities acquired, 3 complete; run the analysis with RUN_MODE='analyse' (any machine) on /content/drive/MyDrive/saturation_v6/outputs"
2026-10-07T16:43:09,20261007T164253790571Z,Chennai_2015,exclude,info,779 permanent-water cells (JRC occurrence >= 50%) excluded
2026-10-07T16:43:09,20261007T164253790571Z,Chennai_2015,exclude,ok,"779 of 42,182 cells excluded (1.8%); 9384 flooded among 41,403 analysed"
2026-10-07T16:43:10,20261007T164253790571Z,Chennai_2015,cv:blocks,ok,label autocorrelation < 0.1 by 3000 m -> CV tile 2500 m + buffer 500 m (correlogram range 3000 m)
2026-10-07T16:43:10,20261007T164253790571Z,Chennai_2015,rung:A_terrain_first,info,"positives per fold: {0: 1875, 1: 1881, 2: 1876, 3: 1876, 4: 1876}"
2026-10-07T16:47:16,20261007T164253790571Z,Chennai_2015,rung:A_terrain_first,info,[R0_none] AP_phys=0.2027 AP_stacked=0.2905 AP_gated=0.3093
2026-10-07T16:52:22,20261007T164253790571Z,Chennai_2015,rung:A_terrain_first,info,[R1_+terrain] AP_phys=0.2742 AP_stacked=0.3009 AP_gated=0.3130
2026-10-07T16:58:05,20261007T164253790571Z,Chennai_2015,rung:A_terrain_first,info,[R2_+surface] AP_phys=0.3022 AP_stacked=0.3226 AP_gated=0.3364
2026-10-07T17:04:39,20261007T164253790571Z,Chennai_2015,rung:A_terrain_first,info,[R3_+hydrography] AP_phys=0.3103 AP_stacked=0.3238 AP_gated=0.3315
2026-10-07T17:11:44,20261007T164253790571Z,Chennai_2015,rung:A_terrain_first,info,[R4_+forcing] AP_phys=0.3631 AP_stacked=0.3515 AP_gated=0.3624
2026-10-07T17:19:02,20261007T164253790571Z,Chennai_2015,rung:A_terrain_first,info,[R5_+sar_event] AP_phys=0.3694 AP_stacked=0.3548 AP_gated=0.3630
2026-10-07T17:24:53,20261007T164253790571Z,Chennai_2015,gradient:A_terrain_first,info,"without R0: 2 of 4 primary slopes have a 95% CI entirely below 0 ['dAP_stacked_fm_adj', 'dAP_gated_fm_adj']"
2026-10-07T17:24:53,20261007T164253790571Z,Chennai_2015,gated:A_terrain_first,warn,73% of fold fits chose the edge of the gate grid (alpha=2.0 or tau=0.3); see the gated_wide_grid sensitivity variant
2026-10-07T17:24:57,20261007T164253790571Z,Chennai_2015,effects:A_terrain_first,ok,"top rung: info_nats_fm -0.0059 [-0.0166, +0.0026] inconclusive; info_frac_fm -0.0117 [-0.0310, +0.0052] inconclusive; dAP_stacked_fm -0.0120 [-0.0392, +0.0081] inconclusive; dAP_gated_fm -0.0095 [-0.0350, +0.0109] inconclusive; dAP_early_fm -0.0095 [-0.0307, +0.0112] inconclusive; dAP_adr_legacy_fm -0.0079 [-0.0159, +0.0024] inconclusive | social gain saturated from: None"
2026-10-07T17:24:57,20261007T164253790571Z,Chennai_2015,ladder:A_terrain_first,ok,6 rungs in 41.8 min
2026-10-07T17:24:57,20261007T164253790571Z,Chennai_2015,rung:B_surface_first,info,"positives per fold: {0: 1875, 1: 1881, 2: 1876, 3: 1876, 4: 1876}"
2026-10-07T17:24:57,20261007T164253790571Z,Chennai_2015,rung:B_surface_first,info,reused from checkpoint 969809a8c44e (identical feature set; not recomputed)
2026-10-07T17:29:57,20261007T164253790571Z,Chennai_2015,rung:B_surface_first,info,[R1_+surface] AP_phys=0.2555 AP_stacked=0.3164 AP_gated=0.3259
2026-10-07T17:34:57,20261007T164253790571Z,Chennai_2015,rung:B_surface_first,info,[R2_+forcing] AP_phys=0.3512 AP_stacked=0.3348 AP_gated=0.3532
2026-10-07T17:40:57,20261007T164253790571Z,Chennai_2015,rung:B_surface_first,info,[R3_+terrain] AP_phys=0.3614 AP_stacked=0.3417 AP_gated=0.3471
2026-10-07T17:40:57,20261007T164253790571Z,Chennai_2015,rung:B_surface_first,info,reused from checkpoint 091a99df75d5 (identical feature set; not recomputed)
2026-10-07T17:40:57,20261007T164253790571Z,Chennai_2015,rung:B_surface_first,info,reused from checkpoint 609941292580 (identical feature set; not recomputed)
2026-10-07T17:46:38,20261007T164253790571Z,Chennai_2015,gradient:B_surface_first,info,"without R0: 2 of 4 primary slopes have a 95% CI entirely below 0 ['dAP_stacked_fm_adj', 'dAP_gated_fm_adj']"
2026-10-07T17:46:38,20261007T164253790571Z,Chennai_2015,gated:B_surface_first,warn,63% of fold fits chose the edge of the gate grid (alpha=2.0 or tau=0.3); see the gated_wide_grid sensitivity variant
2026-10-07T17:46:42,20261007T164253790571Z,Chennai_2015,effects:B_surface_first,ok,"top rung: info_nats_fm -0.0059 [-0.0166, +0.0026] inconclusive; info_frac_fm -0.0117 [-0.0310, +0.0052] inconclusive; dAP_stacked_fm -0.0120 [-0.0392, +0.0081] inconclusive; dAP_gated_fm -0.0095 [-0.0350, +0.0109] inconclusive; dAP_early_fm -0.0095 [-0.0307, +0.0112] inconclusive; dAP_adr_legacy_fm -0.0079 [-0.0159, +0.0024] inconclusive | social gain saturated from: None"
2026-10-07T17:46:42,20261007T164253790571Z,Chennai_2015,ladder:B_surface_first,ok,6 rungs in 21.8 min
2026-10-07T17:46:43,20261007T164253790571Z,Chennai_2015,rung:lens,info,reused from checkpoint 609941292580 (identical feature set; not recomputed)
2026-10-07T18:39:38,20261007T164253790571Z,Chennai_2015,emotion_lens,ok,7 channel sets at rung R5_+sar_event
2026-10-07T19:05:57,20261007T164253790571Z,Chennai_2015,sensitivity,ok,4 variants
2026-10-07T19:05:57,20261007T164253790571Z,Chennai_2015,placebo,info,social layer vs population-density layer: Spearman 0.80
2026-10-07T19:05:57,20261007T164253790571Z,Chennai_2015,rung:placebo,info,"positives per fold: {0: 1875, 1: 1881, 2: 1876, 3: 1876, 4: 1876}"
2026-10-07T19:08:11,20261007T164253790571Z,Chennai_2015,rung:placebo,info,[R0_none] AP_phys=0.2027 AP_stacked=0.3403 AP_gated=0.3384
2026-10-07T19:10:49,20261007T164253790571Z,Chennai_2015,rung:placebo,info,[R1_+terrain] AP_phys=0.2742 AP_stacked=0.3379 AP_gated=0.3491
2026-10-07T19:13:22,20261007T164253790571Z,Chennai_2015,rung:placebo,info,[R2_+surface] AP_phys=0.3022 AP_stacked=0.3463 AP_gated=0.3587
2026-10-07T19:16:09,20261007T164253790571Z,Chennai_2015,rung:placebo,info,[R3_+hydrography] AP_phys=0.3103 AP_stacked=0.3460 AP_gated=0.3590
2026-10-07T19:19:03,20261007T164253790571Z,Chennai_2015,rung:placebo,info,[R4_+forcing] AP_phys=0.3631 AP_stacked=0.3586 AP_gated=0.3656
2026-10-07T19:21:55,20261007T164253790571Z,Chennai_2015,rung:placebo,info,[R5_+sar_event] AP_phys=0.3694 AP_stacked=0.3614 AP_gated=0.3604
2026-10-07T19:30:59,20261007T164253790571Z,Chennai_2015,placebo,ok,population-density placebo ladder and population control done
2026-10-07T19:31:02,20261007T164253790571Z,Chennai_2015,city,ok,finished in 167.9 min
2026-10-07T19:35:02,20261007T164253790571Z,(all),synthesis,ok,"10 cities (10 under the current pre-registration); confirmatory k=9, evaluable k=7, localisable k=1 -> paper_synthesis/"
2026-10-07T19:35:03,20261007T164253790571Z,Valencia_2024,exclude,info,"5,684 permanent-water cells (JRC occurrence >= 50%) excluded"
2026-10-07T19:35:03,20261007T164253790571Z,Valencia_2024,exclude,ok,"5,684 of 38,269 cells excluded (14.9%); 10460 flooded among 32,585 analysed"
2026-10-07T19:35:04,20261007T164253790571Z,Valencia_2024,cv:blocks,ok,label autocorrelation < 0.1 by 8000 m -> CV tile 4000 m + buffer 500 m (correlogram range 8000 m)
2026-10-07T19:35:04,20261007T164253790571Z,Valencia_2024,rung:A_terrain_first,info,"positives per fold: {0: 2087, 1: 2090, 2: 2107, 3: 2087, 4: 2089}"
2026-10-07T19:38:44,20261007T164253790571Z,Valencia_2024,rung:A_terrain_first,info,[R0_none] AP_phys=0.2902 AP_stacked=0.5156 AP_gated=0.4972
2026-10-07T19:43:32,20261007T164253790571Z,Valencia_2024,rung:A_terrain_first,info,[R1_+terrain] AP_phys=0.7488 AP_stacked=0.7778 AP_gated=0.7978
2026-10-07T19:48:50,20261007T164253790571Z,Valencia_2024,rung:A_terrain_first,info,[R2_+surface] AP_phys=0.7615 AP_stacked=0.7828 AP_gated=0.8137
2026-10-07T19:54:53,20261007T164253790571Z,Valencia_2024,rung:A_terrain_first,info,[R3_+hydrography] AP_phys=0.8204 AP_stacked=0.8530 AP_gated=0.8464
2026-10-07T20:01:29,20261007T164253790571Z,Valencia_2024,rung:A_terrain_first,info,[R4_+forcing] AP_phys=0.8373 AP_stacked=0.8356 AP_gated=0.8045
2026-10-07T20:08:14,20261007T164253790571Z,Valencia_2024,rung:A_terrain_first,info,[R5_+sar_event] AP_phys=0.8453 AP_stacked=0.8507 AP_gated=0.8323
2026-10-07T20:13:35,20261007T164253790571Z,Valencia_2024,gradient:A_terrain_first,info,without R0: 0 of 4 primary slopes have a 95% CI entirely below 0 []
2026-10-07T20:13:35,20261007T164253790571Z,Valencia_2024,gated:A_terrain_first,warn,100% of fold fits chose the edge of the gate grid (alpha=2.0 or tau=0.3); see the gated_wide_grid sensitivity variant
2026-10-07T20:13:39,20261007T164253790571Z,Valencia_2024,effects:A_terrain_first,ok,"top rung: info_nats_fm +0.0768 [-0.0230, +0.1728] inconclusive; info_frac_fm +0.1793 [-0.0727, +0.3335] inconclusive; dAP_stacked_fm +0.0383 [-0.0032, +0.1031] inconclusive; dAP_gated_fm -0.0124 [-0.0326, +0.0276] inconclusive; dAP_early_fm -0.0037 [-0.0238, +0.0823] inconclusive; dAP_adr_legacy_fm -0.1236 [-0.1481, -0.0517] harmful | social gain saturated from: None"
2026-10-07T20:13:39,20261007T164253790571Z,Valencia_2024,ladder:A_terrain_first,ok,6 rungs in 38.6 min
2026-10-07T20:13:39,20261007T164253790571Z,Valencia_2024,rung:B_surface_first,info,"positives per fold: {0: 2087, 1: 2090, 2: 2107, 3: 2087, 4: 2089}"
2026-10-07T20:13:39,20261007T164253790571Z,Valencia_2024,rung:B_surface_first,info,reused from checkpoint da13ceb8c974 (identical feature set; not recomputed)
2026-10-07T20:18:21,20261007T164253790571Z,Valencia_2024,rung:B_surface_first,info,[R1_+surface] AP_phys=0.7006 AP_stacked=0.7620 AP_gated=0.7000
2026-10-07T20:23:22,20261007T164253790571Z,Valencia_2024,rung:B_surface_first,info,[R2_+forcing] AP_phys=0.7666 AP_stacked=0.7159 AP_gated=0.6566
2026-10-07T20:29:05,20261007T164253790571Z,Valencia_2024,rung:B_surface_first,info,[R3_+terrain] AP_phys=0.7921 AP_stacked=0.7919 AP_gated=0.7270
2026-10-07T20:29:05,20261007T164253790571Z,Valencia_2024,rung:B_surface_first,info,reused from checkpoint 9e5fd322e7ee (identical feature set; not recomputed)
2026-10-07T20:29:06,20261007T164253790571Z,Valencia_2024,rung:B_surface_first,info,reused from checkpoint f5082509b2fd (identical feature set; not recomputed)
2026-10-07T20:34:17,20261007T164253790571Z,Valencia_2024,gradient:B_surface_first,info,without R0: 0 of 4 primary slopes have a 95% CI entirely below 0 []
2026-10-07T20:34:17,20261007T164253790571Z,Valencia_2024,gated:B_surface_first,warn,87% of fold fits chose the edge of the gate grid (alpha=2.0 or tau=0.3); see the gated_wide_grid sensitivity variant
2026-10-07T20:34:22,20261007T164253790571Z,Valencia_2024,effects:B_surface_first,ok,"top rung: info_nats_fm +0.0768 [-0.0230, +0.1728] inconclusive; info_frac_fm +0.1793 [-0.0727, +0.3335] inconclusive; dAP_stacked_fm +0.0383 [-0.0032, +0.1031] inconclusive; dAP_gated_fm -0.0124 [-0.0326, +0.0276] inconclusive; dAP_early_fm -0.0037 [-0.0238, +0.0823] inconclusive; dAP_adr_legacy_fm -0.1236 [-0.1481, -0.0517] harmful | social gain saturated from: None"
2026-10-07T20:34:22,20261007T164253790571Z,Valencia_2024,ladder:B_surface_first,ok,6 rungs in 20.7 min
2026-10-07T20:34:22,20261007T164253790571Z,Valencia_2024,rung:lens,info,reused from checkpoint f5082509b2fd (identical feature set; not recomputed)
2026-10-07T20:57:58,20261007T164253790571Z,Valencia_2024,rung:lens,info,reused from checkpoint 46904bb8cd3f (identical feature set; not recomputed)
2026-10-07T20:58:54,20261007T164253790571Z,Valencia_2024,rung:lens,info,reused from checkpoint 4bba950f6360 (identical feature set; not recomputed)
2026-10-07T21:16:44,20261007T164253790571Z,Valencia_2024,emotion_lens,ok,8 channel sets at rung R5_+sar_event
2026-10-07T21:39:39,20261007T164253790571Z,Valencia_2024,sensitivity,ok,4 variants
2026-10-07T21:39:39,20261007T164253790571Z,Valencia_2024,placebo,info,social layer vs population-density layer: Spearman 0.70
2026-10-07T21:39:40,20261007T164253790571Z,Valencia_2024,resume:placebo_pop_full_fb7e9451b1712344_5_fe639a2c0a,info,loaded from checkpoint (not recomputed)
2026-10-07T21:42:56,20261007T164253790571Z,Valencia_2024,placebo,ok,population-density placebo ladder and population control done
2026-10-07T21:42:58,20261007T164253790571Z,Valencia_2024,city,ok,finished in 127.9 min
2026-10-07T21:46:50,20261007T164253790571Z,(all),synthesis,ok,"10 cities (10 under the current pre-registration); confirmatory k=9, evaluable k=7, localisable k=1 -> paper_synthesis/"
2026-10-07T21:46:51,20261007T164253790571Z,EmiliaRomagna_2023a,exclude,info,238 permanent-water cells (JRC occurrence >= 50%) excluded
2026-10-07T21:46:51,20261007T164253790571Z,EmiliaRomagna_2023a,exclude,warn,"123,756 of 143,322 cells excluded (86.3%); 2576 flooded among 19,566 analysed"
2026-10-07T21:46:52,20261007T164253790571Z,EmiliaRomagna_2023a,cv:blocks,ok,label autocorrelation < 0.1 by 3000 m -> CV tile 2500 m + buffer 500 m (correlogram range 3000 m)
2026-10-07T21:46:52,20261007T164253790571Z,EmiliaRomagna_2023a,rung:A_terrain_first,info,"positives per fold: {0: 516, 1: 516, 2: 514, 3: 515, 4: 515}"
2026-10-07T21:49:09,20261007T164253790571Z,EmiliaRomagna_2023a,rung:A_terrain_first,info,[R0_none] AP_phys=0.1013 AP_stacked=0.1199 AP_gated=0.1158
2026-10-07T21:52:39,20261007T164253790571Z,EmiliaRomagna_2023a,rung:A_terrain_first,info,[R1_+terrain] AP_phys=0.1960 AP_stacked=0.1178 AP_gated=0.1573
2026-10-07T21:56:28,20261007T164253790571Z,EmiliaRomagna_2023a,rung:A_terrain_first,info,[R2_+surface] AP_phys=0.1949 AP_stacked=0.1148 AP_gated=0.1628
2026-10-07T22:00:52,20261007T164253790571Z,EmiliaRomagna_2023a,rung:A_terrain_first,info,[R3_+hydrography] AP_phys=0.2829 AP_stacked=0.1395 AP_gated=0.2627
2026-10-07T22:05:30,20261007T164253790571Z,EmiliaRomagna_2023a,rung:A_terrain_first,info,[R4_+forcing] AP_phys=0.2786 AP_stacked=0.1473 AP_gated=0.2800
2026-10-07T22:10:09,20261007T164253790571Z,EmiliaRomagna_2023a,rung:A_terrain_first,info,[R5_+sar_event] AP_phys=0.3575 AP_stacked=0.1975 AP_gated=0.3574
2026-10-07T22:13:43,20261007T164253790571Z,EmiliaRomagna_2023a,gradient:A_terrain_first,info,without R0: 0 of 4 primary slopes have a 95% CI entirely below 0 []
2026-10-07T22:13:43,20261007T164253790571Z,EmiliaRomagna_2023a,gated:A_terrain_first,warn,43% of fold fits chose the edge of the gate grid (alpha=2.0 or tau=0.3); see the gated_wide_grid sensitivity variant
2026-10-07T22:13:49,20261007T164253790571Z,EmiliaRomagna_2023a,effects:A_terrain_first,ok,"top rung: info_nats_fm -0.0078 [-0.0495, +0.0228] inconclusive; info_frac_fm -0.0176 [-0.1006, +0.0623] inconclusive; dAP_stacked_fm -0.1388 [-0.1620, +0.0174] inconclusive; dAP_gated_fm -0.0109 [-0.0161, +0.0093] inconclusive; dAP_early_fm +0.0022 [-0.0249, +0.0264] inconclusive; dAP_adr_legacy_fm -0.0553 [-0.0777, +0.0049] inconclusive | social gain saturated from: None"
2026-10-07T22:13:49,20261007T164253790571Z,EmiliaRomagna_2023a,ladder:A_terrain_first,ok,6 rungs in 26.9 min
2026-10-07T22:13:49,20261007T164253790571Z,EmiliaRomagna_2023a,rung:B_surface_first,info,"positives per fold: {0: 516, 1: 516, 2: 514, 3: 515, 4: 515}"
2026-10-07T22:13:49,20261007T164253790571Z,EmiliaRomagna_2023a,rung:B_surface_first,info,reused from checkpoint 3d888a7a6c65 (identical feature set; not recomputed)
2026-10-07T22:16:55,20261007T164253790571Z,EmiliaRomagna_2023a,rung:B_surface_first,info,[R1_+surface] AP_phys=0.1242 AP_stacked=0.0974 AP_gated=0.1189
2026-10-07T22:20:18,20261007T164253790571Z,EmiliaRomagna_2023a,rung:B_surface_first,info,[R2_+forcing] AP_phys=0.1627 AP_stacked=0.1121 AP_gated=0.1598
2026-10-07T22:24:15,20261007T164253790571Z,EmiliaRomagna_2023a,rung:B_surface_first,info,[R3_+terrain] AP_phys=0.2242 AP_stacked=0.1475 AP_gated=0.2277
2026-10-07T22:24:15,20261007T164253790571Z,EmiliaRomagna_2023a,rung:B_surface_first,info,reused from checkpoint 5e6b5a49661e (identical feature set; not recomputed)
2026-10-07T22:24:15,20261007T164253790571Z,EmiliaRomagna_2023a,rung:B_surface_first,info,reused from checkpoint e8f474b4029b (identical feature set; not recomputed)
2026-10-07T22:27:58,20261007T164253790571Z,EmiliaRomagna_2023a,gradient:B_surface_first,info,without R0: 0 of 4 primary slopes have a 95% CI entirely below 0 []
2026-10-07T22:27:58,20261007T164253790571Z,EmiliaRomagna_2023a,gated:B_surface_first,warn,43% of fold fits chose the edge of the gate grid (alpha=2.0 or tau=0.3); see the gated_wide_grid sensitivity variant
2026-10-07T22:28:02,20261007T164253790571Z,EmiliaRomagna_2023a,effects:B_surface_first,ok,"top rung: info_nats_fm -0.0078 [-0.0495, +0.0228] inconclusive; info_frac_fm -0.0176 [-0.1006, +0.0623] inconclusive; dAP_stacked_fm -0.1388 [-0.1620, +0.0174] inconclusive; dAP_gated_fm -0.0109 [-0.0161, +0.0093] inconclusive; dAP_early_fm +0.0022 [-0.0249, +0.0264] inconclusive; dAP_adr_legacy_fm -0.0553 [-0.0777, +0.0049] inconclusive | social gain saturated from: None"
2026-10-07T22:28:02,20261007T164253790571Z,EmiliaRomagna_2023a,ladder:B_surface_first,ok,6 rungs in 14.2 min
2026-10-07T22:28:02,20261007T164253790571Z,EmiliaRomagna_2023a,rung:lens,info,reused from checkpoint e8f474b4029b (identical feature set; not recomputed)
2026-10-07T22:39:21,20261007T164253790571Z,EmiliaRomagna_2023a,rung:lens,info,reused from checkpoint ba10a7fb0789 (identical feature set; not recomputed)
2026-10-07T22:45:15,20261007T164253790571Z,EmiliaRomagna_2023a,rung:lens,info,reused from checkpoint 7b876d493880 (identical feature set; not recomputed)
2026-10-07T22:51:46,20261007T164253790571Z,EmiliaRomagna_2023a,emotion_lens,ok,7 channel sets at rung R5_+sar_event
2026-10-07T23:08:13,20261007T164253790571Z,EmiliaRomagna_2023a,sensitivity,ok,4 variants
2026-10-07T23:08:13,20261007T164253790571Z,EmiliaRomagna_2023a,placebo,info,social layer vs population-density layer: Spearman 0.82
2026-10-07T23:08:14,20261007T164253790571Z,EmiliaRomagna_2023a,resume:placebo_pop_full_befdd2e01741a217_5_d2e2f7342e,info,loaded from checkpoint (not recomputed)
2026-10-07T23:10:47,20261007T164253790571Z,EmiliaRomagna_2023a,placebo,ok,population-density placebo ladder and population control done
2026-10-07T23:10:49,20261007T164253790571Z,EmiliaRomagna_2023a,city,ok,finished in 84.0 min
2026-10-07T23:14:43,20261007T164253790571Z,(all),synthesis,ok,"10 cities (10 under the current pre-registration); confirmatory k=9, evaluable k=7, localisable k=1 -> paper_synthesis/"
2026-10-07T23:14:43,20261007T164253790571Z,Forli_2023b,exclude,info,22 permanent-water cells (JRC occurrence >= 50%) excluded
2026-10-07T23:14:43,20261007T164253790571Z,Forli_2023b,exclude,ok,"8,684 of 93,651 cells excluded (9.3%); 4287 flooded among 84,967 analysed"
2026-10-07T23:14:44,20261007T164253790571Z,Forli_2023b,cv:blocks,ok,label autocorrelation < 0.1 by 2000 m -> CV tile 2000 m + buffer 500 m (correlogram range 2000 m)
2026-10-07T23:14:44,20261007T164253790571Z,Forli_2023b,rung:A_terrain_first,info,"positives per fold: {0: 858, 1: 857, 2: 857, 3: 857, 4: 858}"
2026-10-07T23:21:58,20261007T164253790571Z,Forli_2023b,rung:A_terrain_first,info,[R0_none] AP_phys=0.0426 AP_stacked=0.0408 AP_gated=0.0576
2026-10-07T23:30:26,20261007T164253790571Z,Forli_2023b,rung:A_terrain_first,info,[R1_+terrain] AP_phys=0.1600 AP_stacked=0.1683 AP_gated=0.1591
2026-10-07T23:40:03,20261007T164253790571Z,Forli_2023b,rung:A_terrain_first,info,[R2_+surface] AP_phys=0.1954 AP_stacked=0.2035 AP_gated=0.1991
2026-10-07T23:50:48,20261007T164253790571Z,Forli_2023b,rung:A_terrain_first,info,[R3_+hydrography] AP_phys=0.2213 AP_stacked=0.2233 AP_gated=0.2264
2026-10-08T00:02:08,20261007T164253790571Z,Forli_2023b,rung:A_terrain_first,info,[R4_+forcing] AP_phys=0.2880 AP_stacked=0.2782 AP_gated=0.2759
2026-10-08T00:13:29,20261007T164253790571Z,Forli_2023b,rung:A_terrain_first,info,[R5_+sar_event] AP_phys=0.4027 AP_stacked=0.3970 AP_gated=0.3994
2026-10-08T00:25:03,20261007T164253790571Z,Forli_2023b,gradient:A_terrain_first,info,without R0: 0 of 4 primary slopes have a 95% CI entirely below 0 []
2026-10-08T00:25:03,20261007T164253790571Z,Forli_2023b,gated:A_terrain_first,warn,87% of fold fits chose the edge of the gate grid (alpha=2.0 or tau=0.3); see the gated_wide_grid sensitivity variant
2026-10-08T00:25:08,20261007T164253790571Z,Forli_2023b,effects:A_terrain_first,ok,"top rung: info_nats_fm +0.0006 [-0.0013, +0.0033] inconclusive; info_frac_fm +0.0037 [-0.0081, +0.0193] saturated; dAP_stacked_fm +0.0044 [-0.0046, +0.0148] inconclusive; dAP_gated_fm +0.0005 [-0.0079, +0.0107] saturated; dAP_early_fm +0.0036 [-0.0065, +0.0157] inconclusive; dAP_adr_legacy_fm -0.0323 [-0.0445, -0.0168] harmful | social gain saturated from: R4_+forcing"
2026-10-08T00:25:08,20261007T164253790571Z,Forli_2023b,ladder:A_terrain_first,ok,6 rungs in 70.4 min
2026-10-08T00:25:08,20261007T164253790571Z,Forli_2023b,rung:B_surface_first,info,"positives per fold: {0: 858, 1: 857, 2: 857, 3: 857, 4: 858}"
2026-10-08T00:25:08,20261007T164253790571Z,Forli_2023b,rung:B_surface_first,info,reused from checkpoint 1a9ba9dc3a62 (identical feature set; not recomputed)
2026-10-08T00:33:49,20261007T164253790571Z,Forli_2023b,rung:B_surface_first,info,[R1_+surface] AP_phys=0.1016 AP_stacked=0.0955 AP_gated=0.1094
2026-10-08T04:30:54,20261008T043034995511Z,Chennai_2015,exclude,info,779 permanent-water cells (JRC occurrence >= 50%) excluded
2026-10-08T04:30:54,20261008T043034995511Z,Chennai_2015,exclude,ok,"779 of 42,182 cells excluded (1.8%); 9384 flooded among 41,403 analysed"
2026-10-08T04:30:56,20261008T043034995511Z,Chennai_2015,cv:blocks,ok,label autocorrelation < 0.1 by 3000 m -> CV tile 2500 m + buffer 500 m (correlogram range 3000 m)
2026-10-08T04:30:58,20261008T043034995511Z,Chennai_2015,resume:ladder_A_terrain_first_full_31ce2e8d834e1f09_5_d2e2f7342e,info,loaded from checkpoint (not recomputed)
2026-10-08T04:30:59,20261008T043034995511Z,Chennai_2015,gradient:A_terrain_first,info,"without R0: 2 of 4 primary slopes have a 95% CI entirely below 0 ['dAP_stacked_fm_adj', 'dAP_gated_fm_adj']"
2026-10-08T04:30:59,20261008T043034995511Z,Chennai_2015,gated:A_terrain_first,warn,73% of fold fits chose the edge of the gate grid (alpha=2.0 or tau=0.3); see the gated_wide_grid sensitivity variant
2026-10-08T04:31:02,20261008T043034995511Z,Chennai_2015,effects:A_terrain_first,ok,"top rung: info_nats_fm -0.0059 [-0.0166, +0.0026] inconclusive; info_frac_fm -0.0117 [-0.0310, +0.0052] inconclusive; dAP_stacked_fm -0.0120 [-0.0392, +0.0081] inconclusive; dAP_gated_fm -0.0095 [-0.0350, +0.0109] inconclusive; dAP_early_fm -0.0095 [-0.0307, +0.0112] inconclusive; dAP_adr_legacy_fm -0.0079 [-0.0159, +0.0024] inconclusive | social gain saturated from: None"
2026-10-08T04:31:02,20261008T043034995511Z,Chennai_2015,ladder:A_terrain_first,ok,6 rungs in 0.1 min
2026-10-08T04:31:03,20261008T043034995511Z,Chennai_2015,resume:ladder_B_surface_first_full_31ce2e8d834e1f09_5_d2e2f7342e,info,loaded from checkpoint (not recomputed)
2026-10-08T04:31:04,20261008T043034995511Z,Chennai_2015,gradient:B_surface_first,info,"without R0: 2 of 4 primary slopes have a 95% CI entirely below 0 ['dAP_stacked_fm_adj', 'dAP_gated_fm_adj']"
2026-10-08T04:31:04,20261008T043034995511Z,Chennai_2015,gated:B_surface_first,warn,63% of fold fits chose the edge of the gate grid (alpha=2.0 or tau=0.3); see the gated_wide_grid sensitivity variant
2026-10-08T04:31:07,20261008T043034995511Z,Chennai_2015,effects:B_surface_first,ok,"top rung: info_nats_fm -0.0059 [-0.0166, +0.0026] inconclusive; info_frac_fm -0.0117 [-0.0310, +0.0052] inconclusive; dAP_stacked_fm -0.0120 [-0.0392, +0.0081] inconclusive; dAP_gated_fm -0.0095 [-0.0350, +0.0109] inconclusive; dAP_early_fm -0.0095 [-0.0307, +0.0112] inconclusive; dAP_adr_legacy_fm -0.0079 [-0.0159, +0.0024] inconclusive | social gain saturated from: None"
2026-10-08T04:31:07,20261008T043034995511Z,Chennai_2015,ladder:B_surface_first,ok,6 rungs in 0.1 min
2026-10-08T04:31:08,20261008T043034995511Z,Chennai_2015,resume:lens_S_mentions_full_31ce2e8d834e1f09_5_d2e2f7342e,info,loaded from checkpoint (not recomputed)
2026-10-08T04:31:08,20261008T043034995511Z,Chennai_2015,resume:lens_S_negative_full_31ce2e8d834e1f09_5_d2e2f7342e,info,loaded from checkpoint (not recomputed)
2026-10-08T04:31:09,20261008T043034995511Z,Chennai_2015,resume:lens_S_distress_full_31ce2e8d834e1f09_5_d2e2f7342e,info,loaded from checkpoint (not recomputed)
2026-10-08T04:31:09,20261008T043034995511Z,Chennai_2015,resume:lens_S_src_gdelt_bigquery_full_31ce2e8d834e1f09_5_d2e2f7342e,info,loaded from checkpoint (not recomputed)
2026-10-08T04:31:10,20261008T043034995511Z,Chennai_2015,resume:lens_S_src_reddit_arcticshift_full_31ce2e8d834e1f09_5_d2e2f7342e,info,loaded from checkpoint (not recomputed)
2026-10-08T04:31:10,20261008T043034995511Z,Chennai_2015,resume:lens_S_src_youtube_full_31ce2e8d834e1f09_5_d2e2f7342e,info,loaded from checkpoint (not recomputed)
2026-10-08T04:31:10,20261008T043034995511Z,Chennai_2015,resume:lens_S_mentions+S_negative+S_distress_full_31ce2e8d834e1f09_5_d2e2f7342e,info,loaded from checkpoint (not recomputed)
2026-10-08T04:31:10,20261008T043034995511Z,Chennai_2015,emotion_lens,ok,7 channel sets at rung R5_+sar_event
2026-10-08T04:31:11,20261008T043034995511Z,Chennai_2015,resume:sens_bandwidth_1000m_full_7677f3c6608c9fd2_5_d2e2f7342e_xgb,info,loaded from checkpoint (not recomputed)
2026-10-08T04:31:11,20261008T043034995511Z,Chennai_2015,resume:sens_window_minus3_plus3_full_3e6c028dc3dc5885_5_d2e2f7342e_xgb,info,loaded from checkpoint (not recomputed)
2026-10-08T04:31:12,20261008T043034995511Z,Chennai_2015,resume:sens_gated_wide_grid_full_0463b100c7de8c25_5_d2e2f7342e_xgb,info,loaded from checkpoint (not recomputed)
2026-10-08T04:31:12,20261008T043034995511Z,Chennai_2015,resume:sens_learner_logistic_full_0463b100c7de8c25_5_d2e2f7342e_logistic,info,loaded from checkpoint (not recomputed)
2026-10-08T04:31:12,20261008T043034995511Z,Chennai_2015,sensitivity,ok,4 variants
2026-10-08T04:31:12,20261008T043034995511Z,Chennai_2015,placebo,info,social layer vs population-density layer: Spearman 0.80
2026-10-08T04:31:13,20261008T043034995511Z,Chennai_2015,resume:placebo_pop_full_9293f0efbd371ec0_5_d2e2f7342e,info,loaded from checkpoint (not recomputed)
2026-10-08T04:31:17,20261008T043034995511Z,Chennai_2015,resume:control_pop_full_1d97fbdf6bf48518_5_d2e2f7342e,info,loaded from checkpoint (not recomputed)
2026-10-08T04:31:17,20261008T043034995511Z,Chennai_2015,placebo,ok,population-density placebo ladder and population control done
2026-10-08T04:31:19,20261008T043034995511Z,Chennai_2015,city,ok,finished in 0.4 min
2026-10-08T04:34:21,20261008T043034995511Z,(all),synthesis,ok,"10 cities (10 under the current pre-registration); confirmatory k=9, evaluable k=7, localisable k=1 -> paper_synthesis/"
2026-10-08T04:34:23,20261008T043034995511Z,Valencia_2024,exclude,info,"5,684 permanent-water cells (JRC occurrence >= 50%) excluded"
2026-10-08T04:34:23,20261008T043034995511Z,Valencia_2024,exclude,ok,"5,684 of 38,269 cells excluded (14.9%); 10460 flooded among 32,585 analysed"
2026-10-08T04:34:24,20261008T043034995511Z,Valencia_2024,cv:blocks,ok,label autocorrelation < 0.1 by 8000 m -> CV tile 4000 m + buffer 500 m (correlogram range 8000 m)
2026-10-08T04:34:25,20261008T043034995511Z,Valencia_2024,resume:ladder_A_terrain_first_full_c1f7e8facab49a1e_5_fe639a2c0a,info,loaded from checkpoint (not recomputed)
2026-10-08T04:34:26,20261008T043034995511Z,Valencia_2024,gradient:A_terrain_first,info,without R0: 0 of 4 primary slopes have a 95% CI entirely below 0 []
2026-10-08T04:34:26,20261008T043034995511Z,Valencia_2024,gated:A_terrain_first,warn,100% of fold fits chose the edge of the gate grid (alpha=2.0 or tau=0.3); see the gated_wide_grid sensitivity variant
2026-10-08T04:34:29,20261008T043034995511Z,Valencia_2024,effects:A_terrain_first,ok,"top rung: info_nats_fm +0.0768 [-0.0230, +0.1728] inconclusive; info_frac_fm +0.1793 [-0.0727, +0.3335] inconclusive; dAP_stacked_fm +0.0383 [-0.0032, +0.1031] inconclusive; dAP_gated_fm -0.0124 [-0.0326, +0.0276] inconclusive; dAP_early_fm -0.0037 [-0.0238, +0.0823] inconclusive; dAP_adr_legacy_fm -0.1236 [-0.1481, -0.0517] harmful | social gain saturated from: None"
2026-10-08T04:34:29,20261008T043034995511Z,Valencia_2024,ladder:A_terrain_first,ok,6 rungs in 0.1 min
2026-10-08T04:34:29,20261008T043034995511Z,Valencia_2024,resume:ladder_B_surface_first_full_c1f7e8facab49a1e_5_fe639a2c0a,info,loaded from checkpoint (not recomputed)
2026-10-08T04:34:30,20261008T043034995511Z,Valencia_2024,gradient:B_surface_first,info,without R0: 0 of 4 primary slopes have a 95% CI entirely below 0 []
2026-10-08T04:34:30,20261008T043034995511Z,Valencia_2024,gated:B_surface_first,warn,87% of fold fits chose the edge of the gate grid (alpha=2.0 or tau=0.3); see the gated_wide_grid sensitivity variant
2026-10-08T04:34:33,20261008T043034995511Z,Valencia_2024,effects:B_surface_first,ok,"top rung: info_nats_fm +0.0768 [-0.0230, +0.1728] inconclusive; info_frac_fm +0.1793 [-0.0727, +0.3335] inconclusive; dAP_stacked_fm +0.0383 [-0.0032, +0.1031] inconclusive; dAP_gated_fm -0.0124 [-0.0326, +0.0276] inconclusive; dAP_early_fm -0.0037 [-0.0238, +0.0823] inconclusive; dAP_adr_legacy_fm -0.1236 [-0.1481, -0.0517] harmful | social gain saturated from: None"
2026-10-08T04:34:33,20261008T043034995511Z,Valencia_2024,ladder:B_surface_first,ok,6 rungs in 0.1 min
2026-10-08T04:34:34,20261008T043034995511Z,Valencia_2024,resume:lens_S_mentions_full_c1f7e8facab49a1e_5_fe639a2c0a,info,loaded from checkpoint (not recomputed)
2026-10-08T04:34:34,20261008T043034995511Z,Valencia_2024,resume:lens_S_negative_full_c1f7e8facab49a1e_5_fe639a2c0a,info,loaded from checkpoint (not recomputed)
2026-10-08T04:34:35,20261008T043034995511Z,Valencia_2024,resume:lens_S_distress_full_c1f7e8facab49a1e_5_fe639a2c0a,info,loaded from checkpoint (not recomputed)
2026-10-08T04:34:35,20261008T043034995511Z,Valencia_2024,resume:lens_S_src_gdelt_bigquery_full_c1f7e8facab49a1e_5_fe639a2c0a,info,loaded from checkpoint (not recomputed)
2026-10-08T04:34:35,20261008T043034995511Z,Valencia_2024,resume:lens_S_src_reddit_arcticshift_full_c1f7e8facab49a1e_5_fe639a2c0a,info,loaded from checkpoint (not recomputed)
2026-10-08T04:34:36,20261008T043034995511Z,Valencia_2024,resume:lens_S_src_google_news_rss_full_c1f7e8facab49a1e_5_fe639a2c0a,info,loaded from checkpoint (not recomputed)
2026-10-08T04:34:36,20261008T043034995511Z,Valencia_2024,resume:lens_S_src_youtube_full_c1f7e8facab49a1e_5_fe639a2c0a,info,loaded from checkpoint (not recomputed)
2026-10-08T04:34:37,20261008T043034995511Z,Valencia_2024,resume:lens_S_mentions+S_negative+S_distress_full_c1f7e8facab49a1e_5_fe639a2c0a,info,loaded from checkpoint (not recomputed)
2026-10-08T04:34:37,20261008T043034995511Z,Valencia_2024,emotion_lens,ok,8 channel sets at rung R5_+sar_event
2026-10-08T04:34:37,20261008T043034995511Z,Valencia_2024,resume:sens_bandwidth_1000m_full_5f63c326f174e924_5_fe639a2c0a_xgb,info,loaded from checkpoint (not recomputed)
2026-10-08T04:34:38,20261008T043034995511Z,Valencia_2024,resume:sens_window_minus3_plus3_full_0faadcbea08ac99d_5_fe639a2c0a_xgb,info,loaded from checkpoint (not recomputed)
2026-10-08T04:34:38,20261008T043034995511Z,Valencia_2024,resume:sens_gated_wide_grid_full_08311169b36f5eae_5_fe639a2c0a_xgb,info,loaded from checkpoint (not recomputed)
2026-10-08T04:34:39,20261008T043034995511Z,Valencia_2024,resume:sens_learner_logistic_full_08311169b36f5eae_5_fe639a2c0a_logistic,info,loaded from checkpoint (not recomputed)
2026-10-08T04:34:39,20261008T043034995511Z,Valencia_2024,sensitivity,ok,4 variants
2026-10-08T04:34:39,20261008T043034995511Z,Valencia_2024,placebo,info,social layer vs population-density layer: Spearman 0.70
2026-10-08T04:34:39,20261008T043034995511Z,Valencia_2024,resume:placebo_pop_full_fb7e9451b1712344_5_fe639a2c0a,info,loaded from checkpoint (not recomputed)
2026-10-08T04:34:44,20261008T043034995511Z,Valencia_2024,resume:control_pop_full_8d562358ef4629ba_5_fe639a2c0a,info,loaded from checkpoint (not recomputed)
2026-10-08T04:34:44,20261008T043034995511Z,Valencia_2024,placebo,ok,population-density placebo ladder and population control done
2026-10-08T04:34:45,20261008T043034995511Z,Valencia_2024,city,ok,finished in 0.4 min
2026-10-08T04:37:33,20261008T043034995511Z,(all),synthesis,ok,"10 cities (10 under the current pre-registration); confirmatory k=9, evaluable k=7, localisable k=1 -> paper_synthesis/"
2026-10-08T04:37:33,20261008T043034995511Z,EmiliaRomagna_2023a,exclude,info,238 permanent-water cells (JRC occurrence >= 50%) excluded
2026-10-08T04:37:33,20261008T043034995511Z,EmiliaRomagna_2023a,exclude,warn,"123,756 of 143,322 cells excluded (86.3%); 2576 flooded among 19,566 analysed"
2026-10-08T04:37:34,20261008T043034995511Z,EmiliaRomagna_2023a,cv:blocks,ok,label autocorrelation < 0.1 by 3000 m -> CV tile 2500 m + buffer 500 m (correlogram range 3000 m)
2026-10-08T04:37:34,20261008T043034995511Z,EmiliaRomagna_2023a,resume:ladder_A_terrain_first_full_0f2eafcdc9261aa4_5_d2e2f7342e,info,loaded from checkpoint (not recomputed)
2026-10-08T04:37:36,20261008T043034995511Z,EmiliaRomagna_2023a,gradient:A_terrain_first,info,without R0: 0 of 4 primary slopes have a 95% CI entirely below 0 []
2026-10-08T04:37:36,20261008T043034995511Z,EmiliaRomagna_2023a,gated:A_terrain_first,warn,43% of fold fits chose the edge of the gate grid (alpha=2.0 or tau=0.3); see the gated_wide_grid sensitivity variant
2026-10-08T04:37:39,20261008T043034995511Z,EmiliaRomagna_2023a,effects:A_terrain_first,ok,"top rung: info_nats_fm -0.0078 [-0.0495, +0.0228] inconclusive; info_frac_fm -0.0176 [-0.1006, +0.0623] inconclusive; dAP_stacked_fm -0.1388 [-0.1620, +0.0174] inconclusive; dAP_gated_fm -0.0109 [-0.0161, +0.0093] inconclusive; dAP_early_fm +0.0022 [-0.0249, +0.0264] inconclusive; dAP_adr_legacy_fm -0.0553 [-0.0777, +0.0049] inconclusive | social gain saturated from: None"
2026-10-08T04:37:39,20261008T043034995511Z,EmiliaRomagna_2023a,ladder:A_terrain_first,ok,6 rungs in 0.1 min
2026-10-08T04:37:39,20261008T043034995511Z,EmiliaRomagna_2023a,resume:ladder_B_surface_first_full_0f2eafcdc9261aa4_5_d2e2f7342e,info,loaded from checkpoint (not recomputed)
2026-10-08T04:37:40,20261008T043034995511Z,EmiliaRomagna_2023a,gradient:B_surface_first,info,without R0: 0 of 4 primary slopes have a 95% CI entirely below 0 []
2026-10-08T04:37:40,20261008T043034995511Z,EmiliaRomagna_2023a,gated:B_surface_first,warn,43% of fold fits chose the edge of the gate grid (alpha=2.0 or tau=0.3); see the gated_wide_grid sensitivity variant
2026-10-08T04:37:43,20261008T043034995511Z,EmiliaRomagna_2023a,effects:B_surface_first,ok,"top rung: info_nats_fm -0.0078 [-0.0495, +0.0228] inconclusive; info_frac_fm -0.0176 [-0.1006, +0.0623] inconclusive; dAP_stacked_fm -0.1388 [-0.1620, +0.0174] inconclusive; dAP_gated_fm -0.0109 [-0.0161, +0.0093] inconclusive; dAP_early_fm +0.0022 [-0.0249, +0.0264] inconclusive; dAP_adr_legacy_fm -0.0553 [-0.0777, +0.0049] inconclusive | social gain saturated from: None"
2026-10-08T04:37:43,20261008T043034995511Z,EmiliaRomagna_2023a,ladder:B_surface_first,ok,6 rungs in 0.1 min
2026-10-08T04:37:44,20261008T043034995511Z,EmiliaRomagna_2023a,resume:lens_S_mentions_full_0f2eafcdc9261aa4_5_d2e2f7342e,info,loaded from checkpoint (not recomputed)
2026-10-08T04:37:44,20261008T043034995511Z,EmiliaRomagna_2023a,resume:lens_S_negative_full_0f2eafcdc9261aa4_5_d2e2f7342e,info,loaded from checkpoint (not recomputed)
2026-10-08T04:37:45,20261008T043034995511Z,EmiliaRomagna_2023a,resume:lens_S_distress_full_0f2eafcdc9261aa4_5_d2e2f7342e,info,loaded from checkpoint (not recomputed)
2026-10-08T04:37:45,20261008T043034995511Z,EmiliaRomagna_2023a,resume:lens_S_src_gdelt_bigquery_full_0f2eafcdc9261aa4_5_d2e2f7342e,info,loaded from checkpoint (not recomputed)
2026-10-08T04:37:45,20261008T043034995511Z,EmiliaRomagna_2023a,resume:lens_S_src_youtube_full_0f2eafcdc9261aa4_5_d2e2f7342e,info,loaded from checkpoint (not recomputed)
2026-10-08T04:37:46,20261008T043034995511Z,EmiliaRomagna_2023a,resume:lens_S_src_google_news_rss_full_0f2eafcdc9261aa4_5_d2e2f7342e,info,loaded from checkpoint (not recomputed)
2026-10-08T04:37:46,20261008T043034995511Z,EmiliaRomagna_2023a,resume:lens_S_mentions+S_negative+S_distress_full_0f2eafcdc9261aa4_5_d2e2f7342e,info,loaded from checkpoint (not recomputed)
2026-10-08T04:37:46,20261008T043034995511Z,EmiliaRomagna_2023a,emotion_lens,ok,7 channel sets at rung R5_+sar_event
2026-10-08T04:37:47,20261008T043034995511Z,EmiliaRomagna_2023a,resume:sens_bandwidth_1000m_full_17c6d19fa8dd75e8_5_d2e2f7342e_xgb,info,loaded from checkpoint (not recomputed)
2026-10-08T04:37:47,20261008T043034995511Z,EmiliaRomagna_2023a,resume:sens_window_minus3_plus3_full_92e645c6e2fe5289_5_d2e2f7342e_xgb,info,loaded from checkpoint (not recomputed)
2026-10-08T04:37:47,20261008T043034995511Z,EmiliaRomagna_2023a,resume:sens_gated_wide_grid_full_fa9950bdcedf5504_5_d2e2f7342e_xgb,info,loaded from checkpoint (not recomputed)
2026-10-08T04:37:48,20261008T043034995511Z,EmiliaRomagna_2023a,resume:sens_learner_logistic_full_fa9950bdcedf5504_5_d2e2f7342e_logistic,info,loaded from checkpoint (not recomputed)
2026-10-08T04:37:48,20261008T043034995511Z,EmiliaRomagna_2023a,sensitivity,ok,4 variants
2026-10-08T04:37:48,20261008T043034995511Z,EmiliaRomagna_2023a,placebo,info,social layer vs population-density layer: Spearman 0.82
2026-10-08T04:37:48,20261008T043034995511Z,EmiliaRomagna_2023a,resume:placebo_pop_full_befdd2e01741a217_5_d2e2f7342e,info,loaded from checkpoint (not recomputed)
2026-10-08T04:37:53,20261008T043034995511Z,EmiliaRomagna_2023a,resume:control_pop_full_b4b0ee8cb98f0d90_5_d2e2f7342e,info,loaded from checkpoint (not recomputed)
2026-10-08T04:37:53,20261008T043034995511Z,EmiliaRomagna_2023a,placebo,ok,population-density placebo ladder and population control done
2026-10-08T04:37:54,20261008T043034995511Z,EmiliaRomagna_2023a,city,ok,finished in 0.4 min
2026-10-08T04:40:40,20261008T043034995511Z,(all),synthesis,ok,"10 cities (10 under the current pre-registration); confirmatory k=9, evaluable k=7, localisable k=1 -> paper_synthesis/"
2026-10-08T04:40:41,20261008T043034995511Z,Forli_2023b,exclude,info,22 permanent-water cells (JRC occurrence >= 50%) excluded
2026-10-08T04:40:41,20261008T043034995511Z,Forli_2023b,exclude,ok,"8,684 of 93,651 cells excluded (9.3%); 4287 flooded among 84,967 analysed"
2026-10-08T04:40:41,20261008T043034995511Z,Forli_2023b,cv:blocks,ok,label autocorrelation < 0.1 by 2000 m -> CV tile 2000 m + buffer 500 m (correlogram range 2000 m)
2026-10-08T04:40:42,20261008T043034995511Z,Forli_2023b,resume:ladder_A_terrain_first_full_a0ae45119a2b6670_5_5e3b8a0247,info,loaded from checkpoint (not recomputed)
2026-10-08T04:40:43,20261008T043034995511Z,Forli_2023b,gradient:A_terrain_first,info,without R0: 0 of 4 primary slopes have a 95% CI entirely below 0 []
2026-10-08T04:40:43,20261008T043034995511Z,Forli_2023b,gated:A_terrain_first,warn,87% of fold fits chose the edge of the gate grid (alpha=2.0 or tau=0.3); see the gated_wide_grid sensitivity variant
2026-10-08T04:40:46,20261008T043034995511Z,Forli_2023b,effects:A_terrain_first,ok,"top rung: info_nats_fm +0.0006 [-0.0013, +0.0033] inconclusive; info_frac_fm +0.0037 [-0.0081, +0.0193] saturated; dAP_stacked_fm +0.0044 [-0.0046, +0.0148] inconclusive; dAP_gated_fm +0.0005 [-0.0079, +0.0107] saturated; dAP_early_fm +0.0036 [-0.0065, +0.0157] inconclusive; dAP_adr_legacy_fm -0.0323 [-0.0445, -0.0168] harmful | social gain saturated from: R4_+forcing"
2026-10-08T04:40:46,20261008T043034995511Z,Forli_2023b,ladder:A_terrain_first,ok,6 rungs in 0.1 min
2026-10-08T04:40:46,20261008T043034995511Z,Forli_2023b,rung:B_surface_first,info,"positives per fold: {0: 858, 1: 857, 2: 857, 3: 857, 4: 858}"
2026-10-08T04:40:46,20261008T043034995511Z,Forli_2023b,rung:B_surface_first,info,reused from checkpoint 1a9ba9dc3a62 (identical feature set; not recomputed)
2026-10-08T04:40:47,20261008T043034995511Z,Forli_2023b,rung:B_surface_first,info,reused from checkpoint c2bac33f6c62 (identical feature set; not recomputed)
2026-10-08T04:46:15,20261008T043034995511Z,Forli_2023b,rung:B_surface_first,info,[R2_+forcing] AP_phys=0.1955 AP_stacked=0.1887 AP_gated=0.1838
2026-10-08T04:52:03,20261008T043034995511Z,Forli_2023b,rung:B_surface_first,info,[R3_+terrain] AP_phys=0.2773 AP_stacked=0.2692 AP_gated=0.2738
2026-10-08T04:52:03,20261008T043034995511Z,Forli_2023b,rung:B_surface_first,info,reused from checkpoint 8de7a085e0a2 (identical feature set; not recomputed)
2026-10-08T04:52:04,20261008T043034995511Z,Forli_2023b,rung:B_surface_first,info,reused from checkpoint a63ad3e64403 (identical feature set; not recomputed)
2026-10-08T04:59:29,20261008T043034995511Z,Forli_2023b,gradient:B_surface_first,info,without R0: 0 of 4 primary slopes have a 95% CI entirely below 0 []
2026-10-08T04:59:29,20261008T043034995511Z,Forli_2023b,gated:B_surface_first,warn,73% of fold fits chose the edge of the gate grid (alpha=2.0 or tau=0.3); see the gated_wide_grid sensitivity variant
2026-10-08T04:59:32,20261008T043034995511Z,Forli_2023b,effects:B_surface_first,ok,"top rung: info_nats_fm +0.0006 [-0.0013, +0.0033] inconclusive; info_frac_fm +0.0037 [-0.0081, +0.0193] saturated; dAP_stacked_fm +0.0044 [-0.0046, +0.0148] inconclusive; dAP_gated_fm +0.0005 [-0.0079, +0.0107] saturated; dAP_early_fm +0.0036 [-0.0065, +0.0157] inconclusive; dAP_adr_legacy_fm -0.0323 [-0.0445, -0.0168] harmful | social gain saturated from: R1_+surface"
2026-10-08T04:59:33,20261008T043034995511Z,Forli_2023b,ladder:B_surface_first,ok,6 rungs in 18.8 min
2026-10-08T04:59:33,20261008T043034995511Z,Forli_2023b,rung:lens,info,reused from checkpoint a63ad3e64403 (identical feature set; not recomputed)
2026-10-08T05:43:42,20261008T043034995511Z,Forli_2023b,emotion_lens,ok,6 channel sets at rung R5_+sar_event
2026-10-08T06:10:33,20261008T043034995511Z,Forli_2023b,sensitivity,ok,4 variants
2026-10-08T06:10:33,20261008T043034995511Z,Forli_2023b,placebo,info,social layer vs population-density layer: Spearman 0.24
2026-10-08T06:10:33,20261008T043034995511Z,Forli_2023b,rung:placebo,info,"positives per fold: {0: 858, 1: 857, 2: 857, 3: 857, 4: 858}"
2026-10-08T06:12:51,20261008T043034995511Z,Forli_2023b,rung:placebo,info,[R0_none] AP_phys=0.0426 AP_stacked=0.0638 AP_gated=0.0426
2026-10-08T06:15:29,20261008T043034995511Z,Forli_2023b,rung:placebo,info,[R1_+terrain] AP_phys=0.1600 AP_stacked=0.1445 AP_gated=0.1525
2026-10-08T06:18:11,20261008T043034995511Z,Forli_2023b,rung:placebo,info,[R2_+surface] AP_phys=0.1954 AP_stacked=0.1773 AP_gated=0.1863
2026-10-08T06:20:57,20261008T043034995511Z,Forli_2023b,rung:placebo,info,[R3_+hydrography] AP_phys=0.2213 AP_stacked=0.2101 AP_gated=0.2182
2026-10-08T06:23:46,20261008T043034995511Z,Forli_2023b,rung:placebo,info,[R4_+forcing] AP_phys=0.2880 AP_stacked=0.2786 AP_gated=0.2907
2026-10-08T06:26:35,20261008T043034995511Z,Forli_2023b,rung:placebo,info,[R5_+sar_event] AP_phys=0.4027 AP_stacked=0.3976 AP_gated=0.4038
2026-10-08T12:42:25,20261008T124202217148Z,Chennai_2015,exclude,info,779 permanent-water cells (JRC occurrence >= 50%) excluded
2026-10-08T12:42:25,20261008T124202217148Z,Chennai_2015,exclude,ok,"779 of 42,182 cells excluded (1.8%); 9384 flooded among 41,403 analysed"
2026-10-08T12:42:25,20261008T124202217148Z,Chennai_2015,cv:blocks,ok,label autocorrelation < 0.1 by 3000 m -> CV tile 2500 m + buffer 500 m (correlogram range 3000 m)
2026-10-08T12:42:27,20261008T124202217148Z,Chennai_2015,resume:ladder_A_terrain_first_full_31ce2e8d834e1f09_5_d2e2f7342e,info,loaded from checkpoint (not recomputed)
2026-10-08T12:42:28,20261008T124202217148Z,Chennai_2015,gradient:A_terrain_first,info,"without R0: 2 of 4 primary slopes have a 95% CI entirely below 0 ['dAP_stacked_fm_adj', 'dAP_gated_fm_adj']"
2026-10-08T12:42:28,20261008T124202217148Z,Chennai_2015,gated:A_terrain_first,warn,73% of fold fits chose the edge of the gate grid (alpha=2.0 or tau=0.3); see the gated_wide_grid sensitivity variant
2026-10-08T12:42:31,20261008T124202217148Z,Chennai_2015,effects:A_terrain_first,ok,"top rung: info_nats_fm -0.0059 [-0.0166, +0.0026] inconclusive; info_frac_fm -0.0117 [-0.0310, +0.0052] inconclusive; dAP_stacked_fm -0.0120 [-0.0392, +0.0081] inconclusive; dAP_gated_fm -0.0095 [-0.0350, +0.0109] inconclusive; dAP_early_fm -0.0095 [-0.0307, +0.0112] inconclusive; dAP_adr_legacy_fm -0.0079 [-0.0159, +0.0024] inconclusive | social gain saturated from: None"
2026-10-08T12:42:31,20261008T124202217148Z,Chennai_2015,ladder:A_terrain_first,ok,6 rungs in 0.1 min
2026-10-08T12:42:32,20261008T124202217148Z,Chennai_2015,resume:ladder_B_surface_first_full_31ce2e8d834e1f09_5_d2e2f7342e,info,loaded from checkpoint (not recomputed)
2026-10-08T12:42:33,20261008T124202217148Z,Chennai_2015,gradient:B_surface_first,info,"without R0: 2 of 4 primary slopes have a 95% CI entirely below 0 ['dAP_stacked_fm_adj', 'dAP_gated_fm_adj']"
2026-10-08T12:42:33,20261008T124202217148Z,Chennai_2015,gated:B_surface_first,warn,63% of fold fits chose the edge of the gate grid (alpha=2.0 or tau=0.3); see the gated_wide_grid sensitivity variant
2026-10-08T12:42:36,20261008T124202217148Z,Chennai_2015,effects:B_surface_first,ok,"top rung: info_nats_fm -0.0059 [-0.0166, +0.0026] inconclusive; info_frac_fm -0.0117 [-0.0310, +0.0052] inconclusive; dAP_stacked_fm -0.0120 [-0.0392, +0.0081] inconclusive; dAP_gated_fm -0.0095 [-0.0350, +0.0109] inconclusive; dAP_early_fm -0.0095 [-0.0307, +0.0112] inconclusive; dAP_adr_legacy_fm -0.0079 [-0.0159, +0.0024] inconclusive | social gain saturated from: None"
2026-10-08T12:42:36,20261008T124202217148Z,Chennai_2015,ladder:B_surface_first,ok,6 rungs in 0.1 min
2026-10-08T12:42:37,20261008T124202217148Z,Chennai_2015,resume:lens_S_mentions_full_31ce2e8d834e1f09_5_d2e2f7342e,info,loaded from checkpoint (not recomputed)
2026-10-08T12:42:37,20261008T124202217148Z,Chennai_2015,resume:lens_S_negative_full_31ce2e8d834e1f09_5_d2e2f7342e,info,loaded from checkpoint (not recomputed)
2026-10-08T12:42:38,20261008T124202217148Z,Chennai_2015,resume:lens_S_distress_full_31ce2e8d834e1f09_5_d2e2f7342e,info,loaded from checkpoint (not recomputed)
2026-10-08T12:42:38,20261008T124202217148Z,Chennai_2015,resume:lens_S_src_gdelt_bigquery_full_31ce2e8d834e1f09_5_d2e2f7342e,info,loaded from checkpoint (not recomputed)
2026-10-08T12:42:38,20261008T124202217148Z,Chennai_2015,resume:lens_S_src_reddit_arcticshift_full_31ce2e8d834e1f09_5_d2e2f7342e,info,loaded from checkpoint (not recomputed)
2026-10-08T12:42:39,20261008T124202217148Z,Chennai_2015,resume:lens_S_src_youtube_full_31ce2e8d834e1f09_5_d2e2f7342e,info,loaded from checkpoint (not recomputed)
2026-10-08T12:42:39,20261008T124202217148Z,Chennai_2015,resume:lens_S_mentions+S_negative+S_distress_full_31ce2e8d834e1f09_5_d2e2f7342e,info,loaded from checkpoint (not recomputed)
2026-10-08T12:42:39,20261008T124202217148Z,Chennai_2015,emotion_lens,ok,7 channel sets at rung R5_+sar_event
2026-10-08T12:42:40,20261008T124202217148Z,Chennai_2015,resume:sens_bandwidth_1000m_full_7677f3c6608c9fd2_5_d2e2f7342e_xgb,info,loaded from checkpoint (not recomputed)
2026-10-08T12:42:40,20261008T124202217148Z,Chennai_2015,resume:sens_window_minus3_plus3_full_3e6c028dc3dc5885_5_d2e2f7342e_xgb,info,loaded from checkpoint (not recomputed)
2026-10-08T12:42:40,20261008T124202217148Z,Chennai_2015,resume:sens_gated_wide_grid_full_0463b100c7de8c25_5_d2e2f7342e_xgb,info,loaded from checkpoint (not recomputed)
2026-10-08T12:42:41,20261008T124202217148Z,Chennai_2015,resume:sens_learner_logistic_full_0463b100c7de8c25_5_d2e2f7342e_logistic,info,loaded from checkpoint (not recomputed)
2026-10-08T12:42:41,20261008T124202217148Z,Chennai_2015,sensitivity,ok,4 variants
2026-10-08T12:42:41,20261008T124202217148Z,Chennai_2015,placebo,info,social layer vs population-density layer: Spearman 0.80
2026-10-08T12:42:41,20261008T124202217148Z,Chennai_2015,resume:placebo_pop_full_9293f0efbd371ec0_5_d2e2f7342e,info,loaded from checkpoint (not recomputed)
2026-10-08T12:42:46,20261008T124202217148Z,Chennai_2015,resume:control_pop_full_1d97fbdf6bf48518_5_d2e2f7342e,info,loaded from checkpoint (not recomputed)
2026-10-08T12:42:46,20261008T124202217148Z,Chennai_2015,placebo,ok,population-density placebo ladder and population control done
2026-10-08T12:42:48,20261008T124202217148Z,Chennai_2015,city,ok,finished in 0.4 min
2026-10-08T12:46:17,20261008T124202217148Z,(all),synthesis,ok,"10 cities (10 under the current pre-registration); confirmatory k=9, evaluable k=7, localisable k=1 -> paper_synthesis/"
2026-10-08T12:46:18,20261008T124202217148Z,Valencia_2024,exclude,info,"5,684 permanent-water cells (JRC occurrence >= 50%) excluded"
2026-10-08T12:46:18,20261008T124202217148Z,Valencia_2024,exclude,ok,"5,684 of 38,269 cells excluded (14.9%); 10460 flooded among 32,585 analysed"
2026-10-08T12:46:19,20261008T124202217148Z,Valencia_2024,cv:blocks,ok,label autocorrelation < 0.1 by 8000 m -> CV tile 4000 m + buffer 500 m (correlogram range 8000 m)
2026-10-08T12:46:20,20261008T124202217148Z,Valencia_2024,resume:ladder_A_terrain_first_full_c1f7e8facab49a1e_5_fe639a2c0a,info,loaded from checkpoint (not recomputed)
2026-10-08T12:46:21,20261008T124202217148Z,Valencia_2024,gradient:A_terrain_first,info,without R0: 0 of 4 primary slopes have a 95% CI entirely below 0 []
2026-10-08T12:46:21,20261008T124202217148Z,Valencia_2024,gated:A_terrain_first,warn,100% of fold fits chose the edge of the gate grid (alpha=2.0 or tau=0.3); see the gated_wide_grid sensitivity variant
2026-10-08T12:46:25,20261008T124202217148Z,Valencia_2024,effects:A_terrain_first,ok,"top rung: info_nats_fm +0.0768 [-0.0230, +0.1728] inconclusive; info_frac_fm +0.1793 [-0.0727, +0.3335] inconclusive; dAP_stacked_fm +0.0383 [-0.0032, +0.1031] inconclusive; dAP_gated_fm -0.0124 [-0.0326, +0.0276] inconclusive; dAP_early_fm -0.0037 [-0.0238, +0.0823] inconclusive; dAP_adr_legacy_fm -0.1236 [-0.1481, -0.0517] harmful | social gain saturated from: None"
2026-10-08T12:46:25,20261008T124202217148Z,Valencia_2024,ladder:A_terrain_first,ok,6 rungs in 0.1 min
2026-10-08T12:46:25,20261008T124202217148Z,Valencia_2024,resume:ladder_B_surface_first_full_c1f7e8facab49a1e_5_fe639a2c0a,info,loaded from checkpoint (not recomputed)
2026-10-08T12:46:26,20261008T124202217148Z,Valencia_2024,gradient:B_surface_first,info,without R0: 0 of 4 primary slopes have a 95% CI entirely below 0 []
2026-10-08T12:46:26,20261008T124202217148Z,Valencia_2024,gated:B_surface_first,warn,87% of fold fits chose the edge of the gate grid (alpha=2.0 or tau=0.3); see the gated_wide_grid sensitivity variant
2026-10-08T12:46:29,20261008T124202217148Z,Valencia_2024,effects:B_surface_first,ok,"top rung: info_nats_fm +0.0768 [-0.0230, +0.1728] inconclusive; info_frac_fm +0.1793 [-0.0727, +0.3335] inconclusive; dAP_stacked_fm +0.0383 [-0.0032, +0.1031] inconclusive; dAP_gated_fm -0.0124 [-0.0326, +0.0276] inconclusive; dAP_early_fm -0.0037 [-0.0238, +0.0823] inconclusive; dAP_adr_legacy_fm -0.1236 [-0.1481, -0.0517] harmful | social gain saturated from: None"
2026-10-08T12:46:29,20261008T124202217148Z,Valencia_2024,ladder:B_surface_first,ok,6 rungs in 0.1 min
2026-10-08T12:46:30,20261008T124202217148Z,Valencia_2024,resume:lens_S_mentions_full_c1f7e8facab49a1e_5_fe639a2c0a,info,loaded from checkpoint (not recomputed)
2026-10-08T12:46:30,20261008T124202217148Z,Valencia_2024,resume:lens_S_negative_full_c1f7e8facab49a1e_5_fe639a2c0a,info,loaded from checkpoint (not recomputed)
2026-10-08T12:46:31,20261008T124202217148Z,Valencia_2024,resume:lens_S_distress_full_c1f7e8facab49a1e_5_fe639a2c0a,info,loaded from checkpoint (not recomputed)
2026-10-08T12:46:31,20261008T124202217148Z,Valencia_2024,resume:lens_S_src_gdelt_bigquery_full_c1f7e8facab49a1e_5_fe639a2c0a,info,loaded from checkpoint (not recomputed)
2026-10-08T12:46:31,20261008T124202217148Z,Valencia_2024,resume:lens_S_src_reddit_arcticshift_full_c1f7e8facab49a1e_5_fe639a2c0a,info,loaded from checkpoint (not recomputed)
2026-10-08T12:46:32,20261008T124202217148Z,Valencia_2024,resume:lens_S_src_google_news_rss_full_c1f7e8facab49a1e_5_fe639a2c0a,info,loaded from checkpoint (not recomputed)
2026-10-08T12:46:32,20261008T124202217148Z,Valencia_2024,resume:lens_S_src_youtube_full_c1f7e8facab49a1e_5_fe639a2c0a,info,loaded from checkpoint (not recomputed)
2026-10-08T12:46:33,20261008T124202217148Z,Valencia_2024,resume:lens_S_mentions+S_negative+S_distress_full_c1f7e8facab49a1e_5_fe639a2c0a,info,loaded from checkpoint (not recomputed)
2026-10-08T12:46:33,20261008T124202217148Z,Valencia_2024,emotion_lens,ok,8 channel sets at rung R5_+sar_event
2026-10-08T12:46:33,20261008T124202217148Z,Valencia_2024,resume:sens_bandwidth_1000m_full_5f63c326f174e924_5_fe639a2c0a_xgb,info,loaded from checkpoint (not recomputed)
2026-10-08T12:46:34,20261008T124202217148Z,Valencia_2024,resume:sens_window_minus3_plus3_full_0faadcbea08ac99d_5_fe639a2c0a_xgb,info,loaded from checkpoint (not recomputed)
2026-10-08T12:46:34,20261008T124202217148Z,Valencia_2024,resume:sens_gated_wide_grid_full_08311169b36f5eae_5_fe639a2c0a_xgb,info,loaded from checkpoint (not recomputed)
2026-10-08T12:46:34,20261008T124202217148Z,Valencia_2024,resume:sens_learner_logistic_full_08311169b36f5eae_5_fe639a2c0a_logistic,info,loaded from checkpoint (not recomputed)
2026-10-08T12:46:34,20261008T124202217148Z,Valencia_2024,sensitivity,ok,4 variants
2026-10-08T12:46:34,20261008T124202217148Z,Valencia_2024,placebo,info,social layer vs population-density layer: Spearman 0.70
2026-10-08T12:46:35,20261008T124202217148Z,Valencia_2024,resume:placebo_pop_full_fb7e9451b1712344_5_fe639a2c0a,info,loaded from checkpoint (not recomputed)
2026-10-08T12:46:41,20261008T124202217148Z,Valencia_2024,resume:control_pop_full_8d562358ef4629ba_5_fe639a2c0a,info,loaded from checkpoint (not recomputed)
2026-10-08T12:46:42,20261008T124202217148Z,Valencia_2024,placebo,ok,population-density placebo ladder and population control done
2026-10-08T12:46:43,20261008T124202217148Z,Valencia_2024,city,ok,finished in 0.4 min
2026-10-08T12:49:51,20261008T124202217148Z,(all),synthesis,ok,"10 cities (10 under the current pre-registration); confirmatory k=9, evaluable k=7, localisable k=1 -> paper_synthesis/"
2026-10-08T12:49:52,20261008T124202217148Z,EmiliaRomagna_2023a,exclude,info,238 permanent-water cells (JRC occurrence >= 50%) excluded
2026-10-08T12:49:52,20261008T124202217148Z,EmiliaRomagna_2023a,exclude,warn,"123,756 of 143,322 cells excluded (86.3%); 2576 flooded among 19,566 analysed"
2026-10-08T12:49:53,20261008T124202217148Z,EmiliaRomagna_2023a,cv:blocks,ok,label autocorrelation < 0.1 by 3000 m -> CV tile 2500 m + buffer 500 m (correlogram range 3000 m)
2026-10-08T12:49:53,20261008T124202217148Z,EmiliaRomagna_2023a,resume:ladder_A_terrain_first_full_0f2eafcdc9261aa4_5_d2e2f7342e,info,loaded from checkpoint (not recomputed)
2026-10-08T12:49:54,20261008T124202217148Z,EmiliaRomagna_2023a,gradient:A_terrain_first,info,without R0: 0 of 4 primary slopes have a 95% CI entirely below 0 []
2026-10-08T12:49:55,20261008T124202217148Z,EmiliaRomagna_2023a,gated:A_terrain_first,warn,43% of fold fits chose the edge of the gate grid (alpha=2.0 or tau=0.3); see the gated_wide_grid sensitivity variant
2026-10-08T12:49:59,20261008T124202217148Z,EmiliaRomagna_2023a,effects:A_terrain_first,ok,"top rung: info_nats_fm -0.0078 [-0.0495, +0.0228] inconclusive; info_frac_fm -0.0176 [-0.1006, +0.0623] inconclusive; dAP_stacked_fm -0.1388 [-0.1620, +0.0174] inconclusive; dAP_gated_fm -0.0109 [-0.0161, +0.0093] inconclusive; dAP_early_fm +0.0022 [-0.0249, +0.0264] inconclusive; dAP_adr_legacy_fm -0.0553 [-0.0777, +0.0049] inconclusive | social gain saturated from: None"
2026-10-08T12:49:59,20261008T124202217148Z,EmiliaRomagna_2023a,ladder:A_terrain_first,ok,6 rungs in 0.1 min
2026-10-08T12:50:00,20261008T124202217148Z,EmiliaRomagna_2023a,resume:ladder_B_surface_first_full_0f2eafcdc9261aa4_5_d2e2f7342e,info,loaded from checkpoint (not recomputed)
2026-10-08T12:50:01,20261008T124202217148Z,EmiliaRomagna_2023a,gradient:B_surface_first,info,without R0: 0 of 4 primary slopes have a 95% CI entirely below 0 []
2026-10-08T12:50:01,20261008T124202217148Z,EmiliaRomagna_2023a,gated:B_surface_first,warn,43% of fold fits chose the edge of the gate grid (alpha=2.0 or tau=0.3); see the gated_wide_grid sensitivity variant
2026-10-08T12:50:04,20261008T124202217148Z,EmiliaRomagna_2023a,effects:B_surface_first,ok,"top rung: info_nats_fm -0.0078 [-0.0495, +0.0228] inconclusive; info_frac_fm -0.0176 [-0.1006, +0.0623] inconclusive; dAP_stacked_fm -0.1388 [-0.1620, +0.0174] inconclusive; dAP_gated_fm -0.0109 [-0.0161, +0.0093] inconclusive; dAP_early_fm +0.0022 [-0.0249, +0.0264] inconclusive; dAP_adr_legacy_fm -0.0553 [-0.0777, +0.0049] inconclusive | social gain saturated from: None"
2026-10-08T12:50:04,20261008T124202217148Z,EmiliaRomagna_2023a,ladder:B_surface_first,ok,6 rungs in 0.1 min
2026-10-08T12:50:05,20261008T124202217148Z,EmiliaRomagna_2023a,resume:lens_S_mentions_full_0f2eafcdc9261aa4_5_d2e2f7342e,info,loaded from checkpoint (not recomputed)
2026-10-08T12:50:05,20261008T124202217148Z,EmiliaRomagna_2023a,resume:lens_S_negative_full_0f2eafcdc9261aa4_5_d2e2f7342e,info,loaded from checkpoint (not recomputed)
2026-10-08T12:50:05,20261008T124202217148Z,EmiliaRomagna_2023a,resume:lens_S_distress_full_0f2eafcdc9261aa4_5_d2e2f7342e,info,loaded from checkpoint (not recomputed)
2026-10-08T12:50:06,20261008T124202217148Z,EmiliaRomagna_2023a,resume:lens_S_src_gdelt_bigquery_full_0f2eafcdc9261aa4_5_d2e2f7342e,info,loaded from checkpoint (not recomputed)
2026-10-08T12:50:06,20261008T124202217148Z,EmiliaRomagna_2023a,resume:lens_S_src_youtube_full_0f2eafcdc9261aa4_5_d2e2f7342e,info,loaded from checkpoint (not recomputed)
2026-10-08T12:50:06,20261008T124202217148Z,EmiliaRomagna_2023a,resume:lens_S_src_google_news_rss_full_0f2eafcdc9261aa4_5_d2e2f7342e,info,loaded from checkpoint (not recomputed)
2026-10-08T12:50:07,20261008T124202217148Z,EmiliaRomagna_2023a,resume:lens_S_mentions+S_negative+S_distress_full_0f2eafcdc9261aa4_5_d2e2f7342e,info,loaded from checkpoint (not recomputed)
2026-10-08T12:50:07,20261008T124202217148Z,EmiliaRomagna_2023a,emotion_lens,ok,7 channel sets at rung R5_+sar_event
2026-10-08T12:50:07,20261008T124202217148Z,EmiliaRomagna_2023a,resume:sens_bandwidth_1000m_full_17c6d19fa8dd75e8_5_d2e2f7342e_xgb,info,loaded from checkpoint (not recomputed)
2026-10-08T12:50:08,20261008T124202217148Z,EmiliaRomagna_2023a,resume:sens_window_minus3_plus3_full_92e645c6e2fe5289_5_d2e2f7342e_xgb,info,loaded from checkpoint (not recomputed)
2026-10-08T12:50:08,20261008T124202217148Z,EmiliaRomagna_2023a,resume:sens_gated_wide_grid_full_fa9950bdcedf5504_5_d2e2f7342e_xgb,info,loaded from checkpoint (not recomputed)
2026-10-08T12:50:08,20261008T124202217148Z,EmiliaRomagna_2023a,resume:sens_learner_logistic_full_fa9950bdcedf5504_5_d2e2f7342e_logistic,info,loaded from checkpoint (not recomputed)
2026-10-08T12:50:08,20261008T124202217148Z,EmiliaRomagna_2023a,sensitivity,ok,4 variants
2026-10-08T12:50:08,20261008T124202217148Z,EmiliaRomagna_2023a,placebo,info,social layer vs population-density layer: Spearman 0.82
2026-10-08T12:50:09,20261008T124202217148Z,EmiliaRomagna_2023a,resume:placebo_pop_full_befdd2e01741a217_5_d2e2f7342e,info,loaded from checkpoint (not recomputed)
2026-10-08T12:50:14,20261008T124202217148Z,EmiliaRomagna_2023a,resume:control_pop_full_b4b0ee8cb98f0d90_5_d2e2f7342e,info,loaded from checkpoint (not recomputed)
2026-10-08T12:50:14,20261008T124202217148Z,EmiliaRomagna_2023a,placebo,ok,population-density placebo ladder and population control done
2026-10-08T12:50:16,20261008T124202217148Z,EmiliaRomagna_2023a,city,ok,finished in 0.4 min
2026-10-08T12:53:21,20261008T124202217148Z,(all),synthesis,ok,"10 cities (10 under the current pre-registration); confirmatory k=9, evaluable k=7, localisable k=1 -> paper_synthesis/"
2026-10-08T12:53:22,20261008T124202217148Z,Forli_2023b,exclude,info,22 permanent-water cells (JRC occurrence >= 50%) excluded
2026-10-08T12:53:22,20261008T124202217148Z,Forli_2023b,exclude,ok,"8,684 of 93,651 cells excluded (9.3%); 4287 flooded among 84,967 analysed"
2026-10-08T12:53:23,20261008T124202217148Z,Forli_2023b,cv:blocks,ok,label autocorrelation < 0.1 by 2000 m -> CV tile 2000 m + buffer 500 m (correlogram range 2000 m)
2026-10-08T12:53:24,20261008T124202217148Z,Forli_2023b,resume:ladder_A_terrain_first_full_a0ae45119a2b6670_5_5e3b8a0247,info,loaded from checkpoint (not recomputed)
2026-10-08T12:53:25,20261008T124202217148Z,Forli_2023b,gradient:A_terrain_first,info,without R0: 0 of 4 primary slopes have a 95% CI entirely below 0 []
2026-10-08T12:53:25,20261008T124202217148Z,Forli_2023b,gated:A_terrain_first,warn,87% of fold fits chose the edge of the gate grid (alpha=2.0 or tau=0.3); see the gated_wide_grid sensitivity variant
2026-10-08T12:53:28,20261008T124202217148Z,Forli_2023b,effects:A_terrain_first,ok,"top rung: info_nats_fm +0.0006 [-0.0013, +0.0033] inconclusive; info_frac_fm +0.0037 [-0.0081, +0.0193] saturated; dAP_stacked_fm +0.0044 [-0.0046, +0.0148] inconclusive; dAP_gated_fm +0.0005 [-0.0079, +0.0107] saturated; dAP_early_fm +0.0036 [-0.0065, +0.0157] inconclusive; dAP_adr_legacy_fm -0.0323 [-0.0445, -0.0168] harmful | social gain saturated from: R4_+forcing"
2026-10-08T12:53:28,20261008T124202217148Z,Forli_2023b,ladder:A_terrain_first,ok,6 rungs in 0.1 min
2026-10-08T12:53:29,20261008T124202217148Z,Forli_2023b,resume:ladder_B_surface_first_full_a0ae45119a2b6670_5_5e3b8a0247,info,loaded from checkpoint (not recomputed)
2026-10-08T12:53:30,20261008T124202217148Z,Forli_2023b,gradient:B_surface_first,info,without R0: 0 of 4 primary slopes have a 95% CI entirely below 0 []
2026-10-08T12:53:30,20261008T124202217148Z,Forli_2023b,gated:B_surface_first,warn,73% of fold fits chose the edge of the gate grid (alpha=2.0 or tau=0.3); see the gated_wide_grid sensitivity variant
2026-10-08T12:53:33,20261008T124202217148Z,Forli_2023b,effects:B_surface_first,ok,"top rung: info_nats_fm +0.0006 [-0.0013, +0.0033] inconclusive; info_frac_fm +0.0037 [-0.0081, +0.0193] saturated; dAP_stacked_fm +0.0044 [-0.0046, +0.0148] inconclusive; dAP_gated_fm +0.0005 [-0.0079, +0.0107] saturated; dAP_early_fm +0.0036 [-0.0065, +0.0157] inconclusive; dAP_adr_legacy_fm -0.0323 [-0.0445, -0.0168] harmful | social gain saturated from: R1_+surface"
2026-10-08T12:53:33,20261008T124202217148Z,Forli_2023b,ladder:B_surface_first,ok,6 rungs in 0.1 min
2026-10-08T12:53:34,20261008T124202217148Z,Forli_2023b,resume:lens_S_mentions_full_a0ae45119a2b6670_5_5e3b8a0247,info,loaded from checkpoint (not recomputed)
2026-10-08T12:53:35,20261008T124202217148Z,Forli_2023b,resume:lens_S_negative_full_a0ae45119a2b6670_5_5e3b8a0247,info,loaded from checkpoint (not recomputed)
2026-10-08T12:53:35,20261008T124202217148Z,Forli_2023b,resume:lens_S_distress_full_a0ae45119a2b6670_5_5e3b8a0247,info,loaded from checkpoint (not recomputed)
2026-10-08T12:53:36,20261008T124202217148Z,Forli_2023b,resume:lens_S_src_gdelt_bigquery_full_a0ae45119a2b6670_5_5e3b8a0247,info,loaded from checkpoint (not recomputed)
2026-10-08T12:53:36,20261008T124202217148Z,Forli_2023b,resume:lens_S_src_youtube_full_a0ae45119a2b6670_5_5e3b8a0247,info,loaded from checkpoint (not recomputed)
2026-10-08T12:53:37,20261008T124202217148Z,Forli_2023b,resume:lens_S_mentions+S_negative+S_distress_full_a0ae45119a2b6670_5_5e3b8a0247,info,loaded from checkpoint (not recomputed)
2026-10-08T12:53:37,20261008T124202217148Z,Forli_2023b,emotion_lens,ok,6 channel sets at rung R5_+sar_event
2026-10-08T12:53:37,20261008T124202217148Z,Forli_2023b,resume:sens_bandwidth_1000m_full_2d2da597f6ec967c_5_5e3b8a0247_xgb,info,loaded from checkpoint (not recomputed)
2026-10-08T12:53:38,20261008T124202217148Z,Forli_2023b,resume:sens_window_minus3_plus3_full_e900bfe8f02a5b3f_5_5e3b8a0247_xgb,info,loaded from checkpoint (not recomputed)
2026-10-08T12:53:39,20261008T124202217148Z,Forli_2023b,resume:sens_gated_wide_grid_full_16085f0d1d713942_5_5e3b8a0247_xgb,info,loaded from checkpoint (not recomputed)
2026-10-08T12:53:39,20261008T124202217148Z,Forli_2023b,resume:sens_learner_logistic_full_16085f0d1d713942_5_5e3b8a0247_logistic,info,loaded from checkpoint (not recomputed)
2026-10-08T12:53:39,20261008T124202217148Z,Forli_2023b,sensitivity,ok,4 variants
2026-10-08T12:53:39,20261008T124202217148Z,Forli_2023b,placebo,info,social layer vs population-density layer: Spearman 0.24
2026-10-08T12:53:40,20261008T124202217148Z,Forli_2023b,rung:placebo,info,"positives per fold: {0: 858, 1: 857, 2: 857, 3: 857, 4: 858}"
2026-10-08T12:53:40,20261008T124202217148Z,Forli_2023b,rung:placebo,info,reused from checkpoint ef2a7f8fa05d (identical feature set; not recomputed)
2026-10-08T12:53:40,20261008T124202217148Z,Forli_2023b,rung:placebo,info,reused from checkpoint f2a553152ba2 (identical feature set; not recomputed)
2026-10-08T12:53:42,20261008T124202217148Z,Forli_2023b,rung:placebo,info,reused from checkpoint 3785faf87cc1 (identical feature set; not recomputed)
2026-10-08T12:53:42,20261008T124202217148Z,Forli_2023b,rung:placebo,info,reused from checkpoint d1fe0aed51ba (identical feature set; not recomputed)
2026-10-08T12:53:43,20261008T124202217148Z,Forli_2023b,rung:placebo,info,reused from checkpoint f340d904cbcf (identical feature set; not recomputed)
2026-10-08T12:53:43,20261008T124202217148Z,Forli_2023b,rung:placebo,info,reused from checkpoint fbd03504b56d (identical feature set; not recomputed)
2026-10-08T13:04:35,20261008T124202217148Z,Forli_2023b,placebo,ok,population-density placebo ladder and population control done
2026-10-08T13:04:36,20261008T124202217148Z,Forli_2023b,city,ok,finished in 11.2 min
2026-10-08T13:07:25,20261008T124202217148Z,(all),synthesis,ok,"10 cities (10 under the current pre-registration); confirmatory k=9, evaluable k=7, localisable k=1 -> paper_synthesis/"
2026-10-08T13:07:25,20261008T124202217148Z,York_2015,social,warn,NO EVALUABLE SOCIAL LAYER: 9 located mentions in the primary window (< 10). Every social effect of this city is noise around zero; it is excluded from the 'evaluable' sensitivity set and flagged in T1/T4
2026-10-08T13:07:25,20261008T124202217148Z,York_2015,exclude,info,1 permanent-water cells (JRC occurrence >= 50%) excluded
2026-10-08T13:07:25,20261008T124202217148Z,York_2015,exclude,ok,"1 of 10,821 cells excluded (0.0%); 514 flooded among 10,820 analysed"
2026-10-08T13:07:26,20261008T124202217148Z,York_2015,cv:blocks,ok,label autocorrelation < 0.1 by 1500 m -> CV tile 2000 m + buffer 500 m (correlogram range 1500 m)
2026-10-08T13:07:26,20261008T124202217148Z,York_2015,rung:A_terrain_first,info,"positives per fold: {0: 109, 1: 100, 2: 106, 3: 99, 4: 100}"
2026-10-08T13:08:24,20261008T124202217148Z,York_2015,rung:A_terrain_first,info,[R0_none] AP_phys=0.0323 AP_stacked=0.0301 AP_gated=0.0323
2026-10-08T13:09:34,20261008T124202217148Z,York_2015,rung:A_terrain_first,info,[R1_+terrain] AP_phys=0.5446 AP_stacked=0.4384 AP_gated=0.5293
2026-10-08T13:10:49,20261008T124202217148Z,York_2015,rung:A_terrain_first,info,[R2_+surface] AP_phys=0.5933 AP_stacked=0.5126 AP_gated=0.5725
2026-10-08T13:12:11,20261008T124202217148Z,York_2015,rung:A_terrain_first,info,[R3_+hydrography] AP_phys=0.5850 AP_stacked=0.4820 AP_gated=0.5595
2026-10-08T13:13:38,20261008T124202217148Z,York_2015,rung:A_terrain_first,info,[R4_+forcing] AP_phys=0.5233 AP_stacked=0.4186 AP_gated=0.4874
2026-10-08T13:15:08,20261008T124202217148Z,York_2015,rung:A_terrain_first,info,[R5_+sar_event] AP_phys=0.4994 AP_stacked=0.3702 AP_gated=0.4612
2026-10-08T13:17:00,20261008T124202217148Z,York_2015,gradient:A_terrain_first,info,without R0: 1 of 4 primary slopes have a 95% CI entirely below 0 ['info_nats_fm_adj']
2026-10-08T13:17:00,20261008T124202217148Z,York_2015,gated:A_terrain_first,warn,73% of fold fits chose the edge of the gate grid (alpha=2.0 or tau=0.3); see the gated_wide_grid sensitivity variant
2026-10-08T13:17:07,20261008T124202217148Z,York_2015,effects:A_terrain_first,ok,"top rung: info_nats_fm +0.0337 [+0.0023, +0.0519] inconclusive; info_frac_fm +0.1318 [+0.0092, +0.2247] inconclusive; dAP_stacked_fm +0.0369 [+0.0252, +0.0699] inconclusive; dAP_gated_fm +0.0042 [-0.0244, +0.0203] inconclusive; dAP_early_fm -0.0090 [-0.0330, +0.0391] inconclusive; dAP_adr_legacy_fm -0.1361 [-0.2002, -0.0153] harmful | social gain saturated from: None"
2026-10-08T13:17:07,20261008T124202217148Z,York_2015,ladder:A_terrain_first,ok,6 rungs in 9.7 min
2026-10-08T13:17:07,20261008T124202217148Z,York_2015,rung:B_surface_first,info,"positives per fold: {0: 109, 1: 100, 2: 106, 3: 99, 4: 100}"
2026-10-08T13:17:07,20261008T124202217148Z,York_2015,rung:B_surface_first,info,reused from checkpoint bda21d0eff8a (identical feature set; not recomputed)
2026-10-08T13:18:23,20261008T124202217148Z,York_2015,rung:B_surface_first,info,[R1_+surface] AP_phys=0.0633 AP_stacked=0.0305 AP_gated=0.0624
2026-10-08T13:19:42,20261008T124202217148Z,York_2015,rung:B_surface_first,info,[R2_+forcing] AP_phys=0.0841 AP_stacked=0.0301 AP_gated=0.0816
2026-10-08T13:21:02,20261008T124202217148Z,York_2015,rung:B_surface_first,info,[R3_+terrain] AP_phys=0.6307 AP_stacked=0.5337 AP_gated=0.6093
2026-10-08T13:21:02,20261008T124202217148Z,York_2015,rung:B_surface_first,info,reused from checkpoint 00eb8d6d5df4 (identical feature set; not recomputed)
2026-10-08T13:21:02,20261008T124202217148Z,York_2015,rung:B_surface_first,info,reused from checkpoint 57edb582d016 (identical feature set; not recomputed)
2026-10-08T13:23:05,20261008T124202217148Z,York_2015,gradient:B_surface_first,info,without R0: 0 of 4 primary slopes have a 95% CI entirely below 0 []
2026-10-08T13:23:05,20261008T124202217148Z,York_2015,gated:B_surface_first,warn,73% of fold fits chose the edge of the gate grid (alpha=2.0 or tau=0.3); see the gated_wide_grid sensitivity variant
2026-10-08T13:23:09,20261008T124202217148Z,York_2015,effects:B_surface_first,ok,"top rung: info_nats_fm +0.0337 [+0.0023, +0.0519] inconclusive; info_frac_fm +0.1318 [+0.0092, +0.2247] inconclusive; dAP_stacked_fm +0.0369 [+0.0252, +0.0699] inconclusive; dAP_gated_fm +0.0042 [-0.0244, +0.0203] inconclusive; dAP_early_fm -0.0090 [-0.0330, +0.0391] inconclusive; dAP_adr_legacy_fm -0.1361 [-0.2002, -0.0153] harmful | social gain saturated from: None"
2026-10-08T13:23:09,20261008T124202217148Z,York_2015,ladder:B_surface_first,ok,6 rungs in 6.0 min
2026-10-08T13:23:09,20261008T124202217148Z,York_2015,folds,warn,fold prevalence ranges 1.5%-27.3%: per-fold AP partly reflects fold base rates; report fold_diagnostics.csv
2026-10-08T13:23:09,20261008T124202217148Z,York_2015,rung:lens,info,reused from checkpoint 57edb582d016 (identical feature set; not recomputed)
2026-10-08T13:27:37,20261008T124202217148Z,York_2015,emotion_lens,ok,3 channel sets at rung R5_+sar_event
2026-10-08T13:29:34,20261008T124202217148Z,York_2015,rung:sensitivity,info,reused from checkpoint 57edb582d016 (identical feature set; not recomputed)
2026-10-08T13:34:05,20261008T124202217148Z,York_2015,sensitivity,ok,5 variants
2026-10-08T13:34:05,20261008T124202217148Z,York_2015,placebo,info,social layer vs population-density layer: Spearman 0.49
2026-10-08T13:34:05,20261008T124202217148Z,York_2015,resume:placebo_pop_full_da6d0d6d9ca766d4_5_5e3b8a0247,info,loaded from checkpoint (not recomputed)
2026-10-08T13:35:03,20261008T124202217148Z,York_2015,placebo,ok,population-density placebo ladder and population control done
2026-10-08T13:35:05,20261008T124202217148Z,York_2015,city,ok,finished in 27.7 min
2026-10-08T13:38:06,20261008T124202217148Z,(all),synthesis,ok,"10 cities (10 under the current pre-registration); confirmatory k=9, evaluable k=7, localisable k=1 -> paper_synthesis/"
2026-10-08T13:38:09,20261008T124202217148Z,Carlisle_2015,social,warn,NO EVALUABLE SOCIAL LAYER: 6 located mentions in the primary window (< 10). Every social effect of this city is noise around zero; it is excluded from the 'evaluable' sensitivity set and flagged in T1/T4
2026-10-08T13:38:09,20261008T124202217148Z,Carlisle_2015,exclude,info,8 permanent-water cells (JRC occurrence >= 50%) excluded
2026-10-08T13:38:09,20261008T124202217148Z,Carlisle_2015,exclude,ok,"8 of 14,037 cells excluded (0.1%); 1234 flooded among 14,029 analysed"
2026-10-08T13:38:10,20261008T124202217148Z,Carlisle_2015,cv:blocks,ok,label autocorrelation < 0.1 by 4000 m -> CV tile 2000 m + buffer 500 m (correlogram range 4000 m; fewer than 15 flooded tiles even at larger sizes: default tile)
2026-10-08T13:38:10,20261008T124202217148Z,Carlisle_2015,resume:ladder_A_terrain_first_full_c93bf7468204efdd_5_5e3b8a0247,info,loaded from checkpoint (not recomputed)
2026-10-08T13:38:11,20261008T124202217148Z,Carlisle_2015,gradient:A_terrain_first,info,without R0: 0 of 4 primary slopes have a 95% CI entirely below 0 []
2026-10-08T13:38:11,20261008T124202217148Z,Carlisle_2015,gated:A_terrain_first,warn,83% of fold fits chose the edge of the gate grid (alpha=2.0 or tau=0.3); see the gated_wide_grid sensitivity variant
2026-10-08T13:38:14,20261008T124202217148Z,Carlisle_2015,effects:A_terrain_first,ok,"top rung: info_nats_fm +0.0079 [-0.3901, +0.2591] inconclusive; info_frac_fm +0.0146 [-0.5370, +0.5873] inconclusive; dAP_stacked_fm +0.0109 [-0.0268, +0.0533] inconclusive; dAP_gated_fm +0.0034 [-0.0213, +0.0585] inconclusive; dAP_early_fm +0.0255 [+0.0072, +0.0733] informative; dAP_adr_legacy_fm -0.1582 [-0.2625, -0.0163] harmful | social gain saturated from: None"
2026-10-08T13:38:15,20261008T124202217148Z,Carlisle_2015,ladder:A_terrain_first,ok,6 rungs in 0.1 min
2026-10-08T13:38:15,20261008T124202217148Z,Carlisle_2015,resume:ladder_B_surface_first_full_c93bf7468204efdd_5_5e3b8a0247,info,loaded from checkpoint (not recomputed)
2026-10-08T13:38:16,20261008T124202217148Z,Carlisle_2015,gradient:B_surface_first,info,without R0: 0 of 4 primary slopes have a 95% CI entirely below 0 []
2026-10-08T13:38:16,20261008T124202217148Z,Carlisle_2015,gated:B_surface_first,warn,87% of fold fits chose the edge of the gate grid (alpha=2.0 or tau=0.3); see the gated_wide_grid sensitivity variant
2026-10-08T13:38:19,20261008T124202217148Z,Carlisle_2015,effects:B_surface_first,ok,"top rung: info_nats_fm +0.0079 [-0.3901, +0.2591] inconclusive; info_frac_fm +0.0146 [-0.5370, +0.5873] inconclusive; dAP_stacked_fm +0.0109 [-0.0268, +0.0533] inconclusive; dAP_gated_fm +0.0034 [-0.0213, +0.0585] inconclusive; dAP_early_fm +0.0255 [+0.0072, +0.0733] informative; dAP_adr_legacy_fm -0.1582 [-0.2625, -0.0163] harmful | social gain saturated from: None"
2026-10-08T13:38:19,20261008T124202217148Z,Carlisle_2015,ladder:B_surface_first,ok,6 rungs in 0.1 min
2026-10-08T13:38:19,20261008T124202217148Z,Carlisle_2015,folds,warn,fold prevalence ranges 2.0%-69.0%: per-fold AP partly reflects fold base rates; report fold_diagnostics.csv
2026-10-08T13:38:20,20261008T124202217148Z,Carlisle_2015,resume:lens_S_mentions_full_c93bf7468204efdd_5_5e3b8a0247,info,loaded from checkpoint (not recomputed)
2026-10-08T13:38:20,20261008T124202217148Z,Carlisle_2015,resume:lens_S_negative_full_c93bf7468204efdd_5_5e3b8a0247,info,loaded from checkpoint (not recomputed)
2026-10-08T13:38:20,20261008T124202217148Z,Carlisle_2015,resume:lens_S_mentions+S_negative_full_c93bf7468204efdd_5_5e3b8a0247,info,loaded from checkpoint (not recomputed)
2026-10-08T13:38:21,20261008T124202217148Z,Carlisle_2015,emotion_lens,ok,3 channel sets at rung R5_+sar_event
2026-10-08T13:38:21,20261008T124202217148Z,Carlisle_2015,resume:sens_bandwidth_1000m_full_22cf6accc6408d8e_5_5e3b8a0247_xgb,info,loaded from checkpoint (not recomputed)
2026-10-08T13:38:21,20261008T124202217148Z,Carlisle_2015,resume:sens_window_minus3_plus3_full_be54e139890d5400_5_5e3b8a0247_xgb,info,loaded from checkpoint (not recomputed)
2026-10-08T13:38:22,20261008T124202217148Z,Carlisle_2015,resume:sens_without_photos_full_4b72b668a506cc18_5_5e3b8a0247_xgb,info,loaded from checkpoint (not recomputed)
2026-10-08T13:38:22,20261008T124202217148Z,Carlisle_2015,resume:sens_gated_wide_grid_full_4a5406a19398b766_5_5e3b8a0247_xgb,info,loaded from checkpoint (not recomputed)
2026-10-08T13:38:22,20261008T124202217148Z,Carlisle_2015,resume:sens_learner_logistic_full_4a5406a19398b766_5_5e3b8a0247_logistic,info,loaded from checkpoint (not recomputed)
2026-10-08T13:38:22,20261008T124202217148Z,Carlisle_2015,sensitivity,ok,5 variants
2026-10-08T13:38:22,20261008T124202217148Z,Carlisle_2015,placebo,info,social layer vs population-density layer: Spearman 0.99
2026-10-08T13:38:23,20261008T124202217148Z,Carlisle_2015,resume:placebo_pop_full_b8d12c14780c70e7_5_5e3b8a0247,info,loaded from checkpoint (not recomputed)
2026-10-08T13:38:27,20261008T124202217148Z,Carlisle_2015,resume:control_pop_full_ed4786aaacbdc90a_5_5e3b8a0247,info,loaded from checkpoint (not recomputed)
2026-10-08T13:38:29,20261008T124202217148Z,Carlisle_2015,placebo,ok,population-density placebo ladder and population control done
2026-10-08T13:38:31,20261008T124202217148Z,Carlisle_2015,city,ok,finished in 0.4 min
2026-10-08T13:41:35,20261008T124202217148Z,(all),synthesis,ok,"10 cities (10 under the current pre-registration); confirmatory k=9, evaluable k=7, localisable k=1 -> paper_synthesis/"
2026-10-08T13:41:35,20261008T124202217148Z,PortoAlegre_2024,exclude,info,"30,015 permanent-water cells (JRC occurrence >= 50%) excluded"
2026-10-08T13:41:35,20261008T124202217148Z,PortoAlegre_2024,exclude,ok,"61,867 of 141,828 cells excluded (43.6%); 32208 flooded among 79,961 analysed"
2026-10-08T13:41:36,20261008T124202217148Z,PortoAlegre_2024,cv:blocks,ok,label autocorrelation < 0.1 by nan m -> CV tile 4000 m + buffer 500 m (autocorrelation never fell below 0.1 within the correlogram's range: maximum tile)
2026-10-08T13:41:36,20261008T124202217148Z,PortoAlegre_2024,ladder,info,group 'sar_event' unavailable -> rung skipped (pre-registered rule)
2026-10-08T13:41:36,20261008T124202217148Z,PortoAlegre_2024,rung:A_terrain_first,info,"positives per fold: {0: 6442, 1: 6442, 2: 6442, 3: 6441, 4: 6441}"
2026-10-08T13:46:06,20261008T124202217148Z,PortoAlegre_2024,rung:A_terrain_first,info,[R0_none] AP_phys=0.3880 AP_stacked=0.4003 AP_gated=0.3641
2026-10-08T13:52:02,20261008T124202217148Z,PortoAlegre_2024,rung:A_terrain_first,info,[R1_+terrain] AP_phys=0.9266 AP_stacked=0.9269 AP_gated=0.9266
2026-10-08T13:58:10,20261008T124202217148Z,PortoAlegre_2024,rung:A_terrain_first,info,[R2_+surface] AP_phys=0.9332 AP_stacked=0.9332 AP_gated=0.9332
2026-10-08T14:05:26,20261008T124202217148Z,PortoAlegre_2024,rung:A_terrain_first,info,[R3_+hydrography] AP_phys=0.9400 AP_stacked=0.9400 AP_gated=0.9400
2026-10-08T14:14:13,20261008T124202217148Z,PortoAlegre_2024,rung:A_terrain_first,info,[R4_+forcing] AP_phys=0.9439 AP_stacked=0.9438 AP_gated=0.9439
2026-10-08T14:20:29,20261008T124202217148Z,PortoAlegre_2024,gradient:A_terrain_first,info,without R0: 1 of 4 primary slopes have a 95% CI entirely below 0 ['dAP_gated_fm_adj']
2026-10-08T14:20:32,20261008T124202217148Z,PortoAlegre_2024,effects:A_terrain_first,ok,"top rung: info_nats_fm -0.0001 [-0.0010, +0.0005] inconclusive; info_frac_fm -0.0005 [-0.0038, +0.0020] saturated; dAP_stacked_fm -0.0001 [-0.0005, +0.0003] saturated; dAP_gated_fm +0.0000 [+0.0000, +0.0000] saturated; dAP_early_fm +0.0002 [-0.0009, +0.0017] saturated; dAP_adr_legacy_fm -0.1111 [-0.1302, -0.0869] harmful | social gain saturated from: R0_none"
2026-10-08T14:20:32,20261008T124202217148Z,PortoAlegre_2024,ladder:A_terrain_first,ok,5 rungs in 38.9 min
2026-10-08T14:20:32,20261008T124202217148Z,PortoAlegre_2024,ladder,info,group 'sar_event' unavailable -> rung skipped (pre-registered rule)
2026-10-08T14:20:32,20261008T124202217148Z,PortoAlegre_2024,rung:B_surface_first,info,"positives per fold: {0: 6442, 1: 6442, 2: 6442, 3: 6441, 4: 6441}"
2026-10-08T14:20:32,20261008T124202217148Z,PortoAlegre_2024,rung:B_surface_first,info,reused from checkpoint 5912a4e50df3 (identical feature set; not recomputed)
2026-10-08T14:25:46,20261008T124202217148Z,PortoAlegre_2024,rung:B_surface_first,info,[R1_+surface] AP_phys=0.6634 AP_stacked=0.6582 AP_gated=0.6634
2026-10-08T14:31:39,20261008T124202217148Z,PortoAlegre_2024,rung:B_surface_first,info,[R2_+forcing] AP_phys=0.7743 AP_stacked=0.7813 AP_gated=0.7739
2026-10-08T14:38:05,20261008T124202217148Z,PortoAlegre_2024,rung:B_surface_first,info,[R3_+terrain] AP_phys=0.9385 AP_stacked=0.9383 AP_gated=0.9385
2026-10-08T14:38:05,20261008T124202217148Z,PortoAlegre_2024,rung:B_surface_first,info,reused from checkpoint 3de56f5e61ec (identical feature set; not recomputed)
2026-10-08T14:44:26,20261008T124202217148Z,PortoAlegre_2024,gradient:B_surface_first,info,without R0: 0 of 4 primary slopes have a 95% CI entirely below 0 []
2026-10-08T14:44:30,20261008T124202217148Z,PortoAlegre_2024,effects:B_surface_first,ok,"top rung: info_nats_fm -0.0001 [-0.0010, +0.0005] inconclusive; info_frac_fm -0.0005 [-0.0038, +0.0020] saturated; dAP_stacked_fm -0.0001 [-0.0005, +0.0003] saturated; dAP_gated_fm +0.0000 [+0.0000, +0.0000] saturated; dAP_early_fm +0.0002 [-0.0009, +0.0017] saturated; dAP_adr_legacy_fm -0.1111 [-0.1302, -0.0869] harmful | social gain saturated from: R3_+terrain"
2026-10-08T14:44:30,20261008T124202217148Z,PortoAlegre_2024,ladder:B_surface_first,ok,5 rungs in 24.0 min
2026-10-08T14:44:30,20261008T124202217148Z,PortoAlegre_2024,ladder,info,group 'sar_event' unavailable -> rung skipped (pre-registered rule)
2026-10-08T14:44:31,20261008T124202217148Z,PortoAlegre_2024,rung:lens,info,reused from checkpoint 3de56f5e61ec (identical feature set; not recomputed)
2026-10-08T15:30:40,20261008T124202217148Z,PortoAlegre_2024,emotion_lens,ok,6 channel sets at rung R4_+forcing
2026-10-08T15:58:42,20261008T124202217148Z,PortoAlegre_2024,sensitivity,ok,4 variants
2026-10-08T15:58:42,20261008T124202217148Z,PortoAlegre_2024,placebo,info,social layer vs population-density layer: Spearman 0.51
2026-10-08T15:58:42,20261008T124202217148Z,PortoAlegre_2024,ladder,info,group 'sar_event' unavailable -> rung skipped (pre-registered rule)
2026-10-08T15:58:42,20261008T124202217148Z,PortoAlegre_2024,rung:placebo,info,"positives per fold: {0: 6442, 1: 6442, 2: 6442, 3: 6441, 4: 6441}"
2026-10-08T16:00:46,20261008T124202217148Z,PortoAlegre_2024,rung:placebo,info,[R0_none] AP_phys=0.3880 AP_stacked=0.4396 AP_gated=0.3880
2026-10-08T16:03:17,20261008T124202217148Z,PortoAlegre_2024,rung:placebo,info,[R1_+terrain] AP_phys=0.9266 AP_stacked=0.9261 AP_gated=0.9263
2026-10-08T16:05:50,20261008T124202217148Z,PortoAlegre_2024,rung:placebo,info,[R2_+surface] AP_phys=0.9332 AP_stacked=0.9329 AP_gated=0.9326
2026-10-08T16:08:41,20261008T124202217148Z,PortoAlegre_2024,rung:placebo,info,[R3_+hydrography] AP_phys=0.9400 AP_stacked=0.9397 AP_gated=0.9395
2026-10-08T16:11:27,20261008T124202217148Z,PortoAlegre_2024,rung:placebo,info,[R4_+forcing] AP_phys=0.9439 AP_stacked=0.9439 AP_gated=0.9439
2026-10-08T16:20:14,20261008T124202217148Z,PortoAlegre_2024,placebo,ok,population-density placebo ladder and population control done
2026-10-08T16:20:15,20261008T124202217148Z,PortoAlegre_2024,city,ok,finished in 158.7 min
2026-10-08T16:22:48,20261008T124202217148Z,(all),synthesis,ok,"10 cities (10 under the current pre-registration); confirmatory k=9, evaluable k=7, localisable k=1 -> paper_synthesis/"
2026-10-08T16:22:48,20261008T124202217148Z,TaquariValley_2024,exclude,info,294 permanent-water cells (JRC occurrence >= 50%) excluded
2026-10-08T16:22:48,20261008T124202217148Z,TaquariValley_2024,exclude,warn,"8,991 of 13,823 cells excluded (65.0%); 448 flooded among 4,832 analysed"
2026-10-08T16:22:49,20261008T124202217148Z,TaquariValley_2024,cv:blocks,ok,label autocorrelation < 0.1 by 1000 m -> CV tile 2000 m + buffer 500 m (correlogram range 1000 m)
2026-10-08T16:22:49,20261008T124202217148Z,TaquariValley_2024,ladder,info,group 'sar_event' unavailable -> rung skipped (pre-registered rule)
2026-10-08T16:22:49,20261008T124202217148Z,TaquariValley_2024,rung:A_terrain_first,info,"positives per fold: {0: 91, 1: 88, 2: 87, 3: 96, 4: 86}"
2026-10-08T16:23:24,20261008T124202217148Z,TaquariValley_2024,rung:A_terrain_first,info,[R0_none] AP_phys=0.0810 AP_stacked=0.0752 AP_gated=0.0687
2026-10-08T16:24:11,20261008T124202217148Z,TaquariValley_2024,rung:A_terrain_first,info,[R1_+terrain] AP_phys=0.3861 AP_stacked=0.3386 AP_gated=0.3582
2026-10-08T16:25:03,20261008T124202217148Z,TaquariValley_2024,rung:A_terrain_first,info,[R2_+surface] AP_phys=0.4071 AP_stacked=0.3561 AP_gated=0.3927
2026-10-08T16:26:02,20261008T124202217148Z,TaquariValley_2024,rung:A_terrain_first,info,[R3_+hydrography] AP_phys=0.3944 AP_stacked=0.3381 AP_gated=0.3479
2026-10-08T16:27:05,20261008T124202217148Z,TaquariValley_2024,rung:A_terrain_first,info,[R4_+forcing] AP_phys=0.4265 AP_stacked=0.3688 AP_gated=0.3747
2026-10-08T16:28:13,20261008T124202217148Z,TaquariValley_2024,gradient:A_terrain_first,info,without R0: 0 of 4 primary slopes have a 95% CI entirely below 0 []
2026-10-08T16:28:13,20261008T124202217148Z,TaquariValley_2024,gated:A_terrain_first,warn,72% of fold fits chose the edge of the gate grid (alpha=2.0 or tau=0.3); see the gated_wide_grid sensitivity variant
2026-10-08T16:28:16,20261008T124202217148Z,TaquariValley_2024,effects:A_terrain_first,ok,"top rung: info_nats_fm -0.0113 [-0.0309, +0.0040] inconclusive; info_frac_fm -0.0498 [-0.1223, +0.0241] inconclusive; dAP_stacked_fm -0.0269 [-0.0469, +0.0263] inconclusive; dAP_gated_fm -0.0370 [-0.0397, +0.0202] inconclusive; dAP_early_fm +0.0095 [-0.0145, +0.0312] inconclusive; dAP_adr_legacy_fm -0.0202 [-0.0378, -0.0043] harmful | social gain saturated from: None"
2026-10-08T16:28:16,20261008T124202217148Z,TaquariValley_2024,ladder:A_terrain_first,ok,5 rungs in 5.5 min
2026-10-08T16:28:16,20261008T124202217148Z,TaquariValley_2024,ladder,info,group 'sar_event' unavailable -> rung skipped (pre-registered rule)
2026-10-08T16:28:17,20261008T124202217148Z,TaquariValley_2024,rung:B_surface_first,info,"positives per fold: {0: 91, 1: 88, 2: 87, 3: 96, 4: 86}"
2026-10-08T16:28:17,20261008T124202217148Z,TaquariValley_2024,rung:B_surface_first,info,reused from checkpoint 4a87d286428e (identical feature set; not recomputed)
2026-10-08T16:29:03,20261008T124202217148Z,TaquariValley_2024,rung:B_surface_first,info,[R1_+surface] AP_phys=0.2035 AP_stacked=0.1845 AP_gated=0.2110
2026-10-08T16:29:51,20261008T124202217148Z,TaquariValley_2024,rung:B_surface_first,info,[R2_+forcing] AP_phys=0.1942 AP_stacked=0.1784 AP_gated=0.2013
2026-10-08T16:30:43,20261008T124202217148Z,TaquariValley_2024,rung:B_surface_first,info,[R3_+terrain] AP_phys=0.4498 AP_stacked=0.3841 AP_gated=0.4312
2026-10-08T16:30:44,20261008T124202217148Z,TaquariValley_2024,rung:B_surface_first,info,reused from checkpoint 65df7383213c (identical feature set; not recomputed)
2026-10-08T16:31:55,20261008T124202217148Z,TaquariValley_2024,gradient:B_surface_first,info,"without R0: 2 of 4 primary slopes have a 95% CI entirely below 0 ['info_nats_fm_adj', 'dAP_gated_fm_adj']"
2026-10-08T16:31:55,20261008T124202217148Z,TaquariValley_2024,gated:B_surface_first,warn,52% of fold fits chose the edge of the gate grid (alpha=2.0 or tau=0.3); see the gated_wide_grid sensitivity variant
2026-10-08T16:32:01,20261008T124202217148Z,TaquariValley_2024,effects:B_surface_first,ok,"top rung: info_nats_fm -0.0113 [-0.0309, +0.0040] inconclusive; info_frac_fm -0.0498 [-0.1223, +0.0241] inconclusive; dAP_stacked_fm -0.0269 [-0.0469, +0.0263] inconclusive; dAP_gated_fm -0.0370 [-0.0397, +0.0202] inconclusive; dAP_early_fm +0.0095 [-0.0145, +0.0312] inconclusive; dAP_adr_legacy_fm -0.0202 [-0.0378, -0.0043] harmful | social gain saturated from: None"
2026-10-08T16:32:01,20261008T124202217148Z,TaquariValley_2024,ladder:B_surface_first,ok,5 rungs in 3.7 min
2026-10-08T16:32:01,20261008T124202217148Z,TaquariValley_2024,ladder,info,group 'sar_event' unavailable -> rung skipped (pre-registered rule)
2026-10-08T16:32:01,20261008T124202217148Z,TaquariValley_2024,rung:lens,info,reused from checkpoint 65df7383213c (identical feature set; not recomputed)
2026-10-08T16:34:55,20261008T124202217148Z,TaquariValley_2024,rung:lens,info,reused from checkpoint d4fba6f878ae (identical feature set; not recomputed)
2026-10-08T16:37:58,20261008T124202217148Z,TaquariValley_2024,emotion_lens,ok,6 channel sets at rung R4_+forcing
2026-10-08T16:42:08,20261008T124202217148Z,TaquariValley_2024,sensitivity,ok,4 variants
2026-10-08T16:42:08,20261008T124202217148Z,TaquariValley_2024,placebo,info,social layer vs population-density layer: Spearman 0.91
2026-10-08T16:42:08,20261008T124202217148Z,TaquariValley_2024,ladder,info,group 'sar_event' unavailable -> rung skipped (pre-registered rule)
2026-10-08T16:42:08,20261008T124202217148Z,TaquariValley_2024,resume:placebo_pop_full_dce1b5a4972d20a0_5_5e3b8a0247,info,loaded from checkpoint (not recomputed)
2026-10-08T16:42:46,20261008T124202217148Z,TaquariValley_2024,placebo,ok,population-density placebo ladder and population control done
2026-10-08T16:42:47,20261008T124202217148Z,TaquariValley_2024,city,ok,finished in 20.0 min
2026-10-08T16:45:15,20261008T124202217148Z,(all),synthesis,ok,"10 cities (10 under the current pre-registration); confirmatory k=9, evaluable k=7, localisable k=1 -> paper_synthesis/"
2026-10-08T16:45:16,20261008T124202217148Z,Houston_SanJacinto_2017,exclude,info,"4,607 permanent-water cells (JRC occurrence >= 50%) excluded"
2026-10-08T16:45:16,20261008T124202217148Z,Houston_SanJacinto_2017,exclude,warn,"97,100 of 184,495 cells excluded (52.6%); 25594 flooded among 87,395 analysed"
2026-10-08T16:45:17,20261008T124202217148Z,Houston_SanJacinto_2017,cv:blocks,ok,label autocorrelation < 0.1 by 4000 m -> CV tile 3500 m + buffer 500 m (correlogram range 4000 m)
2026-10-08T16:45:17,20261008T124202217148Z,Houston_SanJacinto_2017,rung:A_terrain_first,info,"positives per fold: {0: 5119, 1: 5119, 2: 5119, 3: 5118, 4: 5119}"
2026-10-08T16:50:11,20261008T124202217148Z,Houston_SanJacinto_2017,rung:A_terrain_first,info,[R0_none] AP_phys=0.2494 AP_stacked=0.2398 AP_gated=0.2678
2026-10-08T16:56:26,20261008T124202217148Z,Houston_SanJacinto_2017,rung:A_terrain_first,info,[R1_+terrain] AP_phys=0.5090 AP_stacked=0.4775 AP_gated=0.5090
2026-10-08T17:03:12,20261008T124202217148Z,Houston_SanJacinto_2017,rung:A_terrain_first,info,[R2_+surface] AP_phys=0.6553 AP_stacked=0.6412 AP_gated=0.6550
2026-10-08T17:10:51,20261008T124202217148Z,Houston_SanJacinto_2017,rung:A_terrain_first,info,[R3_+hydrography] AP_phys=0.7124 AP_stacked=0.6999 AP_gated=0.7123
2026-10-08T17:19:32,20261008T124202217148Z,Houston_SanJacinto_2017,rung:A_terrain_first,info,[R4_+forcing] AP_phys=0.8398 AP_stacked=0.8364 AP_gated=0.8402
2026-10-08T17:28:29,20261008T124202217148Z,Houston_SanJacinto_2017,rung:A_terrain_first,info,[R5_+sar_event] AP_phys=0.8467 AP_stacked=0.8431 AP_gated=0.8466
2026-10-08T17:37:08,20261008T124202217148Z,Houston_SanJacinto_2017,gradient:A_terrain_first,info,without R0: 0 of 4 primary slopes have a 95% CI entirely below 0 []
2026-10-08T17:37:08,20261008T124202217148Z,Houston_SanJacinto_2017,gated:A_terrain_first,warn,37% of fold fits chose the edge of the gate grid (alpha=2.0 or tau=0.3); see the gated_wide_grid sensitivity variant
2026-10-08T17:37:13,20261008T124202217148Z,Houston_SanJacinto_2017,effects:A_terrain_first,ok,"top rung: info_nats_fm +0.0023 [+0.0009, +0.0037] inconclusive; info_frac_fm +0.0065 [+0.0026, +0.0105] saturated; dAP_stacked_fm +0.0034 [+0.0012, +0.0060] informative; dAP_gated_fm +0.0009 [-0.0014, +0.0033] saturated; dAP_early_fm +0.0020 [-0.0035, +0.0072] saturated; dAP_adr_legacy_fm -0.1124 [-0.1342, -0.0904] harmful | social gain saturated from: R0_none"
2026-10-08T17:37:13,20261008T124202217148Z,Houston_SanJacinto_2017,ladder:A_terrain_first,ok,6 rungs in 51.9 min
2026-10-08T17:37:13,20261008T124202217148Z,Houston_SanJacinto_2017,rung:B_surface_first,info,"positives per fold: {0: 5119, 1: 5119, 2: 5119, 3: 5118, 4: 5119}"
2026-10-08T17:37:13,20261008T124202217148Z,Houston_SanJacinto_2017,rung:B_surface_first,info,reused from checkpoint 41f53deec3fe (identical feature set; not recomputed)
2026-10-08T17:43:00,20261008T124202217148Z,Houston_SanJacinto_2017,rung:B_surface_first,info,[R1_+surface] AP_phys=0.4290 AP_stacked=0.4103 AP_gated=0.4445
2026-10-08T17:49:26,20261008T124202217148Z,Houston_SanJacinto_2017,rung:B_surface_first,info,[R2_+forcing] AP_phys=0.5933 AP_stacked=0.5740 AP_gated=0.5878
2026-10-08T17:56:57,20261008T124202217148Z,Houston_SanJacinto_2017,rung:B_surface_first,info,[R3_+terrain] AP_phys=0.8368 AP_stacked=0.8303 AP_gated=0.8378
2026-10-08T17:56:58,20261008T124202217148Z,Houston_SanJacinto_2017,rung:B_surface_first,info,reused from checkpoint fe20248a3876 (identical feature set; not recomputed)
2026-10-08T17:56:58,20261008T124202217148Z,Houston_SanJacinto_2017,rung:B_surface_first,info,reused from checkpoint 4611f1130630 (identical feature set; not recomputed)
2026-10-08T18:05:13,20261008T124202217148Z,Houston_SanJacinto_2017,gradient:B_surface_first,info,without R0: 1 of 4 primary slopes have a 95% CI entirely below 0 ['dAP_gated_fm_adj']
2026-10-08T18:05:13,20261008T124202217148Z,Houston_SanJacinto_2017,gated:B_surface_first,warn,33% of fold fits chose the edge of the gate grid (alpha=2.0 or tau=0.3); see the gated_wide_grid sensitivity variant
2026-10-08T18:05:16,20261008T124202217148Z,Houston_SanJacinto_2017,effects:B_surface_first,ok,"top rung: info_nats_fm +0.0023 [+0.0009, +0.0037] inconclusive; info_frac_fm +0.0065 [+0.0026, +0.0105] saturated; dAP_stacked_fm +0.0034 [+0.0012, +0.0060] informative; dAP_gated_fm +0.0009 [-0.0014, +0.0033] saturated; dAP_early_fm +0.0020 [-0.0035, +0.0072] saturated; dAP_adr_legacy_fm -0.1124 [-0.1342, -0.0904] harmful | social gain saturated from: R0_none"
2026-10-08T18:05:16,20261008T124202217148Z,Houston_SanJacinto_2017,ladder:B_surface_first,ok,6 rungs in 28.1 min
2026-10-08T18:05:17,20261008T124202217148Z,Houston_SanJacinto_2017,rung:lens,info,reused from checkpoint 4611f1130630 (identical feature set; not recomputed)
2026-10-08T18:27:46,20261008T124202217148Z,Houston_SanJacinto_2017,rung:lens,info,reused from checkpoint ae1cfb5bbd14 (identical feature set; not recomputed)
2026-10-08T18:39:40,20261008T124202217148Z,Houston_SanJacinto_2017,rung:lens,info,reused from checkpoint f10a0eeec188 (identical feature set; not recomputed)
2026-10-08T18:54:14,20261008T124202217148Z,Houston_SanJacinto_2017,emotion_lens,ok,7 channel sets at rung R5_+sar_event
2026-10-08T19:37:20,20261008T124202217148Z,Houston_SanJacinto_2017,sensitivity,ok,5 variants
2026-10-08T19:37:20,20261008T124202217148Z,Houston_SanJacinto_2017,placebo,info,social layer vs population-density layer: Spearman 0.45
2026-10-08T19:37:21,20261008T124202217148Z,Houston_SanJacinto_2017,resume:placebo_pop_full_6769a1b1a1c5ae2e_5_f15641ede8,info,loaded from checkpoint (not recomputed)
2026-10-08T19:41:49,20261008T124202217148Z,Houston_SanJacinto_2017,placebo,ok,population-density placebo ladder and population control done
2026-10-08T19:41:50,20261008T124202217148Z,Houston_SanJacinto_2017,city,ok,finished in 176.6 min
2026-10-08T19:44:22,20261008T124202217148Z,(all),synthesis,ok,"10 cities (10 under the current pre-registration); confirmatory k=9, evaluable k=7, localisable k=1 -> paper_synthesis/"
2026-10-08T19:44:22,20261008T124202217148Z,Jakarta_2020,exclude,info,"7,720 permanent-water cells (JRC occurrence >= 50%) excluded"
2026-10-08T19:44:22,20261008T124202217148Z,Jakarta_2020,exclude,ok,"7,720 of 71,661 cells excluded (10.8%); 1054 flooded among 63,941 analysed"
2026-10-08T19:44:23,20261008T124202217148Z,Jakarta_2020,cv:blocks,ok,label autocorrelation < 0.1 by 1000 m -> CV tile 2000 m + buffer 500 m (correlogram range 1000 m)
2026-10-08T19:44:23,20261008T124202217148Z,Jakarta_2020,rung:A_terrain_first,info,"positives per fold: {0: 212, 1: 210, 2: 211, 3: 210, 4: 211}"
2026-10-08T19:47:39,20261008T124202217148Z,Jakarta_2020,rung:A_terrain_first,info,[R0_none] AP_phys=0.0120 AP_stacked=0.0148 AP_gated=0.0120
2026-10-08T19:52:26,20261008T124202217148Z,Jakarta_2020,rung:A_terrain_first,info,[R1_+terrain] AP_phys=0.0256 AP_stacked=0.0225 AP_gated=0.0289
2026-10-08T19:57:45,20261008T124202217148Z,Jakarta_2020,rung:A_terrain_first,info,[R2_+surface] AP_phys=0.0286 AP_stacked=0.0229 AP_gated=0.0312
2026-10-08T20:03:15,20261008T124202217148Z,Jakarta_2020,rung:A_terrain_first,info,[R3_+hydrography] AP_phys=0.0315 AP_stacked=0.0238 AP_gated=0.0321
2026-10-08T20:09:11,20261008T124202217148Z,Jakarta_2020,rung:A_terrain_first,info,[R4_+forcing] AP_phys=0.0581 AP_stacked=0.0317 AP_gated=0.0522
2026-10-08T20:15:03,20261008T124202217148Z,Jakarta_2020,rung:A_terrain_first,info,[R5_+sar_event] AP_phys=0.0798 AP_stacked=0.0456 AP_gated=0.0735
2026-10-08T20:21:35,20261008T124202217148Z,Jakarta_2020,gradient:A_terrain_first,info,without R0: 0 of 4 primary slopes have a 95% CI entirely below 0 []
2026-10-08T20:21:35,20261008T124202217148Z,Jakarta_2020,gated:A_terrain_first,warn,67% of fold fits chose the edge of the gate grid (alpha=2.0 or tau=0.3); see the gated_wide_grid sensitivity variant
2026-10-08T20:21:39,20261008T124202217148Z,Jakarta_2020,effects:A_terrain_first,ok,"top rung: info_nats_fm -0.0014 [-0.0031, +0.0002] inconclusive; info_frac_fm -0.0109 [-0.0263, +0.0012] inconclusive; dAP_stacked_fm -0.0218 [-0.0276, -0.0098] harmful; dAP_gated_fm -0.0045 [-0.0145, +0.0040] inconclusive; dAP_early_fm -0.0098 [-0.0232, +0.0056] inconclusive; dAP_adr_legacy_fm -0.0014 [-0.0033, +0.0010] saturated | social gain saturated from: None"
2026-10-08T20:21:39,20261008T124202217148Z,Jakarta_2020,ladder:A_terrain_first,ok,6 rungs in 37.3 min
2026-10-08T20:21:39,20261008T124202217148Z,Jakarta_2020,rung:B_surface_first,info,"positives per fold: {0: 212, 1: 210, 2: 211, 3: 210, 4: 211}"
2026-10-08T20:21:39,20261008T124202217148Z,Jakarta_2020,rung:B_surface_first,info,reused from checkpoint 9af8d60c764f (identical feature set; not recomputed)
2026-10-08T20:26:12,20261008T124202217148Z,Jakarta_2020,rung:B_surface_first,info,[R1_+surface] AP_phys=0.0144 AP_stacked=0.0157 AP_gated=0.0148
2026-10-08T20:31:00,20261008T124202217148Z,Jakarta_2020,rung:B_surface_first,info,[R2_+forcing] AP_phys=0.0414 AP_stacked=0.0274 AP_gated=0.0404
2026-10-08T20:36:10,20261008T124202217148Z,Jakarta_2020,rung:B_surface_first,info,[R3_+terrain] AP_phys=0.0563 AP_stacked=0.0334 AP_gated=0.0513
2026-10-08T20:36:10,20261008T124202217148Z,Jakarta_2020,rung:B_surface_first,info,reused from checkpoint 55735d5563c1 (identical feature set; not recomputed)
2026-10-08T20:36:10,20261008T124202217148Z,Jakarta_2020,rung:B_surface_first,info,reused from checkpoint 68eff46004e7 (identical feature set; not recomputed)
2026-10-08T20:42:29,20261008T124202217148Z,Jakarta_2020,gradient:B_surface_first,info,without R0: 1 of 4 primary slopes have a 95% CI entirely below 0 ['dAP_stacked_fm_adj']
2026-10-08T20:42:29,20261008T124202217148Z,Jakarta_2020,gated:B_surface_first,warn,60% of fold fits chose the edge of the gate grid (alpha=2.0 or tau=0.3); see the gated_wide_grid sensitivity variant
2026-10-08T20:42:34,20261008T124202217148Z,Jakarta_2020,effects:B_surface_first,ok,"top rung: info_nats_fm -0.0014 [-0.0031, +0.0002] inconclusive; info_frac_fm -0.0109 [-0.0263, +0.0012] inconclusive; dAP_stacked_fm -0.0218 [-0.0276, -0.0098] harmful; dAP_gated_fm -0.0045 [-0.0145, +0.0040] inconclusive; dAP_early_fm -0.0098 [-0.0232, +0.0056] inconclusive; dAP_adr_legacy_fm -0.0014 [-0.0033, +0.0010] saturated | social gain saturated from: None"
2026-10-08T20:42:34,20261008T124202217148Z,Jakarta_2020,ladder:B_surface_first,ok,6 rungs in 20.9 min
2026-10-08T20:42:35,20261008T124202217148Z,Jakarta_2020,rung:lens,info,reused from checkpoint 68eff46004e7 (identical feature set; not recomputed)
2026-10-08T20:58:21,20261008T124202217148Z,Jakarta_2020,rung:lens,info,reused from checkpoint fbc622f08208 (identical feature set; not recomputed)
2026-10-08T21:06:55,20261008T124202217148Z,Jakarta_2020,rung:lens,info,reused from checkpoint 08263a3d523d (identical feature set; not recomputed)
2026-10-08T21:08:09,20261008T124202217148Z,Jakarta_2020,rung:lens,info,reused from checkpoint d970db054612 (identical feature set; not recomputed)
2026-10-08T21:18:09,20261008T124202217148Z,Jakarta_2020,emotion_lens,ok,8 channel sets at rung R5_+sar_event
2026-10-08T21:42:28,20261008T124202217148Z,Jakarta_2020,sensitivity,ok,4 variants
2026-10-08T21:42:28,20261008T124202217148Z,Jakarta_2020,placebo,info,social layer vs population-density layer: Spearman 0.76
2026-10-08T21:42:29,20261008T124202217148Z,Jakarta_2020,resume:placebo_pop_full_1881ffd411baa1fa_5_5e3b8a0247,info,loaded from checkpoint (not recomputed)
2026-10-08T21:46:21,20261008T124202217148Z,Jakarta_2020,placebo,ok,population-density placebo ladder and population control done
2026-10-08T21:46:24,20261008T124202217148Z,Jakarta_2020,city,ok,finished in 122.0 min
2026-10-08T21:48:56,20261008T124202217148Z,(all),synthesis,ok,"10 cities (10 under the current pre-registration); confirmatory k=9, evaluable k=7, localisable k=1 -> paper_synthesis/"
2026-10-08T21:51:46,20261008T124202217148Z,(all),synthesis,ok,"10 cities (10 under the current pre-registration); confirmatory k=9, evaluable k=7, localisable k=1 -> paper_synthesis/"
